anio_enfr,region_deis,grupo_edad10,sexo,dm_total,dm_total_se,dm2_total,dm2_total_se,dm2_prev,dm2_prev_se,dm2_prev_cv,dm2_prev_cv_cat
2005,Centro,30 a 39,Mujer,115928,21234.19,104335.2,19110.77,0.06,0.01,0.18,Moderada
2005,Centro,30 a 39,Varón,56526,13194.76,50873.4,11875.28,0.04,0.01,0.23,Alta
2005,Centro,40 a 49,Mujer,70617,14915.08,63555.3,13423.57,0.04,0.01,0.21,Alta
2005,Centro,40 a 49,Varón,79343,19521.2,71408.7,17569.08,0.05,0.01,0.24,Alta
2005,Centro,50 a 59,Mujer,148232,24364.75,133408.8,21928.28,0.11,0.02,0.15,Moderada
2005,Centro,50 a 59,Varón,154175,24540.4,138757.5,22086.36,0.12,0.02,0.15,Moderada
2005,Centro,60 a 69,Mujer,204704,28383.04,184233.6,25544.73,0.19,0.02,0.12,Moderada
2005,Centro,60 a 69,Varón,185628,25507.76,167065.2,22956.98,0.19,0.02,0.12,Moderada
2005,Centro,70 a 79,Mujer,118188,19567.86,106369.2,17611.07,0.14,0.02,0.15,Moderada
2005,Centro,70 a 79,Varón,103746,19601.58,93371.4,17641.42,0.16,0.03,0.17,Moderada
2005,Centro,80+,Mujer,45507,11123.41,40956.3,10011.07,0.12,0.03,0.23,Alta
2005,Centro,80+,Varón,47124,15401.8,42411.6,13861.62,0.23,0.06,0.28,Alta
2005,Cuyo,30 a 39,Mujer,10132,1660.68,9118.8,1494.61,0.05,0.01,0.16,Moderada
2005,Cuyo,30 a 39,Varón,3245,915.74,2920.5,824.17,0.02,0.01,0.28,Alta
2005,Cuyo,40 a 49,Mujer,12607,1913.7,11346.3,1722.33,0.08,0.01,0.15,Moderada
2005,Cuyo,40 a 49,Varón,6383,1496.29,5744.7,1346.66,0.05,0.01,0.23,Alta
2005,Cuyo,50 a 59,Mujer,15629,2486.74,14066.1,2238.06,0.12,0.02,0.15,Moderada
2005,Cuyo,50 a 59,Varón,14805,3300.58,13324.5,2970.52,0.11,0.02,0.21,Alta
2005,Cuyo,60 a 69,Mujer,13647,2776.18,12282.3,2498.56,0.13,0.02,0.19,Moderada
2005,Cuyo,60 a 69,Varón,9072,1707.1,8164.8,1536.39,0.13,0.02,0.18,Moderada
2005,Cuyo,70 a 79,Mujer,9753,1744.73,8777.7,1570.26,0.13,0.02,0.18,Moderada
2005,Cuyo,70 a 79,Varón,9794,1961.13,8814.6,1765.02,0.22,0.04,0.18,Moderada
2005,Cuyo,80+,Mujer,4756,1474.6,4280.4,1327.14,0.17,0.05,0.28,Alta
2005,Cuyo,80+,Varón,4803,1519.47,4322.7,1367.52,0.24,0.06,0.26,Alta
2005,NEA,30 a 39,Mujer,12210,2009.67,10989,1808.7,0.06,0.01,0.16,Moderada
2005,NEA,30 a 39,Varón,4037,996.52,3633.3,896.87,0.02,0.01,0.25,Alta
2005,NEA,40 a 49,Mujer,9945,1529.06,8950.5,1376.16,0.07,0.01,0.15,Moderada
2005,NEA,40 a 49,Varón,8584,1596.64,7725.6,1436.97,0.06,0.01,0.18,Moderada
2005,NEA,50 a 59,Mujer,16206,2720.73,14585.4,2448.66,0.13,0.02,0.15,Moderada
2005,NEA,50 a 59,Varón,14999,2592.43,13499.1,2333.19,0.12,0.02,0.16,Moderada
2005,NEA,60 a 69,Mujer,15442,2267.92,13897.8,2041.12,0.2,0.03,0.13,Moderada
2005,NEA,60 a 69,Varón,8596,1587.2,7736.4,1428.48,0.15,0.03,0.17,Moderada
2005,NEA,70 a 79,Mujer,9311,1868.44,8379.9,1681.59,0.17,0.03,0.18,Moderada
2005,NEA,70 a 79,Varón,7306,1486.85,6575.4,1338.17,0.18,0.03,0.19,Moderada
2005,NEA,80+,Mujer,1498,493.87,1348.2,444.49,0.07,0.02,0.33,Muy alta
2005,NEA,80+,Varón,1519,514.28,1367.1,462.85,0.11,0.04,0.33,Muy alta
2005,NOA1,30 a 39,Mujer,11078,2454.82,9970.2,2209.34,0.05,0.01,0.21,Alta
2005,NOA1,30 a 39,Varón,1837,640.87,1653.3,576.78,0.01,0,0.35,Muy alta
2005,NOA1,40 a 49,Mujer,6543,1417.94,5888.7,1276.15,0.05,0.01,0.21,Alta
2005,NOA1,40 a 49,Varón,5308,1448.19,4777.2,1303.37,0.04,0.01,0.27,Alta
2005,NOA1,50 a 59,Mujer,13566,2438.19,12209.4,2194.37,0.1,0.02,0.17,Moderada
2005,NOA1,50 a 59,Varón,6872,1686.21,6184.8,1517.59,0.05,0.01,0.24,Alta
2005,NOA1,60 a 69,Mujer,11564,2321.53,10407.6,2089.38,0.17,0.03,0.18,Moderada
2005,NOA1,60 a 69,Varón,11872,2226.79,10684.8,2004.11,0.17,0.03,0.17,Moderada
2005,NOA1,70 a 79,Mujer,5091,1510.91,4581.9,1359.82,0.1,0.03,0.28,Alta
2005,NOA1,70 a 79,Varón,4312,1444.29,3880.8,1299.86,0.09,0.03,0.32,Muy alta
2005,NOA1,80+,Mujer,2855,1025.3,2569.5,922.77,0.11,0.04,0.35,Muy alta
2005,NOA1,80+,Varón,1967,1042.74,1770.3,938.46,0.15,0.07,0.48,Muy alta
2005,NOA2,30 a 39,Mujer,3592,736.34,3232.8,662.7,0.06,0.01,0.2,Moderada
2005,NOA2,30 a 39,Varón,2813,687.32,2531.7,618.59,0.05,0.01,0.24,Alta
2005,NOA2,40 a 49,Mujer,4128,821.62,3715.2,739.46,0.1,0.02,0.19,Moderada
2005,NOA2,40 a 49,Varón,2556,754.37,2300.4,678.93,0.06,0.02,0.28,Alta
2005,NOA2,50 a 59,Mujer,5639,1136.75,5075.1,1023.08,0.14,0.03,0.18,Moderada
2005,NOA2,50 a 59,Varón,5682,1120.01,5113.8,1008.01,0.16,0.03,0.18,Moderada
2005,NOA2,60 a 69,Mujer,4217,977.04,3795.3,879.34,0.18,0.04,0.21,Alta
2005,NOA2,60 a 69,Varón,4836,1078.4,4352.4,970.56,0.23,0.04,0.19,Moderada
2005,NOA2,70 a 79,Mujer,2371,513.46,2133.9,462.12,0.15,0.03,0.21,Alta
2005,NOA2,70 a 79,Varón,2332,617.37,2098.8,555.63,0.23,0.05,0.23,Alta
2005,NOA2,80+,Mujer,427,226.58,384.3,203.92,0.05,0.03,0.53,Muy alta
2005,NOA2,80+,Varón,352,207.22,316.8,186.5,0.07,0.04,0.58,Muy alta
2005,Patagonia Norte,30 a 39,Mujer,8515,1400.09,7663.5,1260.08,0.08,0.01,0.16,Moderada
2005,Patagonia Norte,30 a 39,Varón,2792,839.84,2512.8,755.85,0.03,0.01,0.3,Alta
2005,Patagonia Norte,40 a 49,Mujer,5930,1065.84,5337,959.26,0.09,0.02,0.17,Moderada
2005,Patagonia Norte,40 a 49,Varón,2730,918.07,2457,826.26,0.04,0.01,0.33,Muy alta
2005,Patagonia Norte,50 a 59,Mujer,7924,1266.66,7131.6,1139.99,0.13,0.02,0.15,Moderada
2005,Patagonia Norte,50 a 59,Varón,6613,1305.91,5951.7,1175.32,0.11,0.02,0.19,Moderada
2005,Patagonia Norte,60 a 69,Mujer,5038,1118.87,4534.2,1006.98,0.15,0.03,0.2,Moderada
2005,Patagonia Norte,60 a 69,Varón,6996,1534.51,6296.4,1381.06,0.21,0.04,0.19,Moderada
2005,Patagonia Norte,70 a 79,Mujer,5465,1067.96,4918.5,961.16,0.2,0.04,0.17,Moderada
2005,Patagonia Norte,70 a 79,Varón,4130,824.18,3717,741.76,0.2,0.04,0.18,Moderada
2005,Patagonia Norte,80+,Mujer,1422,433.63,1279.8,390.27,0.13,0.04,0.29,Alta
2005,Patagonia Norte,80+,Varón,1009,833.31,908.1,749.98,0.14,0.1,0.72,Muy alta
2005,Patagonia Sur,30 a 39,Mujer,5396,1028.39,4856.4,925.55,0.09,0.02,0.18,Moderada
2005,Patagonia Sur,30 a 39,Varón,1703,431.15,1532.7,388.04,0.03,0.01,0.25,Alta
2005,Patagonia Sur,40 a 49,Mujer,4713,710.75,4241.7,639.68,0.11,0.02,0.14,Moderada
2005,Patagonia Sur,40 a 49,Varón,3627,755.54,3264.3,679.99,0.08,0.02,0.2,Moderada
2005,Patagonia Sur,50 a 59,Mujer,4546,731.1,4091.4,657.99,0.12,0.02,0.16,Moderada
2005,Patagonia Sur,50 a 59,Varón,4900,915.14,4410,823.63,0.14,0.02,0.17,Moderada
2005,Patagonia Sur,60 a 69,Mujer,3390,757.26,3051,681.53,0.14,0.03,0.21,Alta
2005,Patagonia Sur,60 a 69,Varón,2519,509.93,2267.1,458.94,0.11,0.02,0.21,Alta
2005,Patagonia Sur,70 a 79,Mujer,2239,442.48,2015.1,398.23,0.19,0.04,0.19,Moderada
2005,Patagonia Sur,70 a 79,Varón,1455,387.21,1309.5,348.49,0.22,0.05,0.24,Alta
2005,Patagonia Sur,80+,Mujer,1221,586.67,1098.9,528.01,0.25,0.09,0.37,Muy alta
2005,Patagonia Sur,80+,Varón,132,96.04,118.8,86.44,0.09,0.07,0.74,Muy alta
2009,Centro,30 a 39,Mujer,134166,17456.91,120749.4,15711.22,0.07,0.01,0.12,Moderada
2009,Centro,30 a 39,Varón,59065,10710.39,53158.5,9639.35,0.03,0.01,0.18,Moderada
2009,Centro,40 a 49,Mujer,137578,17224.26,123820.2,15501.83,0.08,0.01,0.12,Moderada
2009,Centro,40 a 49,Varón,83304,13172.9,74973.6,11855.61,0.06,0.01,0.15,Moderada
2009,Centro,50 a 59,Mujer,150609,17962.37,135548.1,16166.13,0.1,0.01,0.11,Moderada
2009,Centro,50 a 59,Varón,146597,18619.27,131937.3,16757.34,0.11,0.01,0.12,Moderada
2009,Centro,60 a 69,Mujer,205754,20567.45,185178.6,18510.7,0.16,0.01,0.09,Baja
2009,Centro,60 a 69,Varón,179520,21097.68,161568,18987.91,0.17,0.02,0.1,Baja
2009,Centro,70 a 79,Mujer,132613,14789.01,119351.7,13310.11,0.16,0.02,0.1,Baja
2009,Centro,70 a 79,Varón,138204,17160.05,124383.6,15444.05,0.22,0.02,0.11,Moderada
2009,Centro,80+,Mujer,64446,9781.28,58001.4,8803.15,0.15,0.02,0.14,Moderada
2009,Centro,80+,Varón,44746,8795.9,40271.4,7916.31,0.18,0.03,0.18,Moderada
2009,Cuyo,30 a 39,Mujer,11086,2112.74,9977.4,1901.47,0.06,0.01,0.19,Moderada
2009,Cuyo,30 a 39,Varón,11512,3165.39,10360.8,2848.85,0.06,0.02,0.26,Alta
2009,Cuyo,40 a 49,Mujer,13345,2434.5,12010.5,2191.05,0.09,0.02,0.18,Moderada
2009,Cuyo,40 a 49,Varón,12487,2788.79,11238.3,2509.92,0.09,0.02,0.21,Alta
2009,Cuyo,50 a 59,Mujer,15713,3089.93,14141.7,2780.94,0.11,0.02,0.19,Moderada
2009,Cuyo,50 a 59,Varón,16562,3481.4,14905.8,3133.26,0.13,0.03,0.2,Moderada
2009,Cuyo,60 a 69,Mujer,28912,3979.02,26020.8,3581.12,0.22,0.03,0.12,Moderada
2009,Cuyo,60 a 69,Varón,18254,3590.24,16428.6,3231.22,0.2,0.03,0.17,Moderada
2009,Cuyo,70 a 79,Mujer,14697,2653.99,13227.3,2388.59,0.19,0.03,0.16,Moderada
2009,Cuyo,70 a 79,Varón,12599,2459.42,11339.1,2213.48,0.19,0.04,0.19,Moderada
2009,Cuyo,80+,Mujer,4837,1530.7,4353.3,1377.63,0.16,0.05,0.29,Alta
2009,Cuyo,80+,Varón,3581,1811.85,3222.9,1630.67,0.15,0.07,0.45,Muy alta
2009,NEA,30 a 39,Mujer,14838,2537.12,13354.2,2283.41,0.07,0.01,0.16,Moderada
2009,NEA,30 a 39,Varón,5662,1439.46,5095.8,1295.51,0.03,0.01,0.25,Alta
2009,NEA,40 a 49,Mujer,17276,3989.19,15548.4,3590.27,0.09,0.02,0.21,Alta
2009,NEA,40 a 49,Varón,9177,1915.77,8259.3,1724.2,0.06,0.01,0.2,Moderada
2009,NEA,50 a 59,Mujer,23896,3664.52,21506.4,3298.07,0.17,0.02,0.14,Moderada
2009,NEA,50 a 59,Varón,11683,2405.6,10514.7,2165.04,0.09,0.02,0.2,Moderada
2009,NEA,60 a 69,Mujer,17870,2697.3,16083,2427.57,0.18,0.02,0.14,Moderada
2009,NEA,60 a 69,Varón,12608,2787.29,11347.2,2508.56,0.16,0.03,0.2,Moderada
2009,NEA,70 a 79,Mujer,11450,2201.62,10305,1981.46,0.2,0.03,0.17,Moderada
2009,NEA,70 a 79,Varón,10471,2129.99,9423.9,1916.99,0.25,0.04,0.17,Moderada
2009,NEA,80+,Mujer,3088,1172.51,2779.2,1055.26,0.12,0.04,0.36,Muy alta
2009,NEA,80+,Varón,553,408.88,497.7,367.99,0.04,0.03,0.73,Muy alta
2009,NOA1,30 a 39,Mujer,13183,2421.77,11864.7,2179.59,0.06,0.01,0.18,Moderada
2009,NOA1,30 a 39,Varón,7539,2394.41,6785.1,2154.97,0.04,0.01,0.31,Muy alta
2009,NOA1,40 a 49,Mujer,16083,3131.12,14474.7,2818.01,0.09,0.02,0.18,Moderada
2009,NOA1,40 a 49,Varón,7737,1993.2,6963.3,1793.88,0.05,0.01,0.25,Alta
2009,NOA1,50 a 59,Mujer,20626,3526.15,18563.4,3173.53,0.14,0.02,0.16,Moderada
2009,NOA1,50 a 59,Varón,20815,3910.76,18733.5,3519.69,0.17,0.03,0.17,Moderada
2009,NOA1,60 a 69,Mujer,17418,3215.63,15676.2,2894.07,0.16,0.03,0.17,Moderada
2009,NOA1,60 a 69,Varón,13981,2837.35,12582.9,2553.61,0.15,0.03,0.19,Moderada
2009,NOA1,70 a 79,Mujer,10149,1946.86,9134.1,1752.17,0.21,0.04,0.17,Moderada
2009,NOA1,70 a 79,Varón,6036,1588.46,5432.4,1429.61,0.11,0.03,0.25,Alta
2009,NOA1,80+,Mujer,4864,1595.96,4377.6,1436.36,0.16,0.05,0.3,Alta
2009,NOA1,80+,Varón,4299,1723.26,3869.1,1550.93,0.26,0.08,0.32,Muy alta
2009,NOA2,30 a 39,Mujer,6796,1430.79,6116.4,1287.71,0.11,0.02,0.2,Moderada
2009,NOA2,30 a 39,Varón,3209,1233.03,2888.1,1109.73,0.05,0.02,0.37,Muy alta
2009,NOA2,40 a 49,Mujer,6319,1524.69,5687.1,1372.23,0.11,0.03,0.22,Alta
2009,NOA2,40 a 49,Varón,5437,1534.79,4893.3,1381.31,0.11,0.03,0.26,Alta
2009,NOA2,50 a 59,Mujer,9439,2017.53,8495.1,1815.78,0.21,0.04,0.18,Moderada
2009,NOA2,50 a 59,Varón,8649,2086.63,7784.1,1877.97,0.2,0.04,0.21,Alta
2009,NOA2,60 a 69,Mujer,7780,1739.04,7002,1565.13,0.23,0.04,0.19,Moderada
2009,NOA2,60 a 69,Varón,5412,1329.85,4870.8,1196.86,0.25,0.05,0.21,Alta
2009,NOA2,70 a 79,Mujer,4081,964.74,3672.9,868.27,0.21,0.05,0.22,Alta
2009,NOA2,70 a 79,Varón,3454,1313.16,3108.6,1181.85,0.24,0.08,0.32,Muy alta
2009,NOA2,80+,Mujer,1231,607,1107.9,546.3,0.13,0.06,0.46,Muy alta
2009,NOA2,80+,Varón,120,120,108,108,0.03,0.03,1,Muy alta
2009,Patagonia Norte,30 a 39,Mujer,6987,1328.69,6288.3,1195.82,0.07,0.01,0.18,Moderada
2009,Patagonia Norte,30 a 39,Varón,3609,936.22,3248.1,842.6,0.04,0.01,0.26,Alta
2009,Patagonia Norte,40 a 49,Mujer,6235,1182.52,5611.5,1064.27,0.07,0.01,0.19,Moderada
2009,Patagonia Norte,40 a 49,Varón,4986,1224.66,4487.4,1102.2,0.08,0.02,0.23,Alta
2009,Patagonia Norte,50 a 59,Mujer,8152,1518.11,7336.8,1366.3,0.12,0.02,0.17,Moderada
2009,Patagonia Norte,50 a 59,Varón,7929,1637.15,7136.1,1473.44,0.11,0.02,0.2,Moderada
2009,Patagonia Norte,60 a 69,Mujer,8937,1477.51,8043.3,1329.76,0.18,0.03,0.15,Moderada
2009,Patagonia Norte,60 a 69,Varón,6600,1276.1,5940,1148.49,0.14,0.03,0.18,Moderada
2009,Patagonia Norte,70 a 79,Mujer,5293,1050.99,4763.7,945.89,0.2,0.03,0.17,Moderada
2009,Patagonia Norte,70 a 79,Varón,5844,1228.19,5259.6,1105.37,0.28,0.05,0.17,Moderada
2009,Patagonia Norte,80+,Mujer,2202,598.62,1981.8,538.76,0.17,0.04,0.26,Alta
2009,Patagonia Norte,80+,Varón,1991,690.81,1791.9,621.73,0.19,0.06,0.31,Muy alta
2009,Patagonia Sur,30 a 39,Mujer,4806,1031.93,4325.4,928.73,0.08,0.02,0.21,Alta
2009,Patagonia Sur,30 a 39,Varón,2617,708.36,2355.3,637.52,0.05,0.01,0.26,Alta
2009,Patagonia Sur,40 a 49,Mujer,6050,1077.4,5445,969.66,0.11,0.02,0.17,Moderada
2009,Patagonia Sur,40 a 49,Varón,4390,1283.67,3951,1155.3,0.1,0.03,0.27,Alta
2009,Patagonia Sur,50 a 59,Mujer,6394,1191.93,5754.6,1072.74,0.15,0.03,0.17,Moderada
2009,Patagonia Sur,50 a 59,Varón,4722,941.4,4249.8,847.26,0.13,0.02,0.19,Moderada
2009,Patagonia Sur,60 a 69,Mujer,4641,832.54,4176.9,749.28,0.17,0.03,0.17,Moderada
2009,Patagonia Sur,60 a 69,Varón,4945,929.16,4450.5,836.25,0.24,0.04,0.17,Moderada
2009,Patagonia Sur,70 a 79,Mujer,2393,564.16,2153.7,507.75,0.21,0.04,0.21,Alta
2009,Patagonia Sur,70 a 79,Varón,4748,1097.74,4273.2,987.97,0.31,0.06,0.18,Moderada
2009,Patagonia Sur,80+,Mujer,560,213.49,504,192.14,0.15,0.06,0.37,Muy alta
2009,Patagonia Sur,80+,Varón,352,250.34,316.8,225.31,0.14,0.09,0.66,Muy alta
2013,Centro,30 a 39,Mujer,131043,21320.58,117938.7,19188.52,0.06,0.01,0.16,Moderada
2013,Centro,30 a 39,Varón,81048,16216.42,72943.2,14594.78,0.04,0.01,0.2,Moderada
2013,Centro,40 a 49,Mujer,151029,23632.69,135926.1,21269.42,0.08,0.01,0.15,Moderada
2013,Centro,40 a 49,Varón,123089,23024.74,110780.1,20722.26,0.08,0.01,0.18,Moderada
2013,Centro,50 a 59,Mujer,191416,27494.45,172274.4,24745,0.13,0.02,0.13,Moderada
2013,Centro,50 a 59,Varón,152525,22838.64,137272.5,20554.78,0.12,0.02,0.14,Moderada
2013,Centro,60 a 69,Mujer,219209,28503.85,197288.1,25653.47,0.16,0.02,0.12,Moderada
2013,Centro,60 a 69,Varón,197182,26491.32,177463.8,23842.19,0.18,0.02,0.12,Moderada
2013,Centro,70 a 79,Mujer,159292,22102.76,143362.8,19892.49,0.18,0.02,0.12,Moderada
2013,Centro,70 a 79,Varón,137036,22946.79,123332.4,20652.11,0.25,0.04,0.14,Moderada
2013,Centro,80+,Mujer,50609,13607.36,45548.1,12246.62,0.11,0.03,0.25,Alta
2013,Centro,80+,Varón,15898,4221.15,14308.2,3799.03,0.06,0.02,0.28,Alta
2013,Cuyo,30 a 39,Mujer,12951,3166.8,11655.9,2850.12,0.06,0.01,0.23,Alta
2013,Cuyo,30 a 39,Varón,3722,1399.02,3349.8,1259.12,0.02,0.01,0.37,Muy alta
2013,Cuyo,40 a 49,Mujer,14547,3049.58,13092.3,2744.62,0.08,0.02,0.2,Moderada
2013,Cuyo,40 a 49,Varón,15474,3992.29,13926.6,3593.06,0.09,0.02,0.24,Alta
2013,Cuyo,50 a 59,Mujer,15349,3242.05,13814.1,2917.85,0.11,0.02,0.2,Moderada
2013,Cuyo,50 a 59,Varón,19768,3985.56,17791.2,3587.01,0.14,0.03,0.18,Moderada
2013,Cuyo,60 a 69,Mujer,20737,3412.96,18663.3,3071.66,0.15,0.02,0.15,Moderada
2013,Cuyo,60 a 69,Varón,17666,3448.89,15899.4,3104,0.18,0.03,0.18,Moderada
2013,Cuyo,70 a 79,Mujer,14053,2515.48,12647.7,2263.93,0.18,0.03,0.17,Moderada
2013,Cuyo,70 a 79,Varón,11509,2809.79,10358.1,2528.81,0.19,0.04,0.22,Alta
2013,Cuyo,80+,Mujer,8638,2902.52,7774.2,2612.27,0.23,0.06,0.27,Alta
2013,Cuyo,80+,Varón,5831,2323.76,5247.9,2091.39,0.33,0.1,0.29,Alta
2013,NEA,30 a 39,Mujer,19135,5326.33,17221.5,4793.69,0.08,0.02,0.26,Alta
2013,NEA,30 a 39,Varón,7065,2273.54,6358.5,2046.18,0.04,0.01,0.32,Muy alta
2013,NEA,40 a 49,Mujer,12682,2669.9,11413.8,2402.91,0.07,0.01,0.2,Moderada
2013,NEA,40 a 49,Varón,7928,2491.56,7135.2,2242.4,0.05,0.01,0.31,Muy alta
2013,NEA,50 a 59,Mujer,16872,3219.49,15184.8,2897.54,0.11,0.02,0.18,Moderada
2013,NEA,50 a 59,Varón,15326,4029.64,13793.4,3626.68,0.11,0.03,0.24,Alta
2013,NEA,60 a 69,Mujer,19289,3605.22,17360.1,3244.7,0.19,0.03,0.16,Moderada
2013,NEA,60 a 69,Varón,13256,2705.84,11930.4,2435.25,0.14,0.03,0.19,Moderada
2013,NEA,70 a 79,Mujer,11671,2671.63,10503.9,2404.47,0.17,0.03,0.21,Alta
2013,NEA,70 a 79,Varón,11656,2571.7,10490.4,2314.53,0.24,0.05,0.2,Moderada
2013,NEA,80+,Mujer,4433,1565.31,3989.7,1408.78,0.17,0.05,0.32,Muy alta
2013,NEA,80+,Varón,1864,1051.72,1677.6,946.55,0.13,0.07,0.52,Muy alta
2013,NOA1,30 a 39,Mujer,18777,3149.59,16899.3,2834.63,0.08,0.01,0.16,Moderada
2013,NOA1,30 a 39,Varón,10228,2528.93,9205.2,2276.04,0.05,0.01,0.24,Alta
2013,NOA1,40 a 49,Mujer,22880,4439.38,20592,3995.44,0.13,0.02,0.18,Moderada
2013,NOA1,40 a 49,Varón,14019,2983.07,12617.1,2684.77,0.08,0.02,0.2,Moderada
2013,NOA1,50 a 59,Mujer,21139,4225.52,19025.1,3802.97,0.14,0.03,0.18,Moderada
2013,NOA1,50 a 59,Varón,17439,3947.75,15695.1,3552.97,0.13,0.03,0.21,Alta
2013,NOA1,60 a 69,Mujer,21314,3488.84,19182.6,3139.95,0.19,0.03,0.15,Moderada
2013,NOA1,60 a 69,Varón,14842,3002.71,13357.8,2702.44,0.16,0.03,0.18,Moderada
2013,NOA1,70 a 79,Mujer,7712,2117.99,6940.8,1906.19,0.13,0.03,0.25,Alta
2013,NOA1,70 a 79,Varón,6676,2180.42,6008.4,1962.37,0.14,0.04,0.3,Alta
2013,NOA1,80+,Mujer,7510,2401.24,6759,2161.12,0.21,0.06,0.27,Alta
2013,NOA1,80+,Varón,1293,757.98,1163.7,682.18,0.08,0.05,0.57,Muy alta
2013,NOA2,30 a 39,Mujer,6295,1456.02,5665.5,1310.42,0.1,0.02,0.22,Alta
2013,NOA2,30 a 39,Varón,7317,2152.06,6585.3,1936.85,0.1,0.03,0.27,Alta
2013,NOA2,40 a 49,Mujer,10596,2149.26,9536.4,1934.33,0.19,0.03,0.18,Moderada
2013,NOA2,40 a 49,Varón,6935,1682.47,6241.5,1514.22,0.13,0.03,0.22,Alta
2013,NOA2,50 a 59,Mujer,6495,1526.8,5845.5,1374.12,0.16,0.04,0.22,Alta
2013,NOA2,50 a 59,Varón,6833,1774.3,6149.7,1596.87,0.16,0.04,0.24,Alta
2013,NOA2,60 a 69,Mujer,7888,1660.14,7099.2,1494.13,0.21,0.04,0.19,Moderada
2013,NOA2,60 a 69,Varón,3509,1176.57,3158.1,1058.91,0.18,0.05,0.3,Alta
2013,NOA2,70 a 79,Mujer,3441,1215.02,3096.9,1093.52,0.16,0.05,0.32,Muy alta
2013,NOA2,70 a 79,Varón,3359,1383.11,3023.1,1244.8,0.19,0.07,0.37,Muy alta
2013,NOA2,80+,Mujer,2145,1104.61,1930.5,994.15,0.3,0.12,0.39,Muy alta
2013,NOA2,80+,Varón,1021,675.04,918.9,607.54,0.19,0.11,0.57,Muy alta
2013,Patagonia Norte,30 a 39,Mujer,8668,1681.64,7801.2,1513.48,0.07,0.01,0.19,Moderada
2013,Patagonia Norte,30 a 39,Varón,3572,1154.01,3214.8,1038.61,0.03,0.01,0.32,Muy alta
2013,Patagonia Norte,40 a 49,Mujer,11785,2490.65,10606.5,2241.58,0.13,0.02,0.19,Moderada
2013,Patagonia Norte,40 a 49,Varón,6244,1669.24,5619.6,1502.31,0.07,0.02,0.26,Alta
2013,Patagonia Norte,50 a 59,Mujer,9274,1833.89,8346.6,1650.5,0.12,0.02,0.18,Moderada
2013,Patagonia Norte,50 a 59,Varón,6365,1536.36,5728.5,1382.73,0.1,0.02,0.23,Alta
2013,Patagonia Norte,60 a 69,Mujer,6990,1397.34,6291,1257.6,0.14,0.03,0.18,Moderada
2013,Patagonia Norte,60 a 69,Varón,9898,2176.66,8908.2,1959,0.21,0.04,0.18,Moderada
2013,Patagonia Norte,70 a 79,Mujer,6063,1325.25,5456.7,1192.72,0.19,0.04,0.19,Moderada
2013,Patagonia Norte,70 a 79,Varón,5673,1224.45,5105.7,1102.01,0.23,0.04,0.18,Moderada
2013,Patagonia Norte,80+,Mujer,2489,752.75,2240.1,677.47,0.15,0.04,0.28,Alta
2013,Patagonia Norte,80+,Varón,1508,586.88,1357.2,528.19,0.16,0.06,0.37,Muy alta
2013,Patagonia Sur,30 a 39,Mujer,6278,1395.27,5650.2,1255.74,0.09,0.02,0.21,Alta
2013,Patagonia Sur,30 a 39,Varón,6067,1327.17,5460.3,1194.45,0.07,0.02,0.21,Alta
2013,Patagonia Sur,40 a 49,Mujer,4251,814.02,3825.9,732.62,0.07,0.01,0.19,Moderada
2013,Patagonia Sur,40 a 49,Varón,5338,1502.66,4804.2,1352.4,0.09,0.02,0.26,Alta
2013,Patagonia Sur,50 a 59,Mujer,7811,1433.13,7029.9,1289.82,0.16,0.03,0.17,Moderada
2013,Patagonia Sur,50 a 59,Varón,5159,988.42,4643.1,889.58,0.12,0.02,0.18,Moderada
2013,Patagonia Sur,60 a 69,Mujer,6008,1220.27,5407.2,1098.24,0.21,0.04,0.18,Moderada
2013,Patagonia Sur,60 a 69,Varón,4122,910.12,3709.8,819.11,0.14,0.03,0.21,Alta
2013,Patagonia Sur,70 a 79,Mujer,3526,915.29,3173.4,823.76,0.23,0.05,0.22,Alta
2013,Patagonia Sur,70 a 79,Varón,2111,749.12,1899.9,674.21,0.21,0.06,0.3,Alta
2013,Patagonia Sur,80+,Mujer,1495,515.91,1345.5,464.32,0.18,0.06,0.33,Muy alta
2013,Patagonia Sur,80+,Varón,779,402.35,701.1,362.11,0.12,0.06,0.49,Muy alta
2018,Centro,30 a 39,Mujer,217724,30287.04,195951.6,27258.34,0.1,0.01,0.13,Moderada
2018,Centro,30 a 39,Varón,64103,13489.02,57692.7,12140.11,0.03,0.01,0.21,Alta
2018,Centro,40 a 49,Mujer,231200,29303.56,208080,26373.21,0.11,0.01,0.12,Moderada
2018,Centro,40 a 49,Varón,226525,34804.09,203872.5,31323.68,0.13,0.02,0.14,Moderada
2018,Centro,50 a 59,Mujer,212270,26348.18,191043,23713.37,0.14,0.02,0.11,Moderada
2018,Centro,50 a 59,Varón,257364,31980.32,231627.6,28782.29,0.18,0.02,0.11,Moderada
2018,Centro,60 a 69,Mujer,272120,27111.61,244908,24400.45,0.2,0.02,0.09,Baja
2018,Centro,60 a 69,Varón,239005,23750.87,215104.5,21375.78,0.19,0.02,0.1,Baja
2018,Centro,70 a 79,Mujer,136132,17842.91,122518.8,16058.62,0.16,0.02,0.11,Moderada
2018,Centro,70 a 79,Varón,178050,24822.76,160245,22340.48,0.22,0.03,0.12,Moderada
2018,Centro,80+,Mujer,68547,9845.17,61692.3,8860.65,0.16,0.02,0.15,Moderada
2018,Centro,80+,Varón,50579,12016,45521.1,10814.4,0.2,0.04,0.22,Alta
2018,Cuyo,30 a 39,Mujer,32792,8794.84,29512.8,7915.36,0.13,0.03,0.27,Alta
2018,Cuyo,30 a 39,Varón,11693,3422.17,10523.7,3079.95,0.05,0.02,0.29,Alta
2018,Cuyo,40 a 49,Mujer,38472,6322.97,34624.8,5690.68,0.19,0.03,0.16,Moderada
2018,Cuyo,40 a 49,Varón,14468,3932.87,13021.2,3539.58,0.07,0.02,0.27,Alta
2018,Cuyo,50 a 59,Mujer,24758,4766.14,22282.2,4289.52,0.15,0.03,0.18,Moderada
2018,Cuyo,50 a 59,Varón,23958,5050.88,21562.2,4545.79,0.17,0.03,0.2,Moderada
2018,Cuyo,60 a 69,Mujer,21763,3095.92,19586.7,2786.33,0.18,0.03,0.15,Moderada
2018,Cuyo,60 a 69,Varón,40470,6374.79,36423,5737.31,0.32,0.04,0.14,Moderada
2018,Cuyo,70 a 79,Mujer,19057,3145.63,17151.3,2831.06,0.22,0.03,0.15,Moderada
2018,Cuyo,70 a 79,Varón,24620,5148.2,22158,4633.38,0.31,0.06,0.18,Moderada
2018,Cuyo,80+,Mujer,4643,1761.2,4178.7,1585.08,0.11,0.04,0.37,Muy alta
2018,Cuyo,80+,Varón,3984,1403.69,3585.6,1263.32,0.16,0.06,0.38,Muy alta
2018,NEA,30 a 39,Mujer,27044,4811.09,24339.6,4329.98,0.1,0.02,0.16,Moderada
2018,NEA,30 a 39,Varón,11718,3156.46,10546.2,2840.81,0.06,0.01,0.26,Alta
2018,NEA,40 a 49,Mujer,22608,5060.31,20347.2,4554.28,0.12,0.03,0.21,Alta
2018,NEA,40 a 49,Varón,19051,3684.56,17145.9,3316.1,0.1,0.02,0.2,Moderada
2018,NEA,50 a 59,Mujer,35345,4833.81,31810.5,4350.43,0.2,0.03,0.12,Moderada
2018,NEA,50 a 59,Varón,16700,3390.72,15030,3051.65,0.12,0.02,0.2,Moderada
2018,NEA,60 a 69,Mujer,23726,3924.97,21353.4,3532.47,0.19,0.03,0.15,Moderada
2018,NEA,60 a 69,Varón,27085,4028.04,24376.5,3625.23,0.19,0.03,0.15,Moderada
2018,NEA,70 a 79,Mujer,16530,3282.56,14877,2954.31,0.21,0.04,0.18,Moderada
2018,NEA,70 a 79,Varón,9064,2406.41,8157.6,2165.77,0.19,0.04,0.22,Alta
2018,NEA,80+,Mujer,12064,3296.21,10857.6,2966.59,0.33,0.07,0.2,Moderada
2018,NEA,80+,Varón,2648,885.47,2383.2,796.92,0.12,0.04,0.36,Muy alta
2018,NOA1,30 a 39,Mujer,30293,4969.89,27263.7,4472.9,0.11,0.02,0.15,Moderada
2018,NOA1,30 a 39,Varón,8094,2957.31,7284.6,2661.58,0.04,0.01,0.35,Muy alta
2018,NOA1,40 a 49,Mujer,27491,5189.22,24741.9,4670.3,0.13,0.02,0.18,Moderada
2018,NOA1,40 a 49,Varón,21981,4546.02,19782.9,4091.42,0.11,0.02,0.2,Moderada
2018,NOA1,50 a 59,Mujer,24988,3895.38,22489.2,3505.84,0.16,0.02,0.15,Moderada
2018,NOA1,50 a 59,Varón,27688,5093.63,24919.2,4584.27,0.19,0.03,0.18,Moderada
2018,NOA1,60 a 69,Mujer,26983,3942.7,24284.7,3548.43,0.2,0.03,0.14,Moderada
2018,NOA1,60 a 69,Varón,22417,4942.68,20175.3,4448.41,0.18,0.04,0.2,Moderada
2018,NOA1,70 a 79,Mujer,13964,3225.48,12567.6,2902.93,0.18,0.04,0.21,Alta
2018,NOA1,70 a 79,Varón,5450,2085.27,4905,1876.74,0.09,0.03,0.38,Muy alta
2018,NOA1,80+,Mujer,2145,1022.99,1930.5,920.69,0.08,0.04,0.46,Muy alta
2018,NOA1,80+,Varón,3707,1753.29,3336.3,1577.96,0.15,0.07,0.47,Muy alta
2018,NOA2,30 a 39,Mujer,5374,1592.31,4836.6,1433.07,0.08,0.02,0.31,Muy alta
2018,NOA2,30 a 39,Varón,6263,2097.09,5636.7,1887.38,0.08,0.03,0.34,Muy alta
2018,NOA2,40 a 49,Mujer,13755,3790.62,12379.5,3411.56,0.19,0.05,0.25,Alta
2018,NOA2,40 a 49,Varón,5232,1627.76,4708.8,1464.98,0.1,0.03,0.31,Muy alta
2018,NOA2,50 a 59,Mujer,7187,2305.7,6468.3,2075.13,0.17,0.05,0.31,Muy alta
2018,NOA2,50 a 59,Varón,10583,2860.21,9524.7,2574.19,0.2,0.06,0.28,Alta
2018,NOA2,60 a 69,Mujer,5626,1666.71,5063.4,1500.04,0.15,0.04,0.28,Alta
2018,NOA2,60 a 69,Varón,7172,2111.12,6454.8,1900.01,0.23,0.06,0.28,Alta
2018,NOA2,70 a 79,Mujer,4928,1824.92,4435.2,1642.43,0.18,0.06,0.34,Muy alta
2018,NOA2,70 a 79,Varón,1745,885.32,1570.5,796.79,0.11,0.05,0.49,Muy alta
2018,NOA2,80+,Mujer,1014,516.69,912.6,465.02,0.09,0.04,0.45,Muy alta
2018,NOA2,80+,Varón,1931,1294.27,1737.9,1164.84,0.24,0.15,0.61,Muy alta
2018,Patagonia Norte,30 a 39,Mujer,15829,2555.16,14246.1,2299.64,0.12,0.02,0.17,Moderada
2018,Patagonia Norte,30 a 39,Varón,5053,1333.17,4547.7,1199.85,0.05,0.01,0.27,Alta
2018,Patagonia Norte,40 a 49,Mujer,13033,2416.9,11729.7,2175.21,0.13,0.02,0.19,Moderada
2018,Patagonia Norte,40 a 49,Varón,8594,1694.45,7734.6,1525,0.09,0.02,0.2,Moderada
2018,Patagonia Norte,50 a 59,Mujer,12161,2866.15,10944.9,2579.53,0.16,0.04,0.22,Alta
2018,Patagonia Norte,50 a 59,Varón,9160,1674.41,8244,1506.97,0.14,0.03,0.19,Moderada
2018,Patagonia Norte,60 a 69,Mujer,16819,2914.84,15137.1,2623.36,0.27,0.04,0.13,Moderada
2018,Patagonia Norte,60 a 69,Varón,13279,2297.63,11951.1,2067.87,0.2,0.03,0.16,Moderada
2018,Patagonia Norte,70 a 79,Mujer,5664,1269.46,5097.6,1142.51,0.13,0.03,0.21,Alta
2018,Patagonia Norte,70 a 79,Varón,9327,2249.32,8394.3,2024.39,0.25,0.05,0.21,Alta
2018,Patagonia Norte,80+,Mujer,4482,1327.76,4033.8,1194.98,0.34,0.07,0.21,Alta
2018,Patagonia Norte,80+,Varón,770,408.31,693,367.48,0.11,0.05,0.51,Muy alta
2018,Patagonia Sur,30 a 39,Mujer,10741,2066.4,9666.9,1859.76,0.12,0.02,0.19,Moderada
2018,Patagonia Sur,30 a 39,Varón,5144,1334.39,4629.6,1200.95,0.06,0.02,0.26,Alta
2018,Patagonia Sur,40 a 49,Mujer,9317,1790.18,8385.3,1611.16,0.13,0.02,0.19,Moderada
2018,Patagonia Sur,40 a 49,Varón,7859,1843.46,7073.1,1659.12,0.1,0.02,0.24,Alta
2018,Patagonia Sur,50 a 59,Mujer,10097,2792.62,9087.3,2513.36,0.18,0.05,0.25,Alta
2018,Patagonia Sur,50 a 59,Varón,7693,1956.7,6923.7,1761.03,0.15,0.04,0.25,Alta
2018,Patagonia Sur,60 a 69,Mujer,9253,2016.31,8327.7,1814.68,0.24,0.04,0.18,Moderada
2018,Patagonia Sur,60 a 69,Varón,9399,2196.51,8459.1,1976.86,0.22,0.05,0.21,Alta
2018,Patagonia Sur,70 a 79,Mujer,1976,699.39,1778.4,629.45,0.17,0.05,0.32,Muy alta
2018,Patagonia Sur,70 a 79,Varón,4756,1429.48,4280.4,1286.54,0.29,0.07,0.25,Alta
2018,Patagonia Sur,80+,Mujer,1163,630.66,1046.7,567.59,0.16,0.07,0.46,Muy alta
2018,Patagonia Sur,80+,Varón,3083,1364.18,2774.7,1227.76,0.33,0.13,0.38,Muy alta
