anio_enfr,region_deis,grupo_edad10,sexo,defun_n,defun_mean,lx,nLx,ndx,nMx,nqx,Tx,ex,AVP
2005,Centro,30 a 39,Mujer,43,2.8666666666666667,98257.61885,490368.2735,367.9282986,7.5031e-4,0.003744527,4983143.736,50.71508748453657,145.38325078900482
2005,Centro,30 a 39,Varón,47,3.1333333333333333,96997.57994,483240.915,698.7938737,0.001446057,0.00720424,4397739.3413,45.33865013972843,142.06110377114908
2005,Centro,40 a 49,Mujer,154,10.266666666666667,97340.83661,484832.09620000003,748.8347317,0.001544524,0.007692914,4492775.462499999,46.15509398692027,473.85896493238147
2005,Centro,40 a 49,Varón,223,14.866666666666667,95386.37498,474035.943,1158.372781,0.0024436390000000005,0.012144007,3914498.4263,41.03833935528808,610.1033117486162
2005,Centro,50 a 59,Mujer,544,36.266666666666666,95441.65065,473055.1896,1661.225453,0.003511695,0.017405665999999997,4007943.3663,41.99365097946365,1522.9697421885485
2005,Centro,50 a 59,Varón,940,62.666666666666664,92417.20236,455020.9095,2826.040916,0.006210794,0.030579165,3440462.4833,37.227511712571605,2332.924067321154
2005,Centro,60 a 69,Mujer,1455,97,91170.49198,445690.5758,4064.753633,0.009120125,0.044584092,3534888.1766999997,38.772283662519285,3760.911515264371
2005,Centro,60 a 69,Varón,2136,142.4,85071.85545,408249.9566,6843.728265,0.016763574,0.080446444,2985441.5738,35.09317573959179,4997.268225317872
2005,Centro,70 a 79,Mujer,2540,169.33333333333334,81312.23623,385197.4791,8545.480834,0.022184675,0.10509464800000001,3089197.6009,37.991792430377735,6433.276851543964
2005,Centro,70 a 79,Varón,3056,203.73333333333332,68546.20957,310455.6718,12910.15042,0.041584521,0.188342295,2577191.6172,37.59787205400685,7659.939799802995
2005,Centro,80+,Mujer,3146,209.73333333333332,97889.69055,2704000.1218,82869.3959018,0.280921026,1.540407799,2704000.1218,27.622930531370443,5793.449296779428
2005,Centro,80+,Varón,1878,125.2,96298.78607,2266735.9454,72560.4936879,0.409304074,1.873138098,2266735.9454,23.538572373615384,2947.0292611766463
2005,Cuyo,30 a 39,Mujer,7,0.5833333333333334,98257.61885,490368.2735,367.9282986,7.5031e-4,0.003744527,4983143.736,50.71508748453657,29.583801032646335
2005,Cuyo,30 a 39,Varón,12,1,96997.57994,483240.915,698.7938737,0.001446057,0.00720424,4397739.3413,45.33865013972843,45.33865013972843
2005,Cuyo,40 a 49,Mujer,34,2.8333333333333335,97340.83661,484832.09620000003,748.8347317,0.001544524,0.007692914,4492775.462499999,46.15509398692027,130.7727662962741
2005,Cuyo,40 a 49,Varón,42,3.5,95386.37498,474035.943,1158.372781,0.0024436390000000005,0.012144007,3914498.4263,41.03833935528808,143.63418774350828
2005,Cuyo,50 a 59,Mujer,153,12.75,95441.65065,473055.1896,1661.225453,0.003511695,0.017405665999999997,4007943.3663,41.99365097946365,535.4190499881615
2005,Cuyo,50 a 59,Varón,226,18.833333333333332,92417.20236,455020.9095,2826.040916,0.006210794,0.030579165,3440462.4833,37.227511712571605,701.1181372534319
2005,Cuyo,60 a 69,Mujer,367,30.583333333333332,91170.49198,445690.5758,4064.753633,0.009120125,0.044584092,3534888.1766999997,38.772283662519285,1185.7856753453814
2005,Cuyo,60 a 69,Varón,508,42.333333333333336,85071.85545,408249.9566,6843.728265,0.016763574,0.080446444,2985441.5738,35.09317573959179,1485.611106309386
2005,Cuyo,70 a 79,Mujer,580,48.333333333333336,81312.23623,385197.4791,8545.480834,0.022184675,0.10509464800000001,3089197.6009,37.991792430377735,1836.2699674682574
2005,Cuyo,70 a 79,Varón,577,48.083333333333336,68546.20957,310455.6718,12910.15042,0.041584521,0.188342295,2577191.6172,37.59787205400685,1807.8310145968294
2005,Cuyo,80+,Mujer,411,34.25,97889.69055,2704000.1218,82869.3959018,0.280921026,1.540407799,2704000.1218,27.622930531370443,946.0853706994377
2005,Cuyo,80+,Varón,264,22,96298.78607,2266735.9454,72560.4936879,0.409304074,1.873138098,2266735.9454,23.538572373615384,517.8485922195384
2005,NEA,30 a 39,Mujer,9,0.75,98257.61885,490368.2735,367.9282986,7.5031e-4,0.003744527,4983143.736,50.71508748453657,38.03631561340242
2005,NEA,30 a 39,Varón,7,0.5833333333333334,96997.57994,483240.915,698.7938737,0.001446057,0.00720424,4397739.3413,45.33865013972843,26.447545914841584
2005,NEA,40 a 49,Mujer,42,3.5,97340.83661,484832.09620000003,748.8347317,0.001544524,0.007692914,4492775.462499999,46.15509398692027,161.54282895422094
2005,NEA,40 a 49,Varón,32,2.6666666666666665,95386.37498,474035.943,1158.372781,0.0024436390000000005,0.012144007,3914498.4263,41.03833935528808,109.43557161410155
2005,NEA,50 a 59,Mujer,132,11,95441.65065,473055.1896,1661.225453,0.003511695,0.017405665999999997,4007943.3663,41.99365097946365,461.93016077410016
2005,NEA,50 a 59,Varón,178,14.833333333333334,92417.20236,455020.9095,2826.040916,0.006210794,0.030579165,3440462.4833,37.227511712571605,552.2080904031455
2005,NEA,60 a 69,Mujer,271,22.583333333333332,91170.49198,445690.5758,4064.753633,0.009120125,0.044584092,3534888.1766999997,38.772283662519285,875.6074060452272
2005,NEA,60 a 69,Varón,291,24.25,85071.85545,408249.9566,6843.728265,0.016763574,0.080446444,2985441.5738,35.09317573959179,851.009511685101
2005,NEA,70 a 79,Mujer,399,33.25,81312.23623,385197.4791,8545.480834,0.022184675,0.10509464800000001,3089197.6009,37.991792430377735,1263.2270983100598
2005,NEA,70 a 79,Varón,347,28.916666666666668,68546.20957,310455.6718,12910.15042,0.041584521,0.188342295,2577191.6172,37.59787205400685,1087.2051335616982
2005,NEA,80+,Mujer,285,23.75,97889.69055,2704000.1218,82869.3959018,0.280921026,1.540407799,2704000.1218,27.622930531370443,656.044600120048
2005,NEA,80+,Varón,156,13,96298.78607,2266735.9454,72560.4936879,0.409304074,1.873138098,2266735.9454,23.538572373615384,306.001440857
2005,NOA1,30 a 39,Mujer,4,0.4444444444444444,98257.61885,490368.2735,367.9282986,7.5031e-4,0.003744527,4983143.736,50.71508748453657,22.54003888201625
2005,NOA1,30 a 39,Varón,8,0.8888888888888888,96997.57994,483240.915,698.7938737,0.001446057,0.00720424,4397739.3413,45.33865013972843,40.30102234642527
2005,NOA1,40 a 49,Mujer,21,2.3333333333333335,97340.83661,484832.09620000003,748.8347317,0.001544524,0.007692914,4492775.462499999,46.15509398692027,107.69521930281397
2005,NOA1,40 a 49,Varón,34,3.7777777777777777,95386.37498,474035.943,1158.372781,0.0024436390000000005,0.012144007,3914498.4263,41.03833935528808,155.03372645331052
2005,NOA1,50 a 59,Mujer,90,10,95441.65065,473055.1896,1661.225453,0.003511695,0.017405665999999997,4007943.3663,41.99365097946365,419.93650979463655
2005,NOA1,50 a 59,Varón,139,15.444444444444445,92417.20236,455020.9095,2826.040916,0.006210794,0.030579165,3440462.4833,37.227511712571605,574.958236449717
2005,NOA1,60 a 69,Mujer,211,23.444444444444443,91170.49198,445690.5758,4064.753633,0.009120125,0.044584092,3534888.1766999997,38.772283662519285,908.9946503101743
2005,NOA1,60 a 69,Varón,238,26.444444444444443,85071.85545,408249.9566,6843.728265,0.016763574,0.080446444,2985441.5738,35.09317573959179,928.0195362247607
2005,NOA1,70 a 79,Mujer,274,30.444444444444443,81312.23623,385197.4791,8545.480834,0.022184675,0.10509464800000001,3089197.6009,37.991792430377735,1156.6390139915
2005,NOA1,70 a 79,Varón,270,30,68546.20957,310455.6718,12910.15042,0.041584521,0.188342295,2577191.6172,37.59787205400685,1127.9361616202054
2005,NOA1,80+,Mujer,227,25.22222222222222,97889.69055,2704000.1218,82869.3959018,0.280921026,1.540407799,2704000.1218,27.622930531370443,696.7116922912322
2005,NOA1,80+,Varón,139,15.444444444444445,96298.78607,2266735.9454,72560.4936879,0.409304074,1.873138098,2266735.9454,23.538572373615384,363.5401733258376
2005,NOA2,30 a 39,Mujer,3,0.5,98257.61885,490368.2735,367.9282986,7.5031e-4,0.003744527,4983143.736,50.71508748453657,25.357543742268284
2005,NOA2,30 a 39,Varón,3,0.5,96997.57994,483240.915,698.7938737,0.001446057,0.00720424,4397739.3413,45.33865013972843,22.669325069864215
2005,NOA2,40 a 49,Mujer,13,2.1666666666666665,97340.83661,484832.09620000003,748.8347317,0.001544524,0.007692914,4492775.462499999,46.15509398692027,100.00270363832725
2005,NOA2,40 a 49,Varón,16,2.6666666666666665,95386.37498,474035.943,1158.372781,0.0024436390000000005,0.012144007,3914498.4263,41.03833935528808,109.43557161410155
2005,NOA2,50 a 59,Mujer,47,7.833333333333333,95441.65065,473055.1896,1661.225453,0.003511695,0.017405665999999997,4007943.3663,41.99365097946365,328.9502660057986
2005,NOA2,50 a 59,Varón,63,10.5,92417.20236,455020.9095,2826.040916,0.006210794,0.030579165,3440462.4833,37.227511712571605,390.88887298200183
2005,NOA2,60 a 69,Mujer,81,13.5,91170.49198,445690.5758,4064.753633,0.009120125,0.044584092,3534888.1766999997,38.772283662519285,523.4258294440103
2005,NOA2,60 a 69,Varón,85,14.166666666666666,85071.85545,408249.9566,6843.728265,0.016763574,0.080446444,2985441.5738,35.09317573959179,497.1533229775504
2005,NOA2,70 a 79,Mujer,119,19.833333333333332,81312.23623,385197.4791,8545.480834,0.022184675,0.10509464800000001,3089197.6009,37.991792430377735,753.5038832024917
2005,NOA2,70 a 79,Varón,111,18.5,68546.20957,310455.6718,12910.15042,0.041584521,0.188342295,2577191.6172,37.59787205400685,695.5606329991267
2005,NOA2,80+,Mujer,100,16.666666666666668,97889.69055,2704000.1218,82869.3959018,0.280921026,1.540407799,2704000.1218,27.622930531370443,460.3821755228407
2005,NOA2,80+,Varón,66,11,96298.78607,2266735.9454,72560.4936879,0.409304074,1.873138098,2266735.9454,23.538572373615384,258.9242961097692
2005,Patagonia Norte,30 a 39,Mujer,2,0.2222222222222222,98257.61885,490368.2735,367.9282986,7.5031e-4,0.003744527,4983143.736,50.71508748453657,11.270019441008126
2005,Patagonia Norte,30 a 39,Varón,1,0.1111111111111111,96997.57994,483240.915,698.7938737,0.001446057,0.00720424,4397739.3413,45.33865013972843,5.037627793303159
2005,Patagonia Norte,40 a 49,Mujer,10,1.1111111111111112,97340.83661,484832.09620000003,748.8347317,0.001544524,0.007692914,4492775.462499999,46.15509398692027,51.28343776324475
2005,Patagonia Norte,40 a 49,Varón,12,1.3333333333333333,95386.37498,474035.943,1158.372781,0.0024436390000000005,0.012144007,3914498.4263,41.03833935528808,54.717785807050774
2005,Patagonia Norte,50 a 59,Mujer,34,3.7777777777777777,95441.65065,473055.1896,1661.225453,0.003511695,0.017405665999999997,4007943.3663,41.99365097946365,158.64268147797378
2005,Patagonia Norte,50 a 59,Varón,48,5.333333333333333,92417.20236,455020.9095,2826.040916,0.006210794,0.030579165,3440462.4833,37.227511712571605,198.54672913371522
2005,Patagonia Norte,60 a 69,Mujer,67,7.444444444444445,91170.49198,445690.5758,4064.753633,0.009120125,0.044584092,3534888.1766999997,38.772283662519285,288.6381117098658
2005,Patagonia Norte,60 a 69,Varón,107,11.88888888888889,85071.85545,408249.9566,6843.728265,0.016763574,0.080446444,2985441.5738,35.09317573959179,417.218867126258
2005,Patagonia Norte,70 a 79,Mujer,115,12.777777777777779,81312.23623,385197.4791,8545.480834,0.022184675,0.10509464800000001,3089197.6009,37.991792430377735,485.45068105482665
2005,Patagonia Norte,70 a 79,Varón,163,18.11111111111111,68546.20957,310455.6718,12910.15042,0.041584521,0.188342295,2577191.6172,37.59787205400685,680.9392383114574
2005,Patagonia Norte,80+,Mujer,148,16.444444444444443,97889.69055,2704000.1218,82869.3959018,0.280921026,1.540407799,2704000.1218,27.622930531370443,454.2437465158695
2005,Patagonia Norte,80+,Varón,78,8.666666666666666,96298.78607,2266735.9454,72560.4936879,0.409304074,1.873138098,2266735.9454,23.538572373615384,204.0009605713333
2005,Patagonia Sur,30 a 39,Mujer,2,0.2222222222222222,98257.61885,490368.2735,367.9282986,7.5031e-4,0.003744527,4983143.736,50.71508748453657,11.270019441008126
2005,Patagonia Sur,30 a 39,Varón,3,0.3333333333333333,96997.57994,483240.915,698.7938737,0.001446057,0.00720424,4397739.3413,45.33865013972843,15.112883379909476
2005,Patagonia Sur,40 a 49,Mujer,4,0.4444444444444444,97340.83661,484832.09620000003,748.8347317,0.001544524,0.007692914,4492775.462499999,46.15509398692027,20.513375105297897
2005,Patagonia Sur,40 a 49,Varón,4,0.4444444444444444,95386.37498,474035.943,1158.372781,0.0024436390000000005,0.012144007,3914498.4263,41.03833935528808,18.23926193568359
2005,Patagonia Sur,50 a 59,Mujer,15,1.6666666666666667,95441.65065,473055.1896,1661.225453,0.003511695,0.017405665999999997,4007943.3663,41.99365097946365,69.98941829910609
2005,Patagonia Sur,50 a 59,Varón,25,2.7777777777777777,92417.20236,455020.9095,2826.040916,0.006210794,0.030579165,3440462.4833,37.227511712571605,103.40975475714335
2005,Patagonia Sur,60 a 69,Mujer,35,3.888888888888889,91170.49198,445690.5758,4064.753633,0.009120125,0.044584092,3534888.1766999997,38.772283662519285,150.78110313201944
2005,Patagonia Sur,60 a 69,Varón,49,5.444444444444445,85071.85545,408249.9566,6843.728265,0.016763574,0.080446444,2985441.5738,35.09317573959179,191.0628456933331
2005,Patagonia Sur,70 a 79,Mujer,50,5.555555555555555,81312.23623,385197.4791,8545.480834,0.022184675,0.10509464800000001,3089197.6009,37.991792430377735,211.06551350209853
2005,Patagonia Sur,70 a 79,Varón,59,6.555555555555555,68546.20957,310455.6718,12910.15042,0.041584521,0.188342295,2577191.6172,37.59787205400685,246.47493902071156
2005,Patagonia Sur,80+,Mujer,44,4.888888888888889,97889.69055,2704000.1218,82869.3959018,0.280921026,1.540407799,2704000.1218,27.622930531370443,135.04543815336663
2005,Patagonia Sur,80+,Varón,27,3,96298.78607,2266735.9454,72560.4936879,0.409304074,1.873138098,2266735.9454,23.538572373615384,70.61571712084616
2009,Centro,30 a 39,Mujer,70,4.666666666666667,98257.61885,490368.2735,367.9282986,7.5031e-4,0.003744527,4983143.736,50.71508748453657,236.67040826117068
2009,Centro,30 a 39,Varón,58,3.8666666666666667,96997.57994,483240.915,698.7938737,0.001446057,0.00720424,4397739.3413,45.33865013972843,175.30944720694993
2009,Centro,40 a 49,Mujer,145,9.666666666666666,97340.83661,484832.09620000003,748.8347317,0.001544524,0.007692914,4492775.462499999,46.15509398692027,446.1659085402293
2009,Centro,40 a 49,Varón,176,11.733333333333333,95386.37498,474035.943,1158.372781,0.0024436390000000005,0.012144007,3914498.4263,41.03833935528808,481.51651510204675
2009,Centro,50 a 59,Mujer,511,34.06666666666667,95441.65065,473055.1896,1661.225453,0.003511695,0.017405665999999997,4007943.3663,41.99365097946365,1430.5837100337285
2009,Centro,50 a 59,Varón,782,52.13333333333333,92417.20236,455020.9095,2826.040916,0.006210794,0.030579165,3440462.4833,37.227511712571605,1940.7942772820663
2009,Centro,60 a 69,Mujer,1110,74,91170.49198,445690.5758,4064.753633,0.009120125,0.044584092,3534888.1766999997,38.772283662519285,2869.148991026427
2009,Centro,60 a 69,Varón,1633,108.86666666666666,85071.85545,408249.9566,6843.728265,0.016763574,0.080446444,2985441.5738,35.09317573959179,3820.4770655168927
2009,Centro,70 a 79,Mujer,1889,125.93333333333334,81312.23623,385197.4791,8545.480834,0.022184675,0.10509464800000001,3089197.6009,37.991792430377735,4784.433060065569
2009,Centro,70 a 79,Varón,2231,148.73333333333332,68546.20957,310455.6718,12910.15042,0.041584521,0.188342295,2577191.6172,37.59787205400685,5592.0568368326185
2009,Centro,80+,Mujer,2550,170,97889.69055,2704000.1218,82869.3959018,0.280921026,1.540407799,2704000.1218,27.622930531370443,4695.898190332975
2009,Centro,80+,Varón,1622,108.13333333333334,96298.78607,2266735.9454,72560.4936879,0.409304074,1.873138098,2266735.9454,23.538572373615384,2545.3042926669436
2009,Cuyo,30 a 39,Mujer,9,0.75,98257.61885,490368.2735,367.9282986,7.5031e-4,0.003744527,4983143.736,50.71508748453657,38.03631561340242
2009,Cuyo,30 a 39,Varón,10,0.8333333333333334,96997.57994,483240.915,698.7938737,0.001446057,0.00720424,4397739.3413,45.33865013972843,37.78220844977369
2009,Cuyo,40 a 49,Mujer,29,2.4166666666666665,97340.83661,484832.09620000003,748.8347317,0.001544524,0.007692914,4492775.462499999,46.15509398692027,111.54147713505732
2009,Cuyo,40 a 49,Varón,46,3.8333333333333335,95386.37498,474035.943,1158.372781,0.0024436390000000005,0.012144007,3914498.4263,41.03833935528808,157.313634195271
2009,Cuyo,50 a 59,Mujer,125,10.416666666666666,95441.65065,473055.1896,1661.225453,0.003511695,0.017405665999999997,4007943.3663,41.99365097946365,437.433864369413
2009,Cuyo,50 a 59,Varón,200,16.666666666666668,92417.20236,455020.9095,2826.040916,0.006210794,0.030579165,3440462.4833,37.227511712571605,620.4585285428601
2009,Cuyo,60 a 69,Mujer,373,31.083333333333332,91170.49198,445690.5758,4064.753633,0.009120125,0.044584092,3534888.1766999997,38.772283662519285,1205.171817176641
2009,Cuyo,60 a 69,Varón,529,44.083333333333336,85071.85545,408249.9566,6843.728265,0.016763574,0.080446444,2985441.5738,35.09317573959179,1547.0241638536716
2009,Cuyo,70 a 79,Mujer,529,44.083333333333336,81312.23623,385197.4791,8545.480834,0.022184675,0.10509464800000001,3089197.6009,37.991792430377735,1674.8048496391518
2009,Cuyo,70 a 79,Varón,576,48,68546.20957,310455.6718,12910.15042,0.041584521,0.188342295,2577191.6172,37.59787205400685,1804.6978585923289
2009,Cuyo,80+,Mujer,522,43.5,97889.69055,2704000.1218,82869.3959018,0.280921026,1.540407799,2704000.1218,27.622930531370443,1201.5974781146142
2009,Cuyo,80+,Varón,315,26.25,96298.78607,2266735.9454,72560.4936879,0.409304074,1.873138098,2266735.9454,23.538572373615384,617.8875248074038
2009,NEA,30 a 39,Mujer,10,0.8333333333333334,98257.61885,490368.2735,367.9282986,7.5031e-4,0.003744527,4983143.736,50.71508748453657,42.26257290378047
2009,NEA,30 a 39,Varón,11,0.9166666666666666,96997.57994,483240.915,698.7938737,0.001446057,0.00720424,4397739.3413,45.33865013972843,41.56042929475106
2009,NEA,40 a 49,Mujer,50,4.166666666666667,97340.83661,484832.09620000003,748.8347317,0.001544524,0.007692914,4492775.462499999,46.15509398692027,192.31289161216782
2009,NEA,40 a 49,Varón,45,3.75,95386.37498,474035.943,1158.372781,0.0024436390000000005,0.012144007,3914498.4263,41.03833935528808,153.8937725823303
2009,NEA,50 a 59,Mujer,135,11.25,95441.65065,473055.1896,1661.225453,0.003511695,0.017405665999999997,4007943.3663,41.99365097946365,472.42857351896606
2009,NEA,50 a 59,Varón,164,13.666666666666666,92417.20236,455020.9095,2826.040916,0.006210794,0.030579165,3440462.4833,37.227511712571605,508.77599340514524
2009,NEA,60 a 69,Mujer,270,22.5,91170.49198,445690.5758,4064.753633,0.009120125,0.044584092,3534888.1766999997,38.772283662519285,872.3763824066839
2009,NEA,60 a 69,Varón,319,26.583333333333332,85071.85545,408249.9566,6843.728265,0.016763574,0.080446444,2985441.5738,35.09317573959179,932.8935884108151
2009,NEA,70 a 79,Mujer,415,34.583333333333336,81312.23623,385197.4791,8545.480834,0.022184675,0.10509464800000001,3089197.6009,37.991792430377735,1313.8828215505634
2009,NEA,70 a 79,Varón,367,30.583333333333332,68546.20957,310455.6718,12910.15042,0.041584521,0.188342295,2577191.6172,37.59787205400685,1149.8682536517094
2009,NEA,80+,Mujer,370,30.833333333333332,97889.69055,2704000.1218,82869.3959018,0.280921026,1.540407799,2704000.1218,27.622930531370443,851.7070247172553
2009,NEA,80+,Varón,181,15.083333333333334,96298.78607,2266735.9454,72560.4936879,0.409304074,1.873138098,2266735.9454,23.538572373615384,355.0401333020321
2009,NOA1,30 a 39,Mujer,8,0.8888888888888888,98257.61885,490368.2735,367.9282986,7.5031e-4,0.003744527,4983143.736,50.71508748453657,45.0800777640325
2009,NOA1,30 a 39,Varón,9,1,96997.57994,483240.915,698.7938737,0.001446057,0.00720424,4397739.3413,45.33865013972843,45.33865013972843
2009,NOA1,40 a 49,Mujer,23,2.5555555555555554,97340.83661,484832.09620000003,748.8347317,0.001544524,0.007692914,4492775.462499999,46.15509398692027,117.95190685546291
2009,NOA1,40 a 49,Varón,33,3.6666666666666665,95386.37498,474035.943,1158.372781,0.0024436390000000005,0.012144007,3914498.4263,41.03833935528808,150.47391096938964
2009,NOA1,50 a 59,Mujer,120,13.333333333333334,95441.65065,473055.1896,1661.225453,0.003511695,0.017405665999999997,4007943.3663,41.99365097946365,559.9153463928487
2009,NOA1,50 a 59,Varón,149,16.555555555555557,92417.20236,455020.9095,2826.040916,0.006210794,0.030579165,3440462.4833,37.227511712571605,616.3221383525744
2009,NOA1,60 a 69,Mujer,235,26.11111111111111,91170.49198,445690.5758,4064.753633,0.009120125,0.044584092,3534888.1766999997,38.772283662519285,1012.3874067435592
2009,NOA1,60 a 69,Varón,315,35,85071.85545,408249.9566,6843.728265,0.016763574,0.080446444,2985441.5738,35.09317573959179,1228.2611508857128
2009,NOA1,70 a 79,Mujer,291,32.333333333333336,81312.23623,385197.4791,8545.480834,0.022184675,0.10509464800000001,3089197.6009,37.991792430377735,1228.4012885822135
2009,NOA1,70 a 79,Varón,301,33.44444444444444,68546.20957,310455.6718,12910.15042,0.041584521,0.188342295,2577191.6172,37.59787205400685,1257.4399431395623
2009,NOA1,80+,Mujer,273,30.333333333333332,97889.69055,2704000.1218,82869.3959018,0.280921026,1.540407799,2704000.1218,27.622930531370443,837.8955594515701
2009,NOA1,80+,Varón,179,19.88888888888889,96298.78607,2266735.9454,72560.4936879,0.409304074,1.873138098,2266735.9454,23.538572373615384,468.156050541906
2009,NOA2,30 a 39,Mujer,3,0.5,98257.61885,490368.2735,367.9282986,7.5031e-4,0.003744527,4983143.736,50.71508748453657,25.357543742268284
2009,NOA2,30 a 39,Varón,2,0.3333333333333333,96997.57994,483240.915,698.7938737,0.001446057,0.00720424,4397739.3413,45.33865013972843,15.112883379909476
2009,NOA2,40 a 49,Mujer,6,1,97340.83661,484832.09620000003,748.8347317,0.001544524,0.007692914,4492775.462499999,46.15509398692027,46.15509398692027
2009,NOA2,40 a 49,Varón,13,2.1666666666666665,95386.37498,474035.943,1158.372781,0.0024436390000000005,0.012144007,3914498.4263,41.03833935528808,88.9164019364575
2009,NOA2,50 a 59,Mujer,42,7,95441.65065,473055.1896,1661.225453,0.003511695,0.017405665999999997,4007943.3663,41.99365097946365,293.95555685624555
2009,NOA2,50 a 59,Varón,50,8.333333333333334,92417.20236,455020.9095,2826.040916,0.006210794,0.030579165,3440462.4833,37.227511712571605,310.22926427143005
2009,NOA2,60 a 69,Mujer,53,8.833333333333334,91170.49198,445690.5758,4064.753633,0.009120125,0.044584092,3534888.1766999997,38.772283662519285,342.48850568558703
2009,NOA2,60 a 69,Varón,94,15.666666666666666,85071.85545,408249.9566,6843.728265,0.016763574,0.080446444,2985441.5738,35.09317573959179,549.7930865869381
2009,NOA2,70 a 79,Mujer,81,13.5,81312.23623,385197.4791,8545.480834,0.022184675,0.10509464800000001,3089197.6009,37.991792430377735,512.8891978100994
2009,NOA2,70 a 79,Varón,99,16.5,68546.20957,310455.6718,12910.15042,0.041584521,0.188342295,2577191.6172,37.59787205400685,620.364888891113
2009,NOA2,80+,Mujer,76,12.666666666666666,97889.69055,2704000.1218,82869.3959018,0.280921026,1.540407799,2704000.1218,27.622930531370443,349.89045339735895
2009,NOA2,80+,Varón,44,7.333333333333333,96298.78607,2266735.9454,72560.4936879,0.409304074,1.873138098,2266735.9454,23.538572373615384,172.6161974065128
2009,Patagonia Norte,30 a 39,Mujer,0,0,98257.61885,490368.2735,367.9282986,7.5031e-4,0.003744527,4983143.736,50.71508748453657,0
2009,Patagonia Norte,30 a 39,Varón,1,0.1111111111111111,96997.57994,483240.915,698.7938737,0.001446057,0.00720424,4397739.3413,45.33865013972843,5.037627793303159
2009,Patagonia Norte,40 a 49,Mujer,12,1.3333333333333333,97340.83661,484832.09620000003,748.8347317,0.001544524,0.007692914,4492775.462499999,46.15509398692027,61.54012531589369
2009,Patagonia Norte,40 a 49,Varón,13,1.4444444444444444,95386.37498,474035.943,1158.372781,0.0024436390000000005,0.012144007,3914498.4263,41.03833935528808,59.277601290971674
2009,Patagonia Norte,50 a 59,Mujer,37,4.111111111111111,95441.65065,473055.1896,1661.225453,0.003511695,0.017405665999999997,4007943.3663,41.99365097946365,172.640565137795
2009,Patagonia Norte,50 a 59,Varón,55,6.111111111111111,92417.20236,455020.9095,2826.040916,0.006210794,0.030579165,3440462.4833,37.227511712571605,227.50146046571535
2009,Patagonia Norte,60 a 69,Mujer,83,9.222222222222221,91170.49198,445690.5758,4064.753633,0.009120125,0.044584092,3534888.1766999997,38.772283662519285,357.56661599878896
2009,Patagonia Norte,60 a 69,Varón,123,13.666666666666666,85071.85545,408249.9566,6843.728265,0.016763574,0.080446444,2985441.5738,35.09317573959179,479.6067351077545
2009,Patagonia Norte,70 a 79,Mujer,121,13.444444444444445,81312.23623,385197.4791,8545.480834,0.022184675,0.10509464800000001,3089197.6009,37.991792430377735,510.7785426750784
2009,Patagonia Norte,70 a 79,Varón,157,17.444444444444443,68546.20957,310455.6718,12910.15042,0.041584521,0.188342295,2577191.6172,37.59787205400685,655.8739902754528
2009,Patagonia Norte,80+,Mujer,162,18,97889.69055,2704000.1218,82869.3959018,0.280921026,1.540407799,2704000.1218,27.622930531370443,497.212749564668
2009,Patagonia Norte,80+,Varón,106,11.777777777777779,96298.78607,2266735.9454,72560.4936879,0.409304074,1.873138098,2266735.9454,23.538572373615384,277.2320746225812
2009,Patagonia Sur,30 a 39,Mujer,2,0.2222222222222222,98257.61885,490368.2735,367.9282986,7.5031e-4,0.003744527,4983143.736,50.71508748453657,11.270019441008126
2009,Patagonia Sur,30 a 39,Varón,1,0.1111111111111111,96997.57994,483240.915,698.7938737,0.001446057,0.00720424,4397739.3413,45.33865013972843,5.037627793303159
2009,Patagonia Sur,40 a 49,Mujer,5,0.5555555555555556,97340.83661,484832.09620000003,748.8347317,0.001544524,0.007692914,4492775.462499999,46.15509398692027,25.641718881622374
2009,Patagonia Sur,40 a 49,Varón,6,0.6666666666666666,95386.37498,474035.943,1158.372781,0.0024436390000000005,0.012144007,3914498.4263,41.03833935528808,27.358892903525387
2009,Patagonia Sur,50 a 59,Mujer,15,1.6666666666666667,95441.65065,473055.1896,1661.225453,0.003511695,0.017405665999999997,4007943.3663,41.99365097946365,69.98941829910609
2009,Patagonia Sur,50 a 59,Varón,23,2.5555555555555554,92417.20236,455020.9095,2826.040916,0.006210794,0.030579165,3440462.4833,37.227511712571605,95.13697437657187
2009,Patagonia Sur,60 a 69,Mujer,24,2.6666666666666665,91170.49198,445690.5758,4064.753633,0.009120125,0.044584092,3534888.1766999997,38.772283662519285,103.39275643338476
2009,Patagonia Sur,60 a 69,Varón,55,6.111111111111111,85071.85545,408249.9566,6843.728265,0.016763574,0.080446444,2985441.5738,35.09317573959179,214.45829618639428
2009,Patagonia Sur,70 a 79,Mujer,49,5.444444444444445,81312.23623,385197.4791,8545.480834,0.022184675,0.10509464800000001,3089197.6009,37.991792430377735,206.84420323205657
2009,Patagonia Sur,70 a 79,Varón,81,9,68546.20957,310455.6718,12910.15042,0.041584521,0.188342295,2577191.6172,37.59787205400685,338.38084848606167
2009,Patagonia Sur,80+,Mujer,62,6.888888888888889,97889.69055,2704000.1218,82869.3959018,0.280921026,1.540407799,2704000.1218,27.622930531370443,190.29129921610752
2009,Patagonia Sur,80+,Varón,42,4.666666666666667,96298.78607,2266735.9454,72560.4936879,0.409304074,1.873138098,2266735.9454,23.538572373615384,109.8466710768718
2013,Centro,30 a 39,Mujer,52,3.466666666666667,98257.61885,490368.2735,367.9282986,7.5031e-4,0.003744527,4983143.736,50.71508748453657,175.81230327972676
2013,Centro,30 a 39,Varón,62,4.133333333333334,96997.57994,483240.915,698.7938737,0.001446057,0.00720424,4397739.3413,45.33865013972843,187.39975391087754
2013,Centro,40 a 49,Mujer,127,8.466666666666667,97340.83661,484832.09620000003,748.8347317,0.001544524,0.007692914,4492775.462499999,46.15509398692027,390.77979575592497
2013,Centro,40 a 49,Varón,233,15.533333333333333,95386.37498,474035.943,1158.372781,0.0024436390000000005,0.012144007,3914498.4263,41.03833935528808,637.4622046521415
2013,Centro,50 a 59,Mujer,460,30.666666666666668,95441.65065,473055.1896,1661.225453,0.003511695,0.017405665999999997,4007943.3663,41.99365097946365,1287.8052967035521
2013,Centro,50 a 59,Varón,766,51.06666666666667,92417.20236,455020.9095,2826.040916,0.006210794,0.030579165,3440462.4833,37.227511712571605,1901.0849314553234
2013,Centro,60 a 69,Mujer,1164,77.6,91170.49198,445690.5758,4064.753633,0.009120125,0.044584092,3534888.1766999997,38.772283662519285,3008.7292122114964
2013,Centro,60 a 69,Varón,1744,116.26666666666667,85071.85545,408249.9566,6843.728265,0.016763574,0.080446444,2985441.5738,35.09317573959179,4080.166565989872
2013,Centro,70 a 79,Mujer,1707,113.8,81312.23623,385197.4791,8545.480834,0.022184675,0.10509464800000001,3089197.6009,37.991792430377735,4323.465978576986
2013,Centro,70 a 79,Varón,2054,136.93333333333334,68546.20957,310455.6718,12910.15042,0.041584521,0.188342295,2577191.6172,37.59787205400685,5148.401946595338
2013,Centro,80+,Mujer,2622,174.8,97889.69055,2704000.1218,82869.3959018,0.280921026,1.540407799,2704000.1218,27.622930531370443,4828.488256883554
2013,Centro,80+,Varón,1767,117.8,96298.78607,2266735.9454,72560.4936879,0.409304074,1.873138098,2266735.9454,23.538572373615384,2772.843825611892
2013,Cuyo,30 a 39,Mujer,11,0.9166666666666666,98257.61885,490368.2735,367.9282986,7.5031e-4,0.003744527,4983143.736,50.71508748453657,46.48883019415852
2013,Cuyo,30 a 39,Varón,7,0.5833333333333334,96997.57994,483240.915,698.7938737,0.001446057,0.00720424,4397739.3413,45.33865013972843,26.447545914841584
2013,Cuyo,40 a 49,Mujer,25,2.0833333333333335,97340.83661,484832.09620000003,748.8347317,0.001544524,0.007692914,4492775.462499999,46.15509398692027,96.15644580608391
2013,Cuyo,40 a 49,Varón,43,3.5833333333333335,95386.37498,474035.943,1158.372781,0.0024436390000000005,0.012144007,3914498.4263,41.03833935528808,147.05404935644896
2013,Cuyo,50 a 59,Mujer,113,9.416666666666666,95441.65065,473055.1896,1661.225453,0.003511695,0.017405665999999997,4007943.3663,41.99365097946365,395.44021338994935
2013,Cuyo,50 a 59,Varón,188,15.666666666666666,92417.20236,455020.9095,2826.040916,0.006210794,0.030579165,3440462.4833,37.227511712571605,583.2310168302885
2013,Cuyo,60 a 69,Mujer,357,29.75,91170.49198,445690.5758,4064.753633,0.009120125,0.044584092,3534888.1766999997,38.772283662519285,1153.4754389599486
2013,Cuyo,60 a 69,Varón,454,37.833333333333336,85071.85545,408249.9566,6843.728265,0.016763574,0.080446444,2985441.5738,35.09317573959179,1327.6918154812229
2013,Cuyo,70 a 79,Mujer,449,37.416666666666664,81312.23623,385197.4791,8545.480834,0.022184675,0.10509464800000001,3089197.6009,37.991792430377735,1421.5262334366334
2013,Cuyo,70 a 79,Varón,509,42.416666666666664,68546.20957,310455.6718,12910.15042,0.041584521,0.188342295,2577191.6172,37.59787205400685,1594.7764062907904
2013,Cuyo,80+,Mujer,492,41,97889.69055,2704000.1218,82869.3959018,0.280921026,1.540407799,2704000.1218,27.622930531370443,1132.540151786188
2013,Cuyo,80+,Varón,354,29.5,96298.78607,2266735.9454,72560.4936879,0.409304074,1.873138098,2266735.9454,23.538572373615384,694.3878850216538
2013,NEA,30 a 39,Mujer,13,1.0833333333333333,98257.61885,490368.2735,367.9282986,7.5031e-4,0.003744527,4983143.736,50.71508748453657,54.94134477491461
2013,NEA,30 a 39,Varón,11,0.9166666666666666,96997.57994,483240.915,698.7938737,0.001446057,0.00720424,4397739.3413,45.33865013972843,41.56042929475106
2013,NEA,40 a 49,Mujer,60,5,97340.83661,484832.09620000003,748.8347317,0.001544524,0.007692914,4492775.462499999,46.15509398692027,230.77546993460135
2013,NEA,40 a 49,Varón,65,5.416666666666667,95386.37498,474035.943,1158.372781,0.0024436390000000005,0.012144007,3914498.4263,41.03833935528808,222.29100484114377
2013,NEA,50 a 59,Mujer,165,13.75,95441.65065,473055.1896,1661.225453,0.003511695,0.017405665999999997,4007943.3663,41.99365097946365,577.4127009676253
2013,NEA,50 a 59,Varón,210,17.5,92417.20236,455020.9095,2826.040916,0.006210794,0.030579165,3440462.4833,37.227511712571605,651.4814549700031
2013,NEA,60 a 69,Mujer,344,28.666666666666668,91170.49198,445690.5758,4064.753633,0.009120125,0.044584092,3534888.1766999997,38.772283662519285,1111.4721316588862
2013,NEA,60 a 69,Varón,418,34.833333333333336,85071.85545,408249.9566,6843.728265,0.016763574,0.080446444,2985441.5738,35.09317573959179,1222.4122882624474
2013,NEA,70 a 79,Mujer,463,38.583333333333336,81312.23623,385197.4791,8545.480834,0.022184675,0.10509464800000001,3089197.6009,37.991792430377735,1465.8499912720745
2013,NEA,70 a 79,Varón,436,36.333333333333336,68546.20957,310455.6718,12910.15042,0.041584521,0.188342295,2577191.6172,37.59787205400685,1366.056017962249
2013,NEA,80+,Mujer,404,33.666666666666664,97889.69055,2704000.1218,82869.3959018,0.280921026,1.540407799,2704000.1218,27.622930531370443,929.9719945561382
2013,NEA,80+,Varón,268,22.333333333333332,96298.78607,2266735.9454,72560.4936879,0.409304074,1.873138098,2266735.9454,23.538572373615384,525.6947830107435
2013,NOA1,30 a 39,Mujer,14,1.5555555555555556,98257.61885,490368.2735,367.9282986,7.5031e-4,0.003744527,4983143.736,50.71508748453657,78.89013608705689
2013,NOA1,30 a 39,Varón,13,1.4444444444444444,96997.57994,483240.915,698.7938737,0.001446057,0.00720424,4397739.3413,45.33865013972843,65.48916131294106
2013,NOA1,40 a 49,Mujer,31,3.4444444444444446,97340.83661,484832.09620000003,748.8347317,0.001544524,0.007692914,4492775.462499999,46.15509398692027,158.97865706605873
2013,NOA1,40 a 49,Varón,45,5,95386.37498,474035.943,1158.372781,0.0024436390000000005,0.012144007,3914498.4263,41.03833935528808,205.1916967764404
2013,NOA1,50 a 59,Mujer,113,12.555555555555555,95441.65065,473055.1896,1661.225453,0.003511695,0.017405665999999997,4007943.3663,41.99365097946365,527.2536178532658
2013,NOA1,50 a 59,Varón,178,19.77777777777778,92417.20236,455020.9095,2826.040916,0.006210794,0.030579165,3440462.4833,37.227511712571605,736.2774538708607
2013,NOA1,60 a 69,Mujer,270,30,91170.49198,445690.5758,4064.753633,0.009120125,0.044584092,3534888.1766999997,38.772283662519285,1163.1685098755786
2013,NOA1,60 a 69,Varón,295,32.77777777777778,85071.85545,408249.9566,6843.728265,0.016763574,0.080446444,2985441.5738,35.09317573959179,1150.2763159088422
2013,NOA1,70 a 79,Mujer,315,35,81312.23623,385197.4791,8545.480834,0.022184675,0.10509464800000001,3089197.6009,37.991792430377735,1329.7127350632206
2013,NOA1,70 a 79,Varón,340,37.77777777777778,68546.20957,310455.6718,12910.15042,0.041584521,0.188342295,2577191.6172,37.59787205400685,1420.364055373592
2013,NOA1,80+,Mujer,340,37.77777777777778,97889.69055,2704000.1218,82869.3959018,0.280921026,1.540407799,2704000.1218,27.622930531370443,1043.5329311851056
2013,NOA1,80+,Varón,244,27.11111111111111,96298.78607,2266735.9454,72560.4936879,0.409304074,1.873138098,2266735.9454,23.538572373615384,638.156851018017
2013,NOA2,30 a 39,Mujer,1,0.16666666666666666,98257.61885,490368.2735,367.9282986,7.5031e-4,0.003744527,4983143.736,50.71508748453657,8.452514580756095
2013,NOA2,30 a 39,Varón,2,0.3333333333333333,96997.57994,483240.915,698.7938737,0.001446057,0.00720424,4397739.3413,45.33865013972843,15.112883379909476
2013,NOA2,40 a 49,Mujer,10,1.6666666666666667,97340.83661,484832.09620000003,748.8347317,0.001544524,0.007692914,4492775.462499999,46.15509398692027,76.92515664486712
2013,NOA2,40 a 49,Varón,17,2.8333333333333335,95386.37498,474035.943,1158.372781,0.0024436390000000005,0.012144007,3914498.4263,41.03833935528808,116.2752948399829
2013,NOA2,50 a 59,Mujer,27,4.5,95441.65065,473055.1896,1661.225453,0.003511695,0.017405665999999997,4007943.3663,41.99365097946365,188.97142940758644
2013,NOA2,50 a 59,Varón,43,7.166666666666667,92417.20236,455020.9095,2826.040916,0.006210794,0.030579165,3440462.4833,37.227511712571605,266.79716727342986
2013,NOA2,60 a 69,Mujer,57,9.5,91170.49198,445690.5758,4064.753633,0.009120125,0.044584092,3534888.1766999997,38.772283662519285,368.3366947939332
2013,NOA2,60 a 69,Varón,75,12.5,85071.85545,408249.9566,6843.728265,0.016763574,0.080446444,2985441.5738,35.09317573959179,438.6646967448974
2013,NOA2,70 a 79,Mujer,75,12.5,81312.23623,385197.4791,8545.480834,0.022184675,0.10509464800000001,3089197.6009,37.991792430377735,474.8974053797217
2013,NOA2,70 a 79,Varón,77,12.833333333333334,68546.20957,310455.6718,12910.15042,0.041584521,0.188342295,2577191.6172,37.59787205400685,482.5060246930879
2013,NOA2,80+,Mujer,67,11.166666666666666,97889.69055,2704000.1218,82869.3959018,0.280921026,1.540407799,2704000.1218,27.622930531370443,308.45605760030327
2013,NOA2,80+,Varón,35,5.833333333333333,96298.78607,2266735.9454,72560.4936879,0.409304074,1.873138098,2266735.9454,23.538572373615384,137.30833884608973
2013,Patagonia Norte,30 a 39,Mujer,3,0.3333333333333333,98257.61885,490368.2735,367.9282986,7.5031e-4,0.003744527,4983143.736,50.71508748453657,16.90502916151219
2013,Patagonia Norte,30 a 39,Varón,1,0.1111111111111111,96997.57994,483240.915,698.7938737,0.001446057,0.00720424,4397739.3413,45.33865013972843,5.037627793303159
2013,Patagonia Norte,40 a 49,Mujer,12,1.3333333333333333,97340.83661,484832.09620000003,748.8347317,0.001544524,0.007692914,4492775.462499999,46.15509398692027,61.54012531589369
2013,Patagonia Norte,40 a 49,Varón,19,2.111111111111111,95386.37498,474035.943,1158.372781,0.0024436390000000005,0.012144007,3914498.4263,41.03833935528808,86.63649419449706
2013,Patagonia Norte,50 a 59,Mujer,32,3.5555555555555554,95441.65065,473055.1896,1661.225453,0.003511695,0.017405665999999997,4007943.3663,41.99365097946365,149.31075903809298
2013,Patagonia Norte,50 a 59,Varón,66,7.333333333333333,92417.20236,455020.9095,2826.040916,0.006210794,0.030579165,3440462.4833,37.227511712571605,273.0017525588584
2013,Patagonia Norte,60 a 69,Mujer,78,8.666666666666666,91170.49198,445690.5758,4064.753633,0.009120125,0.044584092,3534888.1766999997,38.772283662519285,336.02645840850045
2013,Patagonia Norte,60 a 69,Varón,134,14.88888888888889,85071.85545,408249.9566,6843.728265,0.016763574,0.080446444,2985441.5738,35.09317573959179,522.4983943450334
2013,Patagonia Norte,70 a 79,Mujer,122,13.555555555555555,81312.23623,385197.4791,8545.480834,0.022184675,0.10509464800000001,3089197.6009,37.991792430377735,514.9998529451204
2013,Patagonia Norte,70 a 79,Varón,176,19.555555555555557,68546.20957,310455.6718,12910.15042,0.041584521,0.188342295,2577191.6172,37.59787205400685,735.2472757228006
2013,Patagonia Norte,80+,Mujer,177,19.666666666666668,97889.69055,2704000.1218,82869.3959018,0.280921026,1.540407799,2704000.1218,27.622930531370443,543.2509671169521
2013,Patagonia Norte,80+,Varón,146,16.22222222222222,96298.78607,2266735.9454,72560.4936879,0.409304074,1.873138098,2266735.9454,23.538572373615384,381.8479518386495
2013,Patagonia Sur,30 a 39,Mujer,2,0.2222222222222222,98257.61885,490368.2735,367.9282986,7.5031e-4,0.003744527,4983143.736,50.71508748453657,11.270019441008126
2013,Patagonia Sur,30 a 39,Varón,5,0.5555555555555556,96997.57994,483240.915,698.7938737,0.001446057,0.00720424,4397739.3413,45.33865013972843,25.188138966515794
2013,Patagonia Sur,40 a 49,Mujer,4,0.4444444444444444,97340.83661,484832.09620000003,748.8347317,0.001544524,0.007692914,4492775.462499999,46.15509398692027,20.513375105297897
2013,Patagonia Sur,40 a 49,Varón,9,1,95386.37498,474035.943,1158.372781,0.0024436390000000005,0.012144007,3914498.4263,41.03833935528808,41.03833935528808
2013,Patagonia Sur,50 a 59,Mujer,17,1.8888888888888888,95441.65065,473055.1896,1661.225453,0.003511695,0.017405665999999997,4007943.3663,41.99365097946365,79.32134073898689
2013,Patagonia Sur,50 a 59,Varón,40,4.444444444444445,92417.20236,455020.9095,2826.040916,0.006210794,0.030579165,3440462.4833,37.227511712571605,165.45560761142937
2013,Patagonia Sur,60 a 69,Mujer,45,5,91170.49198,445690.5758,4064.753633,0.009120125,0.044584092,3534888.1766999997,38.772283662519285,193.8614183125964
2013,Patagonia Sur,60 a 69,Varón,61,6.777777777777778,85071.85545,408249.9566,6843.728265,0.016763574,0.080446444,2985441.5738,35.09317573959179,237.85374667945547
2013,Patagonia Sur,70 a 79,Mujer,74,8.222222222222221,81312.23623,385197.4791,8545.480834,0.022184675,0.10509464800000001,3089197.6009,37.991792430377735,312.3769599831058
2013,Patagonia Sur,70 a 79,Varón,81,9,68546.20957,310455.6718,12910.15042,0.041584521,0.188342295,2577191.6172,37.59787205400685,338.38084848606167
2013,Patagonia Sur,80+,Mujer,86,9.555555555555555,97889.69055,2704000.1218,82869.3959018,0.280921026,1.540407799,2704000.1218,27.622930531370443,263.952447299762
2013,Patagonia Sur,80+,Varón,58,6.444444444444445,96298.78607,2266735.9454,72560.4936879,0.409304074,1.873138098,2266735.9454,23.538572373615384,151.69302196329915
2018,Centro,30 a 39,Mujer,52,3.466666666666667,98257.61885,490368.2735,367.9282986,7.5031e-4,0.003744527,4983143.736,50.71508748453657,175.81230327972676
2018,Centro,30 a 39,Varón,74,4.933333333333334,96997.57994,483240.915,698.7938737,0.001446057,0.00720424,4397739.3413,45.33865013972843,223.67067402266025
2018,Centro,40 a 49,Mujer,199,13.266666666666667,97340.83661,484832.09620000003,748.8347317,0.001544524,0.007692914,4492775.462499999,46.15509398692027,612.3242468931423
2018,Centro,40 a 49,Varón,239,15.933333333333334,95386.37498,474035.943,1158.372781,0.0024436390000000005,0.012144007,3914498.4263,41.03833935528808,653.8775403942568
2018,Centro,50 a 59,Mujer,489,32.6,95441.65065,473055.1896,1661.225453,0.003511695,0.017405665999999997,4007943.3663,41.99365097946365,1368.9930219305152
2018,Centro,50 a 59,Varón,834,55.6,92417.20236,455020.9095,2826.040916,0.006210794,0.030579165,3440462.4833,37.227511712571605,2069.8496512189813
2018,Centro,60 a 69,Mujer,1110,74,91170.49198,445690.5758,4064.753633,0.009120125,0.044584092,3534888.1766999997,38.772283662519285,2869.148991026427
2018,Centro,60 a 69,Varón,2006,133.73333333333332,85071.85545,408249.9566,6843.728265,0.016763574,0.080446444,2985441.5738,35.09317573959179,4693.127368908075
2018,Centro,70 a 79,Mujer,1799,119.93333333333334,81312.23623,385197.4791,8545.480834,0.022184675,0.10509464800000001,3089197.6009,37.991792430377735,4556.482305483303
2018,Centro,70 a 79,Varón,2501,166.73333333333332,68546.20957,310455.6718,12910.15042,0.041584521,0.188342295,2577191.6172,37.59787205400685,6268.8185338047415
2018,Centro,80+,Mujer,2785,185.66666666666666,97889.69055,2704000.1218,82869.3959018,0.280921026,1.540407799,2704000.1218,27.622930531370443,5128.657435324445
2018,Centro,80+,Varón,1940,129.33333333333334,96298.78607,2266735.9454,72560.4936879,0.409304074,1.873138098,2266735.9454,23.538572373615384,3044.32202698759
2018,Cuyo,30 a 39,Mujer,6,0.5,98257.61885,490368.2735,367.9282986,7.5031e-4,0.003744527,4983143.736,50.71508748453657,25.357543742268284
2018,Cuyo,30 a 39,Varón,13,1.0833333333333333,96997.57994,483240.915,698.7938737,0.001446057,0.00720424,4397739.3413,45.33865013972843,49.1168709847058
2018,Cuyo,40 a 49,Mujer,26,2.1666666666666665,97340.83661,484832.09620000003,748.8347317,0.001544524,0.007692914,4492775.462499999,46.15509398692027,100.00270363832725
2018,Cuyo,40 a 49,Varón,50,4.166666666666667,95386.37498,474035.943,1158.372781,0.0024436390000000005,0.012144007,3914498.4263,41.03833935528808,170.99308064703368
2018,Cuyo,50 a 59,Mujer,105,8.75,95441.65065,473055.1896,1661.225453,0.003511695,0.017405665999999997,4007943.3663,41.99365097946365,367.444446070307
2018,Cuyo,50 a 59,Varón,139,11.583333333333334,92417.20236,455020.9095,2826.040916,0.006210794,0.030579165,3440462.4833,37.227511712571605,431.2186773372878
2018,Cuyo,60 a 69,Mujer,266,22.166666666666668,91170.49198,445690.5758,4064.753633,0.009120125,0.044584092,3534888.1766999997,38.772283662519285,859.4522878525108
2018,Cuyo,60 a 69,Varón,372,31,85071.85545,408249.9566,6843.728265,0.016763574,0.080446444,2985441.5738,35.09317573959179,1087.8884479273456
2018,Cuyo,70 a 79,Mujer,439,36.583333333333336,81312.23623,385197.4791,8545.480834,0.022184675,0.10509464800000001,3089197.6009,37.991792430377735,1389.8664064113188
2018,Cuyo,70 a 79,Varón,511,42.583333333333336,68546.20957,310455.6718,12910.15042,0.041584521,0.188342295,2577191.6172,37.59787205400685,1601.0427182997917
2018,Cuyo,80+,Mujer,587,48.916666666666664,97889.69055,2704000.1218,82869.3959018,0.280921026,1.540407799,2704000.1218,27.622930531370443,1351.2216851595374
2018,Cuyo,80+,Varón,407,33.916666666666664,96298.78607,2266735.9454,72560.4936879,0.409304074,1.873138098,2266735.9454,23.538572373615384,798.3499130051217
2018,NEA,30 a 39,Mujer,28,2.3333333333333335,98257.61885,490368.2735,367.9282986,7.5031e-4,0.003744527,4983143.736,50.71508748453657,118.33520413058534
2018,NEA,30 a 39,Varón,29,2.4166666666666665,96997.57994,483240.915,698.7938737,0.001446057,0.00720424,4397739.3413,45.33865013972843,109.5684045043437
2018,NEA,40 a 49,Mujer,66,5.5,97340.83661,484832.09620000003,748.8347317,0.001544524,0.007692914,4492775.462499999,46.15509398692027,253.8530169280615
2018,NEA,40 a 49,Varón,95,7.916666666666667,95386.37498,474035.943,1158.372781,0.0024436390000000005,0.012144007,3914498.4263,41.03833935528808,324.88685322936396
2018,NEA,50 a 59,Mujer,209,17.416666666666668,95441.65065,473055.1896,1661.225453,0.003511695,0.017405665999999997,4007943.3663,41.99365097946365,731.3894212256587
2018,NEA,50 a 59,Varón,297,24.75,92417.20236,455020.9095,2826.040916,0.006210794,0.030579165,3440462.4833,37.227511712571605,921.3809148861473
2018,NEA,60 a 69,Mujer,431,35.916666666666664,91170.49198,445690.5758,4064.753633,0.009120125,0.044584092,3534888.1766999997,38.772283662519285,1392.571188212151
2018,NEA,60 a 69,Varón,608,50.666666666666664,85071.85545,408249.9566,6843.728265,0.016763574,0.080446444,2985441.5738,35.09317573959179,1778.0542374726508
2018,NEA,70 a 79,Mujer,500,41.666666666666664,81312.23623,385197.4791,8545.480834,0.022184675,0.10509464800000001,3089197.6009,37.991792430377735,1582.9913512657388
2018,NEA,70 a 79,Varón,524,43.666666666666664,68546.20957,310455.6718,12910.15042,0.041584521,0.188342295,2577191.6172,37.59787205400685,1641.773746358299
2018,NEA,80+,Mujer,480,40,97889.69055,2704000.1218,82869.3959018,0.280921026,1.540407799,2704000.1218,27.622930531370443,1104.9172212548178
2018,NEA,80+,Varón,283,23.583333333333332,96298.78607,2266735.9454,72560.4936879,0.409304074,1.873138098,2266735.9454,23.538572373615384,555.1179984777627
2018,NOA1,30 a 39,Mujer,7,0.7777777777777778,98257.61885,490368.2735,367.9282986,7.5031e-4,0.003744527,4983143.736,50.71508748453657,39.445068043528444
2018,NOA1,30 a 39,Varón,19,2.111111111111111,96997.57994,483240.915,698.7938737,0.001446057,0.00720424,4397739.3413,45.33865013972843,95.71492807276002
2018,NOA1,40 a 49,Mujer,35,3.888888888888889,97340.83661,484832.09620000003,748.8347317,0.001544524,0.007692914,4492775.462499999,46.15509398692027,179.4920321713566
2018,NOA1,40 a 49,Varón,48,5.333333333333333,95386.37498,474035.943,1158.372781,0.0024436390000000005,0.012144007,3914498.4263,41.03833935528808,218.8711432282031
2018,NOA1,50 a 59,Mujer,117,13,95441.65065,473055.1896,1661.225453,0.003511695,0.017405665999999997,4007943.3663,41.99365097946365,545.9174627330275
2018,NOA1,50 a 59,Varón,158,17.555555555555557,92417.20236,455020.9095,2826.040916,0.006210794,0.030579165,3440462.4833,37.227511712571605,653.549650065146
2018,NOA1,60 a 69,Mujer,272,30.22222222222222,91170.49198,445690.5758,4064.753633,0.009120125,0.044584092,3534888.1766999997,38.772283662519285,1171.7845729116939
2018,NOA1,60 a 69,Varón,338,37.55555555555556,85071.85545,408249.9566,6843.728265,0.016763574,0.080446444,2985441.5738,35.09317573959179,1317.943711109114
2018,NOA1,70 a 79,Mujer,276,30.666666666666668,81312.23623,385197.4791,8545.480834,0.022184675,0.10509464800000001,3089197.6009,37.991792430377735,1165.0816345315839
2018,NOA1,70 a 79,Varón,345,38.333333333333336,68546.20957,310455.6718,12910.15042,0.041584521,0.188342295,2577191.6172,37.59787205400685,1441.2517620702627
2018,NOA1,80+,Mujer,290,32.22222222222222,97889.69055,2704000.1218,82869.3959018,0.280921026,1.540407799,2704000.1218,27.622930531370443,890.0722060108253
2018,NOA1,80+,Varón,212,23.555555555555557,96298.78607,2266735.9454,72560.4936879,0.409304074,1.873138098,2266735.9454,23.538572373615384,554.4641492451624
2018,NOA2,30 a 39,Mujer,8,1.3333333333333333,98257.61885,490368.2735,367.9282986,7.5031e-4,0.003744527,4983143.736,50.71508748453657,67.62011664604876
2018,NOA2,30 a 39,Varón,4,0.6666666666666666,96997.57994,483240.915,698.7938737,0.001446057,0.00720424,4397739.3413,45.33865013972843,30.225766759818953
2018,NOA2,40 a 49,Mujer,12,2,97340.83661,484832.09620000003,748.8347317,0.001544524,0.007692914,4492775.462499999,46.15509398692027,92.31018797384054
2018,NOA2,40 a 49,Varón,24,4,95386.37498,474035.943,1158.372781,0.0024436390000000005,0.012144007,3914498.4263,41.03833935528808,164.15335742115232
2018,NOA2,50 a 59,Mujer,39,6.5,95441.65065,473055.1896,1661.225453,0.003511695,0.017405665999999997,4007943.3663,41.99365097946365,272.95873136651375
2018,NOA2,50 a 59,Varón,69,11.5,92417.20236,455020.9095,2826.040916,0.006210794,0.030579165,3440462.4833,37.227511712571605,428.11638469457347
2018,NOA2,60 a 69,Mujer,74,12.333333333333334,91170.49198,445690.5758,4064.753633,0.009120125,0.044584092,3534888.1766999997,38.772283662519285,478.19149850440454
2018,NOA2,60 a 69,Varón,126,21,85071.85545,408249.9566,6843.728265,0.016763574,0.080446444,2985441.5738,35.09317573959179,736.9566905314276
2018,NOA2,70 a 79,Mujer,118,19.666666666666668,81312.23623,385197.4791,8545.480834,0.022184675,0.10509464800000001,3089197.6009,37.991792430377735,747.1719177974288
2018,NOA2,70 a 79,Varón,113,18.833333333333332,68546.20957,310455.6718,12910.15042,0.041584521,0.188342295,2577191.6172,37.59787205400685,708.093257017129
2018,NOA2,80+,Mujer,76,12.666666666666666,97889.69055,2704000.1218,82869.3959018,0.280921026,1.540407799,2704000.1218,27.622930531370443,349.89045339735895
2018,NOA2,80+,Varón,64,10.666666666666666,96298.78607,2266735.9454,72560.4936879,0.409304074,1.873138098,2266735.9454,23.538572373615384,251.0781053185641
2018,Patagonia Norte,30 a 39,Mujer,1,0.1111111111111111,98257.61885,490368.2735,367.9282986,7.5031e-4,0.003744527,4983143.736,50.71508748453657,5.635009720504063
2018,Patagonia Norte,30 a 39,Varón,6,0.6666666666666666,96997.57994,483240.915,698.7938737,0.001446057,0.00720424,4397739.3413,45.33865013972843,30.225766759818953
2018,Patagonia Norte,40 a 49,Mujer,15,1.6666666666666667,97340.83661,484832.09620000003,748.8347317,0.001544524,0.007692914,4492775.462499999,46.15509398692027,76.92515664486712
2018,Patagonia Norte,40 a 49,Varón,13,1.4444444444444444,95386.37498,474035.943,1158.372781,0.0024436390000000005,0.012144007,3914498.4263,41.03833935528808,59.277601290971674
2018,Patagonia Norte,50 a 59,Mujer,36,4,95441.65065,473055.1896,1661.225453,0.003511695,0.017405665999999997,4007943.3663,41.99365097946365,167.9746039178546
2018,Patagonia Norte,50 a 59,Varón,72,8,92417.20236,455020.9095,2826.040916,0.006210794,0.030579165,3440462.4833,37.227511712571605,297.82009370057284
2018,Patagonia Norte,60 a 69,Mujer,103,11.444444444444445,91170.49198,445690.5758,4064.753633,0.009120125,0.044584092,3534888.1766999997,38.772283662519285,443.72724635994297
2018,Patagonia Norte,60 a 69,Varón,155,17.22222222222222,85071.85545,408249.9566,6843.728265,0.016763574,0.080446444,2985441.5738,35.09317573959179,604.3824710707476
2018,Patagonia Norte,70 a 79,Mujer,167,18.555555555555557,81312.23623,385197.4791,8545.480834,0.022184675,0.10509464800000001,3089197.6009,37.991792430377735,704.9588150970092
2018,Patagonia Norte,70 a 79,Varón,246,27.333333333333332,68546.20957,310455.6718,12910.15042,0.041584521,0.188342295,2577191.6172,37.59787205400685,1027.6751694761872
2018,Patagonia Norte,80+,Mujer,241,26.77777777777778,97889.69055,2704000.1218,82869.3959018,0.280921026,1.540407799,2704000.1218,27.622930531370443,739.6806953400308
2018,Patagonia Norte,80+,Varón,181,20.11111111111111,96298.78607,2266735.9454,72560.4936879,0.409304074,1.873138098,2266735.9454,23.538572373615384,473.38684440270936
2018,Patagonia Sur,30 a 39,Mujer,0,0,98257.61885,490368.2735,367.9282986,7.5031e-4,0.003744527,4983143.736,50.71508748453657,0
2018,Patagonia Sur,30 a 39,Varón,2,0.2222222222222222,96997.57994,483240.915,698.7938737,0.001446057,0.00720424,4397739.3413,45.33865013972843,10.075255586606318
2018,Patagonia Sur,40 a 49,Mujer,15,1.6666666666666667,97340.83661,484832.09620000003,748.8347317,0.001544524,0.007692914,4492775.462499999,46.15509398692027,76.92515664486712
2018,Patagonia Sur,40 a 49,Varón,14,1.5555555555555556,95386.37498,474035.943,1158.372781,0.0024436390000000005,0.012144007,3914498.4263,41.03833935528808,63.83741677489257
2018,Patagonia Sur,50 a 59,Mujer,17,1.8888888888888888,95441.65065,473055.1896,1661.225453,0.003511695,0.017405665999999997,4007943.3663,41.99365097946365,79.32134073898689
2018,Patagonia Sur,50 a 59,Varón,53,5.888888888888889,92417.20236,455020.9095,2826.040916,0.006210794,0.030579165,3440462.4833,37.227511712571605,219.2286800851439
2018,Patagonia Sur,60 a 69,Mujer,50,5.555555555555555,91170.49198,445690.5758,4064.753633,0.009120125,0.044584092,3534888.1766999997,38.772283662519285,215.4015759028849
2018,Patagonia Sur,60 a 69,Varón,98,10.88888888888889,85071.85545,408249.9566,6843.728265,0.016763574,0.080446444,2985441.5738,35.09317573959179,382.1256913866662
2018,Patagonia Sur,70 a 79,Mujer,88,9.777777777777779,81312.23623,385197.4791,8545.480834,0.022184675,0.10509464800000001,3089197.6009,37.991792430377735,371.47530376369343
2018,Patagonia Sur,70 a 79,Varón,93,10.333333333333334,68546.20957,310455.6718,12910.15042,0.041584521,0.188342295,2577191.6172,37.59787205400685,388.5113445580708
2018,Patagonia Sur,80+,Mujer,103,11.444444444444445,97889.69055,2704000.1218,82869.3959018,0.280921026,1.540407799,2704000.1218,27.622930531370443,316.1290938590173
2018,Patagonia Sur,80+,Varón,80,8.88888888888889,96298.78607,2266735.9454,72560.4936879,0.409304074,1.873138098,2266735.9454,23.538572373615384,209.23175443213677
