anio,region_deis,sexo,grupo_edad10,pob_proy,proy_pob,pob_est_2010
2001,Centro,Mujer,30 a 39,1609002,NA,2948351
2001,Centro,Mujer,40 a 49,1486496,NA,2333346
2001,Centro,Mujer,50 a 59,1266740,NA,2043266
2001,Centro,Mujer,60 a 69,1026085,NA,1572788
2001,Centro,Mujer,70 a 79,813308,NA,1067525
2001,Centro,Mujer,80+,369432,NA,671649
2001,Centro,Varón,30 a 39,1602939,NA,2875168
2001,Centro,Varón,40 a 49,1387855,NA,2226600
2001,Centro,Varón,50 a 59,1150773,NA,1896227
2001,Centro,Varón,60 a 69,843058,NA,1360347
2001,Centro,Varón,70 a 79,543515,NA,769536
2001,Centro,Varón,80+,173901,NA,329851
2001,Cuyo,Mujer,30 a 39,182538,NA,2948351
2001,Cuyo,Mujer,40 a 49,166231,NA,2333346
2001,Cuyo,Mujer,50 a 59,134777,NA,2043266
2001,Cuyo,Mujer,60 a 69,97877,NA,1572788
2001,Cuyo,Mujer,70 a 79,68247,NA,1067525
2001,Cuyo,Mujer,80+,26820,NA,671649
2001,Cuyo,Varón,30 a 39,178667,NA,2875168
2001,Cuyo,Varón,40 a 49,155294,NA,2226600
2001,Cuyo,Varón,50 a 59,125471,NA,1896227
2001,Cuyo,Varón,60 a 69,85304,NA,1360347
2001,Cuyo,Varón,70 a 79,51883,NA,769536
2001,Cuyo,Varón,80+,15617,NA,329851
2001,NEA,Mujer,30 a 39,205848,NA,2948351
2001,NEA,Mujer,40 a 49,174588,NA,2333346
2001,NEA,Mujer,50 a 59,116966,NA,2043266
2001,NEA,Mujer,60 a 69,86595,NA,1572788
2001,NEA,Mujer,70 a 79,51947,NA,1067525
2001,NEA,Mujer,80+,20414,NA,671649
2001,NEA,Varón,30 a 39,203912,NA,2875168
2001,NEA,Varón,40 a 49,176493,NA,2226600
2001,NEA,Varón,50 a 59,121095,NA,1896227
2001,NEA,Varón,60 a 69,80361,NA,1360347
2001,NEA,Varón,70 a 79,43152,NA,769536
2001,NEA,Varón,80+,13791,NA,329851
2001,NOA1,Mujer,30 a 39,186692,NA,2948351
2001,NOA1,Mujer,40 a 49,164099,NA,2333346
2001,NOA1,Mujer,50 a 59,117728,NA,2043266
2001,NOA1,Mujer,60 a 69,83574,NA,1572788
2001,NOA1,Mujer,70 a 79,53378,NA,1067525
2001,NOA1,Mujer,80+,20176,NA,671649
2001,NOA1,Varón,30 a 39,183012,NA,2875168
2001,NOA1,Varón,40 a 49,155973,NA,2226600
2001,NOA1,Varón,50 a 59,113819,NA,1896227
2001,NOA1,Varón,60 a 69,75323,NA,1360347
2001,NOA1,Varón,70 a 79,43036,NA,769536
2001,NOA1,Varón,80+,12773,NA,329851
2001,NOA2,Mujer,30 a 39,65041,NA,2948351
2001,NOA2,Mujer,40 a 49,56360,NA,2333346
2001,NOA2,Mujer,50 a 59,41617,NA,2043266
2001,NOA2,Mujer,60 a 69,31562,NA,1572788
2001,NOA2,Mujer,70 a 79,21404,NA,1067525
2001,NOA2,Mujer,80+,9226,NA,671649
2001,NOA2,Varón,30 a 39,67380,NA,2875168
2001,NOA2,Varón,40 a 49,57607,NA,2226600
2001,NOA2,Varón,50 a 59,42987,NA,1896227
2001,NOA2,Varón,60 a 69,28740,NA,1360347
2001,NOA2,Varón,70 a 79,16623,NA,769536
2001,NOA2,Varón,80+,6110,NA,329851
2001,Patagonia Norte,Mujer,30 a 39,93924,NA,2948351
2001,Patagonia Norte,Mujer,40 a 49,80136,NA,2333346
2001,Patagonia Norte,Mujer,50 a 59,57529,NA,2043266
2001,Patagonia Norte,Mujer,60 a 69,39112,NA,1572788
2001,Patagonia Norte,Mujer,70 a 79,24870,NA,1067525
2001,Patagonia Norte,Mujer,80+,10708,NA,671649
2001,Patagonia Norte,Varón,30 a 39,93246,NA,2875168
2001,Patagonia Norte,Varón,40 a 49,80136,NA,2226600
2001,Patagonia Norte,Varón,50 a 59,59158,NA,1896227
2001,Patagonia Norte,Varón,60 a 69,37944,NA,1360347
2001,Patagonia Norte,Varón,70 a 79,20113,NA,769536
2001,Patagonia Norte,Varón,80+,6310,NA,329851
2001,Patagonia Sur,Mujer,30 a 39,52042,NA,2948351
2001,Patagonia Sur,Mujer,40 a 49,43151,NA,2333346
2001,Patagonia Sur,Mujer,50 a 59,27404,NA,2043266
2001,Patagonia Sur,Mujer,60 a 69,18116,NA,1572788
2001,Patagonia Sur,Mujer,70 a 79,10309,NA,1067525
2001,Patagonia Sur,Mujer,80+,3924,NA,671649
2001,Patagonia Sur,Varón,30 a 39,53959,NA,2875168
2001,Patagonia Sur,Varón,40 a 49,46066,NA,2226600
2001,Patagonia Sur,Varón,50 a 59,29513,NA,1896227
2001,Patagonia Sur,Varón,60 a 69,18147,NA,1360347
2001,Patagonia Sur,Varón,70 a 79,8857,NA,769536
2001,Patagonia Sur,Varón,80+,2337,NA,329851
2005,Centro,Mujer,30 a 39,1722668,NA,2948351
2005,Centro,Mujer,40 a 49,1512669,NA,2333346
2005,Centro,Mujer,50 a 59,1351604,NA,2043266
2005,Centro,Mujer,60 a 69,1056310,NA,1572788
2005,Centro,Mujer,70 a 79,835973,NA,1067525
2005,Centro,Mujer,80+,433569,NA,671649
2005,Centro,Varón,30 a 39,1724380,NA,2875168
2005,Centro,Varón,40 a 49,1430517,NA,2226600
2005,Centro,Varón,50 a 59,1214319,NA,1896227
2005,Centro,Varón,60 a 69,875942,NA,1360347
2005,Centro,Varón,70 a 79,555673,NA,769536
2005,Centro,Varón,80+,199563,NA,329851
2005,Cuyo,Mujer,30 a 39,200398,NA,2948351
2005,Cuyo,Mujer,40 a 49,171397,NA,2333346
2005,Cuyo,Mujer,50 a 59,149784,NA,2043266
2005,Cuyo,Mujer,60 a 69,106172,NA,1572788
2005,Cuyo,Mujer,70 a 79,73930,NA,1067525
2005,Cuyo,Mujer,80+,32433,NA,671649
2005,Cuyo,Varón,30 a 39,198259,NA,2875168
2005,Cuyo,Varón,40 a 49,161751,NA,2226600
2005,Cuyo,Varón,50 a 59,138956,NA,1896227
2005,Cuyo,Varón,60 a 69,93073,NA,1360347
2005,Cuyo,Varón,70 a 79,56249,NA,769536
2005,Cuyo,Varón,80+,19252,NA,329851
2005,NEA,Mujer,30 a 39,213078,NA,2948351
2005,NEA,Mujer,40 a 49,189266,NA,2333346
2005,NEA,Mujer,50 a 59,135724,NA,2043266
2005,NEA,Mujer,60 a 69,92279,NA,1572788
2005,NEA,Mujer,70 a 79,58784,NA,1067525
2005,NEA,Mujer,80+,22691,NA,671649
2005,NEA,Varón,30 a 39,209149,NA,2875168
2005,NEA,Varón,40 a 49,189232,NA,2226600
2005,NEA,Varón,50 a 59,141055,NA,1896227
2005,NEA,Varón,60 a 69,85841,NA,1360347
2005,NEA,Varón,70 a 79,47853,NA,769536
2005,NEA,Varón,80+,14694,NA,329851
2005,NOA1,Mujer,30 a 39,203325,NA,2948351
2005,NOA1,Mujer,40 a 49,171162,NA,2333346
2005,NOA1,Mujer,50 a 59,137652,NA,2043266
2005,NOA1,Mujer,60 a 69,88656,NA,1572788
2005,NOA1,Mujer,70 a 79,59764,NA,1067525
2005,NOA1,Mujer,80+,23488,NA,671649
2005,NOA1,Varón,30 a 39,201036,NA,2875168
2005,NOA1,Varón,40 a 49,163050,NA,2226600
2005,NOA1,Varón,50 a 59,131935,NA,1896227
2005,NOA1,Varón,60 a 69,80782,NA,1360347
2005,NOA1,Varón,70 a 79,47211,NA,769536
2005,NOA1,Varón,80+,14322,NA,329851
2005,NOA2,Mujer,30 a 39,73202,NA,2948351
2005,NOA2,Mujer,40 a 49,59789,NA,2333346
2005,NOA2,Mujer,50 a 59,47361,NA,2043266
2005,NOA2,Mujer,60 a 69,33230,NA,1572788
2005,NOA2,Mujer,70 a 79,22617,NA,1067525
2005,NOA2,Mujer,80+,9348,NA,671649
2005,NOA2,Varón,30 a 39,75861,NA,2875168
2005,NOA2,Varón,40 a 49,61196,NA,2226600
2005,NOA2,Varón,50 a 59,49611,NA,1896227
2005,NOA2,Varón,60 a 69,30903,NA,1360347
2005,NOA2,Varón,70 a 79,17962,NA,769536
2005,NOA2,Varón,80+,5953,NA,329851
2005,Patagonia Norte,Mujer,30 a 39,99028,NA,2948351
2005,Patagonia Norte,Mujer,40 a 49,86407,NA,2333346
2005,Patagonia Norte,Mujer,50 a 59,66298,NA,2043266
2005,Patagonia Norte,Mujer,60 a 69,44029,NA,1572788
2005,Patagonia Norte,Mujer,70 a 79,28294,NA,1067525
2005,Patagonia Norte,Mujer,80+,12622,NA,671649
2005,Patagonia Norte,Varón,30 a 39,98326,NA,2875168
2005,Patagonia Norte,Varón,40 a 49,85124,NA,2226600
2005,Patagonia Norte,Varón,50 a 59,66188,NA,1896227
2005,Patagonia Norte,Varón,60 a 69,42813,NA,1360347
2005,Patagonia Norte,Varón,70 a 79,22877,NA,769536
2005,Patagonia Norte,Varón,80+,7505,NA,329851
2005,Patagonia Sur,Mujer,30 a 39,56124,NA,2948351
2005,Patagonia Sur,Mujer,40 a 49,48058,NA,2333346
2005,Patagonia Sur,Mujer,50 a 59,33037,NA,2043266
2005,Patagonia Sur,Mujer,60 a 69,20447,NA,1572788
2005,Patagonia Sur,Mujer,70 a 79,12036,NA,1067525
2005,Patagonia Sur,Mujer,80+,4625,NA,671649
2005,Patagonia Sur,Varón,30 a 39,56835,NA,2875168
2005,Patagonia Sur,Varón,40 a 49,50695,NA,2226600
2005,Patagonia Sur,Varón,50 a 59,34473,NA,1896227
2005,Patagonia Sur,Varón,60 a 69,20123,NA,1360347
2005,Patagonia Sur,Varón,70 a 79,9905,NA,769536
2005,Patagonia Sur,Varón,80+,2743,NA,329851
2009,Centro,Mujer,30 a 39,NA,1882652,2948351
2009,Centro,Mujer,40 a 49,NA,1555688,2333346
2009,Centro,Mujer,50 a 59,NA,1379296,2043266
2009,Centro,Mujer,60 a 69,NA,1109201,1572788
2009,Centro,Mujer,70 a 79,NA,793218,1067525
2009,Centro,Mujer,80+,NA,483862,671649
2009,Centro,Varón,30 a 39,NA,1847682,2875168
2009,Centro,Varón,40 a 49,NA,1471919,2226600
2009,Centro,Varón,50 a 59,NA,1255292,1896227
2009,Centro,Varón,60 a 69,NA,929132,1360347
2009,Centro,Varón,70 a 79,NA,549685,769536
2009,Centro,Varón,80+,NA,225965,329851
2009,Cuyo,Mujer,30 a 39,NA,220996,2948351
2009,Cuyo,Mujer,40 a 49,NA,177459,2333346
2009,Cuyo,Mujer,50 a 59,NA,154519,2043266
2009,Cuyo,Mujer,60 a 69,NA,117752,1572788
2009,Cuyo,Mujer,70 a 79,NA,75560,1067525
2009,Cuyo,Mujer,80+,NA,38295,671649
2009,Cuyo,Varón,30 a 39,NA,216226,2875168
2009,Cuyo,Varón,40 a 49,NA,168238,2226600
2009,Cuyo,Varón,50 a 59,NA,142929,1896227
2009,Cuyo,Varón,60 a 69,NA,103119,1360347
2009,Cuyo,Varón,70 a 79,NA,57435,769536
2009,Cuyo,Varón,80+,NA,21676,329851
2009,NEA,Mujer,30 a 39,NA,241834,2948351
2009,NEA,Mujer,40 a 49,NA,195737,2333346
2009,NEA,Mujer,50 a 59,NA,151254,2043266
2009,NEA,Mujer,60 a 69,NA,102034,1572788
2009,NEA,Mujer,70 a 79,NA,63050,1067525
2009,NEA,Mujer,80+,NA,29025,671649
2009,NEA,Varón,30 a 39,NA,232123,2875168
2009,NEA,Varón,40 a 49,NA,190746,2226600
2009,NEA,Varón,50 a 59,NA,152472,1896227
2009,NEA,Varón,60 a 69,NA,97092,1360347
2009,NEA,Varón,70 a 79,NA,51426,769536
2009,NEA,Varón,80+,NA,18492,329851
2009,NOA1,Mujer,30 a 39,NA,230416,2948351
2009,NOA1,Mujer,40 a 49,NA,176217,2333346
2009,NOA1,Mujer,50 a 59,NA,145224,2043266
2009,NOA1,Mujer,60 a 69,NA,100622,1572788
2009,NOA1,Mujer,70 a 79,NA,61977,1067525
2009,NOA1,Mujer,80+,NA,29262,671649
2009,NOA1,Varón,30 a 39,NA,222549,2875168
2009,NOA1,Varón,40 a 49,NA,166817,2226600
2009,NOA1,Varón,50 a 59,NA,137057,1896227
2009,NOA1,Varón,60 a 69,NA,90976,1360347
2009,NOA1,Varón,70 a 79,NA,49279,769536
2009,NOA1,Varón,80+,NA,17793,329851
2009,NOA2,Mujer,30 a 39,NA,81864,2948351
2009,NOA2,Mujer,40 a 49,NA,61512,2333346
2009,NOA2,Mujer,50 a 59,NA,50510,2043266
2009,NOA2,Mujer,60 a 69,NA,36366,1572788
2009,NOA2,Mujer,70 a 79,NA,23708,1067525
2009,NOA2,Mujer,80+,NA,12558,671649
2009,NOA2,Varón,30 a 39,NA,81532,2875168
2009,NOA2,Varón,40 a 49,NA,62365,2226600
2009,NOA2,Varón,50 a 59,NA,51447,1896227
2009,NOA2,Varón,60 a 69,NA,34518,1360347
2009,NOA2,Varón,70 a 79,NA,18784,769536
2009,NOA2,Varón,80+,NA,7490,329851
2009,Patagonia Norte,Mujer,30 a 39,NA,111600,2948351
2009,Patagonia Norte,Mujer,40 a 49,NA,90732,2333346
2009,Patagonia Norte,Mujer,50 a 59,NA,71059,2043266
2009,Patagonia Norte,Mujer,60 a 69,NA,49206,1572788
2009,Patagonia Norte,Mujer,70 a 79,NA,29848,1067525
2009,Patagonia Norte,Mujer,80+,NA,15443,671649
2009,Patagonia Norte,Varón,30 a 39,NA,109688,2875168
2009,Patagonia Norte,Varón,40 a 49,NA,88369,2226600
2009,Patagonia Norte,Varón,50 a 59,NA,70661,1896227
2009,Patagonia Norte,Varón,60 a 69,NA,47231,1360347
2009,Patagonia Norte,Varón,70 a 79,NA,24458,769536
2009,Patagonia Norte,Varón,80+,NA,8897,329851
2009,Patagonia Sur,Mujer,30 a 39,NA,67104,2948351
2009,Patagonia Sur,Mujer,40 a 49,NA,51564,2333346
2009,Patagonia Sur,Mujer,50 a 59,NA,37091,2043266
2009,Patagonia Sur,Mujer,60 a 69,NA,23369,1572788
2009,Patagonia Sur,Mujer,70 a 79,NA,13214,1067525
2009,Patagonia Sur,Mujer,80+,NA,5966,671649
2009,Patagonia Sur,Varón,30 a 39,NA,69648,2875168
2009,Patagonia Sur,Varón,40 a 49,NA,53477,2226600
2009,Patagonia Sur,Varón,50 a 59,NA,39001,1896227
2009,Patagonia Sur,Varón,60 a 69,NA,22685,1360347
2009,Patagonia Sur,Varón,70 a 79,NA,10859,769536
2009,Patagonia Sur,Varón,80+,NA,3528,329851
2010,Centro,Mujer,30 a 39,1948282,NA,2948351
2010,Centro,Mujer,40 a 49,1566411,NA,2333346
2010,Centro,Mujer,50 a 59,1399911,NA,2043266
2010,Centro,Mujer,60 a 69,1123984,NA,1572788
2010,Centro,Mujer,70 a 79,791018,NA,1067525
2010,Centro,Mujer,80+,523444,NA,671649
2010,Centro,Varón,30 a 39,1903336,NA,2875168
2010,Centro,Varón,40 a 49,1485724,NA,2226600
2010,Centro,Varón,50 a 59,1274574,NA,1896227
2010,Centro,Varón,60 a 69,945671,NA,1360347
2010,Centro,Varón,70 a 79,550501,NA,769536
2010,Centro,Varón,80+,243545,NA,329851
2010,Cuyo,Mujer,30 a 39,231361,NA,2948351
2010,Cuyo,Mujer,40 a 49,179355,NA,2333346
2010,Cuyo,Mujer,50 a 59,158922,NA,2043266
2010,Cuyo,Mujer,60 a 69,122996,NA,1572788
2010,Cuyo,Mujer,70 a 79,76991,NA,1067525
2010,Cuyo,Mujer,80+,43401,NA,671649
2010,Cuyo,Varón,30 a 39,226336,NA,2875168
2010,Cuyo,Varón,40 a 49,170560,NA,2226600
2010,Cuyo,Varón,50 a 59,146732,NA,1896227
2010,Cuyo,Varón,60 a 69,107896,NA,1360347
2010,Cuyo,Varón,70 a 79,58521,NA,769536
2010,Cuyo,Varón,80+,24163,NA,329851
2010,NEA,Mujer,30 a 39,250588,NA,2948351
2010,NEA,Mujer,40 a 49,200078,NA,2333346
2010,NEA,Mujer,50 a 59,162661,NA,2043266
2010,NEA,Mujer,60 a 69,105828,NA,1572788
2010,NEA,Mujer,70 a 79,66067,NA,1067525
2010,NEA,Mujer,80+,32811,NA,671649
2010,NEA,Varón,30 a 39,238252,NA,2875168
2010,NEA,Varón,40 a 49,193278,NA,2226600
2010,NEA,Varón,50 a 59,162077,NA,1896227
2010,NEA,Varón,60 a 69,101571,NA,1360347
2010,NEA,Varón,70 a 79,53541,NA,769536
2010,NEA,Varón,80+,20236,NA,329851
2010,NOA1,Mujer,30 a 39,242970,NA,2948351
2010,NOA1,Mujer,40 a 49,178314,NA,2333346
2010,NOA1,Mujer,50 a 59,153105,NA,2043266
2010,NOA1,Mujer,60 a 69,105132,NA,1572788
2010,NOA1,Mujer,70 a 79,63984,NA,1067525
2010,NOA1,Mujer,80+,33486,NA,671649
2010,NOA1,Varón,30 a 39,233362,NA,2875168
2010,NOA1,Varón,40 a 49,168662,NA,2226600
2010,NOA1,Varón,50 a 59,143208,NA,1896227
2010,NOA1,Varón,60 a 69,95161,NA,1360347
2010,NOA1,Varón,70 a 79,50665,NA,769536
2010,NOA1,Varón,80+,19876,NA,329851
2010,NOA2,Mujer,30 a 39,87008,NA,2948351
2010,NOA2,Mujer,40 a 49,62465,NA,2333346
2010,NOA2,Mujer,50 a 59,52926,NA,2043266
2010,NOA2,Mujer,60 a 69,37457,NA,1572788
2010,NOA2,Mujer,70 a 79,24159,NA,1067525
2010,NOA2,Mujer,80+,13851,NA,671649
2010,NOA2,Varón,30 a 39,85339,NA,2875168
2010,NOA2,Varón,40 a 49,63216,NA,2226600
2010,NOA2,Varón,50 a 59,53641,NA,1896227
2010,NOA2,Varón,60 a 69,36034,NA,1360347
2010,NOA2,Varón,70 a 79,19241,NA,769536
2010,NOA2,Varón,80+,7877,NA,329851
2010,Patagonia Norte,Mujer,30 a 39,116071,NA,2948351
2010,Patagonia Norte,Mujer,40 a 49,92989,NA,2333346
2010,Patagonia Norte,Mujer,50 a 59,74954,NA,2043266
2010,Patagonia Norte,Mujer,60 a 69,52288,NA,1572788
2010,Patagonia Norte,Mujer,70 a 79,31151,NA,1067525
2010,Patagonia Norte,Mujer,80+,17610,NA,671649
2010,Patagonia Norte,Varón,30 a 39,113705,NA,2875168
2010,Patagonia Norte,Varón,40 a 49,89954,NA,2226600
2010,Patagonia Norte,Varón,50 a 59,73623,NA,1896227
2010,Patagonia Norte,Varón,60 a 69,49972,NA,1360347
2010,Patagonia Norte,Varón,70 a 79,25646,NA,769536
2010,Patagonia Norte,Varón,80+,10007,NA,329851
2010,Patagonia Sur,Mujer,30 a 39,72071,NA,2948351
2010,Patagonia Sur,Mujer,40 a 49,53734,NA,2333346
2010,Patagonia Sur,Mujer,50 a 59,40787,NA,2043266
2010,Patagonia Sur,Mujer,60 a 69,25103,NA,1572788
2010,Patagonia Sur,Mujer,70 a 79,14155,NA,1067525
2010,Patagonia Sur,Mujer,80+,7046,NA,671649
2010,Patagonia Sur,Varón,30 a 39,74838,NA,2875168
2010,Patagonia Sur,Varón,40 a 49,55206,NA,2226600
2010,Patagonia Sur,Varón,50 a 59,42372,NA,1896227
2010,Patagonia Sur,Varón,60 a 69,24042,NA,1360347
2010,Patagonia Sur,Varón,70 a 79,11421,NA,769536
2010,Patagonia Sur,Varón,80+,4147,NA,329851
2013,Centro,Mujer,30 a 39,2034559,NA,2948351
2013,Centro,Mujer,40 a 49,1635582,NA,2333346
2013,Centro,Mujer,50 a 59,1438612,NA,2043266
2013,Centro,Mujer,60 a 69,1193578,NA,1572788
2013,Centro,Mujer,70 a 79,817149,NA,1067525
2013,Centro,Mujer,80+,550404,NA,671649
2013,Centro,Varón,30 a 39,1997173,NA,2875168
2013,Centro,Varón,40 a 49,1559774,NA,2226600
2013,Centro,Varón,50 a 59,1313514,NA,1896227
2013,Centro,Varón,60 a 69,1003542,NA,1360347
2013,Centro,Varón,70 a 79,573207,NA,769536
2013,Centro,Varón,80+,257595,NA,329851
2013,Cuyo,Mujer,30 a 39,243878,NA,2948351
2013,Cuyo,Mujer,40 a 49,189911,NA,2333346
2013,Cuyo,Mujer,50 a 59,163333,NA,2043266
2013,Cuyo,Mujer,60 a 69,133729,NA,1572788
2013,Cuyo,Mujer,70 a 79,82767,NA,1067525
2013,Cuyo,Mujer,80+,47919,NA,671649
2013,Cuyo,Varón,30 a 39,240372,NA,2875168
2013,Cuyo,Varón,40 a 49,181792,NA,2226600
2013,Cuyo,Varón,50 a 59,150889,NA,1896227
2013,Cuyo,Varón,60 a 69,116940,NA,1360347
2013,Cuyo,Varón,70 a 79,63079,NA,769536
2013,Cuyo,Varón,80+,26705,NA,329851
2013,NEA,Mujer,30 a 39,264248,NA,2948351
2013,NEA,Mujer,40 a 49,207337,NA,2333346
2013,NEA,Mujer,50 a 59,174096,NA,2043266
2013,NEA,Mujer,60 a 69,117768,NA,1572788
2013,NEA,Mujer,70 a 79,70930,NA,1067525
2013,NEA,Mujer,80+,37366,NA,671649
2013,NEA,Varón,30 a 39,250616,NA,2875168
2013,NEA,Varón,40 a 49,197662,NA,2226600
2013,NEA,Varón,50 a 59,170630,NA,1896227
2013,NEA,Varón,60 a 69,113051,NA,1360347
2013,NEA,Varón,70 a 79,57419,NA,769536
2013,NEA,Varón,80+,22412,NA,329851
2013,NOA1,Mujer,30 a 39,259115,NA,2948351
2013,NOA1,Mujer,40 a 49,189928,NA,2333346
2013,NOA1,Mujer,50 a 59,159640,NA,2043266
2013,NOA1,Mujer,60 a 69,117533,NA,1572788
2013,NOA1,Mujer,70 a 79,68385,NA,1067525
2013,NOA1,Mujer,80+,37993,NA,671649
2013,NOA1,Varón,30 a 39,249395,NA,2875168
2013,NOA1,Varón,40 a 49,179950,NA,2226600
2013,NOA1,Varón,50 a 59,147675,NA,1896227
2013,NOA1,Varón,60 a 69,106118,NA,1360347
2013,NOA1,Varón,70 a 79,54265,NA,769536
2013,NOA1,Varón,80+,22268,NA,329851
2013,NOA2,Mujer,30 a 39,92450,NA,2948351
2013,NOA2,Mujer,40 a 49,67136,NA,2333346
2013,NOA2,Mujer,50 a 59,55140,NA,2043266
2013,NOA2,Mujer,60 a 69,41108,NA,1572788
2013,NOA2,Mujer,70 a 79,25613,NA,1067525
2013,NOA2,Mujer,80+,15177,NA,671649
2013,NOA2,Varón,30 a 39,89483,NA,2875168
2013,NOA2,Varón,40 a 49,67344,NA,2226600
2013,NOA2,Varón,50 a 59,55225,NA,1896227
2013,NOA2,Varón,60 a 69,39777,NA,1360347
2013,NOA2,Varón,70 a 79,20704,NA,769536
2013,NOA2,Varón,80+,8485,NA,329851
2013,Patagonia Norte,Mujer,30 a 39,122736,NA,2948351
2013,Patagonia Norte,Mujer,40 a 49,98274,NA,2333346
2013,Patagonia Norte,Mujer,50 a 59,80378,NA,2043266
2013,Patagonia Norte,Mujer,60 a 69,58164,NA,1572788
2013,Patagonia Norte,Mujer,70 a 79,34279,NA,1067525
2013,Patagonia Norte,Mujer,80+,19710,NA,671649
2013,Patagonia Norte,Varón,30 a 39,120358,NA,2875168
2013,Patagonia Norte,Varón,40 a 49,95124,NA,2226600
2013,Patagonia Norte,Varón,50 a 59,77825,NA,1896227
2013,Patagonia Norte,Varón,60 a 69,55250,NA,1360347
2013,Patagonia Norte,Varón,70 a 79,28441,NA,769536
2013,Patagonia Norte,Varón,80+,11414,NA,329851
2013,Patagonia Sur,Mujer,30 a 39,80610,NA,2948351
2013,Patagonia Sur,Mujer,40 a 49,58330,NA,2333346
2013,Patagonia Sur,Mujer,50 a 59,45251,NA,2043266
2013,Patagonia Sur,Mujer,60 a 69,28857,NA,1572788
2013,Patagonia Sur,Mujer,70 a 79,15839,NA,1067525
2013,Patagonia Sur,Mujer,80+,8253,NA,671649
2013,Patagonia Sur,Varón,30 a 39,84828,NA,2875168
2013,Patagonia Sur,Varón,40 a 49,59766,NA,2226600
2013,Patagonia Sur,Varón,50 a 59,46861,NA,1896227
2013,Patagonia Sur,Varón,60 a 69,27787,NA,1360347
2013,Patagonia Sur,Varón,70 a 79,12703,NA,769536
2013,Patagonia Sur,Varón,80+,4746,NA,329851
2018,Centro,Mujer,30 a 39,2104266,NA,2948351
2018,Centro,Mujer,40 a 49,1840483,NA,2333346
2018,Centro,Mujer,50 a 59,1494432,NA,2043266
2018,Centro,Mujer,60 a 69,1280852,NA,1572788
2018,Centro,Mujer,70 a 79,909193,NA,1067525
2018,Centro,Mujer,80+,594949,NA,671649
2018,Centro,Varón,30 a 39,2082169,NA,2875168
2018,Centro,Varón,40 a 49,1772184,NA,2226600
2018,Centro,Varón,50 a 59,1374527,NA,1896227
2018,Centro,Varón,60 a 69,1081293,NA,1360347
2018,Centro,Varón,70 a 79,648184,NA,769536
2018,Centro,Varón,80+,282101,NA,329851
2018,Cuyo,Mujer,30 a 39,255366,NA,2948351
2018,Cuyo,Mujer,40 a 49,218796,NA,2333346
2018,Cuyo,Mujer,50 a 59,170979,NA,2043266
2018,Cuyo,Mujer,60 a 69,146409,NA,1572788
2018,Cuyo,Mujer,70 a 79,97867,NA,1067525
2018,Cuyo,Mujer,80+,55455,NA,671649
2018,Cuyo,Varón,30 a 39,254618,NA,2875168
2018,Cuyo,Varón,40 a 49,211797,NA,2226600
2018,Cuyo,Varón,50 a 59,159267,NA,1896227
2018,Cuyo,Varón,60 a 69,127270,NA,1360347
2018,Cuyo,Varón,70 a 79,75323,NA,769536
2018,Cuyo,Varón,80+,30811,NA,329851
2018,NEA,Mujer,30 a 39,277078,NA,2948351
2018,NEA,Mujer,40 a 49,231029,NA,2333346
2018,NEA,Mujer,50 a 59,186819,NA,2043266
2018,NEA,Mujer,60 a 69,140618,NA,1572788
2018,NEA,Mujer,70 a 79,81417,NA,1067525
2018,NEA,Mujer,80+,45745,NA,671649
2018,NEA,Varón,30 a 39,261848,NA,2875168
2018,NEA,Varón,40 a 49,217530,NA,2226600
2018,NEA,Varón,50 a 59,178906,NA,1896227
2018,NEA,Varón,60 a 69,132753,NA,1360347
2018,NEA,Varón,70 a 79,67091,NA,769536
2018,NEA,Varón,80+,26627,NA,329851
2018,NOA1,Mujer,30 a 39,269291,NA,2948351
2018,NOA1,Mujer,40 a 49,224920,NA,2333346
2018,NOA1,Mujer,50 a 59,168092,NA,2043266
2018,NOA1,Mujer,60 a 69,136025,NA,1572788
2018,NOA1,Mujer,70 a 79,81095,NA,1067525
2018,NOA1,Mujer,80+,45365,NA,671649
2018,NOA1,Varón,30 a 39,259832,NA,2875168
2018,NOA1,Varón,40 a 49,213845,NA,2226600
2018,NOA1,Varón,50 a 59,155116,NA,1896227
2018,NOA1,Varón,60 a 69,121113,NA,1360347
2018,NOA1,Varón,70 a 79,64642,NA,769536
2018,NOA1,Varón,80+,26286,NA,329851
2018,NOA2,Mujer,30 a 39,94011,NA,2948351
2018,NOA2,Mujer,40 a 49,80390,NA,2333346
2018,NOA2,Mujer,50 a 59,58290,NA,2043266
2018,NOA2,Mujer,60 a 69,47015,NA,1572788
2018,NOA2,Mujer,70 a 79,29314,NA,1067525
2018,NOA2,Mujer,80+,17520,NA,671649
2018,NOA2,Varón,30 a 39,90057,NA,2875168
2018,NOA2,Varón,40 a 49,78534,NA,2226600
2018,NOA2,Varón,50 a 59,57934,NA,1896227
2018,NOA2,Varón,60 a 69,45190,NA,1360347
2018,NOA2,Varón,70 a 79,24358,NA,769536
2018,NOA2,Varón,80+,9825,NA,329851
2018,Patagonia Norte,Mujer,30 a 39,127482,NA,2948351
2018,Patagonia Norte,Mujer,40 a 49,112164,NA,2333346
2018,Patagonia Norte,Mujer,50 a 59,88229,NA,2043266
2018,Patagonia Norte,Mujer,60 a 69,67192,NA,1572788
2018,Patagonia Norte,Mujer,70 a 79,41663,NA,1067525
2018,Patagonia Norte,Mujer,80+,23634,NA,671649
2018,Patagonia Norte,Varón,30 a 39,126142,NA,2875168
2018,Patagonia Norte,Varón,40 a 49,109055,NA,2226600
2018,Patagonia Norte,Varón,50 a 59,83955,NA,1896227
2018,Patagonia Norte,Varón,60 a 69,62923,NA,1360347
2018,Patagonia Norte,Varón,70 a 79,34852,NA,769536
2018,Patagonia Norte,Varón,80+,13941,NA,329851
2018,Patagonia Sur,Mujer,30 a 39,89428,NA,2948351
2018,Patagonia Sur,Mujer,40 a 49,71534,NA,2333346
2018,Patagonia Sur,Mujer,50 a 59,51431,NA,2043266
2018,Patagonia Sur,Mujer,60 a 69,35812,NA,1572788
2018,Patagonia Sur,Mujer,70 a 79,19694,NA,1067525
2018,Patagonia Sur,Mujer,80+,10435,NA,671649
2018,Patagonia Sur,Varón,30 a 39,94738,NA,2875168
2018,Patagonia Sur,Varón,40 a 49,74435,NA,2226600
2018,Patagonia Sur,Varón,50 a 59,52403,NA,1896227
2018,Patagonia Sur,Varón,60 a 69,34846,NA,1360347
2018,Patagonia Sur,Varón,70 a 79,15947,NA,769536
2018,Patagonia Sur,Varón,80+,5888,NA,329851
