anio,codprov_censo,prov_nombre,region_deis,sexo,grupo_edad10,pob_proy,proy_pob,pob_est_2010
2001,02,CABA,Centro,Mujer,30 a 39,210621,NA,2948351
2001,02,CABA,Centro,Mujer,40 a 49,198690,NA,2333346
2001,02,CABA,Centro,Mujer,50 a 59,189684,NA,2043266
2001,02,CABA,Centro,Mujer,60 a 69,170595,NA,1572788
2001,02,CABA,Centro,Mujer,70 a 79,161366,NA,1067525
2001,02,CABA,Centro,Mujer,80+,87693,NA,671649
2001,02,CABA,Centro,Varón,30 a 39,199765,NA,2875168
2001,02,CABA,Centro,Varón,40 a 49,174099,NA,2226600
2001,02,CABA,Centro,Varón,50 a 59,150456,NA,1896227
2001,02,CABA,Centro,Varón,60 a 69,120056,NA,1360347
2001,02,CABA,Centro,Varón,70 a 79,91263,NA,769536
2001,02,CABA,Centro,Varón,80+,35338,NA,329851
2001,06,Buenos Aires,Centro,Mujer,30 a 39,933787,NA,2948351
2001,06,Buenos Aires,Centro,Mujer,40 a 49,856163,NA,2333346
2001,06,Buenos Aires,Centro,Mujer,50 a 59,712556,NA,2043266
2001,06,Buenos Aires,Centro,Mujer,60 a 69,556616,NA,1572788
2001,06,Buenos Aires,Centro,Mujer,70 a 79,423299,NA,1067525
2001,06,Buenos Aires,Centro,Mujer,80+,178998,NA,671649
2001,06,Buenos Aires,Centro,Varón,30 a 39,935951,NA,2875168
2001,06,Buenos Aires,Centro,Varón,40 a 49,801758,NA,2226600
2001,06,Buenos Aires,Centro,Varón,50 a 59,659234,NA,1896227
2001,06,Buenos Aires,Centro,Varón,60 a 69,470813,NA,1360347
2001,06,Buenos Aires,Centro,Varón,70 a 79,296615,NA,769536
2001,06,Buenos Aires,Centro,Varón,80+,88949,NA,329851
2001,10,Catamarca,NOA2,Mujer,30 a 39,20247,NA,2948351
2001,10,Catamarca,NOA2,Mujer,40 a 49,17415,NA,2333346
2001,10,Catamarca,NOA2,Mujer,50 a 59,12694,NA,2043266
2001,10,Catamarca,NOA2,Mujer,60 a 69,9277,NA,1572788
2001,10,Catamarca,NOA2,Mujer,70 a 79,6532,NA,1067525
2001,10,Catamarca,NOA2,Mujer,80+,2764,NA,671649
2001,10,Catamarca,NOA2,Varón,30 a 39,20850,NA,2875168
2001,10,Catamarca,NOA2,Varón,40 a 49,17780,NA,2226600
2001,10,Catamarca,NOA2,Varón,50 a 59,12784,NA,1896227
2001,10,Catamarca,NOA2,Varón,60 a 69,8162,NA,1360347
2001,10,Catamarca,NOA2,Varón,70 a 79,4820,NA,769536
2001,10,Catamarca,NOA2,Varón,80+,1790,NA,329851
2001,14,Córdoba,Centro,Mujer,30 a 39,199333,NA,2948351
2001,14,Córdoba,Centro,Mujer,40 a 49,183759,NA,2333346
2001,14,Córdoba,Centro,Mujer,50 a 59,158684,NA,2043266
2001,14,Córdoba,Centro,Mujer,60 a 69,127090,NA,1572788
2001,14,Córdoba,Centro,Mujer,70 a 79,94743,NA,1067525
2001,14,Córdoba,Centro,Mujer,80+,40697,NA,671649
2001,14,Córdoba,Centro,Varón,30 a 39,200082,NA,2875168
2001,14,Córdoba,Centro,Varón,40 a 49,173373,NA,2226600
2001,14,Córdoba,Centro,Varón,50 a 59,146074,NA,1896227
2001,14,Córdoba,Centro,Varón,60 a 69,107233,NA,1360347
2001,14,Córdoba,Centro,Varón,70 a 79,65592,NA,769536
2001,14,Córdoba,Centro,Varón,80+,19885,NA,329851
2001,18,Corrientes,NEA,Mujer,30 a 39,57579,NA,2948351
2001,18,Corrientes,NEA,Mujer,40 a 49,49791,NA,2333346
2001,18,Corrientes,NEA,Mujer,50 a 59,35370,NA,2043266
2001,18,Corrientes,NEA,Mujer,60 a 69,26662,NA,1572788
2001,18,Corrientes,NEA,Mujer,70 a 79,17020,NA,1067525
2001,18,Corrientes,NEA,Mujer,80+,7307,NA,671649
2001,18,Corrientes,NEA,Varón,30 a 39,56186,NA,2875168
2001,18,Corrientes,NEA,Varón,40 a 49,49006,NA,2226600
2001,18,Corrientes,NEA,Varón,50 a 59,35358,NA,1896227
2001,18,Corrientes,NEA,Varón,60 a 69,22981,NA,1360347
2001,18,Corrientes,NEA,Varón,70 a 79,12846,NA,769536
2001,18,Corrientes,NEA,Varón,80+,4475,NA,329851
2001,22,Chaco,NEA,Mujer,30 a 39,59373,NA,2948351
2001,22,Chaco,NEA,Mujer,40 a 49,51290,NA,2333346
2001,22,Chaco,NEA,Mujer,50 a 59,34307,NA,2043266
2001,22,Chaco,NEA,Mujer,60 a 69,26308,NA,1572788
2001,22,Chaco,NEA,Mujer,70 a 79,15673,NA,1067525
2001,22,Chaco,NEA,Mujer,80+,5883,NA,671649
2001,22,Chaco,NEA,Varón,30 a 39,59206,NA,2875168
2001,22,Chaco,NEA,Varón,40 a 49,52100,NA,2226600
2001,22,Chaco,NEA,Varón,50 a 59,35744,NA,1896227
2001,22,Chaco,NEA,Varón,60 a 69,23758,NA,1360347
2001,22,Chaco,NEA,Varón,70 a 79,12597,NA,769536
2001,22,Chaco,NEA,Varón,80+,3872,NA,329851
2001,26,Chubut,Patagonia Sur,Mujer,30 a 39,28867,NA,2948351
2001,26,Chubut,Patagonia Sur,Mujer,40 a 49,24886,NA,2333346
2001,26,Chubut,Patagonia Sur,Mujer,50 a 59,17278,NA,2043266
2001,26,Chubut,Patagonia Sur,Mujer,60 a 69,11866,NA,1572788
2001,26,Chubut,Patagonia Sur,Mujer,70 a 79,7178,NA,1067525
2001,26,Chubut,Patagonia Sur,Mujer,80+,2903,NA,671649
2001,26,Chubut,Patagonia Sur,Varón,30 a 39,29643,NA,2875168
2001,26,Chubut,Patagonia Sur,Varón,40 a 49,25423,NA,2226600
2001,26,Chubut,Patagonia Sur,Varón,50 a 59,17846,NA,1896227
2001,26,Chubut,Patagonia Sur,Varón,60 a 69,11507,NA,1360347
2001,26,Chubut,Patagonia Sur,Varón,70 a 79,5974,NA,769536
2001,26,Chubut,Patagonia Sur,Varón,80+,1674,NA,329851
2001,30,Entre Ríos,Centro,Mujer,30 a 39,72932,NA,2948351
2001,30,Entre Ríos,Centro,Mujer,40 a 49,66689,NA,2333346
2001,30,Entre Ríos,Centro,Mujer,50 a 59,53508,NA,2043266
2001,30,Entre Ríos,Centro,Mujer,60 a 69,42891,NA,1572788
2001,30,Entre Ríos,Centro,Mujer,70 a 79,31294,NA,1067525
2001,30,Entre Ríos,Centro,Mujer,80+,14524,NA,671649
2001,30,Entre Ríos,Centro,Varón,30 a 39,73990,NA,2875168
2001,30,Entre Ríos,Centro,Varón,40 a 49,64778,NA,2226600
2001,30,Entre Ríos,Centro,Varón,50 a 59,52651,NA,1896227
2001,30,Entre Ríos,Centro,Varón,60 a 69,36607,NA,1360347
2001,30,Entre Ríos,Centro,Varón,70 a 79,20850,NA,769536
2001,30,Entre Ríos,Centro,Varón,80+,7155,NA,329851
2001,34,Formosa,NEA,Mujer,30 a 39,29688,NA,2948351
2001,34,Formosa,NEA,Mujer,40 a 49,24951,NA,2333346
2001,34,Formosa,NEA,Mujer,50 a 59,16296,NA,2043266
2001,34,Formosa,NEA,Mujer,60 a 69,11300,NA,1572788
2001,34,Formosa,NEA,Mujer,70 a 79,6582,NA,1067525
2001,34,Formosa,NEA,Mujer,80+,2435,NA,671649
2001,34,Formosa,NEA,Varón,30 a 39,29457,NA,2875168
2001,34,Formosa,NEA,Varón,40 a 49,25279,NA,2226600
2001,34,Formosa,NEA,Varón,50 a 59,17230,NA,1896227
2001,34,Formosa,NEA,Varón,60 a 69,11349,NA,1360347
2001,34,Formosa,NEA,Varón,70 a 79,6163,NA,769536
2001,34,Formosa,NEA,Varón,80+,2017,NA,329851
2001,38,Jujuy,NOA1,Mujer,30 a 39,38060,NA,2948351
2001,38,Jujuy,NOA1,Mujer,40 a 49,32424,NA,2333346
2001,38,Jujuy,NOA1,Mujer,50 a 59,23290,NA,2043266
2001,38,Jujuy,NOA1,Mujer,60 a 69,16021,NA,1572788
2001,38,Jujuy,NOA1,Mujer,70 a 79,9223,NA,1067525
2001,38,Jujuy,NOA1,Mujer,80+,3398,NA,671649
2001,38,Jujuy,NOA1,Varón,30 a 39,36788,NA,2875168
2001,38,Jujuy,NOA1,Varón,40 a 49,29884,NA,2226600
2001,38,Jujuy,NOA1,Varón,50 a 59,22141,NA,1896227
2001,38,Jujuy,NOA1,Varón,60 a 69,14986,NA,1360347
2001,38,Jujuy,NOA1,Varón,70 a 79,7993,NA,769536
2001,38,Jujuy,NOA1,Varón,80+,2180,NA,329851
2001,42,La Pampa,Patagonia Norte,Mujer,30 a 39,19829,NA,2948351
2001,42,La Pampa,Patagonia Norte,Mujer,40 a 49,17590,NA,2333346
2001,42,La Pampa,Patagonia Norte,Mujer,50 a 59,14551,NA,2043266
2001,42,La Pampa,Patagonia Norte,Mujer,60 a 69,11115,NA,1572788
2001,42,La Pampa,Patagonia Norte,Mujer,70 a 79,7933,NA,1067525
2001,42,La Pampa,Patagonia Norte,Mujer,80+,3759,NA,671649
2001,42,La Pampa,Patagonia Norte,Varón,30 a 39,20234,NA,2875168
2001,42,La Pampa,Patagonia Norte,Varón,40 a 49,18206,NA,2226600
2001,42,La Pampa,Patagonia Norte,Varón,50 a 59,15058,NA,1896227
2001,42,La Pampa,Patagonia Norte,Varón,60 a 69,10807,NA,1360347
2001,42,La Pampa,Patagonia Norte,Varón,70 a 79,6144,NA,769536
2001,42,La Pampa,Patagonia Norte,Varón,80+,2157,NA,329851
2001,46,La Rioja,Cuyo,Mujer,30 a 39,18605,NA,2948351
2001,46,La Rioja,Cuyo,Mujer,40 a 49,15336,NA,2333346
2001,46,La Rioja,Cuyo,Mujer,50 a 59,10776,NA,2043266
2001,46,La Rioja,Cuyo,Mujer,60 a 69,7680,NA,1572788
2001,46,La Rioja,Cuyo,Mujer,70 a 79,4929,NA,1067525
2001,46,La Rioja,Cuyo,Mujer,80+,2075,NA,671649
2001,46,La Rioja,Cuyo,Varón,30 a 39,19207,NA,2875168
2001,46,La Rioja,Cuyo,Varón,40 a 49,15773,NA,2226600
2001,46,La Rioja,Cuyo,Varón,50 a 59,11131,NA,1896227
2001,46,La Rioja,Cuyo,Varón,60 a 69,6957,NA,1360347
2001,46,La Rioja,Cuyo,Varón,70 a 79,4087,NA,769536
2001,46,La Rioja,Cuyo,Varón,80+,1363,NA,329851
2001,50,Mendoza,Cuyo,Mujer,30 a 39,100705,NA,2948351
2001,50,Mendoza,Cuyo,Mujer,40 a 49,94178,NA,2333346
2001,50,Mendoza,Cuyo,Mujer,50 a 59,78564,NA,2043266
2001,50,Mendoza,Cuyo,Mujer,60 a 69,58053,NA,1572788
2001,50,Mendoza,Cuyo,Mujer,70 a 79,41980,NA,1067525
2001,50,Mendoza,Cuyo,Mujer,80+,16666,NA,671649
2001,50,Mendoza,Cuyo,Varón,30 a 39,96532,NA,2875168
2001,50,Mendoza,Cuyo,Varón,40 a 49,86474,NA,2226600
2001,50,Mendoza,Cuyo,Varón,50 a 59,71178,NA,1896227
2001,50,Mendoza,Cuyo,Varón,60 a 69,50042,NA,1360347
2001,50,Mendoza,Cuyo,Varón,70 a 79,31351,NA,769536
2001,50,Mendoza,Cuyo,Varón,80+,9524,NA,329851
2001,54,Misiones,NEA,Mujer,30 a 39,59208,NA,2948351
2001,54,Misiones,NEA,Mujer,40 a 49,48556,NA,2333346
2001,54,Misiones,NEA,Mujer,50 a 59,30993,NA,2043266
2001,54,Misiones,NEA,Mujer,60 a 69,22325,NA,1572788
2001,54,Misiones,NEA,Mujer,70 a 79,12672,NA,1067525
2001,54,Misiones,NEA,Mujer,80+,4789,NA,671649
2001,54,Misiones,NEA,Varón,30 a 39,59063,NA,2875168
2001,54,Misiones,NEA,Varón,40 a 49,50108,NA,2226600
2001,54,Misiones,NEA,Varón,50 a 59,32763,NA,1896227
2001,54,Misiones,NEA,Varón,60 a 69,22273,NA,1360347
2001,54,Misiones,NEA,Varón,70 a 79,11546,NA,769536
2001,54,Misiones,NEA,Varón,80+,3427,NA,329851
2001,58,Neuquén,Patagonia Norte,Mujer,30 a 39,35247,NA,2948351
2001,58,Neuquén,Patagonia Norte,Mujer,40 a 49,28487,NA,2333346
2001,58,Neuquén,Patagonia Norte,Mujer,50 a 59,18423,NA,2043266
2001,58,Neuquén,Patagonia Norte,Mujer,60 a 69,11195,NA,1572788
2001,58,Neuquén,Patagonia Norte,Mujer,70 a 79,6492,NA,1067525
2001,58,Neuquén,Patagonia Norte,Mujer,80+,2651,NA,671649
2001,58,Neuquén,Patagonia Norte,Varón,30 a 39,34897,NA,2875168
2001,58,Neuquén,Patagonia Norte,Varón,40 a 49,28437,NA,2226600
2001,58,Neuquén,Patagonia Norte,Varón,50 a 59,18941,NA,1896227
2001,58,Neuquén,Patagonia Norte,Varón,60 a 69,10867,NA,1360347
2001,58,Neuquén,Patagonia Norte,Varón,70 a 79,5179,NA,769536
2001,58,Neuquén,Patagonia Norte,Varón,80+,1526,NA,329851
2001,62,Río Negro,Patagonia Norte,Mujer,30 a 39,38848,NA,2948351
2001,62,Río Negro,Patagonia Norte,Mujer,40 a 49,34059,NA,2333346
2001,62,Río Negro,Patagonia Norte,Mujer,50 a 59,24555,NA,2043266
2001,62,Río Negro,Patagonia Norte,Mujer,60 a 69,16802,NA,1572788
2001,62,Río Negro,Patagonia Norte,Mujer,70 a 79,10445,NA,1067525
2001,62,Río Negro,Patagonia Norte,Mujer,80+,4298,NA,671649
2001,62,Río Negro,Patagonia Norte,Varón,30 a 39,38115,NA,2875168
2001,62,Río Negro,Patagonia Norte,Varón,40 a 49,33493,NA,2226600
2001,62,Río Negro,Patagonia Norte,Varón,50 a 59,25159,NA,1896227
2001,62,Río Negro,Patagonia Norte,Varón,60 a 69,16270,NA,1360347
2001,62,Río Negro,Patagonia Norte,Varón,70 a 79,8790,NA,769536
2001,62,Río Negro,Patagonia Norte,Varón,80+,2627,NA,329851
2001,66,Salta,NOA1,Mujer,30 a 39,66528,NA,2948351
2001,66,Salta,NOA1,Mujer,40 a 49,54396,NA,2333346
2001,66,Salta,NOA1,Mujer,50 a 59,39421,NA,2043266
2001,66,Salta,NOA1,Mujer,60 a 69,27113,NA,1572788
2001,66,Salta,NOA1,Mujer,70 a 79,16513,NA,1067525
2001,66,Salta,NOA1,Mujer,80+,6445,NA,671649
2001,66,Salta,NOA1,Varón,30 a 39,65743,NA,2875168
2001,66,Salta,NOA1,Varón,40 a 49,52816,NA,2226600
2001,66,Salta,NOA1,Varón,50 a 59,38096,NA,1896227
2001,66,Salta,NOA1,Varón,60 a 69,25576,NA,1360347
2001,66,Salta,NOA1,Varón,70 a 79,14096,NA,769536
2001,66,Salta,NOA1,Varón,80+,4353,NA,329851
2001,70,San Juan,Cuyo,Mujer,30 a 39,39305,NA,2948351
2001,70,San Juan,Cuyo,Mujer,40 a 49,35980,NA,2333346
2001,70,San Juan,Cuyo,Mujer,50 a 59,29355,NA,2043266
2001,70,San Juan,Cuyo,Mujer,60 a 69,20688,NA,1572788
2001,70,San Juan,Cuyo,Mujer,70 a 79,13750,NA,1067525
2001,70,San Juan,Cuyo,Mujer,80+,4853,NA,671649
2001,70,San Juan,Cuyo,Varón,30 a 39,37753,NA,2875168
2001,70,San Juan,Cuyo,Varón,40 a 49,32269,NA,2226600
2001,70,San Juan,Cuyo,Varón,50 a 59,26803,NA,1896227
2001,70,San Juan,Cuyo,Varón,60 a 69,17454,NA,1360347
2001,70,San Juan,Cuyo,Varón,70 a 79,10622,NA,769536
2001,70,San Juan,Cuyo,Varón,80+,2881,NA,329851
2001,74,San Luis,Cuyo,Mujer,30 a 39,23923,NA,2948351
2001,74,San Luis,Cuyo,Mujer,40 a 49,20737,NA,2333346
2001,74,San Luis,Cuyo,Mujer,50 a 59,16082,NA,2043266
2001,74,San Luis,Cuyo,Mujer,60 a 69,11456,NA,1572788
2001,74,San Luis,Cuyo,Mujer,70 a 79,7588,NA,1067525
2001,74,San Luis,Cuyo,Mujer,80+,3226,NA,671649
2001,74,San Luis,Cuyo,Varón,30 a 39,25175,NA,2875168
2001,74,San Luis,Cuyo,Varón,40 a 49,20778,NA,2226600
2001,74,San Luis,Cuyo,Varón,50 a 59,16359,NA,1896227
2001,74,San Luis,Cuyo,Varón,60 a 69,10851,NA,1360347
2001,74,San Luis,Cuyo,Varón,70 a 79,5823,NA,769536
2001,74,San Luis,Cuyo,Varón,80+,1849,NA,329851
2001,78,Santa Cruz,Patagonia Sur,Mujer,30 a 39,14639,NA,2948351
2001,78,Santa Cruz,Patagonia Sur,Mujer,40 a 49,11631,NA,2333346
2001,78,Santa Cruz,Patagonia Sur,Mujer,50 a 59,7112,NA,2043266
2001,78,Santa Cruz,Patagonia Sur,Mujer,60 a 69,4675,NA,1572788
2001,78,Santa Cruz,Patagonia Sur,Mujer,70 a 79,2368,NA,1067525
2001,78,Santa Cruz,Patagonia Sur,Mujer,80+,836,NA,671649
2001,78,Santa Cruz,Patagonia Sur,Varón,30 a 39,15342,NA,2875168
2001,78,Santa Cruz,Patagonia Sur,Varón,40 a 49,12930,NA,2226600
2001,78,Santa Cruz,Patagonia Sur,Varón,50 a 59,8059,NA,1896227
2001,78,Santa Cruz,Patagonia Sur,Varón,60 a 69,5071,NA,1360347
2001,78,Santa Cruz,Patagonia Sur,Varón,70 a 79,2263,NA,769536
2001,78,Santa Cruz,Patagonia Sur,Varón,80+,537,NA,329851
2001,82,Santa Fe,Centro,Mujer,30 a 39,192329,NA,2948351
2001,82,Santa Fe,Centro,Mujer,40 a 49,181195,NA,2333346
2001,82,Santa Fe,Centro,Mujer,50 a 59,152308,NA,2043266
2001,82,Santa Fe,Centro,Mujer,60 a 69,128893,NA,1572788
2001,82,Santa Fe,Centro,Mujer,70 a 79,102606,NA,1067525
2001,82,Santa Fe,Centro,Mujer,80+,47520,NA,671649
2001,82,Santa Fe,Centro,Varón,30 a 39,193151,NA,2875168
2001,82,Santa Fe,Centro,Varón,40 a 49,173847,NA,2226600
2001,82,Santa Fe,Centro,Varón,50 a 59,142358,NA,1896227
2001,82,Santa Fe,Centro,Varón,60 a 69,108349,NA,1360347
2001,82,Santa Fe,Centro,Varón,70 a 79,69195,NA,769536
2001,82,Santa Fe,Centro,Varón,80+,22574,NA,329851
2001,86,Santiago del Estero,NOA2,Mujer,30 a 39,44794,NA,2948351
2001,86,Santiago del Estero,NOA2,Mujer,40 a 49,38945,NA,2333346
2001,86,Santiago del Estero,NOA2,Mujer,50 a 59,28923,NA,2043266
2001,86,Santiago del Estero,NOA2,Mujer,60 a 69,22285,NA,1572788
2001,86,Santiago del Estero,NOA2,Mujer,70 a 79,14872,NA,1067525
2001,86,Santiago del Estero,NOA2,Mujer,80+,6462,NA,671649
2001,86,Santiago del Estero,NOA2,Varón,30 a 39,46530,NA,2875168
2001,86,Santiago del Estero,NOA2,Varón,40 a 49,39827,NA,2226600
2001,86,Santiago del Estero,NOA2,Varón,50 a 59,30203,NA,1896227
2001,86,Santiago del Estero,NOA2,Varón,60 a 69,20578,NA,1360347
2001,86,Santiago del Estero,NOA2,Varón,70 a 79,11803,NA,769536
2001,86,Santiago del Estero,NOA2,Varón,80+,4320,NA,329851
2001,90,Tucumán,NOA1,Mujer,30 a 39,82104,NA,2948351
2001,90,Tucumán,NOA1,Mujer,40 a 49,77279,NA,2333346
2001,90,Tucumán,NOA1,Mujer,50 a 59,55017,NA,2043266
2001,90,Tucumán,NOA1,Mujer,60 a 69,40440,NA,1572788
2001,90,Tucumán,NOA1,Mujer,70 a 79,27642,NA,1067525
2001,90,Tucumán,NOA1,Mujer,80+,10333,NA,671649
2001,90,Tucumán,NOA1,Varón,30 a 39,80481,NA,2875168
2001,90,Tucumán,NOA1,Varón,40 a 49,73273,NA,2226600
2001,90,Tucumán,NOA1,Varón,50 a 59,53582,NA,1896227
2001,90,Tucumán,NOA1,Varón,60 a 69,34761,NA,1360347
2001,90,Tucumán,NOA1,Varón,70 a 79,20947,NA,769536
2001,90,Tucumán,NOA1,Varón,80+,6240,NA,329851
2001,94,Tierra del Fuego,Patagonia Sur,Mujer,30 a 39,8536,NA,2948351
2001,94,Tierra del Fuego,Patagonia Sur,Mujer,40 a 49,6634,NA,2333346
2001,94,Tierra del Fuego,Patagonia Sur,Mujer,50 a 59,3014,NA,2043266
2001,94,Tierra del Fuego,Patagonia Sur,Mujer,60 a 69,1575,NA,1572788
2001,94,Tierra del Fuego,Patagonia Sur,Mujer,70 a 79,763,NA,1067525
2001,94,Tierra del Fuego,Patagonia Sur,Mujer,80+,185,NA,671649
2001,94,Tierra del Fuego,Patagonia Sur,Varón,30 a 39,8974,NA,2875168
2001,94,Tierra del Fuego,Patagonia Sur,Varón,40 a 49,7713,NA,2226600
2001,94,Tierra del Fuego,Patagonia Sur,Varón,50 a 59,3608,NA,1896227
2001,94,Tierra del Fuego,Patagonia Sur,Varón,60 a 69,1569,NA,1360347
2001,94,Tierra del Fuego,Patagonia Sur,Varón,70 a 79,620,NA,769536
2001,94,Tierra del Fuego,Patagonia Sur,Varón,80+,126,NA,329851
2005,02,CABA,Centro,Mujer,30 a 39,224243,NA,2948351
2005,02,CABA,Centro,Mujer,40 a 49,194853,NA,2333346
2005,02,CABA,Centro,Mujer,50 a 59,187843,NA,2043266
2005,02,CABA,Centro,Mujer,60 a 69,169062,NA,1572788
2005,02,CABA,Centro,Mujer,70 a 79,147823,NA,1067525
2005,02,CABA,Centro,Mujer,80+,100219,NA,671649
2005,02,CABA,Centro,Varón,30 a 39,213307,NA,2875168
2005,02,CABA,Centro,Varón,40 a 49,176243,NA,2226600
2005,02,CABA,Centro,Varón,50 a 59,153967,NA,1896227
2005,02,CABA,Centro,Varón,60 a 69,118792,NA,1360347
2005,02,CABA,Centro,Varón,70 a 79,86161,NA,769536
2005,02,CABA,Centro,Varón,80+,39349,NA,329851
2005,06,Buenos Aires,Centro,Mujer,30 a 39,1010635,NA,2948351
2005,06,Buenos Aires,Centro,Mujer,40 a 49,873313,NA,2333346
2005,06,Buenos Aires,Centro,Mujer,50 a 59,771036,NA,2043266
2005,06,Buenos Aires,Centro,Mujer,60 a 69,577304,NA,1572788
2005,06,Buenos Aires,Centro,Mujer,70 a 79,447520,NA,1067525
2005,06,Buenos Aires,Centro,Mujer,80+,211345,NA,671649
2005,06,Buenos Aires,Centro,Varón,30 a 39,1017305,NA,2875168
2005,06,Buenos Aires,Centro,Varón,40 a 49,826228,NA,2226600
2005,06,Buenos Aires,Centro,Varón,50 a 59,694872,NA,1896227
2005,06,Buenos Aires,Centro,Varón,60 a 69,493284,NA,1360347
2005,06,Buenos Aires,Centro,Varón,70 a 79,306565,NA,769536
2005,06,Buenos Aires,Centro,Varón,80+,103959,NA,329851
2005,10,Catamarca,NOA2,Mujer,30 a 39,23062,NA,2948351
2005,10,Catamarca,NOA2,Mujer,40 a 49,18606,NA,2333346
2005,10,Catamarca,NOA2,Mujer,50 a 59,14919,NA,2043266
2005,10,Catamarca,NOA2,Mujer,60 a 69,10039,NA,1572788
2005,10,Catamarca,NOA2,Mujer,70 a 79,7177,NA,1067525
2005,10,Catamarca,NOA2,Mujer,80+,3101,NA,671649
2005,10,Catamarca,NOA2,Varón,30 a 39,23915,NA,2875168
2005,10,Catamarca,NOA2,Varón,40 a 49,19310,NA,2226600
2005,10,Catamarca,NOA2,Varón,50 a 59,15124,NA,1896227
2005,10,Catamarca,NOA2,Varón,60 a 69,8974,NA,1360347
2005,10,Catamarca,NOA2,Varón,70 a 79,5396,NA,769536
2005,10,Catamarca,NOA2,Varón,80+,1816,NA,329851
2005,14,Córdoba,Centro,Mujer,30 a 39,210583,NA,2948351
2005,14,Córdoba,Centro,Mujer,40 a 49,189098,NA,2333346
2005,14,Córdoba,Centro,Mujer,50 a 59,170102,NA,2043266
2005,14,Córdoba,Centro,Mujer,60 a 69,133541,NA,1572788
2005,14,Córdoba,Centro,Mujer,70 a 79,101148,NA,1067525
2005,14,Córdoba,Centro,Mujer,80+,49847,NA,671649
2005,14,Córdoba,Centro,Varón,30 a 39,213479,NA,2875168
2005,14,Córdoba,Centro,Varón,40 a 49,180777,NA,2226600
2005,14,Córdoba,Centro,Varón,50 a 59,155691,NA,1896227
2005,14,Córdoba,Centro,Varón,60 a 69,113005,NA,1360347
2005,14,Córdoba,Centro,Varón,70 a 79,70342,NA,769536
2005,14,Córdoba,Centro,Varón,80+,23479,NA,329851
2005,18,Corrientes,NEA,Mujer,30 a 39,59154,NA,2948351
2005,18,Corrientes,NEA,Mujer,40 a 49,53391,NA,2333346
2005,18,Corrientes,NEA,Mujer,50 a 59,40394,NA,2043266
2005,18,Corrientes,NEA,Mujer,60 a 69,28383,NA,1572788
2005,18,Corrientes,NEA,Mujer,70 a 79,18634,NA,1067525
2005,18,Corrientes,NEA,Mujer,80+,8506,NA,671649
2005,18,Corrientes,NEA,Varón,30 a 39,57748,NA,2875168
2005,18,Corrientes,NEA,Varón,40 a 49,51931,NA,2226600
2005,18,Corrientes,NEA,Varón,50 a 59,40887,NA,1896227
2005,18,Corrientes,NEA,Varón,60 a 69,24867,NA,1360347
2005,18,Corrientes,NEA,Varón,70 a 79,14021,NA,769536
2005,18,Corrientes,NEA,Varón,80+,4844,NA,329851
2005,22,Chaco,NEA,Mujer,30 a 39,61165,NA,2948351
2005,22,Chaco,NEA,Mujer,40 a 49,54918,NA,2333346
2005,22,Chaco,NEA,Mujer,50 a 59,39620,NA,2043266
2005,22,Chaco,NEA,Mujer,60 a 69,27401,NA,1572788
2005,22,Chaco,NEA,Mujer,70 a 79,17748,NA,1067525
2005,22,Chaco,NEA,Mujer,80+,5982,NA,671649
2005,22,Chaco,NEA,Varón,30 a 39,60093,NA,2875168
2005,22,Chaco,NEA,Varón,40 a 49,54752,NA,2226600
2005,22,Chaco,NEA,Varón,50 a 59,41264,NA,1896227
2005,22,Chaco,NEA,Varón,60 a 69,24657,NA,1360347
2005,22,Chaco,NEA,Varón,70 a 79,13677,NA,769536
2005,22,Chaco,NEA,Varón,80+,3833,NA,329851
2005,26,Chubut,Patagonia Sur,Mujer,30 a 39,30744,NA,2948351
2005,26,Chubut,Patagonia Sur,Mujer,40 a 49,26677,NA,2333346
2005,26,Chubut,Patagonia Sur,Mujer,50 a 59,20155,NA,2043266
2005,26,Chubut,Patagonia Sur,Mujer,60 a 69,13169,NA,1572788
2005,26,Chubut,Patagonia Sur,Mujer,70 a 79,8115,NA,1067525
2005,26,Chubut,Patagonia Sur,Mujer,80+,3315,NA,671649
2005,26,Chubut,Patagonia Sur,Varón,30 a 39,31219,NA,2875168
2005,26,Chubut,Patagonia Sur,Varón,40 a 49,27159,NA,2226600
2005,26,Chubut,Patagonia Sur,Varón,50 a 59,20202,NA,1896227
2005,26,Chubut,Patagonia Sur,Varón,60 a 69,12664,NA,1360347
2005,26,Chubut,Patagonia Sur,Varón,70 a 79,6444,NA,769536
2005,26,Chubut,Patagonia Sur,Varón,80+,1902,NA,329851
2005,30,Entre Ríos,Centro,Mujer,30 a 39,76493,NA,2948351
2005,30,Entre Ríos,Centro,Mujer,40 a 49,69905,NA,2333346
2005,30,Entre Ríos,Centro,Mujer,50 a 59,59118,NA,2043266
2005,30,Entre Ríos,Centro,Mujer,60 a 69,45222,NA,1572788
2005,30,Entre Ríos,Centro,Mujer,70 a 79,33826,NA,1067525
2005,30,Entre Ríos,Centro,Mujer,80+,16969,NA,671649
2005,30,Entre Ríos,Centro,Varón,30 a 39,77937,NA,2875168
2005,30,Entre Ríos,Centro,Varón,40 a 49,68178,NA,2226600
2005,30,Entre Ríos,Centro,Varón,50 a 59,57221,NA,1896227
2005,30,Entre Ríos,Centro,Varón,60 a 69,39595,NA,1360347
2005,30,Entre Ríos,Centro,Varón,70 a 79,22355,NA,769536
2005,30,Entre Ríos,Centro,Varón,80+,7874,NA,329851
2005,34,Formosa,NEA,Mujer,30 a 39,30973,NA,2948351
2005,34,Formosa,NEA,Mujer,40 a 49,27213,NA,2333346
2005,34,Formosa,NEA,Mujer,50 a 59,19295,NA,2043266
2005,34,Formosa,NEA,Mujer,60 a 69,12300,NA,1572788
2005,34,Formosa,NEA,Mujer,70 a 79,7425,NA,1067525
2005,34,Formosa,NEA,Mujer,80+,2635,NA,671649
2005,34,Formosa,NEA,Varón,30 a 39,29878,NA,2875168
2005,34,Formosa,NEA,Varón,40 a 49,27608,NA,2226600
2005,34,Formosa,NEA,Varón,50 a 59,20272,NA,1896227
2005,34,Formosa,NEA,Varón,60 a 69,12470,NA,1360347
2005,34,Formosa,NEA,Varón,70 a 79,6778,NA,769536
2005,34,Formosa,NEA,Varón,80+,2076,NA,329851
2005,38,Jujuy,NOA1,Mujer,30 a 39,41881,NA,2948351
2005,38,Jujuy,NOA1,Mujer,40 a 49,34432,NA,2333346
2005,38,Jujuy,NOA1,Mujer,50 a 59,26666,NA,2043266
2005,38,Jujuy,NOA1,Mujer,60 a 69,17746,NA,1572788
2005,38,Jujuy,NOA1,Mujer,70 a 79,10869,NA,1067525
2005,38,Jujuy,NOA1,Mujer,80+,4110,NA,671649
2005,38,Jujuy,NOA1,Varón,30 a 39,41205,NA,2875168
2005,38,Jujuy,NOA1,Varón,40 a 49,31750,NA,2226600
2005,38,Jujuy,NOA1,Varón,50 a 59,24907,NA,1896227
2005,38,Jujuy,NOA1,Varón,60 a 69,16345,NA,1360347
2005,38,Jujuy,NOA1,Varón,70 a 79,9052,NA,769536
2005,38,Jujuy,NOA1,Varón,80+,2679,NA,329851
2005,42,La Pampa,Patagonia Norte,Mujer,30 a 39,21033,NA,2948351
2005,42,La Pampa,Patagonia Norte,Mujer,40 a 49,18908,NA,2333346
2005,42,La Pampa,Patagonia Norte,Mujer,50 a 59,16015,NA,2043266
2005,42,La Pampa,Patagonia Norte,Mujer,60 a 69,12292,NA,1572788
2005,42,La Pampa,Patagonia Norte,Mujer,70 a 79,8654,NA,1067525
2005,42,La Pampa,Patagonia Norte,Mujer,80+,4440,NA,671649
2005,42,La Pampa,Patagonia Norte,Varón,30 a 39,21551,NA,2875168
2005,42,La Pampa,Patagonia Norte,Varón,40 a 49,19402,NA,2226600
2005,42,La Pampa,Patagonia Norte,Varón,50 a 59,16292,NA,1896227
2005,42,La Pampa,Patagonia Norte,Varón,60 a 69,11868,NA,1360347
2005,42,La Pampa,Patagonia Norte,Varón,70 a 79,6778,NA,769536
2005,42,La Pampa,Patagonia Norte,Varón,80+,2310,NA,329851
2005,46,La Rioja,Cuyo,Mujer,30 a 39,21098,NA,2948351
2005,46,La Rioja,Cuyo,Mujer,40 a 49,17179,NA,2333346
2005,46,La Rioja,Cuyo,Mujer,50 a 59,12830,NA,2043266
2005,46,La Rioja,Cuyo,Mujer,60 a 69,8413,NA,1572788
2005,46,La Rioja,Cuyo,Mujer,70 a 79,5405,NA,1067525
2005,46,La Rioja,Cuyo,Mujer,80+,2210,NA,671649
2005,46,La Rioja,Cuyo,Varón,30 a 39,21817,NA,2875168
2005,46,La Rioja,Cuyo,Varón,40 a 49,17584,NA,2226600
2005,46,La Rioja,Cuyo,Varón,50 a 59,13227,NA,1896227
2005,46,La Rioja,Cuyo,Varón,60 a 69,7850,NA,1360347
2005,46,La Rioja,Cuyo,Varón,70 a 79,4467,NA,769536
2005,46,La Rioja,Cuyo,Varón,80+,1437,NA,329851
2005,50,Mendoza,Cuyo,Mujer,30 a 39,108918,NA,2948351
2005,50,Mendoza,Cuyo,Mujer,40 a 49,94754,NA,2333346
2005,50,Mendoza,Cuyo,Mujer,50 a 59,86087,NA,2043266
2005,50,Mendoza,Cuyo,Mujer,60 a 69,62151,NA,1572788
2005,50,Mendoza,Cuyo,Mujer,70 a 79,45065,NA,1067525
2005,50,Mendoza,Cuyo,Mujer,80+,20531,NA,671649
2005,50,Mendoza,Cuyo,Varón,30 a 39,105546,NA,2875168
2005,50,Mendoza,Cuyo,Varón,40 a 49,87288,NA,2226600
2005,50,Mendoza,Cuyo,Varón,50 a 59,77716,NA,1896227
2005,50,Mendoza,Cuyo,Varón,60 a 69,53773,NA,1360347
2005,50,Mendoza,Cuyo,Varón,70 a 79,33722,NA,769536
2005,50,Mendoza,Cuyo,Varón,80+,11904,NA,329851
2005,54,Misiones,NEA,Mujer,30 a 39,61786,NA,2948351
2005,54,Misiones,NEA,Mujer,40 a 49,53744,NA,2333346
2005,54,Misiones,NEA,Mujer,50 a 59,36415,NA,2043266
2005,54,Misiones,NEA,Mujer,60 a 69,24195,NA,1572788
2005,54,Misiones,NEA,Mujer,70 a 79,14977,NA,1067525
2005,54,Misiones,NEA,Mujer,80+,5568,NA,671649
2005,54,Misiones,NEA,Varón,30 a 39,61430,NA,2875168
2005,54,Misiones,NEA,Varón,40 a 49,54941,NA,2226600
2005,54,Misiones,NEA,Varón,50 a 59,38632,NA,1896227
2005,54,Misiones,NEA,Varón,60 a 69,23847,NA,1360347
2005,54,Misiones,NEA,Varón,70 a 79,13377,NA,769536
2005,54,Misiones,NEA,Varón,80+,3941,NA,329851
2005,58,Neuquén,Patagonia Norte,Mujer,30 a 39,38416,NA,2948351
2005,58,Neuquén,Patagonia Norte,Mujer,40 a 49,31759,NA,2333346
2005,58,Neuquén,Patagonia Norte,Mujer,50 a 59,22650,NA,2043266
2005,58,Neuquén,Patagonia Norte,Mujer,60 a 69,13164,NA,1572788
2005,58,Neuquén,Patagonia Norte,Mujer,70 a 79,7885,NA,1067525
2005,58,Neuquén,Patagonia Norte,Mujer,80+,3410,NA,671649
2005,58,Neuquén,Patagonia Norte,Varón,30 a 39,37854,NA,2875168
2005,58,Neuquén,Patagonia Norte,Varón,40 a 49,31054,NA,2226600
2005,58,Neuquén,Patagonia Norte,Varón,50 a 59,22330,NA,1896227
2005,58,Neuquén,Patagonia Norte,Varón,60 a 69,12696,NA,1360347
2005,58,Neuquén,Patagonia Norte,Varón,70 a 79,6188,NA,769536
2005,58,Neuquén,Patagonia Norte,Varón,80+,1899,NA,329851
2005,62,Río Negro,Patagonia Norte,Mujer,30 a 39,39579,NA,2948351
2005,62,Río Negro,Patagonia Norte,Mujer,40 a 49,35740,NA,2333346
2005,62,Río Negro,Patagonia Norte,Mujer,50 a 59,27633,NA,2043266
2005,62,Río Negro,Patagonia Norte,Mujer,60 a 69,18573,NA,1572788
2005,62,Río Negro,Patagonia Norte,Mujer,70 a 79,11755,NA,1067525
2005,62,Río Negro,Patagonia Norte,Mujer,80+,4772,NA,671649
2005,62,Río Negro,Patagonia Norte,Varón,30 a 39,38921,NA,2875168
2005,62,Río Negro,Patagonia Norte,Varón,40 a 49,34668,NA,2226600
2005,62,Río Negro,Patagonia Norte,Varón,50 a 59,27566,NA,1896227
2005,62,Río Negro,Patagonia Norte,Varón,60 a 69,18249,NA,1360347
2005,62,Río Negro,Patagonia Norte,Varón,70 a 79,9911,NA,769536
2005,62,Río Negro,Patagonia Norte,Varón,80+,3296,NA,329851
2005,66,Salta,NOA1,Mujer,30 a 39,73644,NA,2948351
2005,66,Salta,NOA1,Mujer,40 a 49,58736,NA,2333346
2005,66,Salta,NOA1,Mujer,50 a 59,45513,NA,2043266
2005,66,Salta,NOA1,Mujer,60 a 69,29298,NA,1572788
2005,66,Salta,NOA1,Mujer,70 a 79,18470,NA,1067525
2005,66,Salta,NOA1,Mujer,80+,7296,NA,671649
2005,66,Salta,NOA1,Varón,30 a 39,72145,NA,2875168
2005,66,Salta,NOA1,Varón,40 a 49,57319,NA,2226600
2005,66,Salta,NOA1,Varón,50 a 59,43711,NA,1896227
2005,66,Salta,NOA1,Varón,60 a 69,27718,NA,1360347
2005,66,Salta,NOA1,Varón,70 a 79,15878,NA,769536
2005,66,Salta,NOA1,Varón,80+,4826,NA,329851
2005,70,San Juan,Cuyo,Mujer,30 a 39,43847,NA,2948351
2005,70,San Juan,Cuyo,Mujer,40 a 49,36735,NA,2333346
2005,70,San Juan,Cuyo,Mujer,50 a 59,32501,NA,2043266
2005,70,San Juan,Cuyo,Mujer,60 a 69,22557,NA,1572788
2005,70,San Juan,Cuyo,Mujer,70 a 79,14949,NA,1067525
2005,70,San Juan,Cuyo,Mujer,80+,6060,NA,671649
2005,70,San Juan,Cuyo,Varón,30 a 39,43090,NA,2875168
2005,70,San Juan,Cuyo,Varón,40 a 49,33961,NA,2226600
2005,70,San Juan,Cuyo,Varón,50 a 59,29489,NA,1896227
2005,70,San Juan,Cuyo,Varón,60 a 69,19243,NA,1360347
2005,70,San Juan,Cuyo,Varón,70 a 79,11351,NA,769536
2005,70,San Juan,Cuyo,Varón,80+,3745,NA,329851
2005,74,San Luis,Cuyo,Mujer,30 a 39,26535,NA,2948351
2005,74,San Luis,Cuyo,Mujer,40 a 49,22729,NA,2333346
2005,74,San Luis,Cuyo,Mujer,50 a 59,18366,NA,2043266
2005,74,San Luis,Cuyo,Mujer,60 a 69,13051,NA,1572788
2005,74,San Luis,Cuyo,Mujer,70 a 79,8511,NA,1067525
2005,74,San Luis,Cuyo,Mujer,80+,3632,NA,671649
2005,74,San Luis,Cuyo,Varón,30 a 39,27806,NA,2875168
2005,74,San Luis,Cuyo,Varón,40 a 49,22918,NA,2226600
2005,74,San Luis,Cuyo,Varón,50 a 59,18524,NA,1896227
2005,74,San Luis,Cuyo,Varón,60 a 69,12207,NA,1360347
2005,74,San Luis,Cuyo,Varón,70 a 79,6709,NA,769536
2005,74,San Luis,Cuyo,Varón,80+,2166,NA,329851
2005,78,Santa Cruz,Patagonia Sur,Mujer,30 a 39,16205,NA,2948351
2005,78,Santa Cruz,Patagonia Sur,Mujer,40 a 49,13093,NA,2333346
2005,78,Santa Cruz,Patagonia Sur,Mujer,50 a 59,8644,NA,2043266
2005,78,Santa Cruz,Patagonia Sur,Mujer,60 a 69,5276,NA,1572788
2005,78,Santa Cruz,Patagonia Sur,Mujer,70 a 79,2935,NA,1067525
2005,78,Santa Cruz,Patagonia Sur,Mujer,80+,1024,NA,671649
2005,78,Santa Cruz,Patagonia Sur,Varón,30 a 39,16524,NA,2875168
2005,78,Santa Cruz,Patagonia Sur,Varón,40 a 49,14146,NA,2226600
2005,78,Santa Cruz,Patagonia Sur,Varón,50 a 59,9428,NA,1896227
2005,78,Santa Cruz,Patagonia Sur,Varón,60 a 69,5480,NA,1360347
2005,78,Santa Cruz,Patagonia Sur,Varón,70 a 79,2656,NA,769536
2005,78,Santa Cruz,Patagonia Sur,Varón,80+,647,NA,329851
2005,82,Santa Fe,Centro,Mujer,30 a 39,200714,NA,2948351
2005,82,Santa Fe,Centro,Mujer,40 a 49,185500,NA,2333346
2005,82,Santa Fe,Centro,Mujer,50 a 59,163505,NA,2043266
2005,82,Santa Fe,Centro,Mujer,60 a 69,131181,NA,1572788
2005,82,Santa Fe,Centro,Mujer,70 a 79,105656,NA,1067525
2005,82,Santa Fe,Centro,Mujer,80+,55189,NA,671649
2005,82,Santa Fe,Centro,Varón,30 a 39,202352,NA,2875168
2005,82,Santa Fe,Centro,Varón,40 a 49,179091,NA,2226600
2005,82,Santa Fe,Centro,Varón,50 a 59,152568,NA,1896227
2005,82,Santa Fe,Centro,Varón,60 a 69,111266,NA,1360347
2005,82,Santa Fe,Centro,Varón,70 a 79,70250,NA,769536
2005,82,Santa Fe,Centro,Varón,80+,24902,NA,329851
2005,86,Santiago del Estero,NOA2,Mujer,30 a 39,50140,NA,2948351
2005,86,Santiago del Estero,NOA2,Mujer,40 a 49,41183,NA,2333346
2005,86,Santiago del Estero,NOA2,Mujer,50 a 59,32442,NA,2043266
2005,86,Santiago del Estero,NOA2,Mujer,60 a 69,23191,NA,1572788
2005,86,Santiago del Estero,NOA2,Mujer,70 a 79,15440,NA,1067525
2005,86,Santiago del Estero,NOA2,Mujer,80+,6247,NA,671649
2005,86,Santiago del Estero,NOA2,Varón,30 a 39,51946,NA,2875168
2005,86,Santiago del Estero,NOA2,Varón,40 a 49,41886,NA,2226600
2005,86,Santiago del Estero,NOA2,Varón,50 a 59,34487,NA,1896227
2005,86,Santiago del Estero,NOA2,Varón,60 a 69,21929,NA,1360347
2005,86,Santiago del Estero,NOA2,Varón,70 a 79,12566,NA,769536
2005,86,Santiago del Estero,NOA2,Varón,80+,4137,NA,329851
2005,90,Tucumán,NOA1,Mujer,30 a 39,87800,NA,2948351
2005,90,Tucumán,NOA1,Mujer,40 a 49,77994,NA,2333346
2005,90,Tucumán,NOA1,Mujer,50 a 59,65473,NA,2043266
2005,90,Tucumán,NOA1,Mujer,60 a 69,41612,NA,1572788
2005,90,Tucumán,NOA1,Mujer,70 a 79,30425,NA,1067525
2005,90,Tucumán,NOA1,Mujer,80+,12082,NA,671649
2005,90,Tucumán,NOA1,Varón,30 a 39,87686,NA,2875168
2005,90,Tucumán,NOA1,Varón,40 a 49,73981,NA,2226600
2005,90,Tucumán,NOA1,Varón,50 a 59,63317,NA,1896227
2005,90,Tucumán,NOA1,Varón,60 a 69,36719,NA,1360347
2005,90,Tucumán,NOA1,Varón,70 a 79,22281,NA,769536
2005,90,Tucumán,NOA1,Varón,80+,6817,NA,329851
2005,94,Tierra del Fuego,Patagonia Sur,Mujer,30 a 39,9175,NA,2948351
2005,94,Tierra del Fuego,Patagonia Sur,Mujer,40 a 49,8288,NA,2333346
2005,94,Tierra del Fuego,Patagonia Sur,Mujer,50 a 59,4238,NA,2043266
2005,94,Tierra del Fuego,Patagonia Sur,Mujer,60 a 69,2002,NA,1572788
2005,94,Tierra del Fuego,Patagonia Sur,Mujer,70 a 79,986,NA,1067525
2005,94,Tierra del Fuego,Patagonia Sur,Mujer,80+,286,NA,671649
2005,94,Tierra del Fuego,Patagonia Sur,Varón,30 a 39,9092,NA,2875168
2005,94,Tierra del Fuego,Patagonia Sur,Varón,40 a 49,9390,NA,2226600
2005,94,Tierra del Fuego,Patagonia Sur,Varón,50 a 59,4843,NA,1896227
2005,94,Tierra del Fuego,Patagonia Sur,Varón,60 a 69,1979,NA,1360347
2005,94,Tierra del Fuego,Patagonia Sur,Varón,70 a 79,805,NA,769536
2005,94,Tierra del Fuego,Patagonia Sur,Varón,80+,194,NA,329851
2009,02,CABA,Centro,Mujer,30 a 39,NA,231984,2948351
2009,02,CABA,Centro,Mujer,40 a 49,NA,186898,2333346
2009,02,CABA,Centro,Mujer,50 a 59,NA,182037,2043266
2009,02,CABA,Centro,Mujer,60 a 69,NA,160205,1572788
2009,02,CABA,Centro,Mujer,70 a 79,NA,121169,1067525
2009,02,CABA,Centro,Mujer,80+,NA,99252,671649
2009,02,CABA,Centro,Varón,30 a 39,NA,218877,2875168
2009,02,CABA,Centro,Varón,40 a 49,NA,165427,2226600
2009,02,CABA,Centro,Varón,50 a 59,NA,147250,1896227
2009,02,CABA,Centro,Varón,60 a 69,NA,117209,1360347
2009,02,CABA,Centro,Varón,70 a 79,NA,75586,769536
2009,02,CABA,Centro,Varón,80+,NA,41602,329851
2009,06,Buenos Aires,Centro,Mujer,30 a 39,NA,1105854,2948351
2009,06,Buenos Aires,Centro,Mujer,40 a 49,NA,916938,2333346
2009,06,Buenos Aires,Centro,Mujer,50 a 59,NA,794870,2043266
2009,06,Buenos Aires,Centro,Mujer,60 a 69,NA,622545,1572788
2009,06,Buenos Aires,Centro,Mujer,70 a 79,NA,434650,1067525
2009,06,Buenos Aires,Centro,Mujer,80+,NA,246355,671649
2009,06,Buenos Aires,Centro,Varón,30 a 39,NA,1090400,2875168
2009,06,Buenos Aires,Centro,Varón,40 a 49,NA,873912,2226600
2009,06,Buenos Aires,Centro,Varón,50 a 59,NA,734504,1896227
2009,06,Buenos Aires,Centro,Varón,60 a 69,NA,533802,1360347
2009,06,Buenos Aires,Centro,Varón,70 a 79,NA,309563,769536
2009,06,Buenos Aires,Centro,Varón,80+,NA,119684,329851
2009,10,Catamarca,NOA2,Mujer,30 a 39,NA,25466,2948351
2009,10,Catamarca,NOA2,Mujer,40 a 49,NA,19432,2333346
2009,10,Catamarca,NOA2,Mujer,50 a 59,NA,15754,2043266
2009,10,Catamarca,NOA2,Mujer,60 a 69,NA,11174,1572788
2009,10,Catamarca,NOA2,Mujer,70 a 79,NA,7249,1067525
2009,10,Catamarca,NOA2,Mujer,80+,NA,3900,671649
2009,10,Catamarca,NOA2,Varón,30 a 39,NA,25626,2875168
2009,10,Catamarca,NOA2,Varón,40 a 49,NA,19574,2226600
2009,10,Catamarca,NOA2,Varón,50 a 59,NA,15844,1896227
2009,10,Catamarca,NOA2,Varón,60 a 69,NA,10323,1360347
2009,10,Catamarca,NOA2,Varón,70 a 79,NA,5533,769536
2009,10,Catamarca,NOA2,Varón,80+,NA,2263,329851
2009,14,Córdoba,Centro,Mujer,30 a 39,NA,233616,2948351
2009,14,Córdoba,Centro,Mujer,40 a 49,NA,193093,2333346
2009,14,Córdoba,Centro,Mujer,50 a 59,NA,171515,2043266
2009,14,Córdoba,Centro,Mujer,60 a 69,NA,140211,1572788
2009,14,Córdoba,Centro,Mujer,70 a 79,NA,97528,1067525
2009,14,Córdoba,Centro,Mujer,80+,NA,55143,671649
2009,14,Córdoba,Centro,Varón,30 a 39,NA,231235,2875168
2009,14,Córdoba,Centro,Varón,40 a 49,NA,183490,2226600
2009,14,Córdoba,Centro,Varón,50 a 59,NA,157717,1896227
2009,14,Córdoba,Centro,Varón,60 a 69,NA,119172,1360347
2009,14,Córdoba,Centro,Varón,70 a 79,NA,69518,769536
2009,14,Córdoba,Centro,Varón,80+,NA,26649,329851
2009,18,Corrientes,NEA,Mujer,30 a 39,NA,66393,2948351
2009,18,Corrientes,NEA,Mujer,40 a 49,NA,54928,2333346
2009,18,Corrientes,NEA,Mujer,50 a 59,NA,44221,2043266
2009,18,Corrientes,NEA,Mujer,60 a 69,NA,31033,1572788
2009,18,Corrientes,NEA,Mujer,70 a 79,NA,19840,1067525
2009,18,Corrientes,NEA,Mujer,80+,NA,9922,671649
2009,18,Corrientes,NEA,Varón,30 a 39,NA,62771,2875168
2009,18,Corrientes,NEA,Varón,40 a 49,NA,52386,2226600
2009,18,Corrientes,NEA,Varón,50 a 59,NA,43496,1896227
2009,18,Corrientes,NEA,Varón,60 a 69,NA,28527,1360347
2009,18,Corrientes,NEA,Varón,70 a 79,NA,14971,769536
2009,18,Corrientes,NEA,Varón,80+,NA,5773,329851
2009,22,Chaco,NEA,Mujer,30 a 39,NA,70176,2948351
2009,22,Chaco,NEA,Mujer,40 a 49,NA,56122,2333346
2009,22,Chaco,NEA,Mujer,50 a 59,NA,43839,2043266
2009,22,Chaco,NEA,Mujer,60 a 69,NA,29532,1572788
2009,22,Chaco,NEA,Mujer,70 a 79,NA,18608,1067525
2009,22,Chaco,NEA,Mujer,80+,NA,8401,671649
2009,22,Chaco,NEA,Varón,30 a 39,NA,67545,2875168
2009,22,Chaco,NEA,Varón,40 a 49,NA,54258,2226600
2009,22,Chaco,NEA,Varón,50 a 59,NA,44029,1896227
2009,22,Chaco,NEA,Varón,60 a 69,NA,27499,1360347
2009,22,Chaco,NEA,Varón,70 a 79,NA,14478,769536
2009,22,Chaco,NEA,Varón,80+,NA,5009,329851
2009,26,Chubut,Patagonia Sur,Mujer,30 a 39,NA,37134,2948351
2009,26,Chubut,Patagonia Sur,Mujer,40 a 49,NA,28851,2333346
2009,26,Chubut,Patagonia Sur,Mujer,50 a 59,NA,22249,2043266
2009,26,Chubut,Patagonia Sur,Mujer,60 a 69,NA,14903,1572788
2009,26,Chubut,Patagonia Sur,Mujer,70 a 79,NA,8933,1067525
2009,26,Chubut,Patagonia Sur,Mujer,80+,NA,4316,671649
2009,26,Chubut,Patagonia Sur,Varón,30 a 39,NA,37714,2875168
2009,26,Chubut,Patagonia Sur,Varón,40 a 49,NA,28916,2226600
2009,26,Chubut,Patagonia Sur,Varón,50 a 59,NA,22322,1896227
2009,26,Chubut,Patagonia Sur,Varón,60 a 69,NA,14094,1360347
2009,26,Chubut,Patagonia Sur,Varón,70 a 79,NA,7090,769536
2009,26,Chubut,Patagonia Sur,Varón,80+,NA,2489,329851
2009,30,Entre Ríos,Centro,Mujer,30 a 39,NA,84748,2948351
2009,30,Entre Ríos,Centro,Mujer,40 a 49,NA,70811,2333346
2009,30,Entre Ríos,Centro,Mujer,50 a 59,NA,61311,2043266
2009,30,Entre Ríos,Centro,Mujer,60 a 69,NA,47999,1572788
2009,30,Entre Ríos,Centro,Mujer,70 a 79,NA,33634,1067525
2009,30,Entre Ríos,Centro,Mujer,80+,NA,18919,671649
2009,30,Entre Ríos,Centro,Varón,30 a 39,NA,83848,2875168
2009,30,Entre Ríos,Centro,Varón,40 a 49,NA,68540,2226600
2009,30,Entre Ríos,Centro,Varón,50 a 59,NA,58422,1896227
2009,30,Entre Ríos,Centro,Varón,60 a 69,NA,42065,1360347
2009,30,Entre Ríos,Centro,Varón,70 a 79,NA,23192,769536
2009,30,Entre Ríos,Centro,Varón,80+,NA,8691,329851
2009,34,Formosa,NEA,Mujer,30 a 39,NA,34870,2948351
2009,34,Formosa,NEA,Mujer,40 a 49,NA,28503,2333346
2009,34,Formosa,NEA,Mujer,50 a 59,NA,21797,2043266
2009,34,Formosa,NEA,Mujer,60 a 69,NA,14297,1572788
2009,34,Formosa,NEA,Mujer,70 a 79,NA,8480,1067525
2009,34,Formosa,NEA,Mujer,80+,NA,3713,671649
2009,34,Formosa,NEA,Varón,30 a 39,NA,33107,2875168
2009,34,Formosa,NEA,Varón,40 a 49,NA,28158,2226600
2009,34,Formosa,NEA,Varón,50 a 59,NA,22147,1896227
2009,34,Formosa,NEA,Varón,60 a 69,NA,14166,1360347
2009,34,Formosa,NEA,Varón,70 a 79,NA,7779,769536
2009,34,Formosa,NEA,Varón,80+,NA,2834,329851
2009,38,Jujuy,NOA1,Mujer,30 a 39,NA,47477,2948351
2009,38,Jujuy,NOA1,Mujer,40 a 49,NA,35964,2333346
2009,38,Jujuy,NOA1,Mujer,50 a 59,NA,28741,2043266
2009,38,Jujuy,NOA1,Mujer,60 a 69,NA,19810,1572788
2009,38,Jujuy,NOA1,Mujer,70 a 79,NA,11482,1067525
2009,38,Jujuy,NOA1,Mujer,80+,NA,4989,671649
2009,38,Jujuy,NOA1,Varón,30 a 39,NA,45788,2875168
2009,38,Jujuy,NOA1,Varón,40 a 49,NA,33278,2226600
2009,38,Jujuy,NOA1,Varón,50 a 59,NA,26458,1896227
2009,38,Jujuy,NOA1,Varón,60 a 69,NA,17936,1360347
2009,38,Jujuy,NOA1,Varón,70 a 79,NA,9701,769536
2009,38,Jujuy,NOA1,Varón,80+,NA,3177,329851
2009,42,La Pampa,Patagonia Norte,Mujer,30 a 39,NA,22258,2948351
2009,42,La Pampa,Patagonia Norte,Mujer,40 a 49,NA,19139,2333346
2009,42,La Pampa,Patagonia Norte,Mujer,50 a 59,NA,16250,2043266
2009,42,La Pampa,Patagonia Norte,Mujer,60 a 69,NA,12913,1572788
2009,42,La Pampa,Patagonia Norte,Mujer,70 a 79,NA,8823,1067525
2009,42,La Pampa,Patagonia Norte,Mujer,80+,NA,5112,671649
2009,42,La Pampa,Patagonia Norte,Varón,30 a 39,NA,22294,2875168
2009,42,La Pampa,Patagonia Norte,Varón,40 a 49,NA,19081,2226600
2009,42,La Pampa,Patagonia Norte,Varón,50 a 59,NA,16460,1896227
2009,42,La Pampa,Patagonia Norte,Varón,60 a 69,NA,12364,1360347
2009,42,La Pampa,Patagonia Norte,Varón,70 a 79,NA,7025,769536
2009,42,La Pampa,Patagonia Norte,Varón,80+,NA,2779,329851
2009,46,La Rioja,Cuyo,Mujer,30 a 39,NA,23633,2948351
2009,46,La Rioja,Cuyo,Mujer,40 a 49,NA,17826,2333346
2009,46,La Rioja,Cuyo,Mujer,50 a 59,NA,13808,2043266
2009,46,La Rioja,Cuyo,Mujer,60 a 69,NA,9412,1572788
2009,46,La Rioja,Cuyo,Mujer,70 a 79,NA,5859,1067525
2009,46,La Rioja,Cuyo,Mujer,80+,NA,2975,671649
2009,46,La Rioja,Cuyo,Varón,30 a 39,NA,23550,2875168
2009,46,La Rioja,Cuyo,Varón,40 a 49,NA,17906,2226600
2009,46,La Rioja,Cuyo,Varón,50 a 59,NA,14077,1896227
2009,46,La Rioja,Cuyo,Varón,60 a 69,NA,8941,1360347
2009,46,La Rioja,Cuyo,Varón,70 a 79,NA,4657,769536
2009,46,La Rioja,Cuyo,Varón,80+,NA,1804,329851
2009,50,Mendoza,Cuyo,Mujer,30 a 39,NA,120344,2948351
2009,50,Mendoza,Cuyo,Mujer,40 a 49,NA,97808,2333346
2009,50,Mendoza,Cuyo,Mujer,50 a 59,NA,87684,2043266
2009,50,Mendoza,Cuyo,Mujer,60 a 69,NA,68711,1572788
2009,50,Mendoza,Cuyo,Mujer,70 a 79,NA,45392,1067525
2009,50,Mendoza,Cuyo,Mujer,80+,NA,23700,671649
2009,50,Mendoza,Cuyo,Varón,30 a 39,NA,116353,2875168
2009,50,Mendoza,Cuyo,Varón,40 a 49,NA,91039,2226600
2009,50,Mendoza,Cuyo,Varón,50 a 59,NA,79485,1896227
2009,50,Mendoza,Cuyo,Varón,60 a 69,NA,59180,1360347
2009,50,Mendoza,Cuyo,Varón,70 a 79,NA,34161,769536
2009,50,Mendoza,Cuyo,Varón,80+,NA,13291,329851
2009,54,Misiones,NEA,Mujer,30 a 39,NA,70372,2948351
2009,54,Misiones,NEA,Mujer,40 a 49,NA,56115,2333346
2009,54,Misiones,NEA,Mujer,50 a 59,NA,41310,2043266
2009,54,Misiones,NEA,Mujer,60 a 69,NA,27059,1572788
2009,54,Misiones,NEA,Mujer,70 a 79,NA,16052,1067525
2009,54,Misiones,NEA,Mujer,80+,NA,6955,671649
2009,54,Misiones,NEA,Varón,30 a 39,NA,68662,2875168
2009,54,Misiones,NEA,Varón,40 a 49,NA,55847,2226600
2009,54,Misiones,NEA,Varón,50 a 59,NA,42723,1896227
2009,54,Misiones,NEA,Varón,60 a 69,NA,26842,1360347
2009,54,Misiones,NEA,Varón,70 a 79,NA,14156,769536
2009,54,Misiones,NEA,Varón,80+,NA,4849,329851
2009,58,Neuquén,Patagonia Norte,Mujer,30 a 39,NA,42929,2948351
2009,58,Neuquén,Patagonia Norte,Mujer,40 a 49,NA,33590,2333346
2009,58,Neuquén,Patagonia Norte,Mujer,50 a 59,NA,24485,2043266
2009,58,Neuquén,Patagonia Norte,Mujer,60 a 69,NA,15149,1572788
2009,58,Neuquén,Patagonia Norte,Mujer,70 a 79,NA,8378,1067525
2009,58,Neuquén,Patagonia Norte,Mujer,80+,NA,3974,671649
2009,58,Neuquén,Patagonia Norte,Varón,30 a 39,NA,42044,2875168
2009,58,Neuquén,Patagonia Norte,Varón,40 a 49,NA,32427,2226600
2009,58,Neuquén,Patagonia Norte,Varón,50 a 59,NA,24267,1896227
2009,58,Neuquén,Patagonia Norte,Varón,60 a 69,NA,14566,1360347
2009,58,Neuquén,Patagonia Norte,Varón,70 a 79,NA,6804,769536
2009,58,Neuquén,Patagonia Norte,Varón,80+,NA,2281,329851
2009,62,Río Negro,Patagonia Norte,Mujer,30 a 39,NA,46347,2948351
2009,62,Río Negro,Patagonia Norte,Mujer,40 a 49,NA,37942,2333346
2009,62,Río Negro,Patagonia Norte,Mujer,50 a 59,NA,30118,2043266
2009,62,Río Negro,Patagonia Norte,Mujer,60 a 69,NA,21029,1572788
2009,62,Río Negro,Patagonia Norte,Mujer,70 a 79,NA,12582,1067525
2009,62,Río Negro,Patagonia Norte,Mujer,80+,NA,6335,671649
2009,62,Río Negro,Patagonia Norte,Varón,30 a 39,NA,45269,2875168
2009,62,Río Negro,Patagonia Norte,Varón,40 a 49,NA,36806,2226600
2009,62,Río Negro,Patagonia Norte,Varón,50 a 59,NA,29765,1896227
2009,62,Río Negro,Patagonia Norte,Varón,60 a 69,NA,20184,1360347
2009,62,Río Negro,Patagonia Norte,Varón,70 a 79,NA,10582,769536
2009,62,Río Negro,Patagonia Norte,Varón,80+,NA,3811,329851
2009,66,Salta,NOA1,Mujer,30 a 39,NA,82022,2948351
2009,66,Salta,NOA1,Mujer,40 a 49,NA,62122,2333346
2009,66,Salta,NOA1,Mujer,50 a 59,NA,48542,2043266
2009,66,Salta,NOA1,Mujer,60 a 69,NA,33502,1572788
2009,66,Salta,NOA1,Mujer,70 a 79,NA,20135,1067525
2009,66,Salta,NOA1,Mujer,80+,NA,9400,671649
2009,66,Salta,NOA1,Varón,30 a 39,NA,78530,2875168
2009,66,Salta,NOA1,Varón,40 a 49,NA,59639,2226600
2009,66,Salta,NOA1,Varón,50 a 59,NA,46135,1896227
2009,66,Salta,NOA1,Varón,60 a 69,NA,30885,1360347
2009,66,Salta,NOA1,Varón,70 a 79,NA,17050,769536
2009,66,Salta,NOA1,Varón,80+,NA,6075,329851
2009,70,San Juan,Cuyo,Mujer,30 a 39,NA,46797,2948351
2009,70,San Juan,Cuyo,Mujer,40 a 49,NA,37500,2333346
2009,70,San Juan,Cuyo,Mujer,50 a 59,NA,32895,2043266
2009,70,San Juan,Cuyo,Mujer,60 a 69,NA,24857,1572788
2009,70,San Juan,Cuyo,Mujer,70 a 79,NA,15127,1067525
2009,70,San Juan,Cuyo,Mujer,80+,NA,6933,671649
2009,70,San Juan,Cuyo,Varón,30 a 39,NA,45921,2875168
2009,70,San Juan,Cuyo,Varón,40 a 49,NA,34969,2226600
2009,70,San Juan,Cuyo,Varón,50 a 59,NA,29538,1896227
2009,70,San Juan,Cuyo,Varón,60 a 69,NA,21229,1360347
2009,70,San Juan,Cuyo,Varón,70 a 79,NA,11380,769536
2009,70,San Juan,Cuyo,Varón,80+,NA,4030,329851
2009,74,San Luis,Cuyo,Mujer,30 a 39,NA,30128,2948351
2009,74,San Luis,Cuyo,Mujer,40 a 49,NA,24082,2333346
2009,74,San Luis,Cuyo,Mujer,50 a 59,NA,19889,2043266
2009,74,San Luis,Cuyo,Mujer,60 a 69,NA,14714,1572788
2009,74,San Luis,Cuyo,Mujer,70 a 79,NA,9109,1067525
2009,74,San Luis,Cuyo,Mujer,80+,NA,4685,671649
2009,74,San Luis,Cuyo,Varón,30 a 39,NA,30397,2875168
2009,74,San Luis,Cuyo,Varón,40 a 49,NA,24177,2226600
2009,74,San Luis,Cuyo,Varón,50 a 59,NA,19649,1896227
2009,74,San Luis,Cuyo,Varón,60 a 69,NA,13707,1360347
2009,74,San Luis,Cuyo,Varón,70 a 79,NA,7169,769536
2009,74,San Luis,Cuyo,Varón,80+,NA,2548,329851
2009,78,Santa Cruz,Patagonia Sur,Mujer,30 a 39,NA,19729,2948351
2009,78,Santa Cruz,Patagonia Sur,Mujer,40 a 49,NA,14464,2333346
2009,78,Santa Cruz,Patagonia Sur,Mujer,50 a 59,NA,9866,2043266
2009,78,Santa Cruz,Patagonia Sur,Mujer,60 a 69,NA,6108,1572788
2009,78,Santa Cruz,Patagonia Sur,Mujer,70 a 79,NA,3198,1067525
2009,78,Santa Cruz,Patagonia Sur,Mujer,80+,NA,1268,671649
2009,78,Santa Cruz,Patagonia Sur,Varón,30 a 39,NA,21208,2875168
2009,78,Santa Cruz,Patagonia Sur,Varón,40 a 49,NA,15803,2226600
2009,78,Santa Cruz,Patagonia Sur,Varón,50 a 59,NA,10989,1896227
2009,78,Santa Cruz,Patagonia Sur,Varón,60 a 69,NA,6161,1360347
2009,78,Santa Cruz,Patagonia Sur,Varón,70 a 79,NA,2871,769536
2009,78,Santa Cruz,Patagonia Sur,Varón,80+,NA,826,329851
2009,82,Santa Fe,Centro,Mujer,30 a 39,NA,225794,2948351
2009,82,Santa Fe,Centro,Mujer,40 a 49,NA,186410,2333346
2009,82,Santa Fe,Centro,Mujer,50 a 59,NA,167464,2043266
2009,82,Santa Fe,Centro,Mujer,60 a 69,NA,135838,1572788
2009,82,Santa Fe,Centro,Mujer,70 a 79,NA,101039,1067525
2009,82,Santa Fe,Centro,Mujer,80+,NA,62226,671649
2009,82,Santa Fe,Centro,Varón,30 a 39,NA,222866,2875168
2009,82,Santa Fe,Centro,Varón,40 a 49,NA,178914,2226600
2009,82,Santa Fe,Centro,Varón,50 a 59,NA,156151,1896227
2009,82,Santa Fe,Centro,Varón,60 a 69,NA,115462,1360347
2009,82,Santa Fe,Centro,Varón,70 a 79,NA,69828,769536
2009,82,Santa Fe,Centro,Varón,80+,NA,28896,329851
2009,86,Santiago del Estero,NOA2,Mujer,30 a 39,NA,56397,2948351
2009,86,Santiago del Estero,NOA2,Mujer,40 a 49,NA,42071,2333346
2009,86,Santiago del Estero,NOA2,Mujer,50 a 59,NA,34748,2043266
2009,86,Santiago del Estero,NOA2,Mujer,60 a 69,NA,25172,1572788
2009,86,Santiago del Estero,NOA2,Mujer,70 a 79,NA,16459,1067525
2009,86,Santiago del Estero,NOA2,Mujer,80+,NA,8652,671649
2009,86,Santiago del Estero,NOA2,Varón,30 a 39,NA,55899,2875168
2009,86,Santiago del Estero,NOA2,Varón,40 a 49,NA,42786,2226600
2009,86,Santiago del Estero,NOA2,Varón,50 a 59,NA,35585,1896227
2009,86,Santiago del Estero,NOA2,Varón,60 a 69,NA,24168,1360347
2009,86,Santiago del Estero,NOA2,Varón,70 a 79,NA,13250,769536
2009,86,Santiago del Estero,NOA2,Varón,80+,NA,5225,329851
2009,90,Tucumán,NOA1,Mujer,30 a 39,NA,100911,2948351
2009,90,Tucumán,NOA1,Mujer,40 a 49,NA,77768,2333346
2009,90,Tucumán,NOA1,Mujer,50 a 59,NA,67941,2043266
2009,90,Tucumán,NOA1,Mujer,60 a 69,NA,47257,1572788
2009,90,Tucumán,NOA1,Mujer,70 a 79,NA,30220,1067525
2009,90,Tucumán,NOA1,Mujer,80+,NA,14871,671649
2009,90,Tucumán,NOA1,Varón,30 a 39,NA,98196,2875168
2009,90,Tucumán,NOA1,Varón,40 a 49,NA,73587,2226600
2009,90,Tucumán,NOA1,Varón,50 a 59,NA,64462,1896227
2009,90,Tucumán,NOA1,Varón,60 a 69,NA,42154,1360347
2009,90,Tucumán,NOA1,Varón,70 a 79,NA,22407,769536
2009,90,Tucumán,NOA1,Varón,80+,NA,8534,329851
2009,94,Tierra del Fuego,Patagonia Sur,Mujer,30 a 39,NA,10168,2948351
2009,94,Tierra del Fuego,Patagonia Sur,Mujer,40 a 49,NA,8209,2333346
2009,94,Tierra del Fuego,Patagonia Sur,Mujer,50 a 59,NA,4818,2043266
2009,94,Tierra del Fuego,Patagonia Sur,Mujer,60 a 69,NA,2318,1572788
2009,94,Tierra del Fuego,Patagonia Sur,Mujer,70 a 79,NA,1066,1067525
2009,94,Tierra del Fuego,Patagonia Sur,Mujer,80+,NA,359,671649
2009,94,Tierra del Fuego,Patagonia Sur,Varón,30 a 39,NA,10585,2875168
2009,94,Tierra del Fuego,Patagonia Sur,Varón,40 a 49,NA,8719,2226600
2009,94,Tierra del Fuego,Patagonia Sur,Varón,50 a 59,NA,5534,1896227
2009,94,Tierra del Fuego,Patagonia Sur,Varón,60 a 69,NA,2360,1360347
2009,94,Tierra del Fuego,Patagonia Sur,Varón,70 a 79,NA,877,769536
2009,94,Tierra del Fuego,Patagonia Sur,Varón,80+,NA,211,329851
2010,02,CABA,Centro,Mujer,30 a 39,236079,NA,2948351
2010,02,CABA,Centro,Mujer,40 a 49,185857,NA,2333346
2010,02,CABA,Centro,Mujer,50 a 59,181273,NA,2043266
2010,02,CABA,Centro,Mujer,60 a 69,159298,NA,1572788
2010,02,CABA,Centro,Mujer,70 a 79,121928,NA,1067525
2010,02,CABA,Centro,Mujer,80+,101710,NA,671649
2010,02,CABA,Centro,Varón,30 a 39,222466,NA,2875168
2010,02,CABA,Centro,Varón,40 a 49,164611,NA,2226600
2010,02,CABA,Centro,Varón,50 a 59,146892,NA,1896227
2010,02,CABA,Centro,Varón,60 a 69,116896,NA,1360347
2010,02,CABA,Centro,Varón,70 a 79,75226,NA,769536
2010,02,CABA,Centro,Varón,80+,43137,NA,329851
2010,06,Buenos Aires,Centro,Mujer,30 a 39,1148888,NA,2948351
2010,06,Buenos Aires,Centro,Mujer,40 a 49,927339,NA,2333346
2010,06,Buenos Aires,Centro,Mujer,50 a 59,811446,NA,2043266
2010,06,Buenos Aires,Centro,Mujer,60 a 69,635955,NA,1572788
2010,06,Buenos Aires,Centro,Mujer,70 a 79,436264,NA,1067525
2010,06,Buenos Aires,Centro,Mujer,80+,273339,NA,671649
2010,06,Buenos Aires,Centro,Varón,30 a 39,1126881,NA,2875168
2010,06,Buenos Aires,Centro,Varón,40 a 49,887183,NA,2226600
2010,06,Buenos Aires,Centro,Varón,50 a 59,749592,NA,1896227
2010,06,Buenos Aires,Centro,Varón,60 a 69,547287,NA,1360347
2010,06,Buenos Aires,Centro,Varón,70 a 79,311545,NA,769536
2010,06,Buenos Aires,Centro,Varón,80+,131209,NA,329851
2010,10,Catamarca,NOA2,Mujer,30 a 39,27059,NA,2948351
2010,10,Catamarca,NOA2,Mujer,40 a 49,19839,NA,2333346
2010,10,Catamarca,NOA2,Mujer,50 a 59,16648,NA,2043266
2010,10,Catamarca,NOA2,Mujer,60 a 69,11676,NA,1572788
2010,10,Catamarca,NOA2,Mujer,70 a 79,7390,NA,1067525
2010,10,Catamarca,NOA2,Mujer,80+,4389,NA,671649
2010,10,Catamarca,NOA2,Varón,30 a 39,26979,NA,2875168
2010,10,Catamarca,NOA2,Varón,40 a 49,19917,NA,2226600
2010,10,Catamarca,NOA2,Varón,50 a 59,16734,NA,1896227
2010,10,Catamarca,NOA2,Varón,60 a 69,10994,NA,1360347
2010,10,Catamarca,NOA2,Varón,70 a 79,5693,NA,769536
2010,10,Catamarca,NOA2,Varón,80+,2409,NA,329851
2010,14,Córdoba,Centro,Mujer,30 a 39,241886,NA,2948351
2010,14,Córdoba,Centro,Mujer,40 a 49,194566,NA,2333346
2010,14,Córdoba,Centro,Mujer,50 a 59,173796,NA,2043266
2010,14,Córdoba,Centro,Mujer,60 a 69,142743,NA,1572788
2010,14,Córdoba,Centro,Mujer,70 a 79,97928,NA,1067525
2010,14,Córdoba,Centro,Mujer,80+,60672,NA,671649
2010,14,Córdoba,Centro,Varón,30 a 39,238386,NA,2875168
2010,14,Córdoba,Centro,Varón,40 a 49,185136,NA,2226600
2010,14,Córdoba,Centro,Varón,50 a 59,159777,NA,1896227
2010,14,Córdoba,Centro,Varón,60 a 69,121542,NA,1360347
2010,14,Córdoba,Centro,Varón,70 a 79,70161,NA,769536
2010,14,Córdoba,Centro,Varón,80+,29155,NA,329851
2010,18,Corrientes,NEA,Mujer,30 a 39,68400,NA,2948351
2010,18,Corrientes,NEA,Mujer,40 a 49,55919,NA,2333346
2010,18,Corrientes,NEA,Mujer,50 a 59,46871,NA,2043266
2010,18,Corrientes,NEA,Mujer,60 a 69,32062,NA,1572788
2010,18,Corrientes,NEA,Mujer,70 a 79,20508,NA,1067525
2010,18,Corrientes,NEA,Mujer,80+,10929,NA,671649
2010,18,Corrientes,NEA,Varón,30 a 39,64105,NA,2875168
2010,18,Corrientes,NEA,Varón,40 a 49,52960,NA,2226600
2010,18,Corrientes,NEA,Varón,50 a 59,45808,NA,1896227
2010,18,Corrientes,NEA,Varón,60 a 69,30149,NA,1360347
2010,18,Corrientes,NEA,Varón,70 a 79,15473,NA,769536
2010,18,Corrientes,NEA,Varón,80+,6201,NA,329851
2010,22,Chaco,NEA,Mujer,30 a 39,72859,NA,2948351
2010,22,Chaco,NEA,Mujer,40 a 49,57024,NA,2333346
2010,22,Chaco,NEA,Mujer,50 a 59,46895,NA,2043266
2010,22,Chaco,NEA,Mujer,60 a 69,30197,NA,1572788
2010,22,Chaco,NEA,Mujer,70 a 79,19348,NA,1067525
2010,22,Chaco,NEA,Mujer,80+,9522,NA,671649
2010,22,Chaco,NEA,Varón,30 a 39,69372,NA,2875168
2010,22,Chaco,NEA,Varón,40 a 49,54585,NA,2226600
2010,22,Chaco,NEA,Varón,50 a 59,46393,NA,1896227
2010,22,Chaco,NEA,Varón,60 a 69,28363,NA,1360347
2010,22,Chaco,NEA,Varón,70 a 79,14901,NA,769536
2010,22,Chaco,NEA,Varón,80+,5387,NA,329851
2010,26,Chubut,Patagonia Sur,Mujer,30 a 39,39840,NA,2948351
2010,26,Chubut,Patagonia Sur,Mujer,40 a 49,29772,NA,2333346
2010,26,Chubut,Patagonia Sur,Mujer,50 a 59,23882,NA,2043266
2010,26,Chubut,Patagonia Sur,Mujer,60 a 69,15826,NA,1572788
2010,26,Chubut,Patagonia Sur,Mujer,70 a 79,9450,NA,1067525
2010,26,Chubut,Patagonia Sur,Mujer,80+,5019,NA,671649
2010,26,Chubut,Patagonia Sur,Varón,30 a 39,40267,NA,2875168
2010,26,Chubut,Patagonia Sur,Varón,40 a 49,29672,NA,2226600
2010,26,Chubut,Patagonia Sur,Varón,50 a 59,23664,NA,1896227
2010,26,Chubut,Patagonia Sur,Varón,60 a 69,14818,NA,1360347
2010,26,Chubut,Patagonia Sur,Varón,70 a 79,7371,NA,769536
2010,26,Chubut,Patagonia Sur,Varón,80+,2895,NA,329851
2010,30,Entre Ríos,Centro,Mujer,30 a 39,87514,NA,2948351
2010,30,Entre Ríos,Centro,Mujer,40 a 49,71491,NA,2333346
2010,30,Entre Ríos,Centro,Mujer,50 a 59,63047,NA,2043266
2010,30,Entre Ríos,Centro,Mujer,60 a 69,49040,NA,1572788
2010,30,Entre Ríos,Centro,Mujer,70 a 79,34040,NA,1067525
2010,30,Entre Ríos,Centro,Mujer,80+,20414,NA,671649
2010,30,Entre Ríos,Centro,Varón,30 a 39,85955,NA,2875168
2010,30,Entre Ríos,Centro,Varón,40 a 49,69152,NA,2226600
2010,30,Entre Ríos,Centro,Varón,50 a 59,59561,NA,1896227
2010,30,Entre Ríos,Centro,Varón,60 a 69,43292,NA,1360347
2010,30,Entre Ríos,Centro,Varón,70 a 79,23658,NA,769536
2010,30,Entre Ríos,Centro,Varón,80+,9110,NA,329851
2010,34,Formosa,NEA,Mujer,30 a 39,36130,NA,2948351
2010,34,Formosa,NEA,Mujer,40 a 49,29285,NA,2333346
2010,34,Formosa,NEA,Mujer,50 a 59,23824,NA,2043266
2010,34,Formosa,NEA,Mujer,60 a 69,15229,NA,1572788
2010,34,Formosa,NEA,Mujer,70 a 79,9104,NA,1067525
2010,34,Formosa,NEA,Mujer,80+,4395,NA,671649
2010,34,Formosa,NEA,Varón,30 a 39,33863,NA,2875168
2010,34,Formosa,NEA,Varón,40 a 49,28734,NA,2226600
2010,34,Formosa,NEA,Varón,50 a 59,23753,NA,1896227
2010,34,Formosa,NEA,Varón,60 a 69,15005,NA,1360347
2010,34,Formosa,NEA,Varón,70 a 79,8277,NA,769536
2010,34,Formosa,NEA,Varón,80+,3182,NA,329851
2010,38,Jujuy,NOA1,Mujer,30 a 39,50276,NA,2948351
2010,38,Jujuy,NOA1,Mujer,40 a 49,36662,NA,2333346
2010,38,Jujuy,NOA1,Mujer,50 a 59,30305,NA,2043266
2010,38,Jujuy,NOA1,Mujer,60 a 69,20904,NA,1572788
2010,38,Jujuy,NOA1,Mujer,70 a 79,12149,NA,1067525
2010,38,Jujuy,NOA1,Mujer,80+,5755,NA,671649
2010,38,Jujuy,NOA1,Varón,30 a 39,48444,NA,2875168
2010,38,Jujuy,NOA1,Varón,40 a 49,33957,NA,2226600
2010,38,Jujuy,NOA1,Varón,50 a 59,27572,NA,1896227
2010,38,Jujuy,NOA1,Varón,60 a 69,18701,NA,1360347
2010,38,Jujuy,NOA1,Varón,70 a 79,10165,NA,769536
2010,38,Jujuy,NOA1,Varón,80+,3646,NA,329851
2010,42,La Pampa,Patagonia Norte,Mujer,30 a 39,22759,NA,2948351
2010,42,La Pampa,Patagonia Norte,Mujer,40 a 49,19422,NA,2333346
2010,42,La Pampa,Patagonia Norte,Mujer,50 a 59,16594,NA,2043266
2010,42,La Pampa,Patagonia Norte,Mujer,60 a 69,13333,NA,1572788
2010,42,La Pampa,Patagonia Norte,Mujer,70 a 79,9000,NA,1067525
2010,42,La Pampa,Patagonia Norte,Mujer,80+,5636,NA,671649
2010,42,La Pampa,Patagonia Norte,Varón,30 a 39,22690,NA,2875168
2010,42,La Pampa,Patagonia Norte,Varón,40 a 49,19218,NA,2226600
2010,42,La Pampa,Patagonia Norte,Varón,50 a 59,16721,NA,1896227
2010,42,La Pampa,Patagonia Norte,Varón,60 a 69,12709,NA,1360347
2010,42,La Pampa,Patagonia Norte,Varón,70 a 79,7219,NA,769536
2010,42,La Pampa,Patagonia Norte,Varón,80+,2983,NA,329851
2010,46,La Rioja,Cuyo,Mujer,30 a 39,25216,NA,2948351
2010,46,La Rioja,Cuyo,Mujer,40 a 49,18410,NA,2333346
2010,46,La Rioja,Cuyo,Mujer,50 a 59,14788,NA,2043266
2010,46,La Rioja,Cuyo,Mujer,60 a 69,9898,NA,1572788
2010,46,La Rioja,Cuyo,Mujer,70 a 79,6094,NA,1067525
2010,46,La Rioja,Cuyo,Mujer,80+,3380,NA,671649
2010,46,La Rioja,Cuyo,Varón,30 a 39,24770,NA,2875168
2010,46,La Rioja,Cuyo,Varón,40 a 49,18365,NA,2226600
2010,46,La Rioja,Cuyo,Varón,50 a 59,14992,NA,1896227
2010,46,La Rioja,Cuyo,Varón,60 a 69,9589,NA,1360347
2010,46,La Rioja,Cuyo,Varón,70 a 79,4781,NA,769536
2010,46,La Rioja,Cuyo,Varón,80+,1961,NA,329851
2010,50,Mendoza,Cuyo,Mujer,30 a 39,125410,NA,2948351
2010,50,Mendoza,Cuyo,Mujer,40 a 49,98351,NA,2333346
2010,50,Mendoza,Cuyo,Mujer,50 a 59,89524,NA,2043266
2010,50,Mendoza,Cuyo,Mujer,60 a 69,71371,NA,1572788
2010,50,Mendoza,Cuyo,Mujer,70 a 79,46000,NA,1067525
2010,50,Mendoza,Cuyo,Mujer,80+,26795,NA,671649
2010,50,Mendoza,Cuyo,Varón,30 a 39,121617,NA,2875168
2010,50,Mendoza,Cuyo,Varón,40 a 49,91765,NA,2226600
2010,50,Mendoza,Cuyo,Varón,50 a 59,81164,NA,1896227
2010,50,Mendoza,Cuyo,Varón,60 a 69,61455,NA,1360347
2010,50,Mendoza,Cuyo,Varón,70 a 79,34677,NA,769536
2010,50,Mendoza,Cuyo,Varón,80+,14861,NA,329851
2010,54,Misiones,NEA,Mujer,30 a 39,73199,NA,2948351
2010,54,Misiones,NEA,Mujer,40 a 49,57850,NA,2333346
2010,54,Misiones,NEA,Mujer,50 a 59,45071,NA,2043266
2010,54,Misiones,NEA,Mujer,60 a 69,28340,NA,1572788
2010,54,Misiones,NEA,Mujer,70 a 79,17107,NA,1067525
2010,54,Misiones,NEA,Mujer,80+,7965,NA,671649
2010,54,Misiones,NEA,Varón,30 a 39,70912,NA,2875168
2010,54,Misiones,NEA,Varón,40 a 49,56999,NA,2226600
2010,54,Misiones,NEA,Varón,50 a 59,46123,NA,1896227
2010,54,Misiones,NEA,Varón,60 a 69,28054,NA,1360347
2010,54,Misiones,NEA,Varón,70 a 79,14890,NA,769536
2010,54,Misiones,NEA,Varón,80+,5466,NA,329851
2010,58,Neuquén,Patagonia Norte,Mujer,30 a 39,45041,NA,2948351
2010,58,Neuquén,Patagonia Norte,Mujer,40 a 49,34847,NA,2333346
2010,58,Neuquén,Patagonia Norte,Mujer,50 a 59,26677,NA,2043266
2010,58,Neuquén,Patagonia Norte,Mujer,60 a 69,16656,NA,1572788
2010,58,Neuquén,Patagonia Norte,Mujer,70 a 79,9002,NA,1067525
2010,58,Neuquén,Patagonia Norte,Mujer,80+,4648,NA,671649
2010,58,Neuquén,Patagonia Norte,Varón,30 a 39,43939,NA,2875168
2010,58,Neuquén,Patagonia Norte,Varón,40 a 49,33300,NA,2226600
2010,58,Neuquén,Patagonia Norte,Varón,50 a 59,25989,NA,1896227
2010,58,Neuquén,Patagonia Norte,Varón,60 a 69,15937,NA,1360347
2010,58,Neuquén,Patagonia Norte,Varón,70 a 79,7371,NA,769536
2010,58,Neuquén,Patagonia Norte,Varón,80+,2663,NA,329851
2010,62,Río Negro,Patagonia Norte,Mujer,30 a 39,48271,NA,2948351
2010,62,Río Negro,Patagonia Norte,Mujer,40 a 49,38720,NA,2333346
2010,62,Río Negro,Patagonia Norte,Mujer,50 a 59,31683,NA,2043266
2010,62,Río Negro,Patagonia Norte,Mujer,60 a 69,22299,NA,1572788
2010,62,Río Negro,Patagonia Norte,Mujer,70 a 79,13149,NA,1067525
2010,62,Río Negro,Patagonia Norte,Mujer,80+,7326,NA,671649
2010,62,Río Negro,Patagonia Norte,Varón,30 a 39,47076,NA,2875168
2010,62,Río Negro,Patagonia Norte,Varón,40 a 49,37436,NA,2226600
2010,62,Río Negro,Patagonia Norte,Varón,50 a 59,30913,NA,1896227
2010,62,Río Negro,Patagonia Norte,Varón,60 a 69,21326,NA,1360347
2010,62,Río Negro,Patagonia Norte,Varón,70 a 79,11056,NA,769536
2010,62,Río Negro,Patagonia Norte,Varón,80+,4361,NA,329851
2010,66,Salta,NOA1,Mujer,30 a 39,86456,NA,2948351
2010,66,Salta,NOA1,Mujer,40 a 49,63821,NA,2333346
2010,66,Salta,NOA1,Mujer,50 a 59,51141,NA,2043266
2010,66,Salta,NOA1,Mujer,60 a 69,35343,NA,1572788
2010,66,Salta,NOA1,Mujer,70 a 79,21135,NA,1067525
2010,66,Salta,NOA1,Mujer,80+,10795,NA,671649
2010,66,Salta,NOA1,Varón,30 a 39,81823,NA,2875168
2010,66,Salta,NOA1,Varón,40 a 49,61078,NA,2226600
2010,66,Salta,NOA1,Varón,50 a 59,48303,NA,1896227
2010,66,Salta,NOA1,Varón,60 a 69,32303,NA,1360347
2010,66,Salta,NOA1,Varón,70 a 79,17844,NA,769536
2010,66,Salta,NOA1,Varón,80+,6793,NA,329851
2010,70,San Juan,Cuyo,Mujer,30 a 39,48706,NA,2948351
2010,70,San Juan,Cuyo,Mujer,40 a 49,37731,NA,2333346
2010,70,San Juan,Cuyo,Mujer,50 a 59,33620,NA,2043266
2010,70,San Juan,Cuyo,Mujer,60 a 69,25952,NA,1572788
2010,70,San Juan,Cuyo,Mujer,70 a 79,15390,NA,1067525
2010,70,San Juan,Cuyo,Mujer,80+,7860,NA,671649
2010,70,San Juan,Cuyo,Varón,30 a 39,48157,NA,2875168
2010,70,San Juan,Cuyo,Varón,40 a 49,35454,NA,2226600
2010,70,San Juan,Cuyo,Varón,50 a 59,30064,NA,1896227
2010,70,San Juan,Cuyo,Varón,60 a 69,22262,NA,1360347
2010,70,San Juan,Cuyo,Varón,70 a 79,11510,NA,769536
2010,70,San Juan,Cuyo,Varón,80+,4512,NA,329851
2010,74,San Luis,Cuyo,Mujer,30 a 39,32029,NA,2948351
2010,74,San Luis,Cuyo,Mujer,40 a 49,24863,NA,2333346
2010,74,San Luis,Cuyo,Mujer,50 a 59,20990,NA,2043266
2010,74,San Luis,Cuyo,Mujer,60 a 69,15775,NA,1572788
2010,74,San Luis,Cuyo,Mujer,70 a 79,9507,NA,1067525
2010,74,San Luis,Cuyo,Mujer,80+,5366,NA,671649
2010,74,San Luis,Cuyo,Varón,30 a 39,31792,NA,2875168
2010,74,San Luis,Cuyo,Varón,40 a 49,24976,NA,2226600
2010,74,San Luis,Cuyo,Varón,50 a 59,20512,NA,1896227
2010,74,San Luis,Cuyo,Varón,60 a 69,14590,NA,1360347
2010,74,San Luis,Cuyo,Varón,70 a 79,7553,NA,769536
2010,74,San Luis,Cuyo,Varón,80+,2829,NA,329851
2010,78,Santa Cruz,Patagonia Sur,Mujer,30 a 39,21647,NA,2948351
2010,78,Santa Cruz,Patagonia Sur,Mujer,40 a 49,15297,NA,2333346
2010,78,Santa Cruz,Patagonia Sur,Mujer,50 a 59,10995,NA,2043266
2010,78,Santa Cruz,Patagonia Sur,Mujer,60 a 69,6600,NA,1572788
2010,78,Santa Cruz,Patagonia Sur,Mujer,70 a 79,3512,NA,1067525
2010,78,Santa Cruz,Patagonia Sur,Mujer,80+,1495,NA,671649
2010,78,Santa Cruz,Patagonia Sur,Varón,30 a 39,23588,NA,2875168
2010,78,Santa Cruz,Patagonia Sur,Varón,40 a 49,16602,NA,2226600
2010,78,Santa Cruz,Patagonia Sur,Varón,50 a 59,12131,NA,1896227
2010,78,Santa Cruz,Patagonia Sur,Varón,60 a 69,6458,NA,1360347
2010,78,Santa Cruz,Patagonia Sur,Varón,70 a 79,3061,NA,769536
2010,78,Santa Cruz,Patagonia Sur,Varón,80+,984,NA,329851
2010,82,Santa Fe,Centro,Mujer,30 a 39,233915,NA,2948351
2010,82,Santa Fe,Centro,Mujer,40 a 49,187158,NA,2333346
2010,82,Santa Fe,Centro,Mujer,50 a 59,170349,NA,2043266
2010,82,Santa Fe,Centro,Mujer,60 a 69,136948,NA,1572788
2010,82,Santa Fe,Centro,Mujer,70 a 79,100858,NA,1067525
2010,82,Santa Fe,Centro,Mujer,80+,67309,NA,671649
2010,82,Santa Fe,Centro,Varón,30 a 39,229648,NA,2875168
2010,82,Santa Fe,Centro,Varón,40 a 49,179642,NA,2226600
2010,82,Santa Fe,Centro,Varón,50 a 59,158752,NA,1896227
2010,82,Santa Fe,Centro,Varón,60 a 69,116654,NA,1360347
2010,82,Santa Fe,Centro,Varón,70 a 79,69911,NA,769536
2010,82,Santa Fe,Centro,Varón,80+,30934,NA,329851
2010,86,Santiago del Estero,NOA2,Mujer,30 a 39,59949,NA,2948351
2010,86,Santiago del Estero,NOA2,Mujer,40 a 49,42626,NA,2333346
2010,86,Santiago del Estero,NOA2,Mujer,50 a 59,36278,NA,2043266
2010,86,Santiago del Estero,NOA2,Mujer,60 a 69,25781,NA,1572788
2010,86,Santiago del Estero,NOA2,Mujer,70 a 79,16769,NA,1067525
2010,86,Santiago del Estero,NOA2,Mujer,80+,9462,NA,671649
2010,86,Santiago del Estero,NOA2,Varón,30 a 39,58360,NA,2875168
2010,86,Santiago del Estero,NOA2,Varón,40 a 49,43299,NA,2226600
2010,86,Santiago del Estero,NOA2,Varón,50 a 59,36907,NA,1896227
2010,86,Santiago del Estero,NOA2,Varón,60 a 69,25040,NA,1360347
2010,86,Santiago del Estero,NOA2,Varón,70 a 79,13548,NA,769536
2010,86,Santiago del Estero,NOA2,Varón,80+,5468,NA,329851
2010,90,Tucumán,NOA1,Mujer,30 a 39,106238,NA,2948351
2010,90,Tucumán,NOA1,Mujer,40 a 49,77831,NA,2333346
2010,90,Tucumán,NOA1,Mujer,50 a 59,71659,NA,2043266
2010,90,Tucumán,NOA1,Mujer,60 a 69,48885,NA,1572788
2010,90,Tucumán,NOA1,Mujer,70 a 79,30700,NA,1067525
2010,90,Tucumán,NOA1,Mujer,80+,16936,NA,671649
2010,90,Tucumán,NOA1,Varón,30 a 39,103095,NA,2875168
2010,90,Tucumán,NOA1,Varón,40 a 49,73627,NA,2226600
2010,90,Tucumán,NOA1,Varón,50 a 59,67333,NA,1896227
2010,90,Tucumán,NOA1,Varón,60 a 69,44157,NA,1360347
2010,90,Tucumán,NOA1,Varón,70 a 79,22656,NA,769536
2010,90,Tucumán,NOA1,Varón,80+,9437,NA,329851
2010,94,Tierra del Fuego,Patagonia Sur,Mujer,30 a 39,10584,NA,2948351
2010,94,Tierra del Fuego,Patagonia Sur,Mujer,40 a 49,8665,NA,2333346
2010,94,Tierra del Fuego,Patagonia Sur,Mujer,50 a 59,5910,NA,2043266
2010,94,Tierra del Fuego,Patagonia Sur,Mujer,60 a 69,2677,NA,1572788
2010,94,Tierra del Fuego,Patagonia Sur,Mujer,70 a 79,1193,NA,1067525
2010,94,Tierra del Fuego,Patagonia Sur,Mujer,80+,532,NA,671649
2010,94,Tierra del Fuego,Patagonia Sur,Varón,30 a 39,10983,NA,2875168
2010,94,Tierra del Fuego,Patagonia Sur,Varón,40 a 49,8932,NA,2226600
2010,94,Tierra del Fuego,Patagonia Sur,Varón,50 a 59,6577,NA,1896227
2010,94,Tierra del Fuego,Patagonia Sur,Varón,60 a 69,2766,NA,1360347
2010,94,Tierra del Fuego,Patagonia Sur,Varón,70 a 79,989,NA,769536
2010,94,Tierra del Fuego,Patagonia Sur,Varón,80+,268,NA,329851
2013,02,CABA,Centro,Mujer,30 a 39,240272,NA,2948351
2013,02,CABA,Centro,Mujer,40 a 49,193684,NA,2333346
2013,02,CABA,Centro,Mujer,50 a 59,179975,NA,2043266
2013,02,CABA,Centro,Mujer,60 a 69,162666,NA,1572788
2013,02,CABA,Centro,Mujer,70 a 79,123707,NA,1067525
2013,02,CABA,Centro,Mujer,80+,101073,NA,671649
2013,02,CABA,Centro,Varón,30 a 39,227679,NA,2875168
2013,02,CABA,Centro,Varón,40 a 49,174137,NA,2226600
2013,02,CABA,Centro,Varón,50 a 59,147560,NA,1896227
2013,02,CABA,Centro,Varón,60 a 69,119715,NA,1360347
2013,02,CABA,Centro,Varón,70 a 79,76815,NA,769536
2013,02,CABA,Centro,Varón,80+,43536,NA,329851
2013,06,Buenos Aires,Centro,Mujer,30 a 39,1195875,NA,2948351
2013,06,Buenos Aires,Centro,Mujer,40 a 49,973006,NA,2333346
2013,06,Buenos Aires,Centro,Mujer,50 a 59,838831,NA,2043266
2013,06,Buenos Aires,Centro,Mujer,60 a 69,681622,NA,1572788
2013,06,Buenos Aires,Centro,Mujer,70 a 79,452370,NA,1067525
2013,06,Buenos Aires,Centro,Mujer,80+,291747,NA,671649
2013,06,Buenos Aires,Centro,Varón,30 a 39,1178324,NA,2875168
2013,06,Buenos Aires,Centro,Varón,40 a 49,935008,NA,2226600
2013,06,Buenos Aires,Centro,Varón,50 a 59,776431,NA,1896227
2013,06,Buenos Aires,Centro,Varón,60 a 69,584922,NA,1360347
2013,06,Buenos Aires,Centro,Varón,70 a 79,324992,NA,769536
2013,06,Buenos Aires,Centro,Varón,80+,140751,NA,329851
2013,10,Catamarca,NOA2,Mujer,30 a 39,28335,NA,2948351
2013,10,Catamarca,NOA2,Mujer,40 a 49,21393,NA,2333346
2013,10,Catamarca,NOA2,Mujer,50 a 59,17440,NA,2043266
2013,10,Catamarca,NOA2,Mujer,60 a 69,12992,NA,1572788
2013,10,Catamarca,NOA2,Mujer,70 a 79,7841,NA,1067525
2013,10,Catamarca,NOA2,Mujer,80+,4901,NA,671649
2013,10,Catamarca,NOA2,Varón,30 a 39,28197,NA,2875168
2013,10,Catamarca,NOA2,Varón,40 a 49,21345,NA,2226600
2013,10,Catamarca,NOA2,Varón,50 a 59,17425,NA,1896227
2013,10,Catamarca,NOA2,Varón,60 a 69,12349,NA,1360347
2013,10,Catamarca,NOA2,Varón,70 a 79,6234,NA,769536
2013,10,Catamarca,NOA2,Varón,80+,2645,NA,329851
2013,14,Córdoba,Centro,Mujer,30 a 39,256118,NA,2948351
2013,14,Córdoba,Centro,Mujer,40 a 49,202309,NA,2333346
2013,14,Córdoba,Centro,Mujer,50 a 59,179037,NA,2043266
2013,14,Córdoba,Centro,Mujer,60 a 69,151861,NA,1572788
2013,14,Córdoba,Centro,Mujer,70 a 79,102568,NA,1067525
2013,14,Córdoba,Centro,Mujer,80+,64509,NA,671649
2013,14,Córdoba,Centro,Varón,30 a 39,253675,NA,2875168
2013,14,Córdoba,Centro,Varón,40 a 49,193242,NA,2226600
2013,14,Córdoba,Centro,Varón,50 a 59,165564,NA,1896227
2013,14,Córdoba,Centro,Varón,60 a 69,128943,NA,1360347
2013,14,Córdoba,Centro,Varón,70 a 79,73885,NA,769536
2013,14,Córdoba,Centro,Varón,80+,31092,NA,329851
2013,18,Corrientes,NEA,Mujer,30 a 39,71365,NA,2948351
2013,18,Corrientes,NEA,Mujer,40 a 49,57420,NA,2333346
2013,18,Corrientes,NEA,Mujer,50 a 59,49565,NA,2043266
2013,18,Corrientes,NEA,Mujer,60 a 69,35313,NA,1572788
2013,18,Corrientes,NEA,Mujer,70 a 79,21816,NA,1067525
2013,18,Corrientes,NEA,Mujer,80+,12227,NA,671649
2013,18,Corrientes,NEA,Varón,30 a 39,67171,NA,2875168
2013,18,Corrientes,NEA,Varón,40 a 49,53819,NA,2226600
2013,18,Corrientes,NEA,Varón,50 a 59,47477,NA,1896227
2013,18,Corrientes,NEA,Varón,60 a 69,33477,NA,1360347
2013,18,Corrientes,NEA,Varón,70 a 79,16804,NA,769536
2013,18,Corrientes,NEA,Varón,80+,6752,NA,329851
2013,22,Chaco,NEA,Mujer,30 a 39,77820,NA,2948351
2013,22,Chaco,NEA,Mujer,40 a 49,59051,NA,2333346
2013,22,Chaco,NEA,Mujer,50 a 59,50000,NA,2043266
2013,22,Chaco,NEA,Mujer,60 a 69,33439,NA,1572788
2013,22,Chaco,NEA,Mujer,70 a 79,20485,NA,1067525
2013,22,Chaco,NEA,Mujer,80+,10725,NA,671649
2013,22,Chaco,NEA,Varón,30 a 39,73770,NA,2875168
2013,22,Chaco,NEA,Varón,40 a 49,55914,NA,2226600
2013,22,Chaco,NEA,Varón,50 a 59,48480,NA,1896227
2013,22,Chaco,NEA,Varón,60 a 69,31563,NA,1360347
2013,22,Chaco,NEA,Varón,70 a 79,15671,NA,769536
2013,22,Chaco,NEA,Varón,80+,5918,NA,329851
2013,26,Chubut,Patagonia Sur,Mujer,30 a 39,43662,NA,2948351
2013,26,Chubut,Patagonia Sur,Mujer,40 a 49,32164,NA,2333346
2013,26,Chubut,Patagonia Sur,Mujer,50 a 59,25845,NA,2043266
2013,26,Chubut,Patagonia Sur,Mujer,60 a 69,17917,NA,1572788
2013,26,Chubut,Patagonia Sur,Mujer,70 a 79,10453,NA,1067525
2013,26,Chubut,Patagonia Sur,Mujer,80+,5789,NA,671649
2013,26,Chubut,Patagonia Sur,Varón,30 a 39,44829,NA,2875168
2013,26,Chubut,Patagonia Sur,Varón,40 a 49,32068,NA,2226600
2013,26,Chubut,Patagonia Sur,Varón,50 a 59,25531,NA,1896227
2013,26,Chubut,Patagonia Sur,Varón,60 a 69,16698,NA,1360347
2013,26,Chubut,Patagonia Sur,Varón,70 a 79,8181,NA,769536
2013,26,Chubut,Patagonia Sur,Varón,80+,3249,NA,329851
2013,30,Entre Ríos,Centro,Mujer,30 a 39,92169,NA,2948351
2013,30,Entre Ríos,Centro,Mujer,40 a 49,74200,NA,2333346
2013,30,Entre Ríos,Centro,Mujer,50 a 59,65666,NA,2043266
2013,30,Entre Ríos,Centro,Mujer,60 a 69,52422,NA,1572788
2013,30,Entre Ríos,Centro,Mujer,70 a 79,35680,NA,1067525
2013,30,Entre Ríos,Centro,Mujer,80+,22085,NA,671649
2013,30,Entre Ríos,Centro,Varón,30 a 39,90355,NA,2875168
2013,30,Entre Ríos,Centro,Varón,40 a 49,72242,NA,2226600
2013,30,Entre Ríos,Centro,Varón,50 a 59,61378,NA,1896227
2013,30,Entre Ríos,Centro,Varón,60 a 69,46318,NA,1360347
2013,30,Entre Ríos,Centro,Varón,70 a 79,25621,NA,769536
2013,30,Entre Ríos,Centro,Varón,80+,9807,NA,329851
2013,34,Formosa,NEA,Mujer,30 a 39,37394,NA,2948351
2013,34,Formosa,NEA,Mujer,40 a 49,30478,NA,2333346
2013,34,Formosa,NEA,Mujer,50 a 59,25412,NA,2043266
2013,34,Formosa,NEA,Mujer,60 a 69,17097,NA,1572788
2013,34,Formosa,NEA,Mujer,70 a 79,10055,NA,1067525
2013,34,Formosa,NEA,Mujer,80+,5024,NA,671649
2013,34,Formosa,NEA,Varón,30 a 39,34757,NA,2875168
2013,34,Formosa,NEA,Varón,40 a 49,29269,NA,2226600
2013,34,Formosa,NEA,Varón,50 a 59,25121,NA,1896227
2013,34,Formosa,NEA,Varón,60 a 69,16607,NA,1360347
2013,34,Formosa,NEA,Varón,70 a 79,8959,NA,769536
2013,34,Formosa,NEA,Varón,80+,3646,NA,329851
2013,38,Jujuy,NOA1,Mujer,30 a 39,53290,NA,2948351
2013,38,Jujuy,NOA1,Mujer,40 a 49,39613,NA,2333346
2013,38,Jujuy,NOA1,Mujer,50 a 59,31923,NA,2043266
2013,38,Jujuy,NOA1,Mujer,60 a 69,23210,NA,1572788
2013,38,Jujuy,NOA1,Mujer,70 a 79,13364,NA,1067525
2013,38,Jujuy,NOA1,Mujer,80+,6693,NA,671649
2013,38,Jujuy,NOA1,Varón,30 a 39,51539,NA,2875168
2013,38,Jujuy,NOA1,Varón,40 a 49,36985,NA,2226600
2013,38,Jujuy,NOA1,Varón,50 a 59,28689,NA,1896227
2013,38,Jujuy,NOA1,Varón,60 a 69,20581,NA,1360347
2013,38,Jujuy,NOA1,Varón,70 a 79,11011,NA,769536
2013,38,Jujuy,NOA1,Varón,80+,4229,NA,329851
2013,42,La Pampa,Patagonia Norte,Mujer,30 a 39,23819,NA,2948351
2013,42,La Pampa,Patagonia Norte,Mujer,40 a 49,20131,NA,2333346
2013,42,La Pampa,Patagonia Norte,Mujer,50 a 59,17373,NA,2043266
2013,42,La Pampa,Patagonia Norte,Mujer,60 a 69,14073,NA,1572788
2013,42,La Pampa,Patagonia Norte,Mujer,70 a 79,9612,NA,1067525
2013,42,La Pampa,Patagonia Norte,Mujer,80+,6036,NA,671649
2013,42,La Pampa,Patagonia Norte,Varón,30 a 39,23764,NA,2875168
2013,42,La Pampa,Patagonia Norte,Varón,40 a 49,19749,NA,2226600
2013,42,La Pampa,Patagonia Norte,Varón,50 a 59,17304,NA,1896227
2013,42,La Pampa,Patagonia Norte,Varón,60 a 69,13471,NA,1360347
2013,42,La Pampa,Patagonia Norte,Varón,70 a 79,7774,NA,769536
2013,42,La Pampa,Patagonia Norte,Varón,80+,3313,NA,329851
2013,46,La Rioja,Cuyo,Mujer,30 a 39,27063,NA,2948351
2013,46,La Rioja,Cuyo,Mujer,40 a 49,19653,NA,2333346
2013,46,La Rioja,Cuyo,Mujer,50 a 59,15865,NA,2043266
2013,46,La Rioja,Cuyo,Mujer,60 a 69,11200,NA,1572788
2013,46,La Rioja,Cuyo,Mujer,70 a 79,6565,NA,1067525
2013,46,La Rioja,Cuyo,Mujer,80+,3825,NA,671649
2013,46,La Rioja,Cuyo,Varón,30 a 39,26646,NA,2875168
2013,46,La Rioja,Cuyo,Varón,40 a 49,19463,NA,2226600
2013,46,La Rioja,Cuyo,Varón,50 a 59,15908,NA,1896227
2013,46,La Rioja,Cuyo,Varón,60 a 69,10813,NA,1360347
2013,46,La Rioja,Cuyo,Varón,70 a 79,5270,NA,769536
2013,46,La Rioja,Cuyo,Varón,80+,2150,NA,329851
2013,50,Mendoza,Cuyo,Mujer,30 a 39,131942,NA,2948351
2013,50,Mendoza,Cuyo,Mujer,40 a 49,103781,NA,2333346
2013,50,Mendoza,Cuyo,Mujer,50 a 59,90875,NA,2043266
2013,50,Mendoza,Cuyo,Mujer,60 a 69,77034,NA,1572788
2013,50,Mendoza,Cuyo,Mujer,70 a 79,48940,NA,1067525
2013,50,Mendoza,Cuyo,Mujer,80+,29364,NA,671649
2013,50,Mendoza,Cuyo,Varón,30 a 39,129472,NA,2875168
2013,50,Mendoza,Cuyo,Varón,40 a 49,97622,NA,2226600
2013,50,Mendoza,Cuyo,Varón,50 a 59,82472,NA,1896227
2013,50,Mendoza,Cuyo,Varón,60 a 69,66004,NA,1360347
2013,50,Mendoza,Cuyo,Varón,70 a 79,36907,NA,769536
2013,50,Mendoza,Cuyo,Varón,80+,16331,NA,329851
2013,54,Misiones,NEA,Mujer,30 a 39,77669,NA,2948351
2013,54,Misiones,NEA,Mujer,40 a 49,60388,NA,2333346
2013,54,Misiones,NEA,Mujer,50 a 59,49119,NA,2043266
2013,54,Misiones,NEA,Mujer,60 a 69,31919,NA,1572788
2013,54,Misiones,NEA,Mujer,70 a 79,18574,NA,1067525
2013,54,Misiones,NEA,Mujer,80+,9390,NA,671649
2013,54,Misiones,NEA,Varón,30 a 39,74918,NA,2875168
2013,54,Misiones,NEA,Varón,40 a 49,58660,NA,2226600
2013,54,Misiones,NEA,Varón,50 a 59,49552,NA,1896227
2013,54,Misiones,NEA,Varón,60 a 69,31404,NA,1360347
2013,54,Misiones,NEA,Varón,70 a 79,15985,NA,769536
2013,54,Misiones,NEA,Varón,80+,6096,NA,329851
2013,58,Neuquén,Patagonia Norte,Mujer,30 a 39,47340,NA,2948351
2013,58,Neuquén,Patagonia Norte,Mujer,40 a 49,37299,NA,2333346
2013,58,Neuquén,Patagonia Norte,Mujer,50 a 59,29166,NA,2043266
2013,58,Neuquén,Patagonia Norte,Mujer,60 a 69,19280,NA,1572788
2013,58,Neuquén,Patagonia Norte,Mujer,70 a 79,10220,NA,1067525
2013,58,Neuquén,Patagonia Norte,Mujer,80+,5424,NA,671649
2013,58,Neuquén,Patagonia Norte,Varón,30 a 39,46210,NA,2875168
2013,58,Neuquén,Patagonia Norte,Varón,40 a 49,35632,NA,2226600
2013,58,Neuquén,Patagonia Norte,Varón,50 a 59,27872,NA,1896227
2013,58,Neuquén,Patagonia Norte,Varón,60 a 69,18188,NA,1360347
2013,58,Neuquén,Patagonia Norte,Varón,70 a 79,8416,NA,769536
2013,58,Neuquén,Patagonia Norte,Varón,80+,3096,NA,329851
2013,62,Río Negro,Patagonia Norte,Mujer,30 a 39,51577,NA,2948351
2013,62,Río Negro,Patagonia Norte,Mujer,40 a 49,40844,NA,2333346
2013,62,Río Negro,Patagonia Norte,Mujer,50 a 59,33839,NA,2043266
2013,62,Río Negro,Patagonia Norte,Mujer,60 a 69,24811,NA,1572788
2013,62,Río Negro,Patagonia Norte,Mujer,70 a 79,14447,NA,1067525
2013,62,Río Negro,Patagonia Norte,Mujer,80+,8250,NA,671649
2013,62,Río Negro,Patagonia Norte,Varón,30 a 39,50384,NA,2875168
2013,62,Río Negro,Patagonia Norte,Varón,40 a 49,39743,NA,2226600
2013,62,Río Negro,Patagonia Norte,Varón,50 a 59,32649,NA,1896227
2013,62,Río Negro,Patagonia Norte,Varón,60 a 69,23591,NA,1360347
2013,62,Río Negro,Patagonia Norte,Varón,70 a 79,12251,NA,769536
2013,62,Río Negro,Patagonia Norte,Varón,80+,5005,NA,329851
2013,66,Salta,NOA1,Mujer,30 a 39,91800,NA,2948351
2013,66,Salta,NOA1,Mujer,40 a 49,68616,NA,2333346
2013,66,Salta,NOA1,Mujer,50 a 59,54109,NA,2043266
2013,66,Salta,NOA1,Mujer,60 a 69,39277,NA,1572788
2013,66,Salta,NOA1,Mujer,70 a 79,23019,NA,1067525
2013,66,Salta,NOA1,Mujer,80+,12357,NA,671649
2013,66,Salta,NOA1,Varón,30 a 39,86879,NA,2875168
2013,66,Salta,NOA1,Varón,40 a 49,65223,NA,2226600
2013,66,Salta,NOA1,Varón,50 a 59,50921,NA,1896227
2013,66,Salta,NOA1,Varón,60 a 69,35492,NA,1360347
2013,66,Salta,NOA1,Varón,70 a 79,19212,NA,769536
2013,66,Salta,NOA1,Varón,80+,7703,NA,329851
2013,70,San Juan,Cuyo,Mujer,30 a 39,50791,NA,2948351
2013,70,San Juan,Cuyo,Mujer,40 a 49,40179,NA,2333346
2013,70,San Juan,Cuyo,Mujer,50 a 59,34391,NA,2043266
2013,70,San Juan,Cuyo,Mujer,60 a 69,28127,NA,1572788
2013,70,San Juan,Cuyo,Mujer,70 a 79,16734,NA,1067525
2013,70,San Juan,Cuyo,Mujer,80+,8674,NA,671649
2013,70,San Juan,Cuyo,Varón,30 a 39,50686,NA,2875168
2013,70,San Juan,Cuyo,Varón,40 a 49,38213,NA,2226600
2013,70,San Juan,Cuyo,Varón,50 a 59,30850,NA,1896227
2013,70,San Juan,Cuyo,Varón,60 a 69,24067,NA,1360347
2013,70,San Juan,Cuyo,Varón,70 a 79,12517,NA,769536
2013,70,San Juan,Cuyo,Varón,80+,4971,NA,329851
2013,74,San Luis,Cuyo,Mujer,30 a 39,34082,NA,2948351
2013,74,San Luis,Cuyo,Mujer,40 a 49,26298,NA,2333346
2013,74,San Luis,Cuyo,Mujer,50 a 59,22202,NA,2043266
2013,74,San Luis,Cuyo,Mujer,60 a 69,17368,NA,1572788
2013,74,San Luis,Cuyo,Mujer,70 a 79,10528,NA,1067525
2013,74,San Luis,Cuyo,Mujer,80+,6056,NA,671649
2013,74,San Luis,Cuyo,Varón,30 a 39,33568,NA,2875168
2013,74,San Luis,Cuyo,Varón,40 a 49,26494,NA,2226600
2013,74,San Luis,Cuyo,Varón,50 a 59,21659,NA,1896227
2013,74,San Luis,Cuyo,Varón,60 a 69,16056,NA,1360347
2013,74,San Luis,Cuyo,Varón,70 a 79,8385,NA,769536
2013,74,San Luis,Cuyo,Varón,80+,3253,NA,329851
2013,78,Santa Cruz,Patagonia Sur,Mujer,30 a 39,24972,NA,2948351
2013,78,Santa Cruz,Patagonia Sur,Mujer,40 a 49,16957,NA,2333346
2013,78,Santa Cruz,Patagonia Sur,Mujer,50 a 59,12367,NA,2043266
2013,78,Santa Cruz,Patagonia Sur,Mujer,60 a 69,7572,NA,1572788
2013,78,Santa Cruz,Patagonia Sur,Mujer,70 a 79,4008,NA,1067525
2013,78,Santa Cruz,Patagonia Sur,Mujer,80+,1822,NA,671649
2013,78,Santa Cruz,Patagonia Sur,Varón,30 a 39,27352,NA,2875168
2013,78,Santa Cruz,Patagonia Sur,Varón,40 a 49,18403,NA,2226600
2013,78,Santa Cruz,Patagonia Sur,Varón,50 a 59,13654,NA,1896227
2013,78,Santa Cruz,Patagonia Sur,Varón,60 a 69,7544,NA,1360347
2013,78,Santa Cruz,Patagonia Sur,Varón,70 a 79,3341,NA,769536
2013,78,Santa Cruz,Patagonia Sur,Varón,80+,1164,NA,329851
2013,82,Santa Fe,Centro,Mujer,30 a 39,250125,NA,2948351
2013,82,Santa Fe,Centro,Mujer,40 a 49,192383,NA,2333346
2013,82,Santa Fe,Centro,Mujer,50 a 59,175103,NA,2043266
2013,82,Santa Fe,Centro,Mujer,60 a 69,145007,NA,1572788
2013,82,Santa Fe,Centro,Mujer,70 a 79,102824,NA,1067525
2013,82,Santa Fe,Centro,Mujer,80+,70990,NA,671649
2013,82,Santa Fe,Centro,Varón,30 a 39,247140,NA,2875168
2013,82,Santa Fe,Centro,Varón,40 a 49,185145,NA,2226600
2013,82,Santa Fe,Centro,Varón,50 a 59,162581,NA,1896227
2013,82,Santa Fe,Centro,Varón,60 a 69,123644,NA,1360347
2013,82,Santa Fe,Centro,Varón,70 a 79,71894,NA,769536
2013,82,Santa Fe,Centro,Varón,80+,32409,NA,329851
2013,86,Santiago del Estero,NOA2,Mujer,30 a 39,64115,NA,2948351
2013,86,Santiago del Estero,NOA2,Mujer,40 a 49,45743,NA,2333346
2013,86,Santiago del Estero,NOA2,Mujer,50 a 59,37700,NA,2043266
2013,86,Santiago del Estero,NOA2,Mujer,60 a 69,28116,NA,1572788
2013,86,Santiago del Estero,NOA2,Mujer,70 a 79,17772,NA,1067525
2013,86,Santiago del Estero,NOA2,Mujer,80+,10276,NA,671649
2013,86,Santiago del Estero,NOA2,Varón,30 a 39,61286,NA,2875168
2013,86,Santiago del Estero,NOA2,Varón,40 a 49,45999,NA,2226600
2013,86,Santiago del Estero,NOA2,Varón,50 a 59,37800,NA,1896227
2013,86,Santiago del Estero,NOA2,Varón,60 a 69,27428,NA,1360347
2013,86,Santiago del Estero,NOA2,Varón,70 a 79,14470,NA,769536
2013,86,Santiago del Estero,NOA2,Varón,80+,5840,NA,329851
2013,90,Tucumán,NOA1,Mujer,30 a 39,114025,NA,2948351
2013,90,Tucumán,NOA1,Mujer,40 a 49,81699,NA,2333346
2013,90,Tucumán,NOA1,Mujer,50 a 59,73608,NA,2043266
2013,90,Tucumán,NOA1,Mujer,60 a 69,55046,NA,1572788
2013,90,Tucumán,NOA1,Mujer,70 a 79,32002,NA,1067525
2013,90,Tucumán,NOA1,Mujer,80+,18943,NA,671649
2013,90,Tucumán,NOA1,Varón,30 a 39,110977,NA,2875168
2013,90,Tucumán,NOA1,Varón,40 a 49,77742,NA,2226600
2013,90,Tucumán,NOA1,Varón,50 a 59,68065,NA,1896227
2013,90,Tucumán,NOA1,Varón,60 a 69,50045,NA,1360347
2013,90,Tucumán,NOA1,Varón,70 a 79,24042,NA,769536
2013,90,Tucumán,NOA1,Varón,80+,10336,NA,329851
2013,94,Tierra del Fuego,Patagonia Sur,Mujer,30 a 39,11976,NA,2948351
2013,94,Tierra del Fuego,Patagonia Sur,Mujer,40 a 49,9209,NA,2333346
2013,94,Tierra del Fuego,Patagonia Sur,Mujer,50 a 59,7039,NA,2043266
2013,94,Tierra del Fuego,Patagonia Sur,Mujer,60 a 69,3368,NA,1572788
2013,94,Tierra del Fuego,Patagonia Sur,Mujer,70 a 79,1378,NA,1067525
2013,94,Tierra del Fuego,Patagonia Sur,Mujer,80+,642,NA,671649
2013,94,Tierra del Fuego,Patagonia Sur,Varón,30 a 39,12647,NA,2875168
2013,94,Tierra del Fuego,Patagonia Sur,Varón,40 a 49,9295,NA,2226600
2013,94,Tierra del Fuego,Patagonia Sur,Varón,50 a 59,7676,NA,1896227
2013,94,Tierra del Fuego,Patagonia Sur,Varón,60 a 69,3545,NA,1360347
2013,94,Tierra del Fuego,Patagonia Sur,Varón,70 a 79,1181,NA,769536
2013,94,Tierra del Fuego,Patagonia Sur,Varón,80+,333,NA,329851
2018,02,CABA,Centro,Mujer,30 a 39,240524,NA,2948351
2018,02,CABA,Centro,Mujer,40 a 49,214839,NA,2333346
2018,02,CABA,Centro,Mujer,50 a 59,175535,NA,2043266
2018,02,CABA,Centro,Mujer,60 a 69,166249,NA,1572788
2018,02,CABA,Centro,Mujer,70 a 79,131497,NA,1067525
2018,02,CABA,Centro,Mujer,80+,100797,NA,671649
2018,02,CABA,Centro,Varón,30 a 39,228605,NA,2875168
2018,02,CABA,Centro,Varón,40 a 49,197434,NA,2226600
2018,02,CABA,Centro,Varón,50 a 59,147816,NA,1896227
2018,02,CABA,Centro,Varón,60 a 69,123952,NA,1360347
2018,02,CABA,Centro,Varón,70 a 79,82529,NA,769536
2018,02,CABA,Centro,Varón,80+,44205,NA,329851
2018,06,Buenos Aires,Centro,Mujer,30 a 39,1237236,NA,2948351
2018,06,Buenos Aires,Centro,Mujer,40 a 49,1095319,NA,2333346
2018,06,Buenos Aires,Centro,Mujer,50 a 59,882368,NA,2043266
2018,06,Buenos Aires,Centro,Mujer,60 a 69,739724,NA,1572788
2018,06,Buenos Aires,Centro,Mujer,70 a 79,510071,NA,1067525
2018,06,Buenos Aires,Centro,Mujer,80+,320908,NA,671649
2018,06,Buenos Aires,Centro,Varón,30 a 39,1231019,NA,2875168
2018,06,Buenos Aires,Centro,Varón,40 a 49,1060397,NA,2226600
2018,06,Buenos Aires,Centro,Varón,50 a 59,820489,NA,1896227
2018,06,Buenos Aires,Centro,Varón,60 a 69,635652,NA,1360347
2018,06,Buenos Aires,Centro,Varón,70 a 79,372278,NA,769536
2018,06,Buenos Aires,Centro,Varón,80+,156238,NA,329851
2018,10,Catamarca,NOA2,Mujer,30 a 39,28089,NA,2948351
2018,10,Catamarca,NOA2,Mujer,40 a 49,25373,NA,2333346
2018,10,Catamarca,NOA2,Mujer,50 a 59,18763,NA,2043266
2018,10,Catamarca,NOA2,Mujer,60 a 69,14986,NA,1572788
2018,10,Catamarca,NOA2,Mujer,70 a 79,9226,NA,1067525
2018,10,Catamarca,NOA2,Mujer,80+,5643,NA,671649
2018,10,Catamarca,NOA2,Varón,30 a 39,28145,NA,2875168
2018,10,Catamarca,NOA2,Varón,40 a 49,25006,NA,2226600
2018,10,Catamarca,NOA2,Varón,50 a 59,18532,NA,1896227
2018,10,Catamarca,NOA2,Varón,60 a 69,14316,NA,1360347
2018,10,Catamarca,NOA2,Varón,70 a 79,7622,NA,769536
2018,10,Catamarca,NOA2,Varón,80+,3096,NA,329851
2018,14,Córdoba,Centro,Mujer,30 a 39,268490,NA,2948351
2018,14,Córdoba,Centro,Mujer,40 a 49,228781,NA,2333346
2018,14,Córdoba,Centro,Mujer,50 a 59,187619,NA,2043266
2018,14,Córdoba,Centro,Mujer,60 a 69,161600,NA,1572788
2018,14,Córdoba,Centro,Mujer,70 a 79,116245,NA,1067525
2018,14,Córdoba,Centro,Mujer,80+,71435,NA,671649
2018,14,Córdoba,Centro,Varón,30 a 39,267085,NA,2875168
2018,14,Córdoba,Centro,Varón,40 a 49,221757,NA,2226600
2018,14,Córdoba,Centro,Varón,50 a 59,174531,NA,1896227
2018,14,Córdoba,Centro,Varón,60 a 69,137755,NA,1360347
2018,14,Córdoba,Centro,Varón,70 a 79,84584,NA,769536
2018,14,Córdoba,Centro,Varón,80+,34923,NA,329851
2018,18,Corrientes,NEA,Mujer,30 a 39,74564,NA,2948351
2018,18,Corrientes,NEA,Mujer,40 a 49,63019,NA,2333346
2018,18,Corrientes,NEA,Mujer,50 a 59,52513,NA,2043266
2018,18,Corrientes,NEA,Mujer,60 a 69,40963,NA,1572788
2018,18,Corrientes,NEA,Mujer,70 a 79,24843,NA,1067525
2018,18,Corrientes,NEA,Mujer,80+,14557,NA,671649
2018,18,Corrientes,NEA,Varón,30 a 39,70590,NA,2875168
2018,18,Corrientes,NEA,Varón,40 a 49,58348,NA,2226600
2018,18,Corrientes,NEA,Varón,50 a 59,49258,NA,1896227
2018,18,Corrientes,NEA,Varón,60 a 69,38103,NA,1360347
2018,18,Corrientes,NEA,Varón,70 a 79,20227,NA,769536
2018,18,Corrientes,NEA,Varón,80+,7859,NA,329851
2018,22,Chaco,NEA,Mujer,30 a 39,82381,NA,2948351
2018,22,Chaco,NEA,Mujer,40 a 49,66610,NA,2333346
2018,22,Chaco,NEA,Mujer,50 a 59,53131,NA,2043266
2018,22,Chaco,NEA,Mujer,60 a 69,40065,NA,1572788
2018,22,Chaco,NEA,Mujer,70 a 79,22895,NA,1067525
2018,22,Chaco,NEA,Mujer,80+,12940,NA,671649
2018,22,Chaco,NEA,Varón,30 a 39,77666,NA,2875168
2018,22,Chaco,NEA,Varón,40 a 49,62525,NA,2226600
2018,22,Chaco,NEA,Varón,50 a 59,50125,NA,1896227
2018,22,Chaco,NEA,Varón,60 a 69,37282,NA,1360347
2018,22,Chaco,NEA,Varón,70 a 79,18008,NA,769536
2018,22,Chaco,NEA,Varón,80+,6892,NA,329851
2018,26,Chubut,Patagonia Sur,Mujer,30 a 39,46928,NA,2948351
2018,26,Chubut,Patagonia Sur,Mujer,40 a 49,38922,NA,2333346
2018,26,Chubut,Patagonia Sur,Mujer,50 a 59,28568,NA,2043266
2018,26,Chubut,Patagonia Sur,Mujer,60 a 69,21495,NA,1572788
2018,26,Chubut,Patagonia Sur,Mujer,70 a 79,12731,NA,1067525
2018,26,Chubut,Patagonia Sur,Mujer,80+,7156,NA,671649
2018,26,Chubut,Patagonia Sur,Varón,30 a 39,48602,NA,2875168
2018,26,Chubut,Patagonia Sur,Varón,40 a 49,39497,NA,2226600
2018,26,Chubut,Patagonia Sur,Varón,50 a 59,27973,NA,1896227
2018,26,Chubut,Patagonia Sur,Varón,60 a 69,19928,NA,1360347
2018,26,Chubut,Patagonia Sur,Varón,70 a 79,10105,NA,769536
2018,26,Chubut,Patagonia Sur,Varón,80+,3909,NA,329851
2018,30,Entre Ríos,Centro,Mujer,30 a 39,95330,NA,2948351
2018,30,Entre Ríos,Centro,Mujer,40 a 49,83518,NA,2333346
2018,30,Entre Ríos,Centro,Mujer,50 a 59,68725,NA,2043266
2018,30,Entre Ríos,Centro,Mujer,60 a 69,57413,NA,1572788
2018,30,Entre Ríos,Centro,Mujer,70 a 79,40017,NA,1067525
2018,30,Entre Ríos,Centro,Mujer,80+,24977,NA,671649
2018,30,Entre Ríos,Centro,Varón,30 a 39,93537,NA,2875168
2018,30,Entre Ríos,Centro,Varón,40 a 49,81478,NA,2226600
2018,30,Entre Ríos,Centro,Varón,50 a 59,64504,NA,1896227
2018,30,Entre Ríos,Centro,Varón,60 a 69,50246,NA,1360347
2018,30,Entre Ríos,Centro,Varón,70 a 79,29822,NA,769536
2018,30,Entre Ríos,Centro,Varón,80+,11458,NA,329851
2018,34,Formosa,NEA,Mujer,30 a 39,37873,NA,2948351
2018,34,Formosa,NEA,Mujer,40 a 49,33475,NA,2333346
2018,34,Formosa,NEA,Mujer,50 a 59,27204,NA,2043266
2018,34,Formosa,NEA,Mujer,60 a 69,20773,NA,1572788
2018,34,Formosa,NEA,Mujer,70 a 79,11930,NA,1067525
2018,34,Formosa,NEA,Mujer,80+,6274,NA,671649
2018,34,Formosa,NEA,Varón,30 a 39,34820,NA,2875168
2018,34,Formosa,NEA,Varón,40 a 49,31324,NA,2226600
2018,34,Formosa,NEA,Varón,50 a 59,26637,NA,1896227
2018,34,Formosa,NEA,Varón,60 a 69,19544,NA,1360347
2018,34,Formosa,NEA,Varón,70 a 79,10288,NA,769536
2018,34,Formosa,NEA,Varón,80+,4526,NA,329851
2018,38,Jujuy,NOA1,Mujer,30 a 39,54002,NA,2948351
2018,38,Jujuy,NOA1,Mujer,40 a 49,47212,NA,2333346
2018,38,Jujuy,NOA1,Mujer,50 a 59,34428,NA,2043266
2018,38,Jujuy,NOA1,Mujer,60 a 69,26764,NA,1572788
2018,38,Jujuy,NOA1,Mujer,70 a 79,16140,NA,1067525
2018,38,Jujuy,NOA1,Mujer,80+,8412,NA,671649
2018,38,Jujuy,NOA1,Varón,30 a 39,52041,NA,2875168
2018,38,Jujuy,NOA1,Varón,40 a 49,44928,NA,2226600
2018,38,Jujuy,NOA1,Varón,50 a 59,30901,NA,1896227
2018,38,Jujuy,NOA1,Varón,60 a 69,23288,NA,1360347
2018,38,Jujuy,NOA1,Varón,70 a 79,12892,NA,769536
2018,38,Jujuy,NOA1,Varón,80+,5309,NA,329851
2018,42,La Pampa,Patagonia Norte,Mujer,30 a 39,24727,NA,2948351
2018,42,La Pampa,Patagonia Norte,Mujer,40 a 49,22103,NA,2333346
2018,42,La Pampa,Patagonia Norte,Mujer,50 a 59,18601,NA,2043266
2018,42,La Pampa,Patagonia Norte,Mujer,60 a 69,15085,NA,1572788
2018,42,La Pampa,Patagonia Norte,Mujer,70 a 79,10870,NA,1067525
2018,42,La Pampa,Patagonia Norte,Mujer,80+,6843,NA,671649
2018,42,La Pampa,Patagonia Norte,Varón,30 a 39,24573,NA,2875168
2018,42,La Pampa,Patagonia Norte,Varón,40 a 49,21707,NA,2226600
2018,42,La Pampa,Patagonia Norte,Varón,50 a 59,18149,NA,1896227
2018,42,La Pampa,Patagonia Norte,Varón,60 a 69,14468,NA,1360347
2018,42,La Pampa,Patagonia Norte,Varón,70 a 79,8969,NA,769536
2018,42,La Pampa,Patagonia Norte,Varón,80+,3858,NA,329851
2018,46,La Rioja,Cuyo,Mujer,30 a 39,28823,NA,2948351
2018,46,La Rioja,Cuyo,Mujer,40 a 49,23415,NA,2333346
2018,46,La Rioja,Cuyo,Mujer,50 a 59,17443,NA,2043266
2018,46,La Rioja,Cuyo,Mujer,60 a 69,13281,NA,1572788
2018,46,La Rioja,Cuyo,Mujer,70 a 79,7771,NA,1067525
2018,46,La Rioja,Cuyo,Mujer,80+,4596,NA,671649
2018,46,La Rioja,Cuyo,Varón,30 a 39,28443,NA,2875168
2018,46,La Rioja,Cuyo,Varón,40 a 49,23004,NA,2226600
2018,46,La Rioja,Cuyo,Varón,50 a 59,17131,NA,1896227
2018,46,La Rioja,Cuyo,Varón,60 a 69,12712,NA,1360347
2018,46,La Rioja,Cuyo,Varón,70 a 79,6541,NA,769536
2018,46,La Rioja,Cuyo,Varón,80+,2505,NA,329851
2018,50,Mendoza,Cuyo,Mujer,30 a 39,139164,NA,2948351
2018,50,Mendoza,Cuyo,Mujer,40 a 49,118693,NA,2333346
2018,50,Mendoza,Cuyo,Mujer,50 a 59,93851,NA,2043266
2018,50,Mendoza,Cuyo,Mujer,60 a 69,82836,NA,1572788
2018,50,Mendoza,Cuyo,Mujer,70 a 79,57128,NA,1067525
2018,50,Mendoza,Cuyo,Mujer,80+,33473,NA,671649
2018,50,Mendoza,Cuyo,Varón,30 a 39,138931,NA,2875168
2018,50,Mendoza,Cuyo,Varón,40 a 49,113304,NA,2226600
2018,50,Mendoza,Cuyo,Varón,50 a 59,85866,NA,1896227
2018,50,Mendoza,Cuyo,Varón,60 a 69,70596,NA,1360347
2018,50,Mendoza,Cuyo,Varón,70 a 79,43168,NA,769536
2018,50,Mendoza,Cuyo,Varón,80+,18606,NA,329851
2018,54,Misiones,NEA,Mujer,30 a 39,82260,NA,2948351
2018,54,Misiones,NEA,Mujer,40 a 49,67925,NA,2333346
2018,54,Misiones,NEA,Mujer,50 a 59,53971,NA,2043266
2018,54,Misiones,NEA,Mujer,60 a 69,38817,NA,1572788
2018,54,Misiones,NEA,Mujer,70 a 79,21749,NA,1067525
2018,54,Misiones,NEA,Mujer,80+,11974,NA,671649
2018,54,Misiones,NEA,Varón,30 a 39,78772,NA,2875168
2018,54,Misiones,NEA,Varón,40 a 49,65333,NA,2226600
2018,54,Misiones,NEA,Varón,50 a 59,52886,NA,1896227
2018,54,Misiones,NEA,Varón,60 a 69,37824,NA,1360347
2018,54,Misiones,NEA,Varón,70 a 79,18568,NA,769536
2018,54,Misiones,NEA,Varón,80+,7350,NA,329851
2018,58,Neuquén,Patagonia Norte,Mujer,30 a 39,48868,NA,2948351
2018,58,Neuquén,Patagonia Norte,Mujer,40 a 49,43005,NA,2333346
2018,58,Neuquén,Patagonia Norte,Mujer,50 a 59,32778,NA,2043266
2018,58,Neuquén,Patagonia Norte,Mujer,60 a 69,23529,NA,1572788
2018,58,Neuquén,Patagonia Norte,Mujer,70 a 79,13144,NA,1067525
2018,58,Neuquén,Patagonia Norte,Mujer,80+,6901,NA,671649
2018,58,Neuquén,Patagonia Norte,Varón,30 a 39,48132,NA,2875168
2018,58,Neuquén,Patagonia Norte,Varón,40 a 49,41372,NA,2226600
2018,58,Neuquén,Patagonia Norte,Varón,50 a 59,30577,NA,1896227
2018,58,Neuquén,Patagonia Norte,Varón,60 a 69,21678,NA,1360347
2018,58,Neuquén,Patagonia Norte,Varón,70 a 79,10855,NA,769536
2018,58,Neuquén,Patagonia Norte,Varón,80+,3952,NA,329851
2018,62,Río Negro,Patagonia Norte,Mujer,30 a 39,53887,NA,2948351
2018,62,Río Negro,Patagonia Norte,Mujer,40 a 49,47056,NA,2333346
2018,62,Río Negro,Patagonia Norte,Mujer,50 a 59,36850,NA,2043266
2018,62,Río Negro,Patagonia Norte,Mujer,60 a 69,28578,NA,1572788
2018,62,Río Negro,Patagonia Norte,Mujer,70 a 79,17649,NA,1067525
2018,62,Río Negro,Patagonia Norte,Mujer,80+,9890,NA,671649
2018,62,Río Negro,Patagonia Norte,Varón,30 a 39,53437,NA,2875168
2018,62,Río Negro,Patagonia Norte,Varón,40 a 49,45976,NA,2226600
2018,62,Río Negro,Patagonia Norte,Varón,50 a 59,35229,NA,1896227
2018,62,Río Negro,Patagonia Norte,Varón,60 a 69,26777,NA,1360347
2018,62,Río Negro,Patagonia Norte,Varón,70 a 79,15028,NA,769536
2018,62,Río Negro,Patagonia Norte,Varón,80+,6131,NA,329851
2018,66,Salta,NOA1,Mujer,30 a 39,96164,NA,2948351
2018,66,Salta,NOA1,Mujer,40 a 49,80251,NA,2333346
2018,66,Salta,NOA1,Mujer,50 a 59,59241,NA,2043266
2018,66,Salta,NOA1,Mujer,60 a 69,45139,NA,1572788
2018,66,Salta,NOA1,Mujer,70 a 79,27492,NA,1067525
2018,66,Salta,NOA1,Mujer,80+,15127,NA,671649
2018,66,Salta,NOA1,Varón,30 a 39,91348,NA,2875168
2018,66,Salta,NOA1,Varón,40 a 49,75640,NA,2226600
2018,66,Salta,NOA1,Varón,50 a 59,55530,NA,1896227
2018,66,Salta,NOA1,Varón,60 a 69,40388,NA,1360347
2018,66,Salta,NOA1,Varón,70 a 79,22427,NA,769536
2018,66,Salta,NOA1,Varón,80+,9310,NA,329851
2018,70,San Juan,Cuyo,Mujer,30 a 39,52254,NA,2948351
2018,70,San Juan,Cuyo,Mujer,40 a 49,46126,NA,2333346
2018,70,San Juan,Cuyo,Mujer,50 a 59,35746,NA,2043266
2018,70,San Juan,Cuyo,Mujer,60 a 69,30610,NA,1572788
2018,70,San Juan,Cuyo,Mujer,70 a 79,20132,NA,1067525
2018,70,San Juan,Cuyo,Mujer,80+,10127,NA,671649
2018,70,San Juan,Cuyo,Varón,30 a 39,52679,NA,2875168
2018,70,San Juan,Cuyo,Varón,40 a 49,44972,NA,2226600
2018,70,San Juan,Cuyo,Varón,50 a 59,32686,NA,1896227
2018,70,San Juan,Cuyo,Varón,60 a 69,25929,NA,1360347
2018,70,San Juan,Cuyo,Varón,70 a 79,15201,NA,769536
2018,70,San Juan,Cuyo,Varón,80+,5744,NA,329851
2018,74,San Luis,Cuyo,Mujer,30 a 39,35125,NA,2948351
2018,74,San Luis,Cuyo,Mujer,40 a 49,30562,NA,2333346
2018,74,San Luis,Cuyo,Mujer,50 a 59,23939,NA,2043266
2018,74,San Luis,Cuyo,Mujer,60 a 69,19682,NA,1572788
2018,74,San Luis,Cuyo,Mujer,70 a 79,12836,NA,1067525
2018,74,San Luis,Cuyo,Mujer,80+,7259,NA,671649
2018,74,San Luis,Cuyo,Varón,30 a 39,34565,NA,2875168
2018,74,San Luis,Cuyo,Varón,40 a 49,30517,NA,2226600
2018,74,San Luis,Cuyo,Varón,50 a 59,23584,NA,1896227
2018,74,San Luis,Cuyo,Varón,60 a 69,18033,NA,1360347
2018,74,San Luis,Cuyo,Varón,70 a 79,10413,NA,769536
2018,74,San Luis,Cuyo,Varón,80+,3956,NA,329851
2018,78,Santa Cruz,Patagonia Sur,Mujer,30 a 39,28793,NA,2948351
2018,78,Santa Cruz,Patagonia Sur,Mujer,40 a 49,21604,NA,2333346
2018,78,Santa Cruz,Patagonia Sur,Mujer,50 a 59,14496,NA,2043266
2018,78,Santa Cruz,Patagonia Sur,Mujer,60 a 69,9490,NA,1572788
2018,78,Santa Cruz,Patagonia Sur,Mujer,70 a 79,5038,NA,1067525
2018,78,Santa Cruz,Patagonia Sur,Mujer,80+,2432,NA,671649
2018,78,Santa Cruz,Patagonia Sur,Varón,30 a 39,31421,NA,2875168
2018,78,Santa Cruz,Patagonia Sur,Varón,40 a 49,23742,NA,2226600
2018,78,Santa Cruz,Patagonia Sur,Varón,50 a 59,15826,NA,1896227
2018,78,Santa Cruz,Patagonia Sur,Varón,60 a 69,9736,NA,1360347
2018,78,Santa Cruz,Patagonia Sur,Varón,70 a 79,4097,NA,769536
2018,78,Santa Cruz,Patagonia Sur,Varón,80+,1499,NA,329851
2018,82,Santa Fe,Centro,Mujer,30 a 39,262686,NA,2948351
2018,82,Santa Fe,Centro,Mujer,40 a 49,218026,NA,2333346
2018,82,Santa Fe,Centro,Mujer,50 a 59,180185,NA,2043266
2018,82,Santa Fe,Centro,Mujer,60 a 69,155866,NA,1572788
2018,82,Santa Fe,Centro,Mujer,70 a 79,111363,NA,1067525
2018,82,Santa Fe,Centro,Mujer,80+,76832,NA,671649
2018,82,Santa Fe,Centro,Varón,30 a 39,261923,NA,2875168
2018,82,Santa Fe,Centro,Varón,40 a 49,211118,NA,2226600
2018,82,Santa Fe,Centro,Varón,50 a 59,167187,NA,1896227
2018,82,Santa Fe,Centro,Varón,60 a 69,133688,NA,1360347
2018,82,Santa Fe,Centro,Varón,70 a 79,78971,NA,769536
2018,82,Santa Fe,Centro,Varón,80+,35277,NA,329851
2018,86,Santiago del Estero,NOA2,Mujer,30 a 39,65922,NA,2948351
2018,86,Santiago del Estero,NOA2,Mujer,40 a 49,55017,NA,2333346
2018,86,Santiago del Estero,NOA2,Mujer,50 a 59,39527,NA,2043266
2018,86,Santiago del Estero,NOA2,Mujer,60 a 69,32029,NA,1572788
2018,86,Santiago del Estero,NOA2,Mujer,70 a 79,20088,NA,1067525
2018,86,Santiago del Estero,NOA2,Mujer,80+,11877,NA,671649
2018,86,Santiago del Estero,NOA2,Varón,30 a 39,61912,NA,2875168
2018,86,Santiago del Estero,NOA2,Varón,40 a 49,53528,NA,2226600
2018,86,Santiago del Estero,NOA2,Varón,50 a 59,39402,NA,1896227
2018,86,Santiago del Estero,NOA2,Varón,60 a 69,30874,NA,1360347
2018,86,Santiago del Estero,NOA2,Varón,70 a 79,16736,NA,769536
2018,86,Santiago del Estero,NOA2,Varón,80+,6729,NA,329851
2018,90,Tucumán,NOA1,Mujer,30 a 39,119125,NA,2948351
2018,90,Tucumán,NOA1,Mujer,40 a 49,97457,NA,2333346
2018,90,Tucumán,NOA1,Mujer,50 a 59,74423,NA,2043266
2018,90,Tucumán,NOA1,Mujer,60 a 69,64122,NA,1572788
2018,90,Tucumán,NOA1,Mujer,70 a 79,37463,NA,1067525
2018,90,Tucumán,NOA1,Mujer,80+,21826,NA,671649
2018,90,Tucumán,NOA1,Varón,30 a 39,116443,NA,2875168
2018,90,Tucumán,NOA1,Varón,40 a 49,93277,NA,2226600
2018,90,Tucumán,NOA1,Varón,50 a 59,68685,NA,1896227
2018,90,Tucumán,NOA1,Varón,60 a 69,57437,NA,1360347
2018,90,Tucumán,NOA1,Varón,70 a 79,29323,NA,769536
2018,90,Tucumán,NOA1,Varón,80+,11667,NA,329851
2018,94,Tierra del Fuego,Patagonia Sur,Mujer,30 a 39,13707,NA,2948351
2018,94,Tierra del Fuego,Patagonia Sur,Mujer,40 a 49,11008,NA,2333346
2018,94,Tierra del Fuego,Patagonia Sur,Mujer,50 a 59,8367,NA,2043266
2018,94,Tierra del Fuego,Patagonia Sur,Mujer,60 a 69,4827,NA,1572788
2018,94,Tierra del Fuego,Patagonia Sur,Mujer,70 a 79,1925,NA,1067525
2018,94,Tierra del Fuego,Patagonia Sur,Mujer,80+,847,NA,671649
2018,94,Tierra del Fuego,Patagonia Sur,Varón,30 a 39,14715,NA,2875168
2018,94,Tierra del Fuego,Patagonia Sur,Varón,40 a 49,11196,NA,2226600
2018,94,Tierra del Fuego,Patagonia Sur,Varón,50 a 59,8604,NA,1896227
2018,94,Tierra del Fuego,Patagonia Sur,Varón,60 a 69,5182,NA,1360347
2018,94,Tierra del Fuego,Patagonia Sur,Varón,70 a 79,1745,NA,769536
2018,94,Tierra del Fuego,Patagonia Sur,Varón,80+,480,NA,329851
