anio_enfr,codprov_censo,region_deis,grupo_edad_10,sexo,dm_total,dm_total_se,dm2_total,dm2_total_se,dm2_prev,dm2_prev_se,dm2_prev_cv,dm2_prev_cv_cat
2005,02,Centro,30 a 39,Mujer,8244,4595.64,7419.6,4136.07,0.03,0.02,0.55,Muy alta
2005,02,Centro,30 a 39,Varón,7239,3484.37,6515.1,3135.93,0.03,0.02,0.47,Muy alta
2005,02,Centro,40 a 49,Mujer,8240,3738.24,7416,3364.42,0.04,0.02,0.45,Muy alta
2005,02,Centro,40 a 49,Varón,10161,4250.18,9144.9,3825.16,0.06,0.02,0.41,Muy alta
2005,02,Centro,50 a 59,Mujer,6389,2770.9,5750.1,2493.81,0.03,0.01,0.43,Muy alta
2005,02,Centro,50 a 59,Varón,18480,6645.49,16632,5980.94,0.12,0.04,0.34,Muy alta
2005,02,Centro,60 a 69,Mujer,36196,11032.86,32576.4,9929.57,0.21,0.05,0.25,Alta
2005,02,Centro,60 a 69,Varón,27458,7848.99,24712.2,7064.09,0.16,0.04,0.26,Alta
2005,02,Centro,70 a 79,Mujer,13351,3817.1,12015.9,3435.39,0.11,0.03,0.27,Alta
2005,02,Centro,70 a 79,Varón,20157,6128.02,18141.3,5515.22,0.21,0.06,0.27,Alta
2005,02,Centro,80+,Mujer,7561,3509.08,6804.9,3158.18,0.09,0.04,0.44,Muy alta
2005,02,Centro,80+,Varón,12788,5341.44,11509.2,4807.3,0.25,0.08,0.34,Muy alta
2005,06,Centro,30 a 39,Mujer,86560,20151.81,77904,18136.63,0.07,0.02,0.22,Alta
2005,06,Centro,30 a 39,Varón,29441,10341.69,26496.9,9307.52,0.03,0.01,0.35,Muy alta
2005,06,Centro,40 a 49,Mujer,41871,12780.36,37683.9,11502.33,0.04,0.01,0.3,Alta
2005,06,Centro,40 a 49,Varón,48422,18267.49,43579.8,16440.74,0.05,0.02,0.36,Muy alta
2005,06,Centro,50 a 59,Mujer,93681,22311.27,84312.9,20080.15,0.12,0.03,0.22,Alta
2005,06,Centro,50 a 59,Varón,81999,21303.35,73799.1,19173.02,0.1,0.02,0.25,Alta
2005,06,Centro,60 a 69,Mujer,114895,24217.2,103405.5,21795.48,0.18,0.03,0.18,Moderada
2005,06,Centro,60 a 69,Varón,97517,21289.7,87765.3,19160.73,0.17,0.03,0.2,Moderada
2005,06,Centro,70 a 79,Mujer,72126,18322.25,64913.4,16490.02,0.16,0.03,0.22,Alta
2005,06,Centro,70 a 79,Varón,59325,17543.88,53392.5,15789.49,0.16,0.04,0.26,Alta
2005,06,Centro,80+,Mujer,30249,10329.3,27224.1,9296.37,0.15,0.05,0.31,Muy alta
2005,06,Centro,80+,Varón,30602,14379.92,27541.8,12941.93,0.26,0.1,0.41,Muy alta
2005,10,NOA2,30 a 39,Mujer,1402,421.92,1261.8,379.73,0.07,0.02,0.29,Alta
2005,10,NOA2,30 a 39,Varón,824,292.7,741.6,263.43,0.04,0.01,0.35,Muy alta
2005,10,NOA2,40 a 49,Mujer,1187,375.63,1068.3,338.06,0.09,0.03,0.3,Alta
2005,10,NOA2,40 a 49,Varón,448,228.17,403.2,205.35,0.03,0.02,0.5,Muy alta
2005,10,NOA2,50 a 59,Mujer,1913,498.14,1721.7,448.33,0.14,0.03,0.25,Alta
2005,10,NOA2,50 a 59,Varón,1768,571.89,1591.2,514.7,0.16,0.05,0.3,Alta
2005,10,NOA2,60 a 69,Mujer,2191,564.25,1971.9,507.82,0.27,0.06,0.23,Alta
2005,10,NOA2,60 a 69,Varón,981,355.67,882.9,320.1,0.15,0.05,0.34,Muy alta
2005,10,NOA2,70 a 79,Mujer,1078,355.69,970.2,320.12,0.27,0.07,0.28,Alta
2005,10,NOA2,70 a 79,Varón,359,165.63,323.1,149.07,0.11,0.05,0.45,Muy alta
2005,10,NOA2,80+,Mujer,18,18,16.2,16.2,0.01,0.01,1.02,Muy alta
2005,10,NOA2,80+,Varón,34,34,30.6,30.6,0.04,0.04,1.02,Muy alta
2005,14,Centro,30 a 39,Mujer,10977,3640.81,9879.3,3276.73,0.06,0.02,0.32,Muy alta
2005,14,Centro,30 a 39,Varón,12050,6477.67,10845,5829.9,0.09,0.04,0.5,Muy alta
2005,14,Centro,40 a 49,Mujer,12735,6352.29,11461.5,5717.06,0.06,0.03,0.47,Muy alta
2005,14,Centro,40 a 49,Varón,10662,4453.33,9595.8,4008,0.08,0.03,0.4,Muy alta
2005,14,Centro,50 a 59,Mujer,22265,7543.49,20038.5,6789.14,0.12,0.04,0.31,Muy alta
2005,14,Centro,50 a 59,Varón,15610,5629.16,14049,5066.24,0.12,0.04,0.33,Muy alta
2005,14,Centro,60 a 69,Mujer,27676,8347.75,24908.4,7512.98,0.22,0.05,0.25,Alta
2005,14,Centro,60 a 69,Varón,29389,8500.46,26450.1,7650.41,0.23,0.06,0.25,Alta
2005,14,Centro,70 a 79,Mujer,18233,4414.11,16409.7,3972.7,0.19,0.04,0.22,Alta
2005,14,Centro,70 a 79,Varón,12018,4638.99,10816.2,4175.1,0.15,0.05,0.35,Muy alta
2005,14,Centro,80+,Mujer,2564,1358.06,2307.6,1222.25,0.09,0.04,0.51,Muy alta
2005,14,Centro,80+,Varón,1469,924.14,1322.1,831.73,0.07,0.05,0.65,Muy alta
2005,18,NEA,30 a 39,Mujer,2111,850.98,1899.9,765.88,0.04,0.01,0.4,Muy alta
2005,18,NEA,30 a 39,Varón,758,485.86,682.2,437.28,0.01,0.01,0.64,Muy alta
2005,18,NEA,40 a 49,Mujer,2153,688.77,1937.7,619.89,0.05,0.02,0.31,Muy alta
2005,18,NEA,40 a 49,Varón,1988,788.07,1789.2,709.26,0.05,0.02,0.39,Muy alta
2005,18,NEA,50 a 59,Mujer,4756,1393.04,4280.4,1253.73,0.11,0.03,0.27,Alta
2005,18,NEA,50 a 59,Varón,6026,1855.84,5423.4,1670.26,0.17,0.05,0.27,Alta
2005,18,NEA,60 a 69,Mujer,5040,1292.05,4536,1162.84,0.2,0.04,0.23,Alta
2005,18,NEA,60 a 69,Varón,2713,1033.3,2441.7,929.97,0.15,0.05,0.35,Muy alta
2005,18,NEA,70 a 79,Mujer,1505,622.79,1354.5,560.51,0.14,0.05,0.39,Muy alta
2005,18,NEA,70 a 79,Varón,3323,1107.63,2990.7,996.87,0.28,0.08,0.29,Alta
2005,18,NEA,80+,Mujer,0,0,0,0,0,0,NA,NA
2005,18,NEA,80+,Varón,470,318.09,423,286.28,0.18,0.11,0.6,Muy alta
2005,22,NEA,30 a 39,Mujer,5531,1419.38,4977.9,1277.44,0.1,0.02,0.24,Alta
2005,22,NEA,30 a 39,Varón,1225,636.73,1102.5,573.06,0.03,0.01,0.51,Muy alta
2005,22,NEA,40 a 49,Mujer,3847,917.73,3462.3,825.95,0.08,0.02,0.23,Alta
2005,22,NEA,40 a 49,Varón,1931,717.33,1737.9,645.6,0.04,0.02,0.36,Muy alta
2005,22,NEA,50 a 59,Mujer,4520,1451,4068,1305.9,0.14,0.04,0.29,Alta
2005,22,NEA,50 a 59,Varón,4534,1483.97,4080.6,1335.57,0.11,0.03,0.31,Muy alta
2005,22,NEA,60 a 69,Mujer,2767,807.5,2490.3,726.75,0.13,0.04,0.27,Alta
2005,22,NEA,60 a 69,Varón,2664,889.04,2397.6,800.13,0.14,0.04,0.31,Muy alta
2005,22,NEA,70 a 79,Mujer,5032,1423.23,4528.8,1280.91,0.23,0.05,0.24,Alta
2005,22,NEA,70 a 79,Varón,1781,587.72,1602.9,528.95,0.17,0.06,0.35,Muy alta
2005,22,NEA,80+,Mujer,787,398.16,708.3,358.34,0.18,0.08,0.46,Muy alta
2005,22,NEA,80+,Varón,255,187.95,229.5,169.15,0.06,0.04,0.75,Muy alta
2005,26,Patagonia Sur,30 a 39,Mujer,3025,910,2722.5,819,0.08,0.02,0.29,Alta
2005,26,Patagonia Sur,30 a 39,Varón,921,342.88,828.9,308.59,0.03,0.01,0.37,Muy alta
2005,26,Patagonia Sur,40 a 49,Mujer,2285,548.24,2056.5,493.42,0.11,0.03,0.23,Alta
2005,26,Patagonia Sur,40 a 49,Varón,1949,620.11,1754.1,558.1,0.08,0.03,0.31,Muy alta
2005,26,Patagonia Sur,50 a 59,Mujer,2475,597.58,2227.5,537.83,0.1,0.02,0.24,Alta
2005,26,Patagonia Sur,50 a 59,Varón,3056,795.08,2750.4,715.57,0.15,0.04,0.24,Alta
2005,26,Patagonia Sur,60 a 69,Mujer,2081,680.61,1872.9,612.55,0.14,0.04,0.3,Alta
2005,26,Patagonia Sur,60 a 69,Varón,1436,415.31,1292.4,373.78,0.09,0.03,0.31,Muy alta
2005,26,Patagonia Sur,70 a 79,Mujer,1710,404.45,1539,364,0.22,0.05,0.23,Alta
2005,26,Patagonia Sur,70 a 79,Varón,1109,367.24,998.1,330.51,0.24,0.07,0.29,Alta
2005,26,Patagonia Sur,80+,Mujer,1122,584.37,1009.8,525.94,0.28,0.11,0.39,Muy alta
2005,26,Patagonia Sur,80+,Varón,82,82,73.8,73.8,0.17,0.18,1.06,Muy alta
2005,30,Centro,30 a 39,Mujer,3604,1328.83,3243.6,1195.94,0.05,0.02,0.36,Muy alta
2005,30,Centro,30 a 39,Varón,1065,663.33,958.5,597,0.02,0.01,0.62,Muy alta
2005,30,Centro,40 a 49,Mujer,1830,873.08,1647,785.77,0.03,0.02,0.47,Muy alta
2005,30,Centro,40 a 49,Varón,1847,789.85,1662.3,710.86,0.03,0.01,0.43,Muy alta
2005,30,Centro,50 a 59,Mujer,6341,2001.26,5706.9,1801.14,0.12,0.03,0.29,Alta
2005,30,Centro,50 a 59,Varón,8914,2678.24,8022.6,2410.41,0.15,0.04,0.27,Alta
2005,30,Centro,60 a 69,Mujer,5330,1562.39,4797,1406.15,0.12,0.03,0.28,Alta
2005,30,Centro,60 a 69,Varón,4061,1443.98,3654.9,1299.58,0.11,0.04,0.34,Muy alta
2005,30,Centro,70 a 79,Mujer,7808,2876.67,7027.2,2589,0.25,0.07,0.29,Alta
2005,30,Centro,70 a 79,Varón,4717,1790.99,4245.3,1611.89,0.17,0.06,0.34,Muy alta
2005,30,Centro,80+,Mujer,2383,1023.03,2144.7,920.73,0.12,0.05,0.46,Muy alta
2005,30,Centro,80+,Varón,1101,860.08,990.9,774.07,0.18,0.13,0.7,Muy alta
2005,34,NEA,30 a 39,Mujer,761,265.92,684.9,239.33,0.03,0.01,0.35,Muy alta
2005,34,NEA,30 a 39,Varón,969,329.12,872.1,296.21,0.04,0.01,0.34,Muy alta
2005,34,NEA,40 a 49,Mujer,1842,501.83,1657.8,451.65,0.09,0.02,0.26,Alta
2005,34,NEA,40 a 49,Varón,2256,749.87,2030.4,674.89,0.1,0.03,0.31,Muy alta
2005,34,NEA,50 a 59,Mujer,2918,1183.79,2626.2,1065.41,0.18,0.06,0.34,Muy alta
2005,34,NEA,50 a 59,Varón,1380,439.24,1242,395.32,0.08,0.02,0.31,Muy alta
2005,34,NEA,60 a 69,Mujer,2509,795.68,2258.1,716.11,0.3,0.08,0.27,Alta
2005,34,NEA,60 a 69,Varón,655,274.6,589.5,247.14,0.1,0.04,0.43,Muy alta
2005,34,NEA,70 a 79,Mujer,1711,911.53,1539.9,820.38,0.21,0.1,0.49,Muy alta
2005,34,NEA,70 a 79,Varón,135,89.02,121.5,80.12,0.03,0.02,0.69,Muy alta
2005,34,NEA,80+,Mujer,325,159.04,292.5,143.14,0.13,0.06,0.49,Muy alta
2005,34,NEA,80+,Varón,74,52.34,66.6,47.11,0.03,0.02,0.75,Muy alta
2005,38,NOA1,30 a 39,Mujer,1077,438.47,969.3,394.62,0.02,0.01,0.41,Muy alta
2005,38,NOA1,30 a 39,Varón,509,291.8,458.1,262.62,0.01,0.01,0.57,Muy alta
2005,38,NOA1,40 a 49,Mujer,1582,501.43,1423.8,451.29,0.05,0.02,0.32,Muy alta
2005,38,NOA1,40 a 49,Varón,752,380.79,676.8,342.71,0.03,0.02,0.51,Muy alta
2005,38,NOA1,50 a 59,Mujer,1008,368.91,907.2,332.02,0.04,0.02,0.41,Muy alta
2005,38,NOA1,50 a 59,Varón,2327,901.54,2094.3,811.38,0.09,0.03,0.37,Muy alta
2005,38,NOA1,60 a 69,Mujer,1174,403.47,1056.6,363.13,0.09,0.03,0.34,Muy alta
2005,38,NOA1,60 a 69,Varón,2773,796.18,2495.7,716.56,0.16,0.04,0.27,Alta
2005,38,NOA1,70 a 79,Mujer,667,268.6,600.3,241.74,0.06,0.03,0.41,Muy alta
2005,38,NOA1,70 a 79,Varón,564,295.24,507.6,265.72,0.06,0.03,0.57,Muy alta
2005,38,NOA1,80+,Mujer,289,149.48,260.1,134.53,0.09,0.05,0.51,Muy alta
2005,38,NOA1,80+,Varón,214,151.38,192.6,136.24,0.08,0.06,0.71,Muy alta
2005,42,Patagonia Norte,30 a 39,Mujer,1878,640.42,1690.2,576.38,0.09,0.03,0.32,Muy alta
2005,42,Patagonia Norte,30 a 39,Varón,194,139.27,174.6,125.34,0.01,0.01,0.72,Muy alta
2005,42,Patagonia Norte,40 a 49,Mujer,1129,332.66,1016.1,299.39,0.09,0.02,0.28,Alta
2005,42,Patagonia Norte,40 a 49,Varón,97,97,87.3,87.3,0.01,0.01,1,Muy alta
2005,42,Patagonia Norte,50 a 59,Mujer,992,325.31,892.8,292.78,0.09,0.03,0.31,Muy alta
2005,42,Patagonia Norte,50 a 59,Varón,1329,468.84,1196.1,421.96,0.12,0.04,0.33,Muy alta
2005,42,Patagonia Norte,60 a 69,Mujer,976,404.79,878.4,364.31,0.13,0.05,0.37,Muy alta
2005,42,Patagonia Norte,60 a 69,Varón,790,323.25,711,290.93,0.14,0.05,0.38,Muy alta
2005,42,Patagonia Norte,70 a 79,Mujer,598,217.77,538.2,196,0.11,0.04,0.34,Muy alta
2005,42,Patagonia Norte,70 a 79,Varón,1239,448.7,1115.1,403.83,0.22,0.07,0.31,Muy alta
2005,42,Patagonia Norte,80+,Mujer,154,104.16,138.6,93.75,0.06,0.04,0.66,Muy alta
2005,42,Patagonia Norte,80+,Varón,114,85.91,102.6,77.32,0.09,0.07,0.75,Muy alta
2005,46,Cuyo,30 a 39,Mujer,1443,407.44,1298.7,366.7,0.07,0.02,0.27,Alta
2005,46,Cuyo,30 a 39,Varón,192,120.93,172.8,108.83,0.01,0.01,0.63,Muy alta
2005,46,Cuyo,40 a 49,Mujer,1741,437.95,1566.9,394.16,0.12,0.03,0.23,Alta
2005,46,Cuyo,40 a 49,Varón,1187,377.02,1068.3,339.32,0.08,0.02,0.3,Alta
2005,46,Cuyo,50 a 59,Mujer,2537,585.25,2283.3,526.72,0.22,0.04,0.19,Moderada
2005,46,Cuyo,50 a 59,Varón,1347,432.87,1212.3,389.58,0.12,0.03,0.3,Alta
2005,46,Cuyo,60 a 69,Mujer,1116,369.26,1004.4,332.33,0.15,0.05,0.3,Alta
2005,46,Cuyo,60 a 69,Varón,970,342.76,873,308.48,0.12,0.04,0.34,Muy alta
2005,46,Cuyo,70 a 79,Mujer,1124,381.62,1011.6,343.46,0.29,0.08,0.26,Alta
2005,46,Cuyo,70 a 79,Varón,1116,384.96,1004.4,346.46,0.44,0.1,0.22,Alta
2005,46,Cuyo,80+,Mujer,259,175.9,233.1,158.31,0.19,0.11,0.59,Muy alta
2005,46,Cuyo,80+,Varón,33,33,29.7,29.7,0.02,0.02,1.03,Muy alta
2005,50,Cuyo,30 a 39,Mujer,610,610,549,549,0.01,0.01,1,Muy alta
2005,50,Cuyo,30 a 39,Varón,499,354.98,449.1,319.48,0.01,0,0.71,Muy alta
2005,50,Cuyo,40 a 49,Mujer,6126,1635.56,5513.4,1472.01,0.07,0.02,0.26,Alta
2005,50,Cuyo,40 a 49,Varón,2946,1296.78,2651.4,1167.1,0.04,0.02,0.44,Muy alta
2005,50,Cuyo,50 a 59,Mujer,5773,2017.17,5195.7,1815.45,0.08,0.03,0.33,Muy alta
2005,50,Cuyo,50 a 59,Varón,9521,3096.42,8568.9,2786.78,0.12,0.04,0.3,Alta
2005,50,Cuyo,60 a 69,Mujer,8268,2573.62,7441.2,2316.26,0.12,0.04,0.28,Alta
2005,50,Cuyo,60 a 69,Varón,3386,1232.36,3047.4,1109.12,0.09,0.03,0.36,Muy alta
2005,50,Cuyo,70 a 79,Mujer,4397,1374.99,3957.3,1237.49,0.09,0.03,0.31,Muy alta
2005,50,Cuyo,70 a 79,Varón,4732,1587.15,4258.8,1428.44,0.2,0.06,0.3,Alta
2005,50,Cuyo,80+,Mujer,3399,1402.67,3059.1,1262.4,0.18,0.07,0.37,Muy alta
2005,50,Cuyo,80+,Varón,3413,1342.93,3071.7,1208.64,0.3,0.1,0.32,Muy alta
2005,54,NEA,30 a 39,Mujer,3807,1110.16,3426.3,999.14,0.07,0.02,0.28,Alta
2005,54,NEA,30 a 39,Varón,1085,493.6,976.5,444.24,0.03,0.01,0.45,Muy alta
2005,54,NEA,40 a 49,Mujer,2103,878.58,1892.7,790.72,0.06,0.02,0.4,Muy alta
2005,54,NEA,40 a 49,Varón,2409,923.64,2168.1,831.28,0.06,0.02,0.37,Muy alta
2005,54,NEA,50 a 59,Mujer,4012,1400.5,3610.8,1260.45,0.13,0.04,0.32,Muy alta
2005,54,NEA,50 a 59,Varón,3059,941.56,2753.1,847.41,0.09,0.03,0.3,Alta
2005,54,NEA,60 a 69,Mujer,5126,1481.38,4613.4,1333.25,0.23,0.05,0.24,Alta
2005,54,NEA,60 a 69,Varón,2564,766.42,2307.6,689.78,0.18,0.05,0.28,Alta
2005,54,NEA,70 a 79,Mujer,1063,498.49,956.7,448.64,0.09,0.04,0.45,Muy alta
2005,54,NEA,70 a 79,Varón,2067,794.78,1860.3,715.3,0.14,0.05,0.37,Muy alta
2005,54,NEA,80+,Mujer,386,245.21,347.4,220.69,0.12,0.07,0.62,Muy alta
2005,54,NEA,80+,Varón,720,353.96,648,318.56,0.16,0.08,0.5,Muy alta
2005,58,Patagonia Norte,30 a 39,Mujer,3947,923.86,3552.3,831.48,0.1,0.02,0.22,Alta
2005,58,Patagonia Norte,30 a 39,Varón,2085,735.86,1876.5,662.27,0.06,0.02,0.34,Muy alta
2005,58,Patagonia Norte,40 a 49,Mujer,1800,609.66,1620,548.69,0.06,0.02,0.32,Muy alta
2005,58,Patagonia Norte,40 a 49,Varón,804,428.87,723.6,385.98,0.03,0.02,0.52,Muy alta
2005,58,Patagonia Norte,50 a 59,Mujer,2298,739.45,2068.2,665.51,0.12,0.04,0.29,Alta
2005,58,Patagonia Norte,50 a 59,Varón,3369,965.94,3032.1,869.34,0.14,0.04,0.26,Alta
2005,58,Patagonia Norte,60 a 69,Mujer,1457,501.64,1311.3,451.48,0.17,0.05,0.31,Muy alta
2005,58,Patagonia Norte,60 a 69,Varón,1999,634.34,1799.1,570.91,0.19,0.05,0.28,Alta
2005,58,Patagonia Norte,70 a 79,Mujer,1513,488.95,1361.7,440.05,0.16,0.05,0.32,Muy alta
2005,58,Patagonia Norte,70 a 79,Varón,1097,392,987.3,352.8,0.16,0.06,0.35,Muy alta
2005,58,Patagonia Norte,80+,Mujer,639,269.99,575.1,242.99,0.2,0.08,0.4,Muy alta
2005,58,Patagonia Norte,80+,Varón,0,0,0,0,0,0,NA,NA
2005,62,Patagonia Norte,30 a 39,Mujer,2690,835.51,2421,751.96,0.06,0.02,0.3,Alta
2005,62,Patagonia Norte,30 a 39,Varón,513,380.19,461.7,342.17,0.02,0.01,0.74,Muy alta
2005,62,Patagonia Norte,40 a 49,Mujer,3001,808.94,2700.9,728.04,0.12,0.03,0.25,Alta
2005,62,Patagonia Norte,40 a 49,Varón,1829,805.99,1646.1,725.39,0.06,0.03,0.42,Muy alta
2005,62,Patagonia Norte,50 a 59,Mujer,4634,976.18,4170.6,878.57,0.16,0.03,0.2,Moderada
2005,62,Patagonia Norte,50 a 59,Varón,1915,743.92,1723.5,669.53,0.07,0.03,0.38,Muy alta
2005,62,Patagonia Norte,60 a 69,Mujer,2605,914.81,2344.5,823.33,0.15,0.05,0.31,Muy alta
2005,62,Patagonia Norte,60 a 69,Varón,4207,1359.67,3786.3,1223.7,0.24,0.06,0.27,Alta
2005,62,Patagonia Norte,70 a 79,Mujer,3354,924.42,3018.6,831.98,0.29,0.06,0.22,Alta
2005,62,Patagonia Norte,70 a 79,Varón,1794,569.77,1614.6,512.79,0.21,0.06,0.29,Alta
2005,62,Patagonia Norte,80+,Mujer,629,323,566.1,290.7,0.13,0.06,0.49,Muy alta
2005,62,Patagonia Norte,80+,Varón,895,828.87,805.5,745.99,0.21,0.16,0.77,Muy alta
2005,66,NOA1,30 a 39,Mujer,2140,1074.41,1926,966.97,0.03,0.01,0.49,Muy alta
2005,66,NOA1,30 a 39,Varón,1014,476.48,912.6,428.83,0.02,0.01,0.47,Muy alta
2005,66,NOA1,40 a 49,Mujer,2093,778.97,1883.7,701.07,0.04,0.02,0.37,Muy alta
2005,66,NOA1,40 a 49,Varón,2024,841.04,1821.6,756.94,0.04,0.02,0.41,Muy alta
2005,66,NOA1,50 a 59,Mujer,4020,1074.21,3618,966.79,0.09,0.02,0.27,Alta
2005,66,NOA1,50 a 59,Varón,1072,622.91,964.8,560.62,0.03,0.01,0.58,Muy alta
2005,66,NOA1,60 a 69,Mujer,1631,519.03,1467.9,467.12,0.07,0.02,0.32,Muy alta
2005,66,NOA1,60 a 69,Varón,2103,916.47,1892.7,824.83,0.11,0.04,0.41,Muy alta
2005,66,NOA1,70 a 79,Mujer,1803,561.93,1622.7,505.73,0.12,0.04,0.31,Muy alta
2005,66,NOA1,70 a 79,Varón,1896,949.26,1706.4,854.33,0.11,0.05,0.48,Muy alta
2005,66,NOA1,80+,Mujer,1094,463.25,984.6,416.93,0.12,0.06,0.47,Muy alta
2005,66,NOA1,80+,Varón,357,207.72,321.3,186.95,0.09,0.06,0.63,Muy alta
2005,70,Cuyo,30 a 39,Mujer,4299,1222.22,3869.1,1100,0.09,0.02,0.27,Alta
2005,70,Cuyo,30 a 39,Varón,1355,697.7,1219.5,627.93,0.03,0.02,0.5,Muy alta
2005,70,Cuyo,40 a 49,Mujer,2378,707.68,2140.2,636.91,0.07,0.02,0.29,Alta
2005,70,Cuyo,40 a 49,Varón,980,412.35,882,371.11,0.03,0.01,0.42,Muy alta
2005,70,Cuyo,50 a 59,Mujer,4218,1117.83,3796.2,1006.05,0.13,0.03,0.24,Alta
2005,70,Cuyo,50 a 59,Varón,1837,838.8,1653.3,754.92,0.06,0.03,0.44,Muy alta
2005,70,Cuyo,60 a 69,Mujer,3355,924.04,3019.5,831.64,0.16,0.04,0.25,Alta
2005,70,Cuyo,60 a 69,Varón,2807,883.76,2526.3,795.38,0.15,0.04,0.29,Alta
2005,70,Cuyo,70 a 79,Mujer,3537,975.07,3183.3,877.56,0.23,0.05,0.23,Alta
2005,70,Cuyo,70 a 79,Varón,3317,1058.28,2985.3,952.45,0.3,0.08,0.26,Alta
2005,70,Cuyo,80+,Mujer,412,306,370.8,275.4,0.08,0.06,0.7,Muy alta
2005,70,Cuyo,80+,Varón,1357,710.32,1221.3,639.28,0.29,0.12,0.4,Muy alta
2005,74,Cuyo,30 a 39,Mujer,3780,853.29,3402,767.96,0.14,0.03,0.2,Moderada
2005,74,Cuyo,30 a 39,Varón,1199,459.78,1079.1,413.81,0.05,0.02,0.37,Muy alta
2005,74,Cuyo,40 a 49,Mujer,2362,545.92,2125.8,491.33,0.11,0.02,0.22,Alta
2005,74,Cuyo,40 a 49,Varón,1270,495.96,1143,446.36,0.07,0.03,0.37,Muy alta
2005,74,Cuyo,50 a 59,Mujer,3101,727.03,2790.9,654.32,0.14,0.03,0.22,Alta
2005,74,Cuyo,50 a 59,Varón,2100,647.24,1890,582.51,0.12,0.03,0.29,Alta
2005,74,Cuyo,60 a 69,Mujer,908,311.19,817.2,280.07,0.08,0.03,0.33,Muy alta
2005,74,Cuyo,60 a 69,Varón,1909,706.3,1718.1,635.67,0.2,0.07,0.33,Muy alta
2005,74,Cuyo,70 a 79,Mujer,695,243.09,625.5,218.78,0.09,0.03,0.34,Muy alta
2005,74,Cuyo,70 a 79,Varón,629,246.62,566.1,221.96,0.11,0.04,0.39,Muy alta
2005,74,Cuyo,80+,Mujer,686,287.62,617.4,258.86,0.19,0.07,0.38,Muy alta
2005,74,Cuyo,80+,Varón,0,0,0,0,0,0,NA,NA
2005,78,Patagonia Sur,30 a 39,Mujer,828,325.76,745.2,293.19,0.06,0.02,0.38,Muy alta
2005,78,Patagonia Sur,30 a 39,Varón,322,187.84,289.8,169.06,0.02,0.01,0.58,Muy alta
2005,78,Patagonia Sur,40 a 49,Mujer,1507,390.94,1356.3,351.84,0.13,0.03,0.24,Alta
2005,78,Patagonia Sur,40 a 49,Varón,1156,383.62,1040.4,345.26,0.09,0.03,0.31,Muy alta
2005,78,Patagonia Sur,50 a 59,Mujer,1237,350.72,1113.3,315.65,0.15,0.04,0.26,Alta
2005,78,Patagonia Sur,50 a 59,Varón,1501,431.95,1350.9,388.76,0.14,0.04,0.27,Alta
2005,78,Patagonia Sur,60 a 69,Mujer,1039,314.2,935.1,282.78,0.16,0.04,0.28,Alta
2005,78,Patagonia Sur,60 a 69,Varón,772,261.55,694.8,235.39,0.13,0.04,0.32,Muy alta
2005,78,Patagonia Sur,70 a 79,Mujer,447,172.64,402.3,155.38,0.13,0.05,0.37,Muy alta
2005,78,Patagonia Sur,70 a 79,Varón,177,93.05,159.3,83.74,0.14,0.07,0.49,Muy alta
2005,78,Patagonia Sur,80+,Mujer,82,49.11,73.8,44.2,0.13,0.08,0.61,Muy alta
2005,78,Patagonia Sur,80+,Varón,0,0,0,0,0,0,NA,NA
2005,82,Centro,30 a 39,Mujer,6543,2973.05,5888.7,2675.75,0.03,0.01,0.45,Muy alta
2005,82,Centro,30 a 39,Varón,6731,3560.59,6057.9,3204.53,0.04,0.02,0.52,Muy alta
2005,82,Centro,40 a 49,Mujer,5941,2032.19,5346.9,1828.97,0.04,0.01,0.34,Muy alta
2005,82,Centro,40 a 49,Varón,8251,2995.79,7425.9,2696.21,0.04,0.02,0.36,Muy alta
2005,82,Centro,50 a 59,Mujer,19556,5259.1,17600.4,4733.19,0.13,0.03,0.25,Alta
2005,82,Centro,50 a 59,Varón,29172,8116.61,26254.8,7304.95,0.2,0.05,0.25,Alta
2005,82,Centro,60 a 69,Mujer,20607,5111.1,18546.3,4599.99,0.16,0.04,0.22,Alta
2005,82,Centro,60 a 69,Varón,27203,7885.26,24482.7,7096.73,0.27,0.06,0.23,Alta
2005,82,Centro,70 a 79,Mujer,6670,2265.14,6003,2038.63,0.06,0.02,0.34,Muy alta
2005,82,Centro,70 a 79,Varón,7529,3790.52,6776.1,3411.47,0.11,0.05,0.47,Muy alta
2005,82,Centro,80+,Mujer,2750,1366.1,2475,1229.49,0.05,0.03,0.49,Muy alta
2005,82,Centro,80+,Varón,1164,587.28,1047.6,528.55,0.1,0.05,0.52,Muy alta
2005,86,NOA2,30 a 39,Mujer,2190,603.63,1971,543.27,0.05,0.01,0.27,Alta
2005,86,NOA2,30 a 39,Varón,1989,621.97,1790.1,559.77,0.06,0.02,0.3,Alta
2005,86,NOA2,40 a 49,Mujer,2941,730.88,2646.9,657.8,0.1,0.02,0.24,Alta
2005,86,NOA2,40 a 49,Varón,2108,719.07,1897.2,647.17,0.07,0.02,0.33,Muy alta
2005,86,NOA2,50 a 59,Mujer,3726,1022.02,3353.4,919.82,0.14,0.03,0.25,Alta
2005,86,NOA2,50 a 59,Varón,3914,963.23,3522.6,866.91,0.16,0.04,0.23,Alta
2005,86,NOA2,60 a 69,Mujer,2026,797.83,1823.4,718.04,0.13,0.05,0.36,Muy alta
2005,86,NOA2,60 a 69,Varón,3855,1018.18,3469.5,916.36,0.27,0.06,0.22,Alta
2005,86,NOA2,70 a 79,Mujer,1293,370.43,1163.7,333.39,0.11,0.03,0.28,Alta
2005,86,NOA2,70 a 79,Varón,1973,594.77,1775.7,535.29,0.3,0.07,0.24,Alta
2005,86,NOA2,80+,Mujer,409,225.87,368.1,203.28,0.07,0.04,0.55,Muy alta
2005,86,NOA2,80+,Varón,318,204.41,286.2,183.97,0.08,0.05,0.63,Muy alta
2005,90,NOA1,30 a 39,Mujer,7861,2163.63,7074.9,1947.27,0.09,0.02,0.26,Alta
2005,90,NOA1,30 a 39,Varón,314,314,282.6,282.6,0,0,1,Muy alta
2005,90,NOA1,40 a 49,Mujer,2868,1073.89,2581.2,966.5,0.05,0.02,0.37,Muy alta
2005,90,NOA1,40 a 49,Varón,2532,1116,2278.8,1004.4,0.04,0.02,0.44,Muy alta
2005,90,NOA1,50 a 59,Mujer,8538,2158.19,7684.2,1942.37,0.14,0.03,0.23,Alta
2005,90,NOA1,50 a 59,Varón,3473,1281.97,3125.7,1153.78,0.05,0.02,0.37,Muy alta
2005,90,NOA1,60 a 69,Mujer,8759,2226.89,7883.1,2004.2,0.28,0.06,0.2,Moderada
2005,90,NOA1,60 a 69,Varón,6996,1867.45,6296.4,1680.71,0.21,0.05,0.24,Alta
2005,90,NOA1,70 a 79,Mujer,2621,1376.76,2358.9,1239.08,0.09,0.05,0.49,Muy alta
2005,90,NOA1,70 a 79,Varón,1852,1047.89,1666.8,943.1,0.09,0.05,0.53,Muy alta
2005,90,NOA1,80+,Mujer,1472,902.46,1324.8,812.22,0.12,0.07,0.57,Muy alta
2005,90,NOA1,80+,Varón,1396,1010.59,1256.4,909.53,0.22,0.14,0.63,Muy alta
2005,94,Patagonia Sur,30 a 39,Mujer,1543,352.03,1388.7,316.83,0.14,0.03,0.21,Alta
2005,94,Patagonia Sur,30 a 39,Varón,460,181.93,414,163.74,0.05,0.02,0.39,Muy alta
2005,94,Patagonia Sur,40 a 49,Mujer,921,228.52,828.9,205.66,0.1,0.02,0.23,Alta
2005,94,Patagonia Sur,40 a 49,Varón,522,198.48,469.8,178.63,0.07,0.02,0.36,Muy alta
2005,94,Patagonia Sur,50 a 59,Mujer,834,234.08,750.6,210.67,0.17,0.04,0.25,Alta
2005,94,Patagonia Sur,50 a 59,Varón,343,138.38,308.7,124.54,0.07,0.03,0.4,Muy alta
2005,94,Patagonia Sur,60 a 69,Mujer,270,108.09,243,97.28,0.16,0.06,0.38,Muy alta
2005,94,Patagonia Sur,60 a 69,Varón,311,138.77,279.9,124.89,0.23,0.08,0.37,Muy alta
2005,94,Patagonia Sur,70 a 79,Mujer,82,49.7,73.8,44.73,0.15,0.09,0.6,Muy alta
2005,94,Patagonia Sur,70 a 79,Varón,169,80.21,152.1,72.19,0.21,0.1,0.47,Muy alta
2005,94,Patagonia Sur,80+,Mujer,17,17,15.3,15.3,0.06,0.07,1.06,Muy alta
2005,94,Patagonia Sur,80+,Varón,50,50,45,45,0.23,0.21,0.92,Muy alta
2009,02,Centro,30 a 39,Mujer,10717,4812.4,9645.3,4331.16,0.04,0.02,0.44,Muy alta
2009,02,Centro,30 a 39,Varón,5730,3571.54,5157,3214.39,0.02,0.01,0.62,Muy alta
2009,02,Centro,40 a 49,Mujer,13745,6795,12370.5,6115.5,0.06,0.03,0.47,Muy alta
2009,02,Centro,40 a 49,Varón,14415,6945.64,12973.5,6251.08,0.09,0.04,0.45,Muy alta
2009,02,Centro,50 a 59,Mujer,12937,5716.22,11643.3,5144.6,0.06,0.02,0.43,Muy alta
2009,02,Centro,50 a 59,Varón,13014,5545.77,11712.6,4991.2,0.09,0.04,0.41,Muy alta
2009,02,Centro,60 a 69,Mujer,27050,8290.44,24345,7461.39,0.15,0.04,0.28,Alta
2009,02,Centro,60 a 69,Varón,12028,5049.33,10825.2,4544.4,0.08,0.03,0.41,Muy alta
2009,02,Centro,70 a 79,Mujer,11696,4698.85,10526.4,4228.96,0.09,0.04,0.38,Muy alta
2009,02,Centro,70 a 79,Varón,17344,6425.6,15609.6,5783.04,0.18,0.06,0.34,Muy alta
2009,02,Centro,80+,Mujer,10421,4514.26,9378.9,4062.84,0.15,0.06,0.4,Muy alta
2009,02,Centro,80+,Varón,12390,5305.65,11151,4775.09,0.21,0.08,0.38,Muy alta
2009,06,Centro,30 a 39,Mujer,96556,16065.31,86900.4,14458.78,0.08,0.01,0.16,Moderada
2009,06,Centro,30 a 39,Varón,35096,9159.84,31586.4,8243.86,0.03,0.01,0.26,Alta
2009,06,Centro,40 a 49,Mujer,84610,14518.57,76149,13066.72,0.08,0.01,0.16,Moderada
2009,06,Centro,40 a 49,Varón,39210,9552.6,35289,8597.34,0.05,0.01,0.24,Alta
2009,06,Centro,50 a 59,Mujer,96059,15790.86,86453.1,14211.77,0.11,0.02,0.15,Moderada
2009,06,Centro,50 a 59,Varón,91662,16078.01,82495.8,14470.21,0.11,0.02,0.17,Moderada
2009,06,Centro,60 a 69,Mujer,133607,17677.89,120246.3,15910.1,0.18,0.02,0.12,Moderada
2009,06,Centro,60 a 69,Varón,121705,19064.95,109534.5,17158.46,0.2,0.03,0.14,Moderada
2009,06,Centro,70 a 79,Mujer,91000,13335.93,81900,12002.34,0.2,0.03,0.13,Moderada
2009,06,Centro,70 a 79,Varón,81218,14195.45,73096.2,12775.91,0.22,0.03,0.15,Moderada
2009,06,Centro,80+,Mujer,28723,6991.57,25850.7,6292.41,0.13,0.03,0.23,Alta
2009,06,Centro,80+,Varón,20690,6290.79,18621,5661.71,0.16,0.04,0.28,Alta
2009,10,NOA2,30 a 39,Mujer,977,367.12,879.3,330.4,0.05,0.02,0.37,Muy alta
2009,10,NOA2,30 a 39,Varón,0,0,0,0,0,0,NA,NA
2009,10,NOA2,40 a 49,Mujer,1309,421.11,1178.1,379,0.07,0.02,0.31,Muy alta
2009,10,NOA2,40 a 49,Varón,859,318.37,773.1,286.53,0.05,0.02,0.36,Muy alta
2009,10,NOA2,50 a 59,Mujer,3333,965.92,2999.7,869.33,0.19,0.05,0.25,Alta
2009,10,NOA2,50 a 59,Varón,2073,652.06,1865.7,586.85,0.15,0.04,0.29,Alta
2009,10,NOA2,60 a 69,Mujer,2935,774.01,2641.5,696.61,0.27,0.06,0.21,Alta
2009,10,NOA2,60 a 69,Varón,1999,635.27,1799.1,571.74,0.27,0.07,0.27,Alta
2009,10,NOA2,70 a 79,Mujer,1462,454.55,1315.8,409.1,0.23,0.06,0.28,Alta
2009,10,NOA2,70 a 79,Varón,180,136.06,162,122.45,0.05,0.04,0.74,Muy alta
2009,10,NOA2,80+,Mujer,273,144.35,245.7,129.92,0.13,0.07,0.55,Muy alta
2009,10,NOA2,80+,Varón,120,120,108,108,0.06,0.06,0.98,Muy alta
2009,14,Centro,30 a 39,Mujer,13368,3690.59,12031.2,3321.53,0.07,0.02,0.27,Alta
2009,14,Centro,30 a 39,Varón,7190,2459.04,6471,2213.13,0.04,0.01,0.34,Muy alta
2009,14,Centro,40 a 49,Mujer,18691,4644.01,16821.9,4179.61,0.1,0.02,0.24,Alta
2009,14,Centro,40 a 49,Varón,10669,3401,9602.1,3060.9,0.07,0.02,0.31,Muy alta
2009,14,Centro,50 a 59,Mujer,17333,4226.5,15599.7,3803.85,0.09,0.02,0.24,Alta
2009,14,Centro,50 a 59,Varón,17344,4618.73,15609.6,4156.86,0.12,0.03,0.25,Alta
2009,14,Centro,60 a 69,Mujer,21448,4332.58,19303.2,3899.33,0.15,0.03,0.19,Moderada
2009,14,Centro,60 a 69,Varón,20229,5422.51,18206.1,4880.26,0.17,0.04,0.24,Alta
2009,14,Centro,70 a 79,Mujer,10965,2526.89,9868.5,2274.2,0.12,0.03,0.22,Alta
2009,14,Centro,70 a 79,Varón,17720,4989.47,15948,4490.53,0.23,0.05,0.23,Alta
2009,14,Centro,80+,Mujer,16047,4296.48,14442.3,3866.83,0.27,0.06,0.22,Alta
2009,14,Centro,80+,Varón,5262,2173.59,4735.8,1956.24,0.18,0.07,0.38,Muy alta
2009,18,NEA,30 a 39,Mujer,3708,1356.44,3337.2,1220.8,0.05,0.02,0.35,Muy alta
2009,18,NEA,30 a 39,Varón,501,380.66,450.9,342.59,0.01,0.01,0.76,Muy alta
2009,18,NEA,40 a 49,Mujer,7238,3421.43,6514.2,3079.29,0.13,0.06,0.41,Muy alta
2009,18,NEA,40 a 49,Varón,2628,1106.42,2365.2,995.77,0.06,0.02,0.41,Muy alta
2009,18,NEA,50 a 59,Mujer,10574,2682.09,9516.6,2413.88,0.22,0.05,0.22,Alta
2009,18,NEA,50 a 59,Varón,3968,1559.84,3571.2,1403.85,0.13,0.05,0.36,Muy alta
2009,18,NEA,60 a 69,Mujer,6417,1827.2,5775.3,1644.48,0.19,0.05,0.26,Alta
2009,18,NEA,60 a 69,Varón,3098,1395.66,2788.2,1256.1,0.14,0.06,0.41,Muy alta
2009,18,NEA,70 a 79,Mujer,4967,1510.98,4470.3,1359.88,0.3,0.07,0.25,Alta
2009,18,NEA,70 a 79,Varón,3133,1240.53,2819.7,1116.48,0.23,0.08,0.34,Muy alta
2009,18,NEA,80+,Mujer,651,405.49,585.9,364.94,0.11,0.07,0.61,Muy alta
2009,18,NEA,80+,Varón,0,0,0,0,0,0,NA,NA
2009,22,NEA,30 a 39,Mujer,3210,1252.06,2889,1126.86,0.06,0.02,0.37,Muy alta
2009,22,NEA,30 a 39,Varón,2406,1009.06,2165.4,908.15,0.04,0.02,0.41,Muy alta
2009,22,NEA,40 a 49,Mujer,4726,1530.31,4253.4,1377.28,0.09,0.03,0.31,Muy alta
2009,22,NEA,40 a 49,Varón,3016,1107.93,2714.4,997.14,0.06,0.02,0.36,Muy alta
2009,22,NEA,50 a 59,Mujer,6826,1922.71,6143.4,1730.44,0.16,0.04,0.25,Alta
2009,22,NEA,50 a 59,Varón,2241,1024.76,2016.9,922.28,0.05,0.02,0.45,Muy alta
2009,22,NEA,60 a 69,Mujer,5234,1579.01,4710.6,1421.11,0.15,0.04,0.27,Alta
2009,22,NEA,60 a 69,Varón,5193,1630.37,4673.7,1467.33,0.24,0.06,0.26,Alta
2009,22,NEA,70 a 79,Mujer,2931,970.91,2637.9,873.82,0.17,0.05,0.31,Muy alta
2009,22,NEA,70 a 79,Varón,3501,1200.16,3150.9,1080.15,0.24,0.07,0.3,Alta
2009,22,NEA,80+,Mujer,1503,919.12,1352.7,827.21,0.13,0.08,0.56,Muy alta
2009,22,NEA,80+,Varón,553,408.88,497.7,367.99,0.19,0.13,0.67,Muy alta
2009,26,Patagonia Sur,30 a 39,Mujer,2579,891.87,2321.1,802.68,0.07,0.02,0.33,Muy alta
2009,26,Patagonia Sur,30 a 39,Varón,1780,640.09,1602,576.08,0.07,0.02,0.35,Muy alta
2009,26,Patagonia Sur,40 a 49,Mujer,2342,823.98,2107.8,741.58,0.09,0.03,0.33,Muy alta
2009,26,Patagonia Sur,40 a 49,Varón,2989,1231.94,2690.1,1108.74,0.12,0.04,0.37,Muy alta
2009,26,Patagonia Sur,50 a 59,Mujer,4164,1063.11,3747.6,956.8,0.17,0.04,0.23,Alta
2009,26,Patagonia Sur,50 a 59,Varón,2880,813.64,2592,732.28,0.14,0.04,0.27,Alta
2009,26,Patagonia Sur,60 a 69,Mujer,2542,681.3,2287.8,613.17,0.15,0.04,0.25,Alta
2009,26,Patagonia Sur,60 a 69,Varón,2213,730.9,1991.7,657.81,0.17,0.05,0.3,Alta
2009,26,Patagonia Sur,70 a 79,Mujer,1305,459.19,1174.5,413.27,0.19,0.06,0.31,Muy alta
2009,26,Patagonia Sur,70 a 79,Varón,3404,1045.39,3063.6,940.85,0.34,0.08,0.24,Alta
2009,26,Patagonia Sur,80+,Mujer,356,182.85,320.4,164.57,0.14,0.07,0.5,Muy alta
2009,26,Patagonia Sur,80+,Varón,352,250.34,316.8,225.31,0.2,0.13,0.66,Muy alta
2009,30,Centro,30 a 39,Mujer,5980,1911.22,5382,1720.1,0.07,0.02,0.31,Muy alta
2009,30,Centro,30 a 39,Varón,4458,2624.43,4012.2,2361.99,0.06,0.03,0.56,Muy alta
2009,30,Centro,40 a 49,Mujer,8677,2738.1,7809.3,2464.29,0.15,0.04,0.28,Alta
2009,30,Centro,40 a 49,Varón,1779,1084.76,1601.1,976.29,0.04,0.02,0.6,Muy alta
2009,30,Centro,50 a 59,Mujer,8967,2507.79,8070.3,2257.01,0.13,0.03,0.26,Alta
2009,30,Centro,50 a 59,Varón,9716,2649.09,8744.4,2384.18,0.17,0.04,0.24,Alta
2009,30,Centro,60 a 69,Mujer,4291,1622.33,3861.9,1460.1,0.1,0.04,0.35,Muy alta
2009,30,Centro,60 a 69,Varón,5765,1864.94,5188.5,1678.44,0.15,0.04,0.3,Alta
2009,30,Centro,70 a 79,Mujer,7217,1965.58,6495.3,1769.02,0.19,0.05,0.24,Alta
2009,30,Centro,70 a 79,Varón,3314,1315.54,2982.6,1183.98,0.23,0.08,0.34,Muy alta
2009,30,Centro,80+,Mujer,3954,1825.22,3558.6,1642.7,0.16,0.07,0.4,Muy alta
2009,30,Centro,80+,Varón,949,674.53,854.1,607.08,0.16,0.1,0.64,Muy alta
2009,34,NEA,30 a 39,Mujer,1824,541.48,1641.6,487.33,0.06,0.02,0.29,Alta
2009,34,NEA,30 a 39,Varón,746,383.48,671.4,345.14,0.03,0.01,0.51,Muy alta
2009,34,NEA,40 a 49,Mujer,2848,823.98,2563.2,741.58,0.1,0.03,0.27,Alta
2009,34,NEA,40 a 49,Varón,1896,764.38,1706.4,687.94,0.09,0.03,0.38,Muy alta
2009,34,NEA,50 a 59,Mujer,2603,794.23,2342.7,714.81,0.12,0.04,0.29,Alta
2009,34,NEA,50 a 59,Varón,1425,621.62,1282.5,559.46,0.07,0.03,0.42,Muy alta
2009,34,NEA,60 a 69,Mujer,3779,935.7,3401.1,842.13,0.28,0.06,0.2,Moderada
2009,34,NEA,60 a 69,Varón,1352,714.18,1216.8,642.76,0.12,0.06,0.48,Muy alta
2009,34,NEA,70 a 79,Mujer,1311,469.17,1179.9,422.25,0.14,0.05,0.34,Muy alta
2009,34,NEA,70 a 79,Varón,546,327.13,491.4,294.42,0.11,0.06,0.58,Muy alta
2009,34,NEA,80+,Mujer,233,172.65,209.7,155.39,0.04,0.03,0.76,Muy alta
2009,34,NEA,80+,Varón,0,0,0,0,0,0,NA,NA
2009,38,NOA1,30 a 39,Mujer,2272,774.7,2044.8,697.23,0.05,0.02,0.33,Muy alta
2009,38,NOA1,30 a 39,Varón,1682,610.07,1513.8,549.07,0.04,0.01,0.36,Muy alta
2009,38,NOA1,40 a 49,Mujer,2624,859.05,2361.6,773.14,0.07,0.02,0.31,Muy alta
2009,38,NOA1,40 a 49,Varón,1582,716.21,1423.8,644.59,0.05,0.02,0.44,Muy alta
2009,38,NOA1,50 a 59,Mujer,6111,1654.67,5499.9,1489.2,0.2,0.05,0.23,Alta
2009,38,NOA1,50 a 59,Varón,3503,1093.89,3152.7,984.5,0.13,0.04,0.29,Alta
2009,38,NOA1,60 a 69,Mujer,2898,984.33,2608.2,885.89,0.12,0.04,0.32,Muy alta
2009,38,NOA1,60 a 69,Varón,4231,1154.69,3807.9,1039.22,0.25,0.06,0.23,Alta
2009,38,NOA1,70 a 79,Mujer,3672,1020.52,3304.8,918.46,0.3,0.07,0.23,Alta
2009,38,NOA1,70 a 79,Varón,2026,795.8,1823.4,716.22,0.18,0.06,0.35,Muy alta
2009,38,NOA1,80+,Mujer,1078,601.41,970.2,541.27,0.16,0.08,0.49,Muy alta
2009,38,NOA1,80+,Varón,494,410.15,444.6,369.14,0.11,0.09,0.77,Muy alta
2009,42,Patagonia Norte,30 a 39,Mujer,1414,455.49,1272.6,409.94,0.08,0.03,0.31,Muy alta
2009,42,Patagonia Norte,30 a 39,Varón,520,269.61,468,242.65,0.03,0.02,0.51,Muy alta
2009,42,Patagonia Norte,40 a 49,Mujer,2226,711.96,2003.4,640.76,0.12,0.03,0.29,Alta
2009,42,Patagonia Norte,40 a 49,Varón,325,192.29,292.5,173.06,0.02,0.01,0.59,Muy alta
2009,42,Patagonia Norte,50 a 59,Mujer,1907,571.81,1716.3,514.63,0.15,0.04,0.27,Alta
2009,42,Patagonia Norte,50 a 59,Varón,1409,459.34,1268.1,413.41,0.09,0.03,0.32,Muy alta
2009,42,Patagonia Norte,60 a 69,Mujer,2387,607.58,2148.3,546.82,0.2,0.05,0.22,Alta
2009,42,Patagonia Norte,60 a 69,Varón,2077,626.52,1869.3,563.87,0.2,0.05,0.27,Alta
2009,42,Patagonia Norte,70 a 79,Mujer,1849,458.65,1664.1,412.78,0.24,0.05,0.21,Alta
2009,42,Patagonia Norte,70 a 79,Varón,1074,404.12,966.6,363.71,0.22,0.07,0.33,Muy alta
2009,42,Patagonia Norte,80+,Mujer,653,323.6,587.7,291.24,0.15,0.06,0.44,Muy alta
2009,42,Patagonia Norte,80+,Varón,497,366.88,447.3,330.19,0.19,0.12,0.62,Muy alta
2009,46,Cuyo,30 a 39,Mujer,1592,600.53,1432.8,540.47,0.07,0.02,0.36,Muy alta
2009,46,Cuyo,30 a 39,Varón,812,340.58,730.8,306.52,0.04,0.02,0.41,Muy alta
2009,46,Cuyo,40 a 49,Mujer,1657,514.02,1491.3,462.62,0.1,0.03,0.29,Alta
2009,46,Cuyo,40 a 49,Varón,2034,593.2,1830.6,533.88,0.13,0.03,0.27,Alta
2009,46,Cuyo,50 a 59,Mujer,3205,779.9,2884.5,701.91,0.24,0.05,0.21,Alta
2009,46,Cuyo,50 a 59,Varón,2223,644.83,2000.7,580.34,0.17,0.05,0.26,Alta
2009,46,Cuyo,60 a 69,Mujer,3346,759.48,3011.4,683.53,0.38,0.06,0.16,Moderada
2009,46,Cuyo,60 a 69,Varón,1675,513.28,1507.5,461.95,0.21,0.06,0.27,Alta
2009,46,Cuyo,70 a 79,Mujer,968,337.37,871.2,303.64,0.27,0.08,0.29,Alta
2009,46,Cuyo,70 a 79,Varón,1122,426.51,1009.8,383.86,0.33,0.1,0.3,Alta
2009,46,Cuyo,80+,Mujer,210,148.55,189,133.7,0.07,0.05,0.7,Muy alta
2009,46,Cuyo,80+,Varón,51,51,45.9,45.9,0.09,0.09,1.01,Muy alta
2009,50,Cuyo,30 a 39,Mujer,4487,1689.98,4038.3,1520.99,0.05,0.02,0.37,Muy alta
2009,50,Cuyo,30 a 39,Varón,7169,2816.95,6452.1,2535.25,0.07,0.03,0.38,Muy alta
2009,50,Cuyo,40 a 49,Mujer,3672,1522.65,3304.8,1370.39,0.05,0.02,0.41,Muy alta
2009,50,Cuyo,40 a 49,Varón,5892,2366.31,5302.8,2129.68,0.09,0.03,0.38,Muy alta
2009,50,Cuyo,50 a 59,Mujer,7172,2673.93,6454.8,2406.54,0.09,0.03,0.36,Muy alta
2009,50,Cuyo,50 a 59,Varón,7823,2993.8,7040.7,2694.42,0.11,0.04,0.36,Muy alta
2009,50,Cuyo,60 a 69,Mujer,13766,3334.76,12389.4,3001.29,0.2,0.04,0.21,Alta
2009,50,Cuyo,60 a 69,Varón,8939,2975.88,8045.1,2678.29,0.18,0.05,0.3,Alta
2009,50,Cuyo,70 a 79,Mujer,8378,2372.83,7540.2,2135.55,0.18,0.05,0.26,Alta
2009,50,Cuyo,70 a 79,Varón,5263,1954.14,4736.7,1758.73,0.13,0.05,0.36,Muy alta
2009,50,Cuyo,80+,Mujer,2606,1308.48,2345.4,1177.64,0.16,0.08,0.46,Muy alta
2009,50,Cuyo,80+,Varón,2960,1765.55,2664,1589,0.21,0.11,0.52,Muy alta
2009,54,NEA,30 a 39,Mujer,6096,1655.92,5486.4,1490.33,0.1,0.03,0.25,Alta
2009,54,NEA,30 a 39,Varón,2009,873.32,1808.1,785.99,0.04,0.02,0.43,Muy alta
2009,54,NEA,40 a 49,Mujer,2464,1092.98,2217.6,983.68,0.05,0.02,0.43,Muy alta
2009,54,NEA,40 a 49,Varón,1637,797.87,1473.3,718.09,0.04,0.02,0.48,Muy alta
2009,54,NEA,50 a 59,Mujer,3893,1386.48,3503.7,1247.84,0.12,0.04,0.33,Muy alta
2009,54,NEA,50 a 59,Varón,4049,1385.98,3644.1,1247.38,0.12,0.04,0.32,Muy alta
2009,54,NEA,60 a 69,Mujer,2440,759.42,2196,683.48,0.14,0.04,0.3,Alta
2009,54,NEA,60 a 69,Varón,2965,1630.08,2668.5,1467.08,0.12,0.06,0.5,Muy alta
2009,54,NEA,70 a 79,Mujer,2241,1185.21,2016.9,1066.69,0.17,0.08,0.46,Muy alta
2009,54,NEA,70 a 79,Varón,3291,1205.58,2961.9,1085.02,0.42,0.11,0.26,Alta
2009,54,NEA,80+,Mujer,701,579.66,630.9,521.7,0.19,0.14,0.71,Muy alta
2009,54,NEA,80+,Varón,0,0,0,0,0,0,NA,NA
2009,58,Patagonia Norte,30 a 39,Mujer,2872,904.46,2584.8,814.01,0.06,0.02,0.31,Muy alta
2009,58,Patagonia Norte,30 a 39,Varón,1592,675.47,1432.8,607.92,0.05,0.02,0.42,Muy alta
2009,58,Patagonia Norte,40 a 49,Mujer,1160,506.2,1044,455.58,0.04,0.02,0.43,Muy alta
2009,58,Patagonia Norte,40 a 49,Varón,950,576.19,855,518.57,0.05,0.03,0.59,Muy alta
2009,58,Patagonia Norte,50 a 59,Mujer,2717,874.39,2445.3,786.95,0.11,0.04,0.31,Muy alta
2009,58,Patagonia Norte,50 a 59,Varón,3216,1257.03,2894.4,1131.32,0.12,0.04,0.37,Muy alta
2009,58,Patagonia Norte,60 a 69,Mujer,1792,638.09,1612.8,574.28,0.11,0.04,0.34,Muy alta
2009,58,Patagonia Norte,60 a 69,Varón,2282,786.67,2053.8,708,0.11,0.04,0.33,Muy alta
2009,58,Patagonia Norte,70 a 79,Mujer,1823,655.4,1640.7,589.86,0.22,0.07,0.31,Muy alta
2009,58,Patagonia Norte,70 a 79,Varón,1578,770.38,1420.2,693.34,0.33,0.12,0.37,Muy alta
2009,58,Patagonia Norte,80+,Mujer,654,345.3,588.6,310.77,0.17,0.09,0.5,Muy alta
2009,58,Patagonia Norte,80+,Varón,0,0,0,0,0,0,NA,NA
2009,62,Patagonia Norte,30 a 39,Mujer,2701,860.87,2430.9,774.79,0.07,0.02,0.31,Muy alta
2009,62,Patagonia Norte,30 a 39,Varón,1497,589.8,1347.3,530.82,0.04,0.02,0.39,Muy alta
2009,62,Patagonia Norte,40 a 49,Mujer,2849,797.6,2564.1,717.84,0.07,0.02,0.27,Alta
2009,62,Patagonia Norte,40 a 49,Varón,3711,1063.58,3339.9,957.23,0.13,0.03,0.27,Alta
2009,62,Patagonia Norte,50 a 59,Mujer,3528,1102.16,3175.2,991.95,0.11,0.03,0.29,Alta
2009,62,Patagonia Norte,50 a 59,Varón,3304,943.74,2973.6,849.37,0.12,0.03,0.27,Alta
2009,62,Patagonia Norte,60 a 69,Mujer,4758,1186.83,4282.2,1068.15,0.22,0.05,0.21,Alta
2009,62,Patagonia Norte,60 a 69,Varón,2241,786.23,2016.9,707.61,0.15,0.05,0.32,Muy alta
2009,62,Patagonia Norte,70 a 79,Mujer,1621,682.19,1458.9,613.97,0.15,0.06,0.38,Muy alta
2009,62,Patagonia Norte,70 a 79,Varón,3192,867.42,2872.8,780.68,0.29,0.07,0.23,Alta
2009,62,Patagonia Norte,80+,Mujer,895,366.77,805.5,330.09,0.19,0.08,0.42,Muy alta
2009,62,Patagonia Norte,80+,Varón,1494,585.39,1344.6,526.85,0.26,0.09,0.34,Muy alta
2009,66,NOA1,30 a 39,Mujer,3993,1292.93,3593.7,1163.63,0.05,0.02,0.32,Muy alta
2009,66,NOA1,30 a 39,Varón,2009,926.45,1808.1,833.8,0.03,0.01,0.46,Muy alta
2009,66,NOA1,40 a 49,Mujer,7674,2316.6,6906.6,2084.94,0.11,0.03,0.28,Alta
2009,66,NOA1,40 a 49,Varón,2991,1291.58,2691.9,1162.43,0.07,0.03,0.41,Muy alta
2009,66,NOA1,50 a 59,Mujer,7661,2314.12,6894.9,2082.71,0.14,0.04,0.27,Alta
2009,66,NOA1,50 a 59,Varón,9753,2693.75,8777.7,2424.38,0.22,0.05,0.24,Alta
2009,66,NOA1,60 a 69,Mujer,2686,984.36,2417.4,885.92,0.07,0.03,0.36,Muy alta
2009,66,NOA1,60 a 69,Varón,3057,1272.43,2751.3,1145.19,0.09,0.03,0.4,Muy alta
2009,66,NOA1,70 a 79,Mujer,3767,1243.16,3390.3,1118.85,0.28,0.08,0.27,Alta
2009,66,NOA1,70 a 79,Varón,2847,993.33,2562.3,894,0.12,0.04,0.35,Muy alta
2009,66,NOA1,80+,Mujer,861,588.37,774.9,529.53,0.1,0.07,0.65,Muy alta
2009,66,NOA1,80+,Varón,1855,1148.52,1669.5,1033.67,0.32,0.15,0.47,Muy alta
2009,70,Cuyo,30 a 39,Mujer,3027,953.99,2724.3,858.59,0.06,0.02,0.31,Muy alta
2009,70,Cuyo,30 a 39,Varón,2298,1305.65,2068.2,1175.09,0.06,0.03,0.54,Muy alta
2009,70,Cuyo,40 a 49,Mujer,5124,1662.57,4611.6,1496.31,0.15,0.04,0.29,Alta
2009,70,Cuyo,40 a 49,Varón,3033,1218.84,2729.7,1096.96,0.09,0.03,0.38,Muy alta
2009,70,Cuyo,50 a 59,Mujer,4154,1262.87,3738.6,1136.59,0.13,0.04,0.29,Alta
2009,70,Cuyo,50 a 59,Varón,4291,1481.53,3861.9,1333.38,0.15,0.05,0.31,Muy alta
2009,70,Cuyo,60 a 69,Mujer,7879,1803.75,7091.1,1623.38,0.24,0.05,0.2,Moderada
2009,70,Cuyo,60 a 69,Varón,5011,1770.8,4509.9,1593.72,0.26,0.07,0.28,Alta
2009,70,Cuyo,70 a 79,Mujer,2453,844.37,2207.7,759.93,0.15,0.05,0.32,Muy alta
2009,70,Cuyo,70 a 79,Varón,4152,1237.37,3736.8,1113.64,0.3,0.07,0.25,Alta
2009,70,Cuyo,80+,Mujer,1776,757.52,1598.4,681.76,0.24,0.09,0.36,Muy alta
2009,70,Cuyo,80+,Varón,570,403.94,513,363.54,0.09,0.06,0.69,Muy alta
2009,74,Cuyo,30 a 39,Mujer,1980,583.28,1782,524.95,0.07,0.02,0.29,Alta
2009,74,Cuyo,30 a 39,Varón,1233,516.31,1109.7,464.68,0.04,0.02,0.41,Muy alta
2009,74,Cuyo,40 a 49,Mujer,2892,764.71,2602.8,688.24,0.12,0.03,0.25,Alta
2009,74,Cuyo,40 a 49,Varón,1528,586.95,1375.2,528.26,0.08,0.03,0.37,Muy alta
2009,74,Cuyo,50 a 59,Mujer,1182,448.33,1063.8,403.49,0.06,0.02,0.37,Muy alta
2009,74,Cuyo,50 a 59,Varón,2225,744.03,2002.5,669.63,0.12,0.04,0.32,Muy alta
2009,74,Cuyo,60 a 69,Mujer,3921,950.16,3528.9,855.14,0.19,0.04,0.21,Alta
2009,74,Cuyo,60 a 69,Varón,2629,801.93,2366.1,721.73,0.19,0.05,0.27,Alta
2009,74,Cuyo,70 a 79,Mujer,2898,769.1,2608.2,692.19,0.3,0.06,0.21,Alta
2009,74,Cuyo,70 a 79,Varón,2062,721.95,1855.8,649.75,0.25,0.07,0.29,Alta
2009,74,Cuyo,80+,Mujer,245,188.48,220.5,169.63,0.06,0.04,0.76,Muy alta
2009,74,Cuyo,80+,Varón,0,0,0,0,0,0,NA,NA
2009,78,Patagonia Sur,30 a 39,Mujer,1242,439.44,1117.8,395.49,0.08,0.03,0.33,Muy alta
2009,78,Patagonia Sur,30 a 39,Varón,584,272.98,525.6,245.68,0.03,0.01,0.46,Muy alta
2009,78,Patagonia Sur,40 a 49,Mujer,2023,547.6,1820.7,492.84,0.13,0.03,0.25,Alta
2009,78,Patagonia Sur,40 a 49,Varón,411,189.75,369.9,170.78,0.04,0.02,0.46,Muy alta
2009,78,Patagonia Sur,50 a 59,Mujer,1049,387.21,944.1,348.49,0.11,0.04,0.34,Muy alta
2009,78,Patagonia Sur,50 a 59,Varón,1030,358.03,927,322.23,0.1,0.03,0.33,Muy alta
2009,78,Patagonia Sur,60 a 69,Mujer,2014,476.36,1812.6,428.72,0.28,0.05,0.19,Moderada
2009,78,Patagonia Sur,60 a 69,Varón,1471,430.62,1323.9,387.56,0.27,0.07,0.24,Alta
2009,78,Patagonia Sur,70 a 79,Mujer,839,276.17,755.1,248.55,0.25,0.07,0.3,Alta
2009,78,Patagonia Sur,70 a 79,Varón,1050,309.91,945,278.92,0.24,0.06,0.26,Alta
2009,78,Patagonia Sur,80+,Mujer,114,85.91,102.6,77.32,0.15,0.1,0.67,Muy alta
2009,78,Patagonia Sur,80+,Varón,0,0,0,0,0,0,NA,NA
2009,82,Centro,30 a 39,Mujer,7545,2555.67,6790.5,2300.1,0.04,0.01,0.33,Muy alta
2009,82,Centro,30 a 39,Varón,6591,2280.19,5931.9,2052.17,0.04,0.01,0.34,Muy alta
2009,82,Centro,40 a 49,Mujer,11855,3326.84,10669.5,2994.15,0.07,0.02,0.27,Alta
2009,82,Centro,40 a 49,Varón,17231,4633.46,15507.9,4170.12,0.09,0.02,0.26,Alta
2009,82,Centro,50 a 59,Mujer,15313,4116.88,13781.7,3705.19,0.08,0.02,0.26,Alta
2009,82,Centro,50 a 59,Varón,14861,5434.65,13374.9,4891.18,0.12,0.04,0.33,Muy alta
2009,82,Centro,60 a 69,Mujer,19358,4609.35,17422.2,4148.42,0.12,0.03,0.22,Alta
2009,82,Centro,60 a 69,Varón,19793,4887.3,17813.7,4398.57,0.17,0.04,0.22,Alta
2009,82,Centro,70 a 79,Mujer,11735,2979.24,10561.5,2681.32,0.12,0.03,0.24,Alta
2009,82,Centro,70 a 79,Varón,18608,5047.79,16747.2,4543.01,0.23,0.05,0.23,Alta
2009,82,Centro,80+,Mujer,5301,2175.38,4770.9,1957.84,0.1,0.04,0.39,Muy alta
2009,82,Centro,80+,Varón,5455,2125.09,4909.5,1912.58,0.17,0.06,0.36,Muy alta
2009,86,NOA2,30 a 39,Mujer,5819,1383.04,5237.1,1244.74,0.14,0.03,0.22,Alta
2009,86,NOA2,30 a 39,Varón,3209,1233.03,2888.1,1109.73,0.09,0.03,0.36,Muy alta
2009,86,NOA2,40 a 49,Mujer,5010,1465.56,4509,1319,0.14,0.04,0.27,Alta
2009,86,NOA2,40 a 49,Varón,4578,1501.5,4120.2,1351.35,0.15,0.04,0.3,Alta
2009,86,NOA2,50 a 59,Mujer,6106,1771.71,5495.4,1594.54,0.22,0.06,0.25,Alta
2009,86,NOA2,50 a 59,Varón,6576,1982.39,5918.4,1784.15,0.23,0.06,0.26,Alta
2009,86,NOA2,60 a 69,Mujer,4845,1557.64,4360.5,1401.88,0.22,0.06,0.27,Alta
2009,86,NOA2,60 a 69,Varón,3413,1168.52,3071.7,1051.67,0.24,0.07,0.3,Alta
2009,86,NOA2,70 a 79,Mujer,2619,851.12,2357.1,766.01,0.2,0.06,0.31,Muy alta
2009,86,NOA2,70 a 79,Varón,3274,1306.11,2946.6,1175.5,0.3,0.1,0.34,Muy alta
2009,86,NOA2,80+,Mujer,958,589.6,862.2,530.64,0.13,0.08,0.57,Muy alta
2009,86,NOA2,80+,Varón,0,0,0,0,0,0,NA,NA
2009,90,NOA1,30 a 39,Mujer,6918,1896.6,6226.2,1706.94,0.07,0.02,0.26,Alta
2009,90,NOA1,30 a 39,Varón,3848,2122.27,3463.2,1910.04,0.04,0.02,0.53,Muy alta
2009,90,NOA1,40 a 49,Mujer,5785,1924.94,5206.5,1732.44,0.08,0.02,0.32,Muy alta
2009,90,NOA1,40 a 49,Varón,3164,1339.08,2847.6,1205.18,0.05,0.02,0.41,Muy alta
2009,90,NOA1,50 a 59,Mujer,6854,2085.98,6168.6,1877.38,0.11,0.03,0.29,Alta
2009,90,NOA1,50 a 59,Varón,7559,2617.51,6803.1,2355.76,0.15,0.05,0.31,Muy alta
2009,90,NOA1,60 a 69,Mujer,11834,2899.66,10650.6,2609.69,0.24,0.05,0.21,Alta
2009,90,NOA1,60 a 69,Varón,6693,2258.94,6023.7,2033.05,0.16,0.05,0.3,Alta
2009,90,NOA1,70 a 79,Mujer,2710,1098.15,2439,988.33,0.12,0.05,0.38,Muy alta
2009,90,NOA1,70 a 79,Varón,1163,950.83,1046.7,855.75,0.07,0.05,0.78,Muy alta
2009,90,NOA1,80+,Mujer,2925,1356.36,2632.5,1220.73,0.2,0.08,0.41,Muy alta
2009,90,NOA1,80+,Varón,1950,1217.67,1755,1095.9,0.32,0.15,0.48,Muy alta
2009,94,Patagonia Sur,30 a 39,Mujer,985,277.25,886.5,249.53,0.1,0.03,0.27,Alta
2009,94,Patagonia Sur,30 a 39,Varón,253,132.92,227.7,119.63,0.02,0.01,0.52,Muy alta
2009,94,Patagonia Sur,40 a 49,Mujer,1685,427.67,1516.5,384.9,0.16,0.04,0.23,Alta
2009,94,Patagonia Sur,40 a 49,Varón,990,307.38,891,276.64,0.1,0.03,0.29,Alta
2009,94,Patagonia Sur,50 a 59,Mujer,1181,375.97,1062.9,338.38,0.17,0.05,0.28,Alta
2009,94,Patagonia Sur,50 a 59,Varón,812,310.65,730.8,279.58,0.14,0.05,0.35,Muy alta
2009,94,Patagonia Sur,60 a 69,Mujer,85,49.49,76.5,44.54,0.03,0.02,0.6,Muy alta
2009,94,Patagonia Sur,60 a 69,Varón,1261,379.85,1134.9,341.87,0.5,0.09,0.18,Moderada
2009,94,Patagonia Sur,70 a 79,Mujer,249,176.87,224.1,159.18,0.22,0.13,0.59,Muy alta
2009,94,Patagonia Sur,70 a 79,Varón,294,128.5,264.6,115.65,0.31,0.12,0.37,Muy alta
2009,94,Patagonia Sur,80+,Mujer,90,69.08,81,62.17,0.22,0.14,0.66,Muy alta
2009,94,Patagonia Sur,80+,Varón,0,0,0,0,0,0,NA,NA
2013,02,Centro,30 a 39,Mujer,6817,5135.5,6135.3,4621.95,0.03,0.02,0.74,Muy alta
2013,02,Centro,30 a 39,Varón,14094,6465.07,12684.6,5818.57,0.05,0.02,0.45,Muy alta
2013,02,Centro,40 a 49,Mujer,2341,1588.98,2106.9,1430.08,0.01,0.01,0.69,Muy alta
2013,02,Centro,40 a 49,Varón,4450,3264.93,4005,2938.44,0.03,0.02,0.73,Muy alta
2013,02,Centro,50 a 59,Mujer,25797,9509.8,23217.3,8558.82,0.12,0.04,0.34,Muy alta
2013,02,Centro,50 a 59,Varón,12372,5238.94,11134.8,4715.04,0.08,0.03,0.42,Muy alta
2013,02,Centro,60 a 69,Mujer,30098,12847.88,27088.2,11563.09,0.17,0.06,0.38,Muy alta
2013,02,Centro,60 a 69,Varón,32731,11492.02,29457.9,10342.82,0.26,0.07,0.29,Alta
2013,02,Centro,70 a 79,Mujer,15611,8077.14,14049.9,7269.43,0.12,0.06,0.48,Muy alta
2013,02,Centro,70 a 79,Varón,29121,10527.9,26208.9,9475.11,0.29,0.08,0.29,Alta
2013,02,Centro,80+,Mujer,9986,4735.6,8987.4,4262.04,0.1,0.05,0.47,Muy alta
2013,02,Centro,80+,Varón,0,0,0,0,0,0,NA,NA
2013,06,Centro,30 a 39,Mujer,91512,19184.12,82360.8,17265.71,0.07,0.01,0.2,Moderada
2013,06,Centro,30 a 39,Varón,54560,14451.66,49104,13006.5,0.05,0.01,0.26,Alta
2013,06,Centro,40 a 49,Mujer,93302,20486.51,83971.8,18437.86,0.09,0.02,0.21,Alta
2013,06,Centro,40 a 49,Varón,83533,20682.41,75179.7,18614.17,0.08,0.02,0.23,Alta
2013,06,Centro,50 a 59,Mujer,120825,24792.52,108742.5,22313.27,0.14,0.03,0.19,Moderada
2013,06,Centro,50 a 59,Varón,97982,20855.03,88183.8,18769.53,0.12,0.02,0.2,Moderada
2013,06,Centro,60 a 69,Mujer,105171,20262.66,94653.9,18236.39,0.13,0.02,0.18,Moderada
2013,06,Centro,60 a 69,Varón,117034,21120.25,105330.6,19008.23,0.18,0.03,0.17,Moderada
2013,06,Centro,70 a 79,Mujer,94851,18394.41,85365.9,16554.97,0.18,0.03,0.17,Moderada
2013,06,Centro,70 a 79,Varón,58946,13661.49,53051.4,12295.34,0.2,0.04,0.21,Alta
2013,06,Centro,80+,Mujer,24879,11950.99,22391.1,10755.89,0.11,0.05,0.44,Muy alta
2013,06,Centro,80+,Varón,9867,3490.37,8880.3,3141.33,0.06,0.02,0.37,Muy alta
2013,10,NOA2,30 a 39,Mujer,1974,829.59,1776.6,746.63,0.1,0.04,0.39,Muy alta
2013,10,NOA2,30 a 39,Varón,1782,803.47,1603.8,723.12,0.08,0.03,0.44,Muy alta
2013,10,NOA2,40 a 49,Mujer,3536,1046.66,3182.4,941.99,0.21,0.05,0.26,Alta
2013,10,NOA2,40 a 49,Varón,2965,1155.82,2668.5,1040.24,0.2,0.07,0.33,Muy alta
2013,10,NOA2,50 a 59,Mujer,1122,554.04,1009.8,498.64,0.12,0.05,0.47,Muy alta
2013,10,NOA2,50 a 59,Varón,2275,1076.84,2047.5,969.16,0.17,0.07,0.42,Muy alta
2013,10,NOA2,60 a 69,Mujer,2824,907.88,2541.6,817.09,0.18,0.05,0.3,Alta
2013,10,NOA2,60 a 69,Varón,1015,617.6,913.5,555.84,0.13,0.07,0.55,Muy alta
2013,10,NOA2,70 a 79,Mujer,872,455.48,784.8,409.93,0.14,0.07,0.49,Muy alta
2013,10,NOA2,70 a 79,Varón,1420,646.32,1278,581.68,0.29,0.11,0.39,Muy alta
2013,10,NOA2,80+,Mujer,293,293,263.7,263.7,0.15,0.13,0.89,Muy alta
2013,10,NOA2,80+,Varón,226,226,203.4,203.4,0.14,0.13,0.93,Muy alta
2013,14,Centro,30 a 39,Mujer,17873,7021.38,16085.7,6319.24,0.08,0.03,0.37,Muy alta
2013,14,Centro,30 a 39,Varón,7688,2955.86,6919.2,2660.27,0.03,0.01,0.39,Muy alta
2013,14,Centro,40 a 49,Mujer,32448,10497.72,29203.2,9447.95,0.15,0.04,0.29,Alta
2013,14,Centro,40 a 49,Varón,19011,6344.93,17109.9,5710.43,0.1,0.03,0.33,Muy alta
2013,14,Centro,50 a 59,Mujer,19232,4775.8,17308.8,4298.22,0.12,0.03,0.25,Alta
2013,14,Centro,50 a 59,Varón,28740,6905.33,25866,6214.79,0.2,0.04,0.23,Alta
2013,14,Centro,60 a 69,Mujer,45899,14046.49,41309.1,12641.84,0.26,0.06,0.24,Alta
2013,14,Centro,60 a 69,Varón,22311,9005.19,20079.9,8104.67,0.17,0.06,0.36,Muy alta
2013,14,Centro,70 a 79,Mujer,18997,7285.76,17097.3,6557.18,0.22,0.07,0.32,Muy alta
2013,14,Centro,70 a 79,Varón,31177,14448.19,28059.3,13003.38,0.49,0.11,0.23,Alta
2013,14,Centro,80+,Mujer,5634,3529.83,5070.6,3176.84,0.09,0.05,0.59,Muy alta
2013,14,Centro,80+,Varón,2353,1577.63,2117.7,1419.87,0.07,0.05,0.72,Muy alta
2013,18,NEA,30 a 39,Mujer,3140,1121.17,2826,1009.05,0.05,0.02,0.36,Muy alta
2013,18,NEA,30 a 39,Varón,1334,955.77,1200.6,860.2,0.02,0.02,0.71,Muy alta
2013,18,NEA,40 a 49,Mujer,3986,1417.14,3587.4,1275.43,0.08,0.03,0.34,Muy alta
2013,18,NEA,40 a 49,Varón,1307,732.3,1176.3,659.07,0.03,0.02,0.56,Muy alta
2013,18,NEA,50 a 59,Mujer,7882,2203.47,7093.8,1983.13,0.17,0.04,0.25,Alta
2013,18,NEA,50 a 59,Varón,2412,1454.55,2170.8,1309.1,0.07,0.04,0.58,Muy alta
2013,18,NEA,60 a 69,Mujer,4864,2285.58,4377.6,2057.02,0.17,0.07,0.4,Muy alta
2013,18,NEA,60 a 69,Varón,3222,1383.36,2899.8,1245.02,0.11,0.05,0.42,Muy alta
2013,18,NEA,70 a 79,Mujer,4353,1232.51,3917.7,1109.26,0.19,0.05,0.27,Alta
2013,18,NEA,70 a 79,Varón,3166,1207.47,2849.4,1086.72,0.16,0.06,0.39,Muy alta
2013,18,NEA,80+,Mujer,1988,1012.21,1789.2,910.99,0.2,0.09,0.46,Muy alta
2013,18,NEA,80+,Varón,219,219,197.1,197.1,0.05,0.05,1.01,Muy alta
2013,22,NEA,30 a 39,Mujer,10359,4910.37,9323.1,4419.33,0.13,0.05,0.42,Muy alta
2013,22,NEA,30 a 39,Varón,4323,1805.36,3890.7,1624.83,0.07,0.03,0.41,Muy alta
2013,22,NEA,40 a 49,Mujer,3192,1496.28,2872.8,1346.65,0.07,0.03,0.46,Muy alta
2013,22,NEA,40 a 49,Varón,1717,1079.87,1545.3,971.88,0.03,0.02,0.63,Muy alta
2013,22,NEA,50 a 59,Mujer,2800,1390.27,2520,1251.25,0.07,0.03,0.48,Muy alta
2013,22,NEA,50 a 59,Varón,6583,2406.02,5924.7,2165.42,0.15,0.05,0.34,Muy alta
2013,22,NEA,60 a 69,Mujer,5490,1741.07,4941,1566.96,0.16,0.05,0.29,Alta
2013,22,NEA,60 a 69,Varón,2220,954.64,1998,859.17,0.08,0.04,0.43,Muy alta
2013,22,NEA,70 a 79,Mujer,3583,1940.53,3224.7,1746.48,0.16,0.08,0.48,Muy alta
2013,22,NEA,70 a 79,Varón,3328,1273.17,2995.2,1145.86,0.33,0.11,0.34,Muy alta
2013,22,NEA,80+,Mujer,1691,1099.41,1521.9,989.47,0.3,0.15,0.51,Muy alta
2013,22,NEA,80+,Varón,235,235,211.5,211.5,0.06,0.06,1.05,Muy alta
2013,26,Patagonia Sur,30 a 39,Mujer,2999,955.8,2699.1,860.22,0.07,0.02,0.3,Alta
2013,26,Patagonia Sur,30 a 39,Varón,3802,1160.85,3421.8,1044.76,0.08,0.02,0.29,Alta
2013,26,Patagonia Sur,40 a 49,Mujer,1813,607.47,1631.7,546.72,0.05,0.02,0.33,Muy alta
2013,26,Patagonia Sur,40 a 49,Varón,2416,858.74,2174.4,772.87,0.08,0.03,0.34,Muy alta
2013,26,Patagonia Sur,50 a 59,Mujer,4194,1165.92,3774.6,1049.33,0.16,0.04,0.25,Alta
2013,26,Patagonia Sur,50 a 59,Varón,2175,687.36,1957.5,618.63,0.09,0.03,0.31,Muy alta
2013,26,Patagonia Sur,60 a 69,Mujer,3513,975.36,3161.7,877.82,0.19,0.05,0.25,Alta
2013,26,Patagonia Sur,60 a 69,Varón,1749,682.42,1574.1,614.18,0.11,0.04,0.37,Muy alta
2013,26,Patagonia Sur,70 a 79,Mujer,2631,866.02,2367.9,779.42,0.26,0.07,0.27,Alta
2013,26,Patagonia Sur,70 a 79,Varón,1577,714.78,1419.3,643.3,0.2,0.08,0.39,Muy alta
2013,26,Patagonia Sur,80+,Mujer,579,291.48,521.1,262.34,0.1,0.05,0.5,Muy alta
2013,26,Patagonia Sur,80+,Varón,497,352.2,447.3,316.98,0.14,0.09,0.65,Muy alta
2013,30,Centro,30 a 39,Mujer,2516,934.94,2264.4,841.45,0.03,0.01,0.37,Muy alta
2013,30,Centro,30 a 39,Varón,4053,1815.44,3647.7,1633.9,0.05,0.02,0.44,Muy alta
2013,30,Centro,40 a 49,Mujer,6219,2848.95,5597.1,2564.06,0.09,0.04,0.43,Muy alta
2013,30,Centro,40 a 49,Varón,3329,1381.57,2996.1,1243.41,0.05,0.02,0.41,Muy alta
2013,30,Centro,50 a 59,Mujer,4816,2101.44,4334.4,1891.29,0.08,0.03,0.41,Muy alta
2013,30,Centro,50 a 59,Varón,6178,1983.85,5560.2,1785.47,0.11,0.03,0.31,Muy alta
2013,30,Centro,60 a 69,Mujer,7640,1884.01,6876,1695.61,0.15,0.03,0.23,Alta
2013,30,Centro,60 a 69,Varón,5713,2392.65,5141.7,2153.38,0.16,0.06,0.37,Muy alta
2013,30,Centro,70 a 79,Mujer,3712,1171.72,3340.8,1054.55,0.1,0.03,0.31,Muy alta
2013,30,Centro,70 a 79,Varón,4478,2123.77,4030.2,1911.39,0.19,0.08,0.42,Muy alta
2013,30,Centro,80+,Mujer,1877,792.18,1689.3,712.96,0.14,0.06,0.4,Muy alta
2013,30,Centro,80+,Varón,1380,1138.69,1242,1024.83,0.19,0.13,0.69,Muy alta
2013,34,NEA,30 a 39,Mujer,1312,456.05,1180.8,410.45,0.04,0.01,0.34,Muy alta
2013,34,NEA,30 a 39,Varón,0,0,0,0,0,0,NA,NA
2013,34,NEA,40 a 49,Mujer,684,447.62,615.6,402.86,0.03,0.02,0.64,Muy alta
2013,34,NEA,40 a 49,Varón,1259,561.46,1133.1,505.32,0.05,0.02,0.43,Muy alta
2013,34,NEA,50 a 59,Mujer,2321,1071.04,2088.9,963.94,0.12,0.05,0.43,Muy alta
2013,34,NEA,50 a 59,Varón,1461,739.5,1314.9,665.55,0.08,0.04,0.48,Muy alta
2013,34,NEA,60 a 69,Mujer,2414,927.52,2172.6,834.77,0.18,0.06,0.34,Muy alta
2013,34,NEA,60 a 69,Varón,1765,707.34,1588.5,636.61,0.17,0.06,0.37,Muy alta
2013,34,NEA,70 a 79,Mujer,1089,566.34,980.1,509.71,0.14,0.07,0.5,Muy alta
2013,34,NEA,70 a 79,Varón,1587,880.29,1428.3,792.26,0.21,0.1,0.47,Muy alta
2013,34,NEA,80+,Mujer,754,466.27,678.6,419.64,0.13,0.08,0.6,Muy alta
2013,34,NEA,80+,Varón,638,638,574.2,574.2,0.22,0.18,0.82,Muy alta
2013,38,NOA1,30 a 39,Mujer,3342,1088.29,3007.8,979.46,0.07,0.02,0.31,Muy alta
2013,38,NOA1,30 a 39,Varón,1298,686.25,1168.2,617.63,0.03,0.02,0.52,Muy alta
2013,38,NOA1,40 a 49,Mujer,3663,1438.06,3296.7,1294.26,0.1,0.04,0.37,Muy alta
2013,38,NOA1,40 a 49,Varón,1821,1041.45,1638.9,937.31,0.05,0.03,0.55,Muy alta
2013,38,NOA1,50 a 59,Mujer,2219,872.94,1997.1,785.64,0.07,0.03,0.38,Muy alta
2013,38,NOA1,50 a 59,Varón,1316,617.96,1184.4,556.16,0.05,0.02,0.47,Muy alta
2013,38,NOA1,60 a 69,Mujer,4865,1614.53,4378.5,1453.08,0.22,0.06,0.28,Alta
2013,38,NOA1,60 a 69,Varón,3475,1141.77,3127.5,1027.59,0.17,0.05,0.31,Muy alta
2013,38,NOA1,70 a 79,Mujer,186,131.52,167.4,118.37,0.02,0.01,0.73,Muy alta
2013,38,NOA1,70 a 79,Varón,346,277.1,311.4,249.39,0.05,0.04,0.8,Muy alta
2013,38,NOA1,80+,Mujer,2178,1166.18,1960.2,1049.57,0.29,0.12,0.41,Muy alta
2013,38,NOA1,80+,Varón,326,326,293.4,293.4,0.08,0.08,0.97,Muy alta
2013,42,Patagonia Norte,30 a 39,Mujer,1953,681.1,1757.7,612.99,0.1,0.03,0.32,Muy alta
2013,42,Patagonia Norte,30 a 39,Varón,803,408.48,722.7,367.64,0.05,0.03,0.49,Muy alta
2013,42,Patagonia Norte,40 a 49,Mujer,1183,568.12,1064.7,511.31,0.08,0.04,0.45,Muy alta
2013,42,Patagonia Norte,40 a 49,Varón,903,454.76,812.7,409.28,0.05,0.03,0.49,Muy alta
2013,42,Patagonia Norte,50 a 59,Mujer,1836,947.81,1652.4,853.03,0.13,0.06,0.46,Muy alta
2013,42,Patagonia Norte,50 a 59,Varón,1138,573.11,1024.2,515.8,0.09,0.04,0.48,Muy alta
2013,42,Patagonia Norte,60 a 69,Mujer,1252,518.3,1126.8,466.47,0.15,0.06,0.38,Muy alta
2013,42,Patagonia Norte,60 a 69,Varón,904,429.24,813.6,386.32,0.1,0.05,0.45,Muy alta
2013,42,Patagonia Norte,70 a 79,Mujer,974,503.25,876.6,452.92,0.12,0.06,0.47,Muy alta
2013,42,Patagonia Norte,70 a 79,Varón,767,445.36,690.3,400.82,0.12,0.06,0.53,Muy alta
2013,42,Patagonia Norte,80+,Mujer,453,223.49,407.7,201.14,0.09,0.04,0.48,Muy alta
2013,42,Patagonia Norte,80+,Varón,357,292.51,321.3,263.26,0.15,0.11,0.75,Muy alta
2013,46,Cuyo,30 a 39,Mujer,1378,616.61,1240.2,554.95,0.06,0.03,0.43,Muy alta
2013,46,Cuyo,30 a 39,Varón,1042,506.49,937.8,455.84,0.04,0.02,0.48,Muy alta
2013,46,Cuyo,40 a 49,Mujer,1116,767.61,1004.4,690.85,0.07,0.04,0.65,Muy alta
2013,46,Cuyo,40 a 49,Varón,1855,620.98,1669.5,558.88,0.11,0.04,0.32,Muy alta
2013,46,Cuyo,50 a 59,Mujer,2293,731.21,2063.7,658.09,0.17,0.05,0.29,Alta
2013,46,Cuyo,50 a 59,Varón,1581,574.98,1422.9,517.48,0.12,0.04,0.35,Muy alta
2013,46,Cuyo,60 a 69,Mujer,492,220.44,442.8,198.4,0.05,0.02,0.45,Muy alta
2013,46,Cuyo,60 a 69,Varón,2204,797.88,1983.6,718.09,0.25,0.08,0.31,Muy alta
2013,46,Cuyo,70 a 79,Mujer,1257,556.3,1131.3,500.67,0.25,0.1,0.38,Muy alta
2013,46,Cuyo,70 a 79,Varón,1166,536.52,1049.4,482.87,0.27,0.11,0.4,Muy alta
2013,46,Cuyo,80+,Mujer,555,268.22,499.5,241.4,0.18,0.08,0.46,Muy alta
2013,46,Cuyo,80+,Varón,121,87.09,108.9,78.38,0.08,0.06,0.78,Muy alta
2013,50,Cuyo,30 a 39,Mujer,7145,2776.45,6430.5,2498.8,0.07,0.02,0.37,Muy alta
2013,50,Cuyo,30 a 39,Varón,0,0,0,0,0,0,NA,NA
2013,50,Cuyo,40 a 49,Mujer,7065,2374.82,6358.5,2137.34,0.08,0.03,0.32,Muy alta
2013,50,Cuyo,40 a 49,Varón,9156,3706.03,8240.4,3335.42,0.1,0.04,0.37,Muy alta
2013,50,Cuyo,50 a 59,Mujer,7604,2676.03,6843.6,2408.42,0.1,0.03,0.33,Muy alta
2013,50,Cuyo,50 a 59,Varón,10341,3290.81,9306.9,2961.73,0.14,0.04,0.29,Alta
2013,50,Cuyo,60 a 69,Mujer,10451,2668.76,9405.9,2401.88,0.12,0.03,0.24,Alta
2013,50,Cuyo,60 a 69,Varón,7502,2611.9,6751.8,2350.71,0.13,0.04,0.32,Muy alta
2013,50,Cuyo,70 a 79,Mujer,5240,1706.62,4716,1535.96,0.12,0.04,0.31,Muy alta
2013,50,Cuyo,70 a 79,Varón,8025,2562,7222.5,2305.8,0.23,0.07,0.28,Alta
2013,50,Cuyo,80+,Mujer,4869,2491.43,4382.1,2242.29,0.24,0.1,0.41,Muy alta
2013,50,Cuyo,80+,Varón,5623,2321.17,5060.7,2089.05,0.56,0.13,0.22,Alta
2013,54,NEA,30 a 39,Mujer,4324,1674,3891.6,1506.6,0.07,0.03,0.37,Muy alta
2013,54,NEA,30 a 39,Varón,1408,998.62,1267.2,898.76,0.03,0.02,0.7,Muy alta
2013,54,NEA,40 a 49,Mujer,4820,1638.72,4338,1474.85,0.09,0.03,0.33,Muy alta
2013,54,NEA,40 a 49,Varón,3645,2047.44,3280.5,1842.7,0.07,0.04,0.54,Muy alta
2013,54,NEA,50 a 59,Mujer,3869,1561.32,3482.1,1405.19,0.09,0.04,0.39,Muy alta
2013,54,NEA,50 a 59,Varón,4870,2791.59,4383,2512.43,0.12,0.06,0.52,Muy alta
2013,54,NEA,60 a 69,Mujer,6521,1973.08,5868.9,1775.77,0.23,0.06,0.26,Alta
2013,54,NEA,60 a 69,Varón,6049,2000.28,5444.1,1800.25,0.23,0.07,0.28,Alta
2013,54,NEA,70 a 79,Mujer,2646,1239.35,2381.4,1115.42,0.16,0.07,0.43,Muy alta
2013,54,NEA,70 a 79,Varón,3575,1662.48,3217.5,1496.23,0.32,0.11,0.35,Muy alta
2013,54,NEA,80+,Mujer,0,0,0,0,0,0,NA,NA
2013,54,NEA,80+,Varón,772,772,694.8,694.8,0.2,0.17,0.82,Muy alta
2013,58,Patagonia Norte,30 a 39,Mujer,4307,1350.79,3876.3,1215.72,0.09,0.03,0.3,Alta
2013,58,Patagonia Norte,30 a 39,Varón,2492,1067.38,2242.8,960.65,0.05,0.02,0.42,Muy alta
2013,58,Patagonia Norte,40 a 49,Mujer,3292,1357.59,2962.8,1221.83,0.09,0.04,0.39,Muy alta
2013,58,Patagonia Norte,40 a 49,Varón,2814,1190.04,2532.6,1071.04,0.09,0.03,0.4,Muy alta
2013,58,Patagonia Norte,50 a 59,Mujer,3606,1173.73,3245.4,1056.36,0.12,0.04,0.31,Muy alta
2013,58,Patagonia Norte,50 a 59,Varón,2058,990.23,1852.2,891.21,0.08,0.04,0.46,Muy alta
2013,58,Patagonia Norte,60 a 69,Mujer,2851,979.82,2565.9,881.84,0.17,0.05,0.31,Muy alta
2013,58,Patagonia Norte,60 a 69,Varón,5749,1769.21,5174.1,1592.29,0.38,0.08,0.22,Alta
2013,58,Patagonia Norte,70 a 79,Mujer,2266,772.59,2039.4,695.33,0.25,0.07,0.29,Alta
2013,58,Patagonia Norte,70 a 79,Varón,3652,1058.9,3286.8,953.01,0.4,0.09,0.21,Alta
2013,58,Patagonia Norte,80+,Mujer,1457,666.1,1311.3,599.49,0.33,0.14,0.42,Muy alta
2013,58,Patagonia Norte,80+,Varón,483,342.06,434.7,307.85,0.24,0.15,0.63,Muy alta
2013,62,Patagonia Norte,30 a 39,Mujer,2408,735.72,2167.2,662.15,0.05,0.02,0.3,Alta
2013,62,Patagonia Norte,30 a 39,Varón,277,160.67,249.3,144.6,0.01,0,0.59,Muy alta
2013,62,Patagonia Norte,40 a 49,Mujer,7310,2010.1,6579,1809.09,0.18,0.04,0.24,Alta
2013,62,Patagonia Norte,40 a 49,Varón,2527,1079.03,2274.3,971.13,0.07,0.03,0.41,Muy alta
2013,62,Patagonia Norte,50 a 59,Mujer,3832,1043.75,3448.8,939.37,0.12,0.03,0.26,Alta
2013,62,Patagonia Norte,50 a 59,Varón,3169,1025.87,2852.1,923.28,0.12,0.04,0.31,Muy alta
2013,62,Patagonia Norte,60 a 69,Mujer,2887,851.54,2598.3,766.39,0.13,0.03,0.28,Alta
2013,62,Patagonia Norte,60 a 69,Varón,3245,1194.02,2920.5,1074.62,0.15,0.05,0.33,Muy alta
2013,62,Patagonia Norte,70 a 79,Mujer,2823,952.4,2540.7,857.16,0.2,0.06,0.28,Alta
2013,62,Patagonia Norte,70 a 79,Varón,1254,424.68,1128.6,382.21,0.13,0.04,0.33,Muy alta
2013,62,Patagonia Norte,80+,Mujer,579,270.43,521.1,243.39,0.08,0.04,0.46,Muy alta
2013,62,Patagonia Norte,80+,Varón,668,376.72,601.2,339.05,0.13,0.07,0.55,Muy alta
2013,66,NOA1,30 a 39,Mujer,8073,2006.08,7265.7,1805.47,0.09,0.02,0.24,Alta
2013,66,NOA1,30 a 39,Varón,4262,1626.12,3835.8,1463.51,0.06,0.02,0.37,Muy alta
2013,66,NOA1,40 a 49,Mujer,10272,3291.19,9244.8,2962.07,0.15,0.04,0.28,Alta
2013,66,NOA1,40 a 49,Varón,6668,1879.88,6001.2,1691.89,0.1,0.03,0.27,Alta
2013,66,NOA1,50 a 59,Mujer,8413,2563.3,7571.7,2306.97,0.15,0.04,0.28,Alta
2013,66,NOA1,50 a 59,Varón,7460,2516.97,6714,2265.27,0.15,0.05,0.31,Muy alta
2013,66,NOA1,60 a 69,Mujer,9138,2375.4,8224.2,2137.86,0.27,0.06,0.22,Alta
2013,66,NOA1,60 a 69,Varón,5431,1984.07,4887.9,1785.66,0.18,0.06,0.32,Muy alta
2013,66,NOA1,70 a 79,Mujer,3201,1673.19,2880.9,1505.87,0.14,0.07,0.47,Muy alta
2013,66,NOA1,70 a 79,Varón,1700,1208.47,1530,1087.62,0.09,0.06,0.67,Muy alta
2013,66,NOA1,80+,Mujer,2635,1692.25,2371.5,1523.03,0.24,0.12,0.51,Muy alta
2013,66,NOA1,80+,Varón,503,503,452.7,452.7,0.13,0.12,0.93,Muy alta
2013,70,Cuyo,30 a 39,Mujer,1458,912.88,1312.2,821.59,0.04,0.02,0.62,Muy alta
2013,70,Cuyo,30 a 39,Varón,2031,1193.68,1827.9,1074.31,0.06,0.03,0.56,Muy alta
2013,70,Cuyo,40 a 49,Mujer,4142,1513.07,3727.8,1361.76,0.1,0.04,0.36,Muy alta
2013,70,Cuyo,40 a 49,Varón,2033,996.16,1829.7,896.55,0.06,0.03,0.48,Muy alta
2013,70,Cuyo,50 a 59,Mujer,3295,1465.79,2965.5,1319.21,0.11,0.05,0.42,Muy alta
2013,70,Cuyo,50 a 59,Varón,5180,1931.4,4662,1738.26,0.19,0.06,0.33,Muy alta
2013,70,Cuyo,60 a 69,Mujer,6477,1893.74,5829.3,1704.37,0.23,0.06,0.25,Alta
2013,70,Cuyo,60 a 69,Varón,5264,1848.68,4737.6,1663.81,0.24,0.07,0.3,Alta
2013,70,Cuyo,70 a 79,Mujer,5397,1545.76,4857.3,1391.18,0.3,0.07,0.24,Alta
2013,70,Cuyo,70 a 79,Varón,1936,995.62,1742.4,896.05,0.16,0.08,0.49,Muy alta
2013,70,Cuyo,80+,Mujer,2249,1243.38,2024.1,1119.05,0.29,0.13,0.44,Muy alta
2013,70,Cuyo,80+,Varón,24,24,21.6,21.6,0.01,0.01,1.07,Muy alta
2013,74,Cuyo,30 a 39,Mujer,2970,1053.87,2673,948.48,0.09,0.03,0.34,Muy alta
2013,74,Cuyo,30 a 39,Varón,649,525.54,584.1,472.99,0.02,0.02,0.8,Muy alta
2013,74,Cuyo,40 a 49,Mujer,2224,887.24,2001.6,798.51,0.09,0.03,0.38,Muy alta
2013,74,Cuyo,40 a 49,Varón,2430,911.92,2187,820.73,0.1,0.04,0.35,Muy alta
2013,74,Cuyo,50 a 59,Mujer,2157,820.32,1941.3,738.29,0.11,0.04,0.36,Muy alta
2013,74,Cuyo,50 a 59,Varón,2666,1002.2,2399.4,901.98,0.12,0.04,0.36,Muy alta
2013,74,Cuyo,60 a 69,Mujer,3317,949.76,2985.3,854.79,0.19,0.05,0.26,Alta
2013,74,Cuyo,60 a 69,Varón,2696,1013.6,2426.4,912.24,0.26,0.08,0.31,Muy alta
2013,74,Cuyo,70 a 79,Mujer,2159,849.53,1943.1,764.58,0.19,0.07,0.36,Muy alta
2013,74,Cuyo,70 a 79,Varón,382,233.44,343.8,210.1,0.04,0.03,0.63,Muy alta
2013,74,Cuyo,80+,Mujer,965,775.41,868.5,697.87,0.17,0.12,0.69,Muy alta
2013,74,Cuyo,80+,Varón,63,63,56.7,56.7,0.03,0.03,1.05,Muy alta
2013,78,Patagonia Sur,30 a 39,Mujer,2321,978.05,2088.9,880.24,0.11,0.04,0.39,Muy alta
2013,78,Patagonia Sur,30 a 39,Varón,1192,563.91,1072.8,507.52,0.05,0.02,0.46,Muy alta
2013,78,Patagonia Sur,40 a 49,Mujer,1078,378.29,970.2,340.46,0.05,0.02,0.35,Muy alta
2013,78,Patagonia Sur,40 a 49,Varón,2377,1205.03,2139.3,1084.53,0.13,0.06,0.45,Muy alta
2013,78,Patagonia Sur,50 a 59,Mujer,2413,751.22,2171.7,676.1,0.18,0.05,0.28,Alta
2013,78,Patagonia Sur,50 a 59,Varón,2358,669.55,2122.2,602.59,0.18,0.05,0.27,Alta
2013,78,Patagonia Sur,60 a 69,Mujer,1792,694.83,1612.8,625.35,0.25,0.08,0.31,Muy alta
2013,78,Patagonia Sur,60 a 69,Varón,1033,488.52,929.7,439.67,0.11,0.05,0.44,Muy alta
2013,78,Patagonia Sur,70 a 79,Mujer,604,262.88,543.6,236.59,0.15,0.06,0.42,Muy alta
2013,78,Patagonia Sur,70 a 79,Varón,204,164.56,183.6,148.1,0.16,0.12,0.73,Muy alta
2013,78,Patagonia Sur,80+,Mujer,830,422.73,747,380.46,0.39,0.15,0.38,Muy alta
2013,78,Patagonia Sur,80+,Varón,259,193.19,233.1,173.87,0.1,0.08,0.75,Muy alta
2013,82,Centro,30 a 39,Mujer,12325,3213.29,11092.5,2891.96,0.06,0.01,0.26,Alta
2013,82,Centro,30 a 39,Varón,653,653,587.7,587.7,0,0,1,Muy alta
2013,82,Centro,40 a 49,Mujer,16719,4298.89,15047.1,3869,0.08,0.02,0.25,Alta
2013,82,Centro,40 a 49,Varón,12766,7061.09,11489.4,6354.98,0.08,0.04,0.52,Muy alta
2013,82,Centro,50 a 59,Mujer,20746,4944.63,18671.4,4450.17,0.14,0.03,0.23,Alta
2013,82,Centro,50 a 59,Varón,7253,2849.05,6527.7,2564.15,0.05,0.02,0.39,Muy alta
2013,82,Centro,60 a 69,Mujer,30401,6108.41,27360.9,5497.57,0.18,0.03,0.18,Moderada
2013,82,Centro,60 a 69,Varón,19393,6146.74,17453.7,5532.06,0.13,0.04,0.29,Alta
2013,82,Centro,70 a 79,Mujer,26121,5576.24,23508.9,5018.62,0.26,0.05,0.18,Moderada
2013,82,Centro,70 a 79,Varón,13314,4044.85,11982.6,3640.37,0.23,0.06,0.26,Alta
2013,82,Centro,80+,Mujer,8233,2625.19,7409.7,2362.67,0.16,0.05,0.29,Alta
2013,82,Centro,80+,Varón,2298,1362.23,2068.2,1226.01,0.1,0.06,0.56,Muy alta
2013,86,NOA2,30 a 39,Mujer,4321,1196.86,3888.9,1077.18,0.1,0.03,0.26,Alta
2013,86,NOA2,30 a 39,Varón,5535,1996.64,4981.5,1796.98,0.12,0.04,0.33,Muy alta
2013,86,NOA2,40 a 49,Mujer,7060,1877.72,6354,1689.95,0.18,0.04,0.23,Alta
2013,86,NOA2,40 a 49,Varón,3970,1223,3573,1100.7,0.1,0.03,0.29,Alta
2013,86,NOA2,50 a 59,Mujer,5373,1422.9,4835.7,1280.61,0.18,0.04,0.25,Alta
2013,86,NOA2,50 a 59,Varón,4558,1410.47,4102.2,1269.42,0.15,0.04,0.29,Alta
2013,86,NOA2,60 a 69,Mujer,5064,1390.32,4557.6,1251.28,0.23,0.06,0.25,Alta
2013,86,NOA2,60 a 69,Varón,2494,1001.54,2244.6,901.39,0.21,0.07,0.35,Muy alta
2013,86,NOA2,70 a 79,Mujer,2569,1126.49,2312.1,1013.85,0.17,0.07,0.4,Muy alta
2013,86,NOA2,70 a 79,Varón,1939,1222.9,1745.1,1100.61,0.15,0.09,0.58,Muy alta
2013,86,NOA2,80+,Mujer,1852,1065.06,1666.8,958.55,0.36,0.15,0.41,Muy alta
2013,86,NOA2,80+,Varón,795,636.1,715.5,572.49,0.22,0.15,0.68,Muy alta
2013,90,NOA1,30 a 39,Mujer,7362,2172.6,6625.8,1955.34,0.07,0.02,0.28,Alta
2013,90,NOA1,30 a 39,Varón,4668,1811.86,4201.2,1630.67,0.05,0.02,0.38,Muy alta
2013,90,NOA1,40 a 49,Mujer,8945,2611.76,8050.5,2350.58,0.12,0.03,0.27,Alta
2013,90,NOA1,40 a 49,Varón,5530,2070.01,4977,1863.01,0.08,0.03,0.36,Muy alta
2013,90,NOA1,50 a 59,Mujer,10507,3245.48,9456.3,2920.93,0.17,0.05,0.28,Alta
2013,90,NOA1,50 a 59,Varón,8663,2979.04,7796.7,2681.13,0.15,0.05,0.31,Muy alta
2013,90,NOA1,60 a 69,Mujer,7311,1983.6,6579.9,1785.24,0.14,0.03,0.25,Alta
2013,90,NOA1,60 a 69,Varón,5936,1944.71,5342.4,1750.24,0.15,0.04,0.3,Alta
2013,90,NOA1,70 a 79,Mujer,4325,1292.38,3892.5,1163.15,0.17,0.05,0.28,Alta
2013,90,NOA1,70 a 79,Varón,4630,1793.84,4167,1614.45,0.21,0.07,0.33,Muy alta
2013,90,NOA1,80+,Mujer,2697,1242.49,2427.3,1118.24,0.15,0.06,0.42,Muy alta
2013,90,NOA1,80+,Varón,464,464,417.6,417.6,0.06,0.05,0.99,Muy alta
2013,94,Patagonia Sur,30 a 39,Mujer,958,278.59,862.2,250.73,0.09,0.02,0.28,Alta
2013,94,Patagonia Sur,30 a 39,Varón,1073,310.84,965.7,279.75,0.08,0.02,0.28,Alta
2013,94,Patagonia Sur,40 a 49,Mujer,1360,388.57,1224,349.72,0.13,0.03,0.27,Alta
2013,94,Patagonia Sur,40 a 49,Varón,545,262.93,490.5,236.63,0.05,0.03,0.47,Muy alta
2013,94,Patagonia Sur,50 a 59,Mujer,1204,362.79,1083.6,326.51,0.15,0.04,0.27,Alta
2013,94,Patagonia Sur,50 a 59,Varón,626,238.44,563.4,214.6,0.09,0.03,0.37,Muy alta
2013,94,Patagonia Sur,60 a 69,Mujer,703,236.11,632.7,212.5,0.18,0.05,0.3,Alta
2013,94,Patagonia Sur,60 a 69,Varón,1340,352.74,1206,317.46,0.28,0.06,0.23,Alta
2013,94,Patagonia Sur,70 a 79,Mujer,291,137.31,261.9,123.58,0.22,0.09,0.43,Muy alta
2013,94,Patagonia Sur,70 a 79,Varón,330,152.53,297,137.28,0.3,0.11,0.38,Muy alta
2013,94,Patagonia Sur,80+,Mujer,86,50.54,77.4,45.48,0.3,0.16,0.54,Muy alta
2013,94,Patagonia Sur,80+,Varón,23,23,20.7,20.7,0.06,0.07,1.08,Muy alta
2018,02,Centro,30 a 39,Mujer,6852,3181.03,6166.8,2862.92,0.03,0.01,0.46,Muy alta
2018,02,Centro,30 a 39,Varón,5392,2957.03,4852.8,2661.33,0.02,0.01,0.56,Muy alta
2018,02,Centro,40 a 49,Mujer,7408,3580.99,6667.2,3222.89,0.03,0.01,0.46,Muy alta
2018,02,Centro,40 a 49,Varón,7793,4113.07,7013.7,3701.76,0.04,0.02,0.52,Muy alta
2018,02,Centro,50 a 59,Mujer,21691,7113.65,19521.9,6402.29,0.11,0.04,0.33,Muy alta
2018,02,Centro,50 a 59,Varón,22794,6608.81,20514.6,5947.93,0.13,0.04,0.28,Alta
2018,02,Centro,60 a 69,Mujer,20837,6557.05,18753.3,5901.34,0.12,0.03,0.28,Alta
2018,02,Centro,60 a 69,Varón,33061,7242.36,29754.9,6518.12,0.23,0.05,0.2,Moderada
2018,02,Centro,70 a 79,Mujer,10558,3930.5,9502.2,3537.45,0.08,0.03,0.34,Muy alta
2018,02,Centro,70 a 79,Varón,19643,5838.82,17678.7,5254.94,0.19,0.05,0.24,Alta
2018,02,Centro,80+,Mujer,19045,5655.59,17140.5,5090.03,0.24,0.06,0.27,Alta
2018,02,Centro,80+,Varón,9425,3353.22,8482.5,3017.89,0.22,0.08,0.35,Muy alta
2018,06,Centro,30 a 39,Mujer,157882,28892.74,142093.8,26003.47,0.11,0.02,0.17,Moderada
2018,06,Centro,30 a 39,Varón,35871,11908.06,32283.9,10717.25,0.03,0.01,0.33,Muy alta
2018,06,Centro,40 a 49,Mujer,173534,27875.48,156180.6,25087.93,0.13,0.02,0.15,Moderada
2018,06,Centro,40 a 49,Varón,155490,29579.18,139941,26621.27,0.14,0.03,0.18,Moderada
2018,06,Centro,50 a 59,Mujer,122898,21669.41,110608.2,19502.47,0.13,0.02,0.16,Moderada
2018,06,Centro,50 a 59,Varón,171160,28493.57,154044,25644.21,0.19,0.03,0.15,Moderada
2018,06,Centro,60 a 69,Mujer,152421,22552.36,137178.9,20297.12,0.19,0.02,0.13,Moderada
2018,06,Centro,60 a 69,Varón,131020,19350.17,117918,17415.15,0.17,0.03,0.16,Moderada
2018,06,Centro,70 a 79,Mujer,81106,14907,72995.4,13416.3,0.17,0.03,0.16,Moderada
2018,06,Centro,70 a 79,Varón,122049,23457.29,109844.1,21111.56,0.23,0.04,0.17,Moderada
2018,06,Centro,80+,Mujer,32404,7151.28,29163.6,6436.15,0.14,0.03,0.22,Alta
2018,06,Centro,80+,Varón,29978,10450.96,26980.2,9405.87,0.21,0.07,0.32,Muy alta
2018,10,NOA2,30 a 39,Mujer,1207,570.61,1086.3,513.55,0.05,0.03,0.51,Muy alta
2018,10,NOA2,30 a 39,Varón,2489,1343.49,2240.1,1209.14,0.1,0.05,0.53,Muy alta
2018,10,NOA2,40 a 49,Mujer,3285,1195.57,2956.5,1076.01,0.15,0.05,0.35,Muy alta
2018,10,NOA2,40 a 49,Varón,2239,826.97,2015.1,744.27,0.15,0.06,0.38,Muy alta
2018,10,NOA2,50 a 59,Mujer,1912,632.13,1720.8,568.92,0.14,0.04,0.32,Muy alta
2018,10,NOA2,50 a 59,Varón,1513,643.52,1361.7,579.16,0.12,0.05,0.44,Muy alta
2018,10,NOA2,60 a 69,Mujer,1214,632.57,1092.6,569.31,0.08,0.04,0.48,Muy alta
2018,10,NOA2,60 a 69,Varón,1237,758.93,1113.3,683.03,0.1,0.06,0.61,Muy alta
2018,10,NOA2,70 a 79,Mujer,1533,823.82,1379.7,741.44,0.24,0.12,0.5,Muy alta
2018,10,NOA2,70 a 79,Varón,655,316.81,589.5,285.13,0.12,0.07,0.54,Muy alta
2018,10,NOA2,80+,Mujer,653,382.8,587.7,344.52,0.22,0.11,0.51,Muy alta
2018,10,NOA2,80+,Varón,97,99.76,87.3,89.78,0.1,0.13,1.34,Muy alta
2018,14,Centro,30 a 39,Mujer,26821,7501.07,24138.9,6750.96,0.1,0.03,0.27,Alta
2018,14,Centro,30 a 39,Varón,12230,5290.06,11007,4761.06,0.05,0.02,0.42,Muy alta
2018,14,Centro,40 a 49,Mujer,22827,6535.27,20544.3,5881.74,0.1,0.03,0.27,Alta
2018,14,Centro,40 a 49,Varón,34020,12837.03,30618,11553.32,0.16,0.06,0.34,Muy alta
2018,14,Centro,50 a 59,Mujer,25700,7894.21,23130,7104.79,0.2,0.06,0.28,Alta
2018,14,Centro,50 a 59,Varón,30911,8235.04,27819.9,7411.53,0.17,0.04,0.25,Alta
2018,14,Centro,60 a 69,Mujer,53719,10372.08,48347.1,9334.87,0.26,0.04,0.16,Moderada
2018,14,Centro,60 a 69,Varón,28304,7047.49,25473.6,6342.74,0.19,0.04,0.23,Alta
2018,14,Centro,70 a 79,Mujer,18258,5805.09,16432.2,5224.59,0.18,0.06,0.32,Muy alta
2018,14,Centro,70 a 79,Varón,14073,5558.17,12665.7,5002.36,0.18,0.06,0.36,Muy alta
2018,14,Centro,80+,Mujer,4221,3220.56,3798.9,2898.51,0.07,0.05,0.7,Muy alta
2018,14,Centro,80+,Varón,4831,2648.46,4347.9,2383.61,0.2,0.09,0.46,Muy alta
2018,18,NEA,30 a 39,Mujer,11841,3751.74,10656.9,3376.56,0.14,0.04,0.28,Alta
2018,18,NEA,30 a 39,Varón,5529,2530.11,4976.1,2277.1,0.09,0.04,0.45,Muy alta
2018,18,NEA,40 a 49,Mujer,4960,2105.54,4464,1894.98,0.09,0.04,0.42,Muy alta
2018,18,NEA,40 a 49,Varón,3230,1692.84,2907,1523.56,0.06,0.03,0.51,Muy alta
2018,18,NEA,50 a 59,Mujer,9070,2607.79,8163,2347.01,0.17,0.04,0.25,Alta
2018,18,NEA,50 a 59,Varón,3836,2232.13,3452.4,2008.92,0.09,0.05,0.53,Muy alta
2018,18,NEA,60 a 69,Mujer,10122,3215.2,9109.8,2893.68,0.27,0.07,0.26,Alta
2018,18,NEA,60 a 69,Varón,5072,1689.47,4564.8,1520.52,0.13,0.05,0.39,Muy alta
2018,18,NEA,70 a 79,Mujer,4965,2309.13,4468.5,2078.22,0.23,0.09,0.38,Muy alta
2018,18,NEA,70 a 79,Varón,3256,1439.78,2930.4,1295.8,0.22,0.08,0.35,Muy alta
2018,18,NEA,80+,Mujer,3722,1318.58,3349.8,1186.72,0.29,0.09,0.3,Alta
2018,18,NEA,80+,Varón,1251,572.09,1125.9,514.88,0.2,0.11,0.55,Muy alta
2018,22,NEA,30 a 39,Mujer,5790,1554.79,5211,1399.31,0.07,0.02,0.26,Alta
2018,22,NEA,30 a 39,Varón,1468,1042.72,1321.2,938.45,0.02,0.02,0.7,Muy alta
2018,22,NEA,40 a 49,Mujer,4828,1982.16,4345.2,1783.94,0.09,0.04,0.39,Muy alta
2018,22,NEA,40 a 49,Varón,6416,2115.37,5774.4,1903.83,0.1,0.03,0.34,Muy alta
2018,22,NEA,50 a 59,Mujer,6772,1551.79,6094.8,1396.61,0.15,0.03,0.22,Alta
2018,22,NEA,50 a 59,Varón,3371,1629.06,3033.9,1466.15,0.09,0.04,0.45,Muy alta
2018,22,NEA,60 a 69,Mujer,6151,2452.63,5535.9,2207.37,0.17,0.06,0.37,Muy alta
2018,22,NEA,60 a 69,Varón,11152,3242.55,10036.8,2918.3,0.23,0.06,0.28,Alta
2018,22,NEA,70 a 79,Mujer,6921,1984.63,6228.9,1786.17,0.27,0.07,0.26,Alta
2018,22,NEA,70 a 79,Varón,1416,573.43,1274.4,516.09,0.13,0.06,0.45,Muy alta
2018,22,NEA,80+,Mujer,3221,2142.2,2898.9,1927.98,0.4,0.19,0.47,Muy alta
2018,22,NEA,80+,Varón,299,256.03,269.1,230.43,0.04,0.05,1.22,Muy alta
2018,26,Patagonia Sur,30 a 39,Mujer,7188,1704.24,6469.2,1533.82,0.15,0.04,0.23,Alta
2018,26,Patagonia Sur,30 a 39,Varón,3250,1124.69,2925,1012.22,0.08,0.03,0.34,Muy alta
2018,26,Patagonia Sur,40 a 49,Mujer,2071,1119.9,1863.9,1007.91,0.06,0.03,0.52,Muy alta
2018,26,Patagonia Sur,40 a 49,Varón,4642,1651,4177.8,1485.9,0.1,0.04,0.36,Muy alta
2018,26,Patagonia Sur,50 a 59,Mujer,5956,2632.07,5360.4,2368.86,0.18,0.07,0.41,Muy alta
2018,26,Patagonia Sur,50 a 59,Varón,3242,1497.19,2917.8,1347.47,0.13,0.06,0.48,Muy alta
2018,26,Patagonia Sur,60 a 69,Mujer,5030,1416.21,4527,1274.59,0.24,0.05,0.21,Alta
2018,26,Patagonia Sur,60 a 69,Varón,3832,1664.06,3448.8,1497.65,0.19,0.08,0.41,Muy alta
2018,26,Patagonia Sur,70 a 79,Mujer,701,421.47,630.9,379.32,0.11,0.06,0.58,Muy alta
2018,26,Patagonia Sur,70 a 79,Varón,1616,796.09,1454.4,716.48,0.15,0.07,0.49,Muy alta
2018,26,Patagonia Sur,80+,Mujer,686,460.3,617.4,414.27,0.12,0.07,0.6,Muy alta
2018,26,Patagonia Sur,80+,Varón,2724,1344.44,2451.6,1209.99,0.37,0.16,0.42,Muy alta
2018,30,Centro,30 a 39,Mujer,9522,1906.65,8569.8,1715.98,0.1,0.02,0.19,Moderada
2018,30,Centro,30 a 39,Varón,1027,544.32,924.3,489.89,0.01,0.01,0.54,Muy alta
2018,30,Centro,40 a 49,Mujer,9406,2786.48,8465.4,2507.83,0.12,0.03,0.28,Alta
2018,30,Centro,40 a 49,Varón,5554,2060.6,4998.6,1854.54,0.08,0.03,0.37,Muy alta
2018,30,Centro,50 a 59,Mujer,13292,3672.51,11962.8,3305.26,0.2,0.05,0.24,Alta
2018,30,Centro,50 a 59,Varón,2608,1006.19,2347.2,905.57,0.05,0.02,0.4,Muy alta
2018,30,Centro,60 a 69,Mujer,10113,2251.21,9101.7,2026.09,0.17,0.03,0.2,Moderada
2018,30,Centro,60 a 69,Varón,8190,1923.44,7371,1731.1,0.17,0.04,0.21,Alta
2018,30,Centro,70 a 79,Mujer,7136,2090.68,6422.4,1881.61,0.2,0.05,0.26,Alta
2018,30,Centro,70 a 79,Varón,6878,1504.48,6190.2,1354.03,0.23,0.05,0.19,Moderada
2018,30,Centro,80+,Mujer,3240,909.3,2916,818.37,0.19,0.05,0.28,Alta
2018,30,Centro,80+,Varón,1457,860.6,1311.3,774.54,0.13,0.08,0.64,Muy alta
2018,34,NEA,30 a 39,Mujer,2859,997.46,2573.1,897.71,0.08,0.03,0.34,Muy alta
2018,34,NEA,30 a 39,Varón,1539,941.45,1385.1,847.31,0.06,0.04,0.59,Muy alta
2018,34,NEA,40 a 49,Mujer,2758,907.47,2482.2,816.72,0.12,0.04,0.34,Muy alta
2018,34,NEA,40 a 49,Varón,2420,1063.06,2178,956.75,0.08,0.04,0.45,Muy alta
2018,34,NEA,50 a 59,Mujer,5429,1445.54,4886.1,1300.98,0.21,0.05,0.24,Alta
2018,34,NEA,50 a 59,Varón,5047,1107.18,4542.3,996.46,0.25,0.06,0.23,Alta
2018,34,NEA,60 a 69,Mujer,1259,453.88,1133.1,408.5,0.09,0.03,0.35,Muy alta
2018,34,NEA,60 a 69,Varón,3679,1173.47,3311.1,1056.12,0.25,0.07,0.27,Alta
2018,34,NEA,70 a 79,Mujer,2352,731.55,2116.8,658.4,0.21,0.06,0.26,Alta
2018,34,NEA,70 a 79,Varón,1778,726.63,1600.2,653.96,0.18,0.06,0.35,Muy alta
2018,34,NEA,80+,Mujer,1884,596.09,1695.6,536.48,0.47,0.1,0.22,Alta
2018,34,NEA,80+,Varón,1098,581.32,988.2,523.19,0.28,0.14,0.48,Muy alta
2018,38,NOA1,30 a 39,Mujer,5105,1987.76,4594.5,1788.98,0.1,0.04,0.37,Muy alta
2018,38,NOA1,30 a 39,Varón,2538,1470.29,2284.2,1323.26,0.06,0.03,0.56,Muy alta
2018,38,NOA1,40 a 49,Mujer,3409,1185.92,3068.1,1067.33,0.07,0.02,0.35,Muy alta
2018,38,NOA1,40 a 49,Varón,3136,1156.14,2822.4,1040.52,0.08,0.03,0.37,Muy alta
2018,38,NOA1,50 a 59,Mujer,4987,1583.86,4488.3,1425.47,0.14,0.04,0.31,Muy alta
2018,38,NOA1,50 a 59,Varón,3874,1345.26,3486.6,1210.73,0.11,0.04,0.36,Muy alta
2018,38,NOA1,60 a 69,Mujer,5007,1236.45,4506.3,1112.8,0.21,0.05,0.22,Alta
2018,38,NOA1,60 a 69,Varón,3165,1151.24,2848.5,1036.11,0.16,0.06,0.37,Muy alta
2018,38,NOA1,70 a 79,Mujer,1205,624.45,1084.5,562,0.1,0.05,0.5,Muy alta
2018,38,NOA1,70 a 79,Varón,1395,1112.89,1255.5,1001.6,0.08,0.06,0.78,Muy alta
2018,38,NOA1,80+,Mujer,592,284.76,532.8,256.28,0.11,0.07,0.63,Muy alta
2018,38,NOA1,80+,Varón,744,592.71,669.6,533.44,0.25,0.2,0.8,Muy alta
2018,42,Patagonia Norte,30 a 39,Mujer,3857,1128.26,3471.3,1015.43,0.17,0.05,0.27,Alta
2018,42,Patagonia Norte,30 a 39,Varón,2603,993.72,2342.7,894.35,0.14,0.06,0.4,Muy alta
2018,42,Patagonia Norte,40 a 49,Mujer,617,387.9,555.3,349.11,0.04,0.03,0.67,Muy alta
2018,42,Patagonia Norte,40 a 49,Varón,2922,1021.29,2629.8,919.16,0.18,0.05,0.29,Alta
2018,42,Patagonia Norte,50 a 59,Mujer,668,280.69,601.2,252.62,0.05,0.02,0.46,Muy alta
2018,42,Patagonia Norte,50 a 59,Varón,938,327.38,844.2,294.64,0.09,0.03,0.37,Muy alta
2018,42,Patagonia Norte,60 a 69,Mujer,3324,958.27,2991.6,862.45,0.29,0.08,0.26,Alta
2018,42,Patagonia Norte,60 a 69,Varón,2176,769.75,1958.4,692.78,0.21,0.07,0.35,Muy alta
2018,42,Patagonia Norte,70 a 79,Mujer,1141,526.05,1026.9,473.45,0.13,0.06,0.45,Muy alta
2018,42,Patagonia Norte,70 a 79,Varón,2215,881.71,1993.5,793.54,0.28,0.1,0.34,Muy alta
2018,42,Patagonia Norte,80+,Mujer,407,183.92,366.3,165.53,0.16,0.1,0.61,Muy alta
2018,42,Patagonia Norte,80+,Varón,575,348.44,517.5,313.6,0.3,0.15,0.5,Muy alta
2018,46,Cuyo,30 a 39,Mujer,1951,776.62,1755.9,698.95,0.09,0.03,0.4,Muy alta
2018,46,Cuyo,30 a 39,Varón,3177,1333.53,2859.3,1200.17,0.11,0.04,0.4,Muy alta
2018,46,Cuyo,40 a 49,Mujer,3868,1095.15,3481.2,985.64,0.15,0.05,0.31,Muy alta
2018,46,Cuyo,40 a 49,Varón,570,362.22,513,326,0.03,0.02,0.64,Muy alta
2018,46,Cuyo,50 a 59,Mujer,4855,1232.97,4369.5,1109.68,0.24,0.06,0.23,Alta
2018,46,Cuyo,50 a 59,Varón,2369,987.74,2132.1,888.97,0.2,0.09,0.45,Muy alta
2018,46,Cuyo,60 a 69,Mujer,1963,728.16,1766.7,655.35,0.19,0.06,0.33,Muy alta
2018,46,Cuyo,60 a 69,Varón,5396,1654.35,4856.4,1488.92,0.39,0.1,0.25,Alta
2018,46,Cuyo,70 a 79,Mujer,1674,797.62,1506.6,717.86,0.24,0.11,0.46,Muy alta
2018,46,Cuyo,70 a 79,Varón,1551,709.8,1395.9,638.82,0.41,0.15,0.37,Muy alta
2018,46,Cuyo,80+,Mujer,628,433.19,565.2,389.88,0.21,0.12,0.57,Muy alta
2018,46,Cuyo,80+,Varón,0,0,0,0,0,0,NA,NA
2018,50,Cuyo,30 a 39,Mujer,22381,8616.72,20142.9,7755.05,0.15,0.06,0.4,Muy alta
2018,50,Cuyo,30 a 39,Varón,2851,2546.9,2565.9,2292.21,0.03,0.02,0.92,Muy alta
2018,50,Cuyo,40 a 49,Mujer,16147,5612.61,14532.3,5051.35,0.16,0.05,0.33,Muy alta
2018,50,Cuyo,40 a 49,Varón,7425,3119.65,6682.5,2807.68,0.06,0.03,0.43,Muy alta
2018,50,Cuyo,50 a 59,Mujer,9980,4021.23,8982,3619.11,0.13,0.05,0.36,Muy alta
2018,50,Cuyo,50 a 59,Varón,12045,4086.41,10840.5,3677.77,0.13,0.04,0.32,Muy alta
2018,50,Cuyo,60 a 69,Mujer,8024,1900.35,7221.6,1710.32,0.13,0.03,0.24,Alta
2018,50,Cuyo,60 a 69,Varón,22406,5567.42,20165.4,5010.68,0.35,0.08,0.22,Alta
2018,50,Cuyo,70 a 79,Mujer,7525,2224.7,6772.5,2002.23,0.16,0.04,0.27,Alta
2018,50,Cuyo,70 a 79,Varón,12810,4701.73,11529,4231.55,0.25,0.08,0.32,Muy alta
2018,50,Cuyo,80+,Mujer,2184,1542.13,1965.6,1387.92,0.08,0.06,0.7,Muy alta
2018,50,Cuyo,80+,Varón,2305,1001.62,2074.5,901.46,0.13,0.07,0.54,Muy alta
2018,54,NEA,30 a 39,Mujer,6554,2059.73,5898.6,1853.76,0.09,0.02,0.26,Alta
2018,54,NEA,30 a 39,Varón,3182,1490.94,2863.8,1341.84,0.05,0.02,0.45,Muy alta
2018,54,NEA,40 a 49,Mujer,10062,3975.31,9055.8,3577.78,0.17,0.06,0.36,Muy alta
2018,54,NEA,40 a 49,Varón,6985,2245.21,6286.5,2020.69,0.14,0.05,0.33,Muy alta
2018,54,NEA,50 a 59,Mujer,14074,3113.62,12666.6,2802.26,0.28,0.05,0.19,Moderada
2018,54,NEA,50 a 59,Varón,4446,2024.91,4001.4,1822.42,0.12,0.05,0.46,Muy alta
2018,54,NEA,60 a 69,Mujer,6194,1452.38,5574.6,1307.14,0.18,0.04,0.21,Alta
2018,54,NEA,60 a 69,Varón,7182,1724.96,6463.8,1552.46,0.18,0.05,0.26,Alta
2018,54,NEA,70 a 79,Mujer,2292,899.98,2062.8,809.98,0.12,0.05,0.39,Muy alta
2018,54,NEA,70 a 79,Varón,2614,1737.52,2352.6,1563.77,0.19,0.11,0.58,Muy alta
2018,54,NEA,80+,Mujer,3237,2101.32,2913.3,1891.19,0.28,0.15,0.51,Muy alta
2018,54,NEA,80+,Varón,0,0,0,0,0,0,NA,NA
2018,58,Patagonia Norte,30 a 39,Mujer,7529,1884.15,6776.1,1695.74,0.14,0.04,0.26,Alta
2018,58,Patagonia Norte,30 a 39,Varón,1409,660.54,1268.1,594.49,0.03,0.01,0.48,Muy alta
2018,58,Patagonia Norte,40 a 49,Mujer,6412,1771.72,5770.8,1594.55,0.16,0.04,0.27,Alta
2018,58,Patagonia Norte,40 a 49,Varón,2606,1080.63,2345.4,972.57,0.07,0.03,0.4,Muy alta
2018,58,Patagonia Norte,50 a 59,Mujer,3708,1159.23,3337.2,1043.31,0.14,0.04,0.32,Muy alta
2018,58,Patagonia Norte,50 a 59,Varón,2868,937.1,2581.2,843.39,0.12,0.04,0.31,Muy alta
2018,58,Patagonia Norte,60 a 69,Mujer,8299,2356.05,7469.1,2120.44,0.28,0.06,0.21,Alta
2018,58,Patagonia Norte,60 a 69,Varón,5294,1655.38,4764.6,1489.84,0.23,0.06,0.26,Alta
2018,58,Patagonia Norte,70 a 79,Mujer,2130,1002.51,1917,902.26,0.14,0.06,0.44,Muy alta
2018,58,Patagonia Norte,70 a 79,Varón,3052,1555.17,2746.8,1399.65,0.3,0.14,0.48,Muy alta
2018,58,Patagonia Norte,80+,Mujer,2563,1090.26,2306.7,981.23,0.51,0.11,0.22,Alta
2018,58,Patagonia Norte,80+,Varón,0,0,0,0,0,0,NA,NA
2018,62,Patagonia Norte,30 a 39,Mujer,4443,1252.92,3998.7,1127.63,0.08,0.02,0.29,Alta
2018,62,Patagonia Norte,30 a 39,Varón,1041,503.1,936.9,452.79,0.02,0.01,0.51,Muy alta
2018,62,Patagonia Norte,40 a 49,Mujer,6004,1433.48,5403.6,1290.13,0.13,0.03,0.25,Alta
2018,62,Patagonia Norte,40 a 49,Varón,3066,867.67,2759.4,780.91,0.07,0.02,0.3,Alta
2018,62,Patagonia Norte,50 a 59,Mujer,7785,2794.07,7006.5,2514.66,0.22,0.07,0.31,Muy alta
2018,62,Patagonia Norte,50 a 59,Varón,5354,1403.1,4818.6,1262.79,0.18,0.05,0.29,Alta
2018,62,Patagonia Norte,60 a 69,Mujer,5196,1142.67,4676.4,1028.4,0.23,0.04,0.18,Moderada
2018,62,Patagonia Norte,60 a 69,Varón,5809,1324.16,5228.1,1191.74,0.18,0.04,0.22,Alta
2018,62,Patagonia Norte,70 a 79,Mujer,2393,571.18,2153.7,514.06,0.13,0.03,0.23,Alta
2018,62,Patagonia Norte,70 a 79,Varón,4060,1248.7,3654,1123.83,0.2,0.05,0.26,Alta
2018,62,Patagonia Norte,80+,Mujer,1512,702.03,1360.8,631.83,0.27,0.1,0.38,Muy alta
2018,62,Patagonia Norte,80+,Varón,195,220.33,175.5,198.29,0.09,0.1,1.06,Muy alta
2018,66,NOA1,30 a 39,Mujer,8740,2617.97,7866,2356.17,0.09,0.02,0.28,Alta
2018,66,NOA1,30 a 39,Varón,2721,1223.86,2448.9,1101.48,0.03,0.01,0.43,Muy alta
2018,66,NOA1,40 a 49,Mujer,12081,3754.88,10872.9,3379.4,0.16,0.05,0.28,Alta
2018,66,NOA1,40 a 49,Varón,9625,2342.57,8662.5,2108.32,0.12,0.03,0.24,Alta
2018,66,NOA1,50 a 59,Mujer,11868,2677.31,10681.2,2409.58,0.18,0.04,0.21,Alta
2018,66,NOA1,50 a 59,Varón,6482,1866.05,5833.8,1679.44,0.13,0.03,0.27,Alta
2018,66,NOA1,60 a 69,Mujer,9038,2622.22,8134.2,2360,0.2,0.05,0.26,Alta
2018,66,NOA1,60 a 69,Varón,5531,1753.13,4977.9,1577.82,0.14,0.04,0.3,Alta
2018,66,NOA1,70 a 79,Mujer,5332,1896.94,4798.8,1707.24,0.21,0.07,0.32,Muy alta
2018,66,NOA1,70 a 79,Varón,2303,1214.58,2072.7,1093.12,0.1,0.06,0.54,Muy alta
2018,66,NOA1,80+,Mujer,1053,780.29,947.7,702.26,0.12,0.09,0.74,Muy alta
2018,66,NOA1,80+,Varón,2623,1520.25,2360.7,1368.23,0.35,0.16,0.46,Muy alta
2018,70,Cuyo,30 a 39,Mujer,2237,1084.38,2013.3,975.94,0.05,0.02,0.47,Muy alta
2018,70,Cuyo,30 a 39,Varón,3947,2032.48,3552.3,1829.23,0.07,0.04,0.5,Muy alta
2018,70,Cuyo,40 a 49,Mujer,12670,2893.57,11403,2604.22,0.25,0.05,0.22,Alta
2018,70,Cuyo,40 a 49,Varón,3479,1689.11,3131.1,1520.2,0.09,0.04,0.48,Muy alta
2018,70,Cuyo,50 a 59,Mujer,6611,2162.75,5949.9,1946.48,0.18,0.05,0.28,Alta
2018,70,Cuyo,50 a 59,Varón,7445,2331.51,6700.5,2098.36,0.29,0.07,0.25,Alta
2018,70,Cuyo,60 a 69,Mujer,7954,2217.94,7158.6,1996.15,0.26,0.07,0.27,Alta
2018,70,Cuyo,60 a 69,Varón,5278,2229.92,4750.2,2006.93,0.19,0.07,0.37,Muy alta
2018,70,Cuyo,70 a 79,Mujer,7515,1966.87,6763.5,1770.18,0.34,0.08,0.23,Alta
2018,70,Cuyo,70 a 79,Varón,4882,1803.99,4393.8,1623.59,0.44,0.11,0.24,Alta
2018,70,Cuyo,80+,Mujer,466,381.61,419.4,343.45,0.07,0.06,0.91,Muy alta
2018,70,Cuyo,80+,Varón,917,723.6,825.3,651.24,0.18,0.15,0.87,Muy alta
2018,74,Cuyo,30 a 39,Mujer,6223,1658.81,5600.7,1492.93,0.15,0.04,0.26,Alta
2018,74,Cuyo,30 a 39,Varón,1718,932.63,1546.2,839.37,0.06,0.03,0.5,Muy alta
2018,74,Cuyo,40 a 49,Mujer,5787,1385.69,5208.3,1247.12,0.2,0.04,0.22,Alta
2018,74,Cuyo,40 a 49,Varón,2994,1461.35,2694.6,1315.22,0.1,0.05,0.49,Muy alta
2018,74,Cuyo,50 a 59,Mujer,3312,1020.92,2980.8,918.83,0.12,0.03,0.3,Alta
2018,74,Cuyo,50 a 59,Varón,2099,961.68,1889.1,865.51,0.13,0.05,0.42,Muy alta
2018,74,Cuyo,60 a 69,Mujer,3822,902,3439.8,811.8,0.23,0.05,0.21,Alta
2018,74,Cuyo,60 a 69,Varón,7390,1633.02,6651,1469.71,0.37,0.07,0.18,Moderada
2018,74,Cuyo,70 a 79,Mujer,2343,921.4,2108.7,829.26,0.22,0.07,0.31,Muy alta
2018,74,Cuyo,70 a 79,Varón,5377,1426.88,4839.3,1284.19,0.39,0.1,0.26,Alta
2018,74,Cuyo,80+,Mujer,1365,537,1228.5,483.3,0.25,0.09,0.34,Muy alta
2018,74,Cuyo,80+,Varón,762,595.98,685.8,536.38,0.42,0.22,0.53,Muy alta
2018,78,Patagonia Sur,30 a 39,Mujer,2054,814.54,1848.6,733.09,0.08,0.03,0.39,Muy alta
2018,78,Patagonia Sur,30 a 39,Varón,782,505.72,703.8,455.15,0.03,0.02,0.62,Muy alta
2018,78,Patagonia Sur,40 a 49,Mujer,5353,1122.7,4817.7,1010.43,0.2,0.04,0.21,Alta
2018,78,Patagonia Sur,40 a 49,Varón,594,454.15,534.6,408.73,0.03,0.02,0.76,Muy alta
2018,78,Patagonia Sur,50 a 59,Mujer,1923,864.05,1730.7,777.64,0.15,0.06,0.41,Muy alta
2018,78,Patagonia Sur,50 a 59,Varón,2389,875.26,2150.1,787.73,0.14,0.05,0.38,Muy alta
2018,78,Patagonia Sur,60 a 69,Mujer,2662,1127.7,2395.8,1014.93,0.24,0.09,0.36,Muy alta
2018,78,Patagonia Sur,60 a 69,Varón,4759,1282.59,4283.1,1154.34,0.3,0.08,0.25,Alta
2018,78,Patagonia Sur,70 a 79,Mujer,985,458.45,886.5,412.6,0.27,0.09,0.33,Muy alta
2018,78,Patagonia Sur,70 a 79,Varón,1995,988.21,1795.5,889.39,0.74,0.18,0.24,Alta
2018,78,Patagonia Sur,80+,Mujer,477,420.64,429.3,378.58,0.31,0.2,0.65,Muy alta
2018,78,Patagonia Sur,80+,Varón,237,202.43,213.3,182.19,0.16,0.18,1.11,Muy alta
2018,82,Centro,30 a 39,Mujer,16647,4562.46,14982.3,4106.22,0.07,0.02,0.28,Alta
2018,82,Centro,30 a 39,Varón,9583,3730.75,8624.7,3357.67,0.04,0.02,0.4,Muy alta
2018,82,Centro,40 a 49,Mujer,18025,5791.03,16222.5,5211.92,0.08,0.02,0.31,Muy alta
2018,82,Centro,40 a 49,Varón,23668,6157.96,21301.2,5542.16,0.12,0.03,0.26,Alta
2018,82,Centro,50 a 59,Mujer,28689,7024.55,25820.1,6322.1,0.18,0.04,0.23,Alta
2018,82,Centro,50 a 59,Varón,29891,7775.77,26901.9,6998.19,0.2,0.05,0.25,Alta
2018,82,Centro,60 a 69,Mujer,35030,7852.42,31527,7067.18,0.23,0.05,0.21,Alta
2018,82,Centro,60 a 69,Varón,38430,10737.36,34587,9663.63,0.25,0.06,0.26,Alta
2018,82,Centro,70 a 79,Mujer,19074,6678.03,17166.6,6010.22,0.19,0.06,0.3,Alta
2018,82,Centro,70 a 79,Varón,15407,4166.45,13866.3,3749.8,0.19,0.05,0.25,Alta
2018,82,Centro,80+,Mujer,9637,4698.01,8673.3,4228.21,0.18,0.08,0.44,Muy alta
2018,82,Centro,80+,Varón,4888,2969.94,4399.2,2672.95,0.14,0.08,0.56,Muy alta
2018,86,NOA2,30 a 39,Mujer,4167,1503.32,3750.3,1352.99,0.09,0.03,0.37,Muy alta
2018,86,NOA2,30 a 39,Varón,3774,1655.33,3396.6,1489.8,0.07,0.03,0.47,Muy alta
2018,86,NOA2,40 a 49,Mujer,10470,3593.47,9423,3234.13,0.2,0.06,0.31,Muy alta
2018,86,NOA2,40 a 49,Varón,2993,1339.08,2693.7,1205.17,0.08,0.04,0.44,Muy alta
2018,86,NOA2,50 a 59,Mujer,5275,2231.58,4747.5,2008.42,0.19,0.08,0.42,Muy alta
2018,86,NOA2,50 a 59,Varón,9070,2833.52,8163,2550.17,0.22,0.07,0.32,Muy alta
2018,86,NOA2,60 a 69,Mujer,4412,1578.48,3970.8,1420.63,0.19,0.07,0.35,Muy alta
2018,86,NOA2,60 a 69,Varón,5935,2019.59,5341.5,1817.63,0.32,0.1,0.32,Muy alta
2018,86,NOA2,70 a 79,Mujer,3395,1604.28,3055.5,1443.85,0.16,0.07,0.44,Muy alta
2018,86,NOA2,70 a 79,Varón,1090,823.62,981,741.26,0.1,0.08,0.75,Muy alta
2018,86,NOA2,80+,Mujer,361,351.83,324.9,316.64,0.05,0.04,0.84,Muy alta
2018,86,NOA2,80+,Varón,1834,1286.27,1650.6,1157.64,0.26,0.17,0.65,Muy alta
2018,90,NOA1,30 a 39,Mujer,16448,3876.15,14803.2,3488.54,0.14,0.03,0.22,Alta
2018,90,NOA1,30 a 39,Varón,2835,2217.04,2551.5,1995.34,0.03,0.02,0.78,Muy alta
2018,90,NOA1,40 a 49,Mujer,12001,3637.19,10800.9,3273.47,0.15,0.04,0.29,Alta
2018,90,NOA1,40 a 49,Varón,9220,3763.94,8298,3387.55,0.11,0.04,0.39,Muy alta
2018,90,NOA1,50 a 59,Mujer,8133,2285.93,7319.7,2057.33,0.16,0.05,0.28,Alta
2018,90,NOA1,50 a 59,Varón,17332,4533.26,15598.8,4079.93,0.28,0.07,0.25,Alta
2018,90,NOA1,60 a 69,Mujer,12938,2925.68,11644.2,2633.11,0.2,0.05,0.25,Alta
2018,90,NOA1,60 a 69,Varón,13721,4622.64,12348.9,4160.38,0.21,0.07,0.31,Muy alta
2018,90,NOA1,70 a 79,Mujer,7427,2494.49,6684.3,2245.04,0.18,0.06,0.33,Muy alta
2018,90,NOA1,70 a 79,Varón,1752,1284.78,1576.8,1156.3,0.08,0.06,0.78,Muy alta
2018,90,NOA1,80+,Mujer,500,529.24,450,476.32,0.04,0.04,1.06,Muy alta
2018,90,NOA1,80+,Varón,340,391.47,306,352.32,0.03,0.03,1.27,Muy alta
2018,94,Patagonia Sur,30 a 39,Mujer,1499,559.41,1349.1,503.47,0.08,0.03,0.41,Muy alta
2018,94,Patagonia Sur,30 a 39,Varón,1112,566.78,1000.8,510.1,0.08,0.04,0.53,Muy alta
2018,94,Patagonia Sur,40 a 49,Mujer,1893,796.43,1703.7,716.79,0.17,0.07,0.43,Muy alta
2018,94,Patagonia Sur,40 a 49,Varón,2623,633.53,2360.7,570.17,0.22,0.07,0.31,Muy alta
2018,94,Patagonia Sur,50 a 59,Mujer,2218,777.11,1996.2,699.4,0.25,0.09,0.34,Muy alta
2018,94,Patagonia Sur,50 a 59,Varón,2062,734.66,1855.8,661.2,0.31,0.1,0.33,Muy alta
2018,94,Patagonia Sur,60 a 69,Mujer,1561,800.32,1404.9,720.29,0.25,0.12,0.49,Muy alta
2018,94,Patagonia Sur,60 a 69,Varón,808,504.39,727.2,453.95,0.11,0.08,0.72,Muy alta
2018,94,Patagonia Sur,70 a 79,Mujer,290,234.9,261,211.41,0.16,0.17,1.03,Muy alta
2018,94,Patagonia Sur,70 a 79,Varón,1145,704.16,1030.5,633.74,0.39,0.18,0.47,Muy alta
2018,94,Patagonia Sur,80+,Mujer,0,0,0,0,0,0,NA,NA
2018,94,Patagonia Sur,80+,Varón,122,164.03,109.8,147.63,0.23,0.34,1.47,Muy alta
