anio,sexo,grupo_edad_10,comp_tipo,comp_qualidiab,comp_frec,dw
2005,Mujer,10 a 19,,Sin complicaciones,1,0.0490114147
2005,Mujer,20 a 29,macrovascular,ACV,0.166666666666667,0.403952630975241
2005,Mujer,20 a 29,,Sin complicaciones,0.833333333333333,0.0490114147
2005,Mujer,20 a 29,macrovascular,IAM,0.166666666666667,0.25318521505
2005,Mujer,30 a 39,,Sin complicaciones,0.935483870967742,0.0490114147
2005,Mujer,30 a 39,microvascular,Nefropatía,0.032258064516129,0.242893275079427
2005,Mujer,30 a 39,microvascular,Neuropatía periférica,0.032258064516129,0.133189991499999
2005,Mujer,30 a 39,microvascular,Retinopatía proliferativa,0.032258064516129,0.1840484878
2005,Mujer,40 a 49,,Sin complicaciones,0.805825242718447,0.0490114147
2005,Mujer,40 a 49,microvascular,Ceguera,0.00970873786407767,0.1873645834
2005,Mujer,40 a 49,macrovascular,Claudicación miembros inferiores,0.0194174757281553,0.0141852508
2005,Mujer,40 a 49,macrovascular,IAM,0.00970873786407767,0.25318521505
2005,Mujer,40 a 49,microvascular,Nefropatía,0.0388349514563107,0.242893275079427
2005,Mujer,40 a 49,microvascular,Neuropatía periférica,0.0970873786407767,0.133189991499999
2005,Mujer,40 a 49,microvascular,Retinopatía no proliferativa,0.0679611650485437,0.1074453071
2005,Mujer,40 a 49,microvascular,Retinopatía proliferativa,0.0194174757281553,0.1840484878
2005,Mujer,50 a 59,macrovascular,ACV,0.00854700854700855,0.403952630975241
2005,Mujer,50 a 59,,Sin complicaciones,0.722222222222222,0.0490114147
2005,Mujer,50 a 59,microvascular,Amputación,0.0128205128205128,0.224603255005897
2005,Mujer,50 a 59,macrovascular,Claudicación miembros inferiores,0.0299145299145299,0.0141852508
2005,Mujer,50 a 59,macrovascular,IAM,0.0256410256410256,0.25318521505
2005,Mujer,50 a 59,microvascular,Nefropatía,0.094017094017094,0.242893275079427
2005,Mujer,50 a 59,microvascular,Neuropatía periférica,0.106837606837607,0.133189991499999
2005,Mujer,50 a 59,microvascular,Retinopatía no proliferativa,0.0726495726495727,0.1074453071
2005,Mujer,50 a 59,microvascular,Retinopatía proliferativa,0.00854700854700855,0.1840484878
2005,Mujer,60 a 69,macrovascular,ACV,0.0123456790123457,0.403952630975241
2005,Mujer,60 a 69,,Sin complicaciones,0.699588477366255,0.0490114147
2005,Mujer,60 a 69,microvascular,Amputación,0.00823045267489712,0.224603255005897
2005,Mujer,60 a 69,microvascular,Ceguera,0.00411522633744856,0.1873645834
2005,Mujer,60 a 69,macrovascular,Claudicación miembros inferiores,0.0823045267489712,0.0141852508
2005,Mujer,60 a 69,macrovascular,IAM,0.0205761316872428,0.25318521505
2005,Mujer,60 a 69,microvascular,Nefropatía,0.123456790123457,0.242893275079427
2005,Mujer,60 a 69,microvascular,Neuropatía periférica,0.111111111111111,0.133189991499999
2005,Mujer,60 a 69,microvascular,Retinopatía no proliferativa,0.0864197530864198,0.1074453071
2005,Mujer,60 a 69,microvascular,Retinopatía proliferativa,0.0288065843621399,0.1840484878
2005,Mujer,70 a 79,macrovascular,ACV,0.0217391304347826,0.403952630975241
2005,Mujer,70 a 79,,Sin complicaciones,0.532608695652174,0.0490114147
2005,Mujer,70 a 79,microvascular,Amputación,0.0217391304347826,0.224603255005897
2005,Mujer,70 a 79,microvascular,Ceguera,0.0217391304347826,0.1873645834
2005,Mujer,70 a 79,macrovascular,Claudicación miembros inferiores,0.0978260869565217,0.0141852508
2005,Mujer,70 a 79,macrovascular,IAM,0.0217391304347826,0.25318521505
2005,Mujer,70 a 79,microvascular,Nefropatía,0.108695652173913,0.242893275079427
2005,Mujer,70 a 79,microvascular,Neuropatía periférica,0.25,0.133189991499999
2005,Mujer,70 a 79,microvascular,Retinopatía no proliferativa,0.152173913043478,0.1074453071
2005,Mujer,70 a 79,microvascular,Retinopatía proliferativa,0.0543478260869565,0.1840484878
2005,Mujer,80+,macrovascular,ACV,0.0769230769230769,0.403952630975241
2005,Mujer,80+,,Sin complicaciones,0.384615384615385,0.0490114147
2005,Mujer,80+,microvascular,Ceguera,0.0769230769230769,0.1873645834
2005,Mujer,80+,microvascular,Nefropatía,0.153846153846154,0.242893275079427
2005,Mujer,80+,microvascular,Neuropatía periférica,0.230769230769231,0.133189991499999
2005,Mujer,80+,microvascular,Retinopatía no proliferativa,0.307692307692308,0.1074453071
2005,Varón,20 a 29,,Sin complicaciones,1,0.0490114147
2005,Varón,30 a 39,macrovascular,ACV,0.0416666666666667,0.403952630975241
2005,Varón,30 a 39,,Sin complicaciones,0.791666666666667,0.0490114147
2005,Varón,30 a 39,macrovascular,Claudicación miembros inferiores,0.0416666666666667,0.0141852508
2005,Varón,30 a 39,microvascular,Disfunción eréctil,0.0416666666666667,0.133189991499999
2005,Varón,30 a 39,macrovascular,IAM,0.0416666666666667,0.25318521505
2005,Varón,30 a 39,microvascular,Nefropatía,0.0416666666666667,0.242893275079427
2005,Varón,40 a 49,,Sin complicaciones,0.722222222222222,0.0490114147
2005,Varón,40 a 49,microvascular,Amputación,0.00925925925925926,0.224603255005897
2005,Varón,40 a 49,microvascular,Ceguera,0.0185185185185185,0.1873645834
2005,Varón,40 a 49,macrovascular,Claudicación miembros inferiores,0.0462962962962963,0.0141852508
2005,Varón,40 a 49,microvascular,Disfunción eréctil,0.157407407407407,0.133189991499999
2005,Varón,40 a 49,macrovascular,IAM,0.00925925925925926,0.25318521505
2005,Varón,40 a 49,microvascular,Nefropatía,0.037037037037037,0.242893275079427
2005,Varón,40 a 49,microvascular,Neuropatía periférica,0.0925925925925926,0.133189991499999
2005,Varón,40 a 49,microvascular,Retinopatía no proliferativa,0.0277777777777778,0.1074453071
2005,Varón,50 a 59,macrovascular,ACV,0.0217391304347826,0.403952630975241
2005,Varón,50 a 59,,Sin complicaciones,0.572463768115942,0.0490114147
2005,Varón,50 a 59,microvascular,Amputación,0.0217391304347826,0.224603255005897
2005,Varón,50 a 59,microvascular,Ceguera,0.0108695652173913,0.1873645834
2005,Varón,50 a 59,macrovascular,Claudicación miembros inferiores,0.0398550724637681,0.0141852508
2005,Varón,50 a 59,microvascular,Disfunción eréctil,0.192028985507246,0.133189991499999
2005,Varón,50 a 59,macrovascular,IAM,0.0507246376811594,0.25318521505
2005,Varón,50 a 59,microvascular,Nefropatía,0.0978260869565217,0.242893275079427
2005,Varón,50 a 59,microvascular,Neuropatía periférica,0.173913043478261,0.133189991499999
2005,Varón,50 a 59,microvascular,Retinopatía no proliferativa,0.0579710144927536,0.1074453071
2005,Varón,50 a 59,microvascular,Retinopatía proliferativa,0.0434782608695652,0.1840484878
2005,Varón,60 a 69,macrovascular,ACV,0.0427046263345196,0.403952630975241
2005,Varón,60 a 69,,Sin complicaciones,0.494661921708185,0.0490114147
2005,Varón,60 a 69,microvascular,Amputación,0.0462633451957295,0.224603255005897
2005,Varón,60 a 69,microvascular,Ceguera,0.00355871886120996,0.1873645834
2005,Varón,60 a 69,macrovascular,Claudicación miembros inferiores,0.106761565836299,0.0141852508
2005,Varón,60 a 69,microvascular,Disfunción eréctil,0.206405693950178,0.133189991499999
2005,Varón,60 a 69,macrovascular,IAM,0.0676156583629893,0.25318521505
2005,Varón,60 a 69,microvascular,Nefropatía,0.113879003558719,0.242893275079427
2005,Varón,60 a 69,microvascular,Neuropatía periférica,0.209964412811388,0.133189991499999
2005,Varón,60 a 69,microvascular,Retinopatía no proliferativa,0.110320284697509,0.1074453071
2005,Varón,60 a 69,microvascular,Retinopatía proliferativa,0.0249110320284698,0.1840484878
2005,Varón,70 a 79,macrovascular,ACV,0.0480769230769231,0.403952630975241
2005,Varón,70 a 79,,Sin complicaciones,0.375,0.0490114147
2005,Varón,70 a 79,microvascular,Amputación,0.0576923076923077,0.224603255005897
2005,Varón,70 a 79,microvascular,Ceguera,0.0288461538461538,0.1873645834
2005,Varón,70 a 79,macrovascular,Claudicación miembros inferiores,0.0769230769230769,0.0141852508
2005,Varón,70 a 79,microvascular,Disfunción eréctil,0.163461538461538,0.133189991499999
2005,Varón,70 a 79,macrovascular,IAM,0.105769230769231,0.25318521505
2005,Varón,70 a 79,microvascular,Nefropatía,0.182692307692308,0.242893275079427
2005,Varón,70 a 79,microvascular,Neuropatía periférica,0.365384615384615,0.133189991499999
2005,Varón,70 a 79,microvascular,Retinopatía no proliferativa,0.144230769230769,0.1074453071
2005,Varón,70 a 79,microvascular,Retinopatía proliferativa,0.0192307692307692,0.1840484878
2005,Varón,80+,,Sin complicaciones,0.571428571428571,0.0490114147
2005,Varón,80+,macrovascular,Claudicación miembros inferiores,0.214285714285714,0.0141852508
2005,Varón,80+,microvascular,Disfunción eréctil,0.0714285714285714,0.133189991499999
2005,Varón,80+,macrovascular,IAM,0.0714285714285714,0.25318521505
2005,Varón,80+,microvascular,Neuropatía periférica,0.214285714285714,0.133189991499999
2005,Varón,80+,microvascular,Retinopatía no proliferativa,0.142857142857143,0.1074453071
2009,Mujer,30 a 39,macrovascular,ACV,0.0909090909090909,0.403952630975241
2009,Mujer,30 a 39,,Sin complicaciones,0.909090909090909,0.0490114147
2009,Mujer,40 a 49,,Sin complicaciones,0.92,0.0490114147
2009,Mujer,40 a 49,microvascular,Neuropatía periférica,0.08,0.133189991499999
2009,Mujer,50 a 59,,Sin complicaciones,0.928571428571429,0.0490114147
2009,Mujer,50 a 59,macrovascular,Claudicación miembros inferiores,0.00595238095238095,0.0141852508
2009,Mujer,50 a 59,macrovascular,IAM,0.0119047619047619,0.25318521505
2009,Mujer,50 a 59,microvascular,Nefropatía,0.0178571428571429,0.242893275079427
2009,Mujer,50 a 59,microvascular,Neuropatía periférica,0.0357142857142857,0.133189991499999
2009,Mujer,50 a 59,microvascular,Retinopatía no proliferativa,0.0297619047619048,0.1074453071
2009,Mujer,50 a 59,microvascular,Retinopatía proliferativa,0.00595238095238095,0.1840484878
2009,Mujer,60 a 69,macrovascular,ACV,0.0258620689655172,0.403952630975241
2009,Mujer,60 a 69,,Sin complicaciones,0.793103448275862,0.0490114147
2009,Mujer,60 a 69,microvascular,Amputación,0.0172413793103448,0.224603255005897
2009,Mujer,60 a 69,microvascular,Ceguera,0.00862068965517241,0.1873645834
2009,Mujer,60 a 69,macrovascular,Claudicación miembros inferiores,0.0431034482758621,0.0141852508
2009,Mujer,60 a 69,macrovascular,IAM,0.00862068965517241,0.25318521505
2009,Mujer,60 a 69,microvascular,Nefropatía,0.0172413793103448,0.242893275079427
2009,Mujer,60 a 69,microvascular,Neuropatía periférica,0.120689655172414,0.133189991499999
2009,Mujer,60 a 69,microvascular,Retinopatía no proliferativa,0.0344827586206897,0.1074453071
2009,Mujer,60 a 69,microvascular,Retinopatía proliferativa,0.0172413793103448,0.1840484878
2009,Mujer,70 a 79,macrovascular,ACV,0.02,0.403952630975241
2009,Mujer,70 a 79,,Sin complicaciones,0.62,0.0490114147
2009,Mujer,70 a 79,macrovascular,Claudicación miembros inferiores,0.1,0.0141852508
2009,Mujer,70 a 79,macrovascular,IAM,0.08,0.25318521505
2009,Mujer,70 a 79,microvascular,Nefropatía,0.04,0.242893275079427
2009,Mujer,70 a 79,microvascular,Neuropatía periférica,0.26,0.133189991499999
2009,Mujer,70 a 79,microvascular,Retinopatía no proliferativa,0.06,0.1074453071
2009,Mujer,70 a 79,microvascular,Retinopatía proliferativa,0.02,0.1840484878
2009,Mujer,80+,,Sin complicaciones,0.428571428571429,0.0490114147
2009,Mujer,80+,macrovascular,Claudicación miembros inferiores,0.142857142857143,0.0141852508
2009,Mujer,80+,macrovascular,IAM,0.142857142857143,0.25318521505
2009,Mujer,80+,microvascular,Neuropatía periférica,0.428571428571429,0.133189991499999
2009,Varón,10 a 19,,Sin complicaciones,1,0.0490114147
2009,Varón,30 a 39,,Sin complicaciones,1,0.0490114147
2009,Varón,40 a 49,,Sin complicaciones,0.936842105263158,0.0490114147
2009,Varón,40 a 49,microvascular,Disfunción eréctil,0.0210526315789474,0.133189991499999
2009,Varón,40 a 49,microvascular,Neuropatía periférica,0.0210526315789474,0.133189991499999
2009,Varón,40 a 49,microvascular,Retinopatía no proliferativa,0.0105263157894737,0.1074453071
2009,Varón,40 a 49,microvascular,Retinopatía proliferativa,0.0105263157894737,0.1840484878
2009,Varón,50 a 59,,Sin complicaciones,0.858695652173913,0.0490114147
2009,Varón,50 a 59,microvascular,Amputación,0.016304347826087,0.224603255005897
2009,Varón,50 a 59,macrovascular,Claudicación miembros inferiores,0.0217391304347826,0.0141852508
2009,Varón,50 a 59,microvascular,Disfunción eréctil,0.0489130434782609,0.133189991499999
2009,Varón,50 a 59,macrovascular,IAM,0.016304347826087,0.25318521505
2009,Varón,50 a 59,microvascular,Nefropatía,0.0108695652173913,0.242893275079427
2009,Varón,50 a 59,microvascular,Neuropatía periférica,0.0543478260869565,0.133189991499999
2009,Varón,50 a 59,microvascular,Retinopatía no proliferativa,0.0271739130434783,0.1074453071
2009,Varón,50 a 59,microvascular,Retinopatía proliferativa,0.0108695652173913,0.1840484878
2009,Varón,60 a 69,macrovascular,ACV,0.0261780104712042,0.403952630975241
2009,Varón,60 a 69,,Sin complicaciones,0.769633507853403,0.0490114147
2009,Varón,60 a 69,microvascular,Amputación,0.00523560209424084,0.224603255005897
2009,Varón,60 a 69,microvascular,Ceguera,0.00523560209424084,0.1873645834
2009,Varón,60 a 69,macrovascular,Claudicación miembros inferiores,0.0261780104712042,0.0141852508
2009,Varón,60 a 69,microvascular,Disfunción eréctil,0.104712041884817,0.133189991499999
2009,Varón,60 a 69,macrovascular,IAM,0.0366492146596859,0.25318521505
2009,Varón,60 a 69,microvascular,Nefropatía,0.0628272251308901,0.242893275079427
2009,Varón,60 a 69,microvascular,Neuropatía periférica,0.115183246073298,0.133189991499999
2009,Varón,60 a 69,microvascular,Retinopatía no proliferativa,0.0157068062827225,0.1074453071
2009,Varón,60 a 69,microvascular,Retinopatía proliferativa,0.0157068062827225,0.1840484878
2009,Varón,70 a 79,macrovascular,ACV,0.107142857142857,0.403952630975241
2009,Varón,70 a 79,,Sin complicaciones,0.285714285714286,0.0490114147
2009,Varón,70 a 79,microvascular,Amputación,0.0357142857142857,0.224603255005897
2009,Varón,70 a 79,microvascular,Ceguera,0.0357142857142857,0.1873645834
2009,Varón,70 a 79,macrovascular,Claudicación miembros inferiores,0.178571428571429,0.0141852508
2009,Varón,70 a 79,microvascular,Disfunción eréctil,0.321428571428571,0.133189991499999
2009,Varón,70 a 79,macrovascular,IAM,0.107142857142857,0.25318521505
2009,Varón,70 a 79,microvascular,Nefropatía,0.142857142857143,0.242893275079427
2009,Varón,70 a 79,microvascular,Neuropatía periférica,0.428571428571429,0.133189991499999
2009,Varón,70 a 79,microvascular,Retinopatía no proliferativa,0.0714285714285714,0.1074453071
2009,Varón,70 a 79,microvascular,Retinopatía proliferativa,0.0714285714285714,0.1840484878
2009,Varón,80+,macrovascular,ACV,0.333333333333333,0.403952630975241
2009,Varón,80+,microvascular,Nefropatía,0.333333333333333,0.242893275079427
2009,Varón,80+,microvascular,Neuropatía periférica,1,0.133189991499999
2013,Mujer,0 a 9,,Sin complicaciones,1,0.0490114147
2013,Mujer,20 a 29,,Sin complicaciones,1,0.0490114147
2013,Mujer,30 a 39,,Sin complicaciones,0.833333333333333,0.0490114147
2013,Mujer,30 a 39,microvascular,Neuropatía periférica,0.166666666666667,0.133189991499999
2013,Mujer,40 a 49,macrovascular,ACV,0.0227272727272727,0.403952630975241
2013,Mujer,40 a 49,,Sin complicaciones,0.795454545454545,0.0490114147
2013,Mujer,40 a 49,macrovascular,Claudicación miembros inferiores,0.0454545454545455,0.0141852508
2013,Mujer,40 a 49,microvascular,Nefropatía,0.0681818181818182,0.242893275079427
2013,Mujer,40 a 49,microvascular,Neuropatía periférica,0.113636363636364,0.133189991499999
2013,Mujer,40 a 49,microvascular,Retinopatía no proliferativa,0.0681818181818182,0.1074453071
2013,Mujer,50 a 59,macrovascular,ACV,0.0186915887850467,0.403952630975241
2013,Mujer,50 a 59,,Sin complicaciones,0.635514018691589,0.0490114147
2013,Mujer,50 a 59,microvascular,Ceguera,0.00934579439252336,0.1873645834
2013,Mujer,50 a 59,macrovascular,Claudicación miembros inferiores,0.0467289719626168,0.0141852508
2013,Mujer,50 a 59,macrovascular,IAM,0.0373831775700935,0.25318521505
2013,Mujer,50 a 59,macrovascular,IC,0.0373831775700935,0.0852958594249999
2013,Mujer,50 a 59,microvascular,Nefropatía,0.158878504672897,0.242893275079427
2013,Mujer,50 a 59,microvascular,Neuropatía periférica,0.214953271028037,0.133189991499999
2013,Mujer,50 a 59,microvascular,Retinopatía no proliferativa,0.149532710280374,0.1074453071
2013,Mujer,50 a 59,microvascular,Retinopatía proliferativa,0.0560747663551402,0.1840484878
2013,Mujer,60 a 69,macrovascular,ACV,0.0222222222222222,0.403952630975241
2013,Mujer,60 a 69,,Sin complicaciones,0.62962962962963,0.0490114147
2013,Mujer,60 a 69,microvascular,Amputación,0.00740740740740741,0.224603255005897
2013,Mujer,60 a 69,microvascular,Ceguera,0.00740740740740741,0.1873645834
2013,Mujer,60 a 69,macrovascular,Claudicación miembros inferiores,0.103703703703704,0.0141852508
2013,Mujer,60 a 69,macrovascular,IAM,0.0666666666666667,0.25318521505
2013,Mujer,60 a 69,macrovascular,IC,0.0592592592592593,0.0852958594249999
2013,Mujer,60 a 69,microvascular,Nefropatía,0.162962962962963,0.242893275079427
2013,Mujer,60 a 69,microvascular,Neuropatía periférica,0.237037037037037,0.133189991499999
2013,Mujer,60 a 69,microvascular,Retinopatía no proliferativa,0.162962962962963,0.1074453071
2013,Mujer,60 a 69,microvascular,Retinopatía proliferativa,0.037037037037037,0.1840484878
2013,Mujer,70 a 79,macrovascular,ACV,0.0147058823529412,0.403952630975241
2013,Mujer,70 a 79,,Sin complicaciones,0.632352941176471,0.0490114147
2013,Mujer,70 a 79,microvascular,Amputación,0.0294117647058824,0.224603255005897
2013,Mujer,70 a 79,macrovascular,Claudicación miembros inferiores,0.102941176470588,0.0141852508
2013,Mujer,70 a 79,macrovascular,IAM,0.0735294117647059,0.25318521505
2013,Mujer,70 a 79,macrovascular,IC,0.0441176470588235,0.0852958594249999
2013,Mujer,70 a 79,microvascular,Nefropatía,0.0735294117647059,0.242893275079427
2013,Mujer,70 a 79,microvascular,Neuropatía periférica,0.117647058823529,0.133189991499999
2013,Mujer,70 a 79,microvascular,Retinopatía no proliferativa,0.147058823529412,0.1074453071
2013,Mujer,70 a 79,microvascular,Retinopatía proliferativa,0.0441176470588235,0.1840484878
2013,Mujer,80+,,Sin complicaciones,0.363636363636364,0.0490114147
2013,Mujer,80+,macrovascular,Claudicación miembros inferiores,0.136363636363636,0.0141852508
2013,Mujer,80+,macrovascular,IAM,0.272727272727273,0.25318521505
2013,Mujer,80+,macrovascular,IC,0.0909090909090909,0.0852958594249999
2013,Mujer,80+,microvascular,Nefropatía,0.227272727272727,0.242893275079427
2013,Mujer,80+,microvascular,Neuropatía periférica,0.272727272727273,0.133189991499999
2013,Mujer,80+,microvascular,Retinopatía no proliferativa,0.181818181818182,0.1074453071
2013,Mujer,80+,microvascular,Retinopatía proliferativa,0.0909090909090909,0.1840484878
2013,Mujer,,,Sin complicaciones,1,0.0490114147
2013,Varón,0 a 9,microvascular,Disfunción eréctil,0.5,0.133189991499999
2013,Varón,0 a 9,macrovascular,IAM,0.5,0.25318521505
2013,Varón,0 a 9,macrovascular,IC,0.5,0.0852958594249999
2013,Varón,0 a 9,microvascular,Nefropatía,0.5,0.242893275079427
2013,Varón,0 a 9,microvascular,Neuropatía periférica,1,0.133189991499999
2013,Varón,0 a 9,microvascular,Retinopatía no proliferativa,0.5,0.1074453071
2013,Varón,20 a 29,,Sin complicaciones,1,0.0490114147
2013,Varón,30 a 39,,Sin complicaciones,0.777777777777778,0.0490114147
2013,Varón,30 a 39,microvascular,Disfunción eréctil,0.222222222222222,0.133189991499999
2013,Varón,40 a 49,macrovascular,ACV,0.024390243902439,0.403952630975241
2013,Varón,40 a 49,,Sin complicaciones,0.51219512195122,0.0490114147
2013,Varón,40 a 49,microvascular,Amputación,0.024390243902439,0.224603255005897
2013,Varón,40 a 49,macrovascular,Claudicación miembros inferiores,0.0487804878048781,0.0141852508
2013,Varón,40 a 49,microvascular,Disfunción eréctil,0.195121951219512,0.133189991499999
2013,Varón,40 a 49,macrovascular,IAM,0.024390243902439,0.25318521505
2013,Varón,40 a 49,macrovascular,IC,0.0731707317073171,0.0852958594249999
2013,Varón,40 a 49,microvascular,Nefropatía,0.146341463414634,0.242893275079427
2013,Varón,40 a 49,microvascular,Neuropatía periférica,0.268292682926829,0.133189991499999
2013,Varón,40 a 49,microvascular,Retinopatía no proliferativa,0.0731707317073171,0.1074453071
2013,Varón,40 a 49,microvascular,Retinopatía proliferativa,0.146341463414634,0.1840484878
2013,Varón,50 a 59,,Sin complicaciones,0.577777777777778,0.0490114147
2013,Varón,50 a 59,microvascular,Amputación,0.0333333333333333,0.224603255005897
2013,Varón,50 a 59,macrovascular,Claudicación miembros inferiores,0.0777777777777778,0.0141852508
2013,Varón,50 a 59,microvascular,Disfunción eréctil,0.166666666666667,0.133189991499999
2013,Varón,50 a 59,macrovascular,IAM,0.0333333333333333,0.25318521505
2013,Varón,50 a 59,macrovascular,IC,0.0222222222222222,0.0852958594249999
2013,Varón,50 a 59,microvascular,Nefropatía,0.0777777777777778,0.242893275079427
2013,Varón,50 a 59,microvascular,Neuropatía periférica,0.233333333333333,0.133189991499999
2013,Varón,50 a 59,microvascular,Retinopatía no proliferativa,0.122222222222222,0.1074453071
2013,Varón,50 a 59,microvascular,Retinopatía proliferativa,0.0444444444444444,0.1840484878
2013,Varón,60 a 69,macrovascular,ACV,0.0265486725663717,0.403952630975241
2013,Varón,60 a 69,,Sin complicaciones,0.486725663716814,0.0490114147
2013,Varón,60 a 69,microvascular,Amputación,0.00884955752212389,0.224603255005897
2013,Varón,60 a 69,macrovascular,Claudicación miembros inferiores,0.106194690265487,0.0141852508
2013,Varón,60 a 69,microvascular,Disfunción eréctil,0.292035398230089,0.133189991499999
2013,Varón,60 a 69,macrovascular,IAM,0.106194690265487,0.25318521505
2013,Varón,60 a 69,macrovascular,IC,0.115044247787611,0.0852958594249999
2013,Varón,60 a 69,microvascular,Nefropatía,0.194690265486726,0.242893275079427
2013,Varón,60 a 69,microvascular,Neuropatía periférica,0.309734513274336,0.133189991499999
2013,Varón,60 a 69,microvascular,Retinopatía no proliferativa,0.106194690265487,0.1074453071
2013,Varón,60 a 69,microvascular,Retinopatía proliferativa,0.115044247787611,0.1840484878
2013,Varón,70 a 79,macrovascular,ACV,0.0461538461538462,0.403952630975241
2013,Varón,70 a 79,,Sin complicaciones,0.430769230769231,0.0490114147
2013,Varón,70 a 79,microvascular,Amputación,0.0307692307692308,0.224603255005897
2013,Varón,70 a 79,microvascular,Ceguera,0.0153846153846154,0.1873645834
2013,Varón,70 a 79,macrovascular,Claudicación miembros inferiores,0.107692307692308,0.0141852508
2013,Varón,70 a 79,microvascular,Disfunción eréctil,0.246153846153846,0.133189991499999
2013,Varón,70 a 79,macrovascular,IAM,0.184615384615385,0.25318521505
2013,Varón,70 a 79,macrovascular,IC,0.123076923076923,0.0852958594249999
2013,Varón,70 a 79,microvascular,Nefropatía,0.215384615384615,0.242893275079427
2013,Varón,70 a 79,microvascular,Neuropatía periférica,0.338461538461539,0.133189991499999
2013,Varón,70 a 79,microvascular,Retinopatía no proliferativa,0.153846153846154,0.1074453071
2013,Varón,70 a 79,microvascular,Retinopatía proliferativa,0.0615384615384615,0.1840484878
2013,Varón,80+,macrovascular,ACV,0.0625,0.403952630975241
2013,Varón,80+,,Sin complicaciones,0.5,0.0490114147
2013,Varón,80+,macrovascular,Claudicación miembros inferiores,0.125,0.0141852508
2013,Varón,80+,microvascular,Disfunción eréctil,0.3125,0.133189991499999
2013,Varón,80+,macrovascular,IAM,0.3125,0.25318521505
2013,Varón,80+,macrovascular,IC,0.0625,0.0852958594249999
2013,Varón,80+,microvascular,Nefropatía,0.1875,0.242893275079427
2013,Varón,80+,microvascular,Neuropatía periférica,0.1875,0.133189991499999
2013,Varón,80+,microvascular,Retinopatía no proliferativa,0.0625,0.1074453071
2013,Varón,80+,microvascular,Retinopatía proliferativa,0.125,0.1840484878
2013,Varón,,,Sin complicaciones,0.333333333333333,0.0490114147
2013,Varón,,microvascular,Ceguera,0.333333333333333,0.1873645834
2013,Varón,,macrovascular,IC,0.333333333333333,0.0852958594249999
2013,Varón,,microvascular,Nefropatía,0.666666666666667,0.242893275079427
2013,Varón,,microvascular,Retinopatía proliferativa,0.333333333333333,0.1840484878
2018,Mujer,10 a 19,microvascular,Nefropatía,1,0.242893275079427
2018,Mujer,10 a 19,microvascular,Neuropatía periférica,1,0.133189991499999
2018,Mujer,20 a 29,,Sin complicaciones,1,0.0490114147
2018,Mujer,30 a 39,,Sin complicaciones,0.777777777777778,0.0490114147
2018,Mujer,30 a 39,microvascular,Nefropatía,0.0185185185185185,0.242893275079427
2018,Mujer,30 a 39,microvascular,Neuropatía periférica,0.12962962962963,0.133189991499999
2018,Mujer,30 a 39,microvascular,Retinopatía no proliferativa,0.12962962962963,0.1074453071
2018,Mujer,30 a 39,microvascular,Retinopatía proliferativa,0.0185185185185185,0.1840484878
2018,Mujer,40 a 49,,Sin complicaciones,0.763736263736264,0.0490114147
2018,Mujer,40 a 49,microvascular,Ceguera,0.0054945054945055,0.1873645834
2018,Mujer,40 a 49,macrovascular,Claudicación miembros inferiores,0.0274725274725275,0.0141852508
2018,Mujer,40 a 49,macrovascular,IAM,0.010989010989011,0.25318521505
2018,Mujer,40 a 49,macrovascular,IC,0.0054945054945055,0.0852958594249999
2018,Mujer,40 a 49,microvascular,Nefropatía,0.032967032967033,0.242893275079427
2018,Mujer,40 a 49,microvascular,Neuropatía periférica,0.148351648351648,0.133189991499999
2018,Mujer,40 a 49,microvascular,Retinopatía no proliferativa,0.0989010989010989,0.1074453071
2018,Mujer,40 a 49,microvascular,Retinopatía proliferativa,0.0054945054945055,0.1840484878
2018,Mujer,50 a 59,macrovascular,ACV,0.0275689223057644,0.403952630975241
2018,Mujer,50 a 59,,Sin complicaciones,0.619047619047619,0.0490114147
2018,Mujer,50 a 59,microvascular,Amputación,0.0075187969924812,0.224603255005897
2018,Mujer,50 a 59,microvascular,Ceguera,0.0150375939849624,0.1873645834
2018,Mujer,50 a 59,macrovascular,Claudicación miembros inferiores,0.0676691729323308,0.0141852508
2018,Mujer,50 a 59,macrovascular,IAM,0.0200501253132832,0.25318521505
2018,Mujer,50 a 59,macrovascular,IC,0.0150375939849624,0.0852958594249999
2018,Mujer,50 a 59,microvascular,Nefropatía,0.0601503759398496,0.242893275079427
2018,Mujer,50 a 59,microvascular,Neuropatía periférica,0.215538847117795,0.133189991499999
2018,Mujer,50 a 59,microvascular,Retinopatía no proliferativa,0.152882205513784,0.1074453071
2018,Mujer,50 a 59,microvascular,Retinopatía proliferativa,0.0451127819548872,0.1840484878
2018,Mujer,60 a 69,macrovascular,ACV,0.03,0.403952630975241
2018,Mujer,60 a 69,,Sin complicaciones,0.545,0.0490114147
2018,Mujer,60 a 69,microvascular,Amputación,0.015,0.224603255005897
2018,Mujer,60 a 69,microvascular,Ceguera,0.0075,0.1873645834
2018,Mujer,60 a 69,macrovascular,Claudicación miembros inferiores,0.1,0.0141852508
2018,Mujer,60 a 69,macrovascular,IAM,0.07,0.25318521505
2018,Mujer,60 a 69,macrovascular,IC,0.04,0.0852958594249999
2018,Mujer,60 a 69,microvascular,Nefropatía,0.0775,0.242893275079427
2018,Mujer,60 a 69,microvascular,Neuropatía periférica,0.2725,0.133189991499999
2018,Mujer,60 a 69,microvascular,Retinopatía no proliferativa,0.1575,0.1074453071
2018,Mujer,60 a 69,microvascular,Retinopatía proliferativa,0.0575,0.1840484878
2018,Mujer,70 a 79,macrovascular,ACV,0.0416666666666667,0.403952630975241
2018,Mujer,70 a 79,,Sin complicaciones,0.462962962962963,0.0490114147
2018,Mujer,70 a 79,microvascular,Amputación,0.00462962962962963,0.224603255005897
2018,Mujer,70 a 79,macrovascular,Claudicación miembros inferiores,0.101851851851852,0.0141852508
2018,Mujer,70 a 79,macrovascular,IAM,0.0787037037037037,0.25318521505
2018,Mujer,70 a 79,macrovascular,IC,0.0787037037037037,0.0852958594249999
2018,Mujer,70 a 79,microvascular,Nefropatía,0.148148148148148,0.242893275079427
2018,Mujer,70 a 79,microvascular,Neuropatía periférica,0.217592592592593,0.133189991499999
2018,Mujer,70 a 79,microvascular,Retinopatía no proliferativa,0.24537037037037,0.1074453071
2018,Mujer,70 a 79,microvascular,Retinopatía proliferativa,0.0648148148148148,0.1840484878
2018,Mujer,80+,macrovascular,ACV,0.0615384615384615,0.403952630975241
2018,Mujer,80+,,Sin complicaciones,0.384615384615385,0.0490114147
2018,Mujer,80+,microvascular,Amputación,0.0153846153846154,0.224603255005897
2018,Mujer,80+,macrovascular,Claudicación miembros inferiores,0.0769230769230769,0.0141852508
2018,Mujer,80+,macrovascular,IAM,0.0615384615384615,0.25318521505
2018,Mujer,80+,macrovascular,IC,0.107692307692308,0.0852958594249999
2018,Mujer,80+,microvascular,Nefropatía,0.138461538461538,0.242893275079427
2018,Mujer,80+,microvascular,Neuropatía periférica,0.307692307692308,0.133189991499999
2018,Mujer,80+,microvascular,Retinopatía no proliferativa,0.230769230769231,0.1074453071
2018,Mujer,80+,microvascular,Retinopatía proliferativa,0.0615384615384615,0.1840484878
2018,Varón,10 a 19,,Sin complicaciones,1,0.0490114147
2018,Varón,20 a 29,,Sin complicaciones,1,0.0490114147
2018,Varón,30 a 39,,Sin complicaciones,0.795454545454545,0.0490114147
2018,Varón,30 a 39,macrovascular,Claudicación miembros inferiores,0.0227272727272727,0.0141852508
2018,Varón,30 a 39,microvascular,Disfunción eréctil,0.0681818181818182,0.133189991499999
2018,Varón,30 a 39,microvascular,Nefropatía,0.0681818181818182,0.242893275079427
2018,Varón,30 a 39,microvascular,Neuropatía periférica,0.0681818181818182,0.133189991499999
2018,Varón,30 a 39,microvascular,Retinopatía no proliferativa,0.0909090909090909,0.1074453071
2018,Varón,40 a 49,,Sin complicaciones,0.673913043478261,0.0490114147
2018,Varón,40 a 49,microvascular,Amputación,0.0072463768115942,0.224603255005897
2018,Varón,40 a 49,microvascular,Ceguera,0.0144927536231884,0.1873645834
2018,Varón,40 a 49,macrovascular,Claudicación miembros inferiores,0.036231884057971,0.0141852508
2018,Varón,40 a 49,microvascular,Disfunción eréctil,0.144927536231884,0.133189991499999
2018,Varón,40 a 49,macrovascular,IAM,0.0507246376811594,0.25318521505
2018,Varón,40 a 49,macrovascular,IC,0.036231884057971,0.0852958594249999
2018,Varón,40 a 49,microvascular,Nefropatía,0.0942028985507246,0.242893275079427
2018,Varón,40 a 49,microvascular,Neuropatía periférica,0.173913043478261,0.133189991499999
2018,Varón,40 a 49,microvascular,Retinopatía no proliferativa,0.0942028985507246,0.1074453071
2018,Varón,40 a 49,microvascular,Retinopatía proliferativa,0.0217391304347826,0.1840484878
2018,Varón,50 a 59,macrovascular,ACV,0.0188087774294671,0.403952630975241
2018,Varón,50 a 59,,Sin complicaciones,0.526645768025078,0.0490114147
2018,Varón,50 a 59,microvascular,Amputación,0.0407523510971787,0.224603255005897
2018,Varón,50 a 59,microvascular,Ceguera,0.00940438871473354,0.1873645834
2018,Varón,50 a 59,macrovascular,Claudicación miembros inferiores,0.0721003134796238,0.0141852508
2018,Varón,50 a 59,microvascular,Disfunción eréctil,0.216300940438871,0.133189991499999
2018,Varón,50 a 59,macrovascular,IAM,0.0815047021943574,0.25318521505
2018,Varón,50 a 59,macrovascular,IC,0.0344827586206897,0.0852958594249999
2018,Varón,50 a 59,microvascular,Nefropatía,0.100313479623824,0.242893275079427
2018,Varón,50 a 59,microvascular,Neuropatía periférica,0.235109717868339,0.133189991499999
2018,Varón,50 a 59,microvascular,Retinopatía no proliferativa,0.109717868338558,0.1074453071
2018,Varón,50 a 59,microvascular,Retinopatía proliferativa,0.0470219435736677,0.1840484878
2018,Varón,60 a 69,macrovascular,ACV,0.0706806282722513,0.403952630975241
2018,Varón,60 a 69,,Sin complicaciones,0.382198952879581,0.0490114147
2018,Varón,60 a 69,microvascular,Amputación,0.0471204188481675,0.224603255005897
2018,Varón,60 a 69,microvascular,Ceguera,0.0340314136125654,0.1873645834
2018,Varón,60 a 69,macrovascular,Claudicación miembros inferiores,0.109947643979058,0.0141852508
2018,Varón,60 a 69,microvascular,Disfunción eréctil,0.321989528795812,0.133189991499999
2018,Varón,60 a 69,macrovascular,IAM,0.12303664921466,0.25318521505
2018,Varón,60 a 69,macrovascular,IC,0.0994764397905759,0.0852958594249999
2018,Varón,60 a 69,microvascular,Nefropatía,0.178010471204188,0.242893275079427
2018,Varón,60 a 69,microvascular,Neuropatía periférica,0.329842931937173,0.133189991499999
2018,Varón,60 a 69,microvascular,Retinopatía no proliferativa,0.162303664921466,0.1074453071
2018,Varón,60 a 69,microvascular,Retinopatía proliferativa,0.0732984293193717,0.1840484878
2018,Varón,70 a 79,macrovascular,ACV,0.0588235294117647,0.403952630975241
2018,Varón,70 a 79,,Sin complicaciones,0.28921568627451,0.0490114147
2018,Varón,70 a 79,microvascular,Amputación,0.0441176470588235,0.224603255005897
2018,Varón,70 a 79,microvascular,Ceguera,0.0245098039215686,0.1873645834
2018,Varón,70 a 79,macrovascular,Claudicación miembros inferiores,0.156862745098039,0.0141852508
2018,Varón,70 a 79,microvascular,Disfunción eréctil,0.450980392156863,0.133189991499999
2018,Varón,70 a 79,macrovascular,IAM,0.151960784313725,0.25318521505
2018,Varón,70 a 79,macrovascular,IC,0.112745098039216,0.0852958594249999
2018,Varón,70 a 79,microvascular,Nefropatía,0.230392156862745,0.242893275079427
2018,Varón,70 a 79,microvascular,Neuropatía periférica,0.357843137254902,0.133189991499999
2018,Varón,70 a 79,microvascular,Retinopatía no proliferativa,0.240196078431373,0.1074453071
2018,Varón,70 a 79,microvascular,Retinopatía proliferativa,0.0686274509803922,0.1840484878
2018,Varón,80+,macrovascular,ACV,0.0526315789473684,0.403952630975241
2018,Varón,80+,,Sin complicaciones,0.342105263157895,0.0490114147
2018,Varón,80+,microvascular,Amputación,0.0263157894736842,0.224603255005897
2018,Varón,80+,microvascular,Ceguera,0.0263157894736842,0.1873645834
2018,Varón,80+,macrovascular,Claudicación miembros inferiores,0.157894736842105,0.0141852508
2018,Varón,80+,microvascular,Disfunción eréctil,0.263157894736842,0.133189991499999
2018,Varón,80+,macrovascular,IAM,0.157894736842105,0.25318521505
2018,Varón,80+,macrovascular,IC,0.131578947368421,0.0852958594249999
2018,Varón,80+,microvascular,Nefropatía,0.131578947368421,0.242893275079427
2018,Varón,80+,microvascular,Neuropatía periférica,0.394736842105263,0.133189991499999
2018,Varón,80+,microvascular,Retinopatía no proliferativa,0.157894736842105,0.1074453071
2018,Varón,80+,microvascular,Retinopatía proliferativa,0.0263157894736842,0.1840484878
