anio_enfr,prov_id,prov_nombre,sexo,AVAD_est_sum,AVP_est_sum,AVD_est_sum,pob_nac_2010,AVAD_tasa_aj,AVP_tasa_aj,AVD_tasa_aj
2005,2,CABA,Mujeres,108697.23827942669,18302.75726797029,90394.48101145639,10636925,1021.89,172.07,849.82
2009,2,CABA,Mujeres,119677.72159523434,18158.498590059604,101519.22300517472,10636925,1125.12,170.71,954.4
2013,2,CABA,Mujeres,127714.14046511381,19910.12262378398,107804.01784132984,10636925,1200.67,187.18,1013.49
2018,2,CABA,Mujeres,112900.3927328621,14643.36471072827,98257.02802213383,10636925,1061.4,137.67,923.74
2005,6,Buenos Aires,Mujeres,191949.7747761652,55013.87232303314,136935.90245313203,10636925,1804.56,517.2,1287.36
2009,6,Buenos Aires,Mujeres,200683.62753671466,46380.57310554083,154303.05443117383,10636925,1886.67,436.03,1450.64
2013,6,Buenos Aires,Mujeres,184964.07355369275,43966.169391601215,140997.90416209152,10636925,1738.89,413.34,1325.55
2018,6,Buenos Aires,Mujeres,208622.78325553416,41874.37816012958,166748.4050954046,10636925,1961.31,393.67,1567.64
2005,10,Catamarca,Mujeres,227347.96332854946,105346.75572302657,122001.2076055229,10636925,2137.35,990.39,1146.96
2009,10,Catamarca,Mujeres,235426.93985972946,75556.2124639899,159870.72739573955,10636925,2213.3,710.32,1502.98
2013,10,Catamarca,Mujeres,195579.78553877719,66389.46194624197,129190.32359253523,10636925,1838.69,624.14,1214.55
2018,10,Catamarca,Mujeres,194923.91803022908,82656.49602117173,112267.42200905737,10636925,1832.52,777.07,1055.45
2005,14,Córdoba,Mujeres,220794.10862490078,91449.18959677829,129344.9190281225,10636925,2075.73,859.73,1216
2009,14,Córdoba,Mujeres,199828.05955594894,65653.23045144648,134174.82910450245,10636925,1878.63,617.22,1261.41
2013,14,Córdoba,Mujeres,218798.47226270376,48814.02087887543,169984.45138382833,10636925,2056.97,458.91,1598.06
2018,14,Córdoba,Mujeres,232194.40801249415,62584.30388753566,169610.1041249585,10636925,2182.91,588.37,1594.54
2005,18,Corrientes,Mujeres,181732.98657628184,92712.12736422532,89020.85921205653,10636925,1708.51,871.61,836.9
2009,18,Corrientes,Mujeres,270593.85746499134,92720.51010207307,177873.34736291828,10636925,2543.91,871.69,1672.23
2013,18,Corrientes,Mujeres,218476.0578750185,83079.49433553987,135396.56353947864,10636925,2053.94,781.05,1272.89
2018,18,Corrientes,Mujeres,306888.20809250505,108210.3675621366,198677.84053036844,10636925,2885.12,1017.31,1867.81
2005,22,Chaco,Mujeres,255283.25737264557,114752.4368224147,140530.82055023086,10636925,2399.97,1078.81,1321.16
2009,22,Chaco,Mujeres,249103.37997298045,108975.68344228165,140127.6965306988,10636925,2341.87,1024.5,1317.37
2013,22,Chaco,Mujeres,221478.16494009044,88818.07473175909,132660.09020833136,10636925,2082.16,835,1247.17
2018,22,Chaco,Mujeres,278043.09806319774,111790.50387720417,166252.5941859935,10636925,2613.94,1050.97,1562.98
2005,26,Chubut,Mujeres,230308.820969904,60857.36952573286,169451.4514441711,10636925,2165.18,572.13,1593.05
2009,26,Chubut,Mujeres,200484.663988349,62063.364120339524,138421.2998680095,10636925,1884.8,583.47,1301.33
2013,26,Chubut,Mujeres,222418.66088785604,69500.27925044173,152918.3816374143,10636925,2091.01,653.39,1437.62
2018,26,Chubut,Mujeres,205370.3015646914,51181.75198623646,154188.54957845496,10636925,1930.73,481.17,1449.56
2005,30,Entre Ríos,Mujeres,201291.81978430616,84732.23636450889,116559.58341979727,10636925,1892.39,796.59,1095.8
2009,30,Entre Ríos,Mujeres,208379.74422770264,61860.074194272696,146519.67003342992,10636925,1959.02,581.56,1377.46
2013,30,Entre Ríos,Mujeres,144277.93204227934,50834.52717033774,93443.40487194159,10636925,1356.39,477.91,878.48
2018,30,Entre Ríos,Mujeres,228081.25666558545,64697.931665546064,163383.3250000394,10636925,2144.24,608.24,1536
2005,34,Formosa,Mujeres,333129.20856272447,189771.4070852956,143357.8014774289,10636925,3131.82,1784.08,1347.74
2009,34,Formosa,Mujeres,335128.2080838186,193099.08716480536,142029.1209190132,10636925,3150.61,1815.37,1335.25
2013,34,Formosa,Mujeres,358793.0459361425,264120.87253798643,94672.1733981561,10636925,3373.09,2483.06,890.03
2018,34,Formosa,Mujeres,346875.441685935,194173.46473489128,152701.97695104376,10636925,3261.05,1825.47,1435.58
2005,38,Jujuy,Mujeres,127557.25525574922,73714.38227233863,53842.87298341059,10636925,1199.19,693,506.19
2009,38,Jujuy,Mujeres,238516.26691900197,62746.827626525315,175769.43929247666,10636925,2242.34,589.9,1652.45
2013,38,Jujuy,Mujeres,192720.33767894865,65720.6777226499,126999.65995629875,10636925,1811.8,617.85,1193.95
2018,38,Jujuy,Mujeres,170433.6307190273,47845.97551533003,122587.65520369727,10636925,1602.28,449.81,1152.47
2005,42,La Pampa,Mujeres,125674.0722498075,50023.27815591532,75650.79409389218,10636925,1181.49,470.28,711.21
2009,42,La Pampa,Mujeres,184006.61698405023,36062.600601069076,147944.01638298115,10636925,1729.89,339.03,1390.85
2013,42,La Pampa,Mujeres,134385.9704133109,39725.47820905618,94660.49220425473,10636925,1263.39,373.47,889.92
2018,42,La Pampa,Mujeres,158608.72017017825,41429.775420749844,117178.94474942841,10636925,1491.11,389.49,1101.62
2005,46,La Rioja,Mujeres,244663.4328290479,94769.1923647949,149894.240464253,10636925,2300.13,890.95,1409.19
2009,46,La Rioja,Mujeres,262288.35776587017,73596.18259340613,188692.17517246402,10636925,2465.83,691.89,1773.94
2013,46,La Rioja,Mujeres,190134.6546288066,80755.0576099976,109379.597018809,10636925,1787.5,759.2,1028.3
2018,46,La Rioja,Mujeres,271139.7657117356,86853.22973770682,184286.53597402875,10636925,2549.04,816.53,1732.52
2005,50,Mendoza,Mujeres,222942.2192112981,133780.96171850883,89161.25749278929,10636925,2095.93,1257.7,838.22
2009,50,Mendoza,Mujeres,238851.75443761246,121904.59511878467,116947.15931882779,10636925,2245.5,1146.05,1099.45
2013,50,Mendoza,Mujeres,209843.01801818848,103482.36330326436,106360.6547149241,10636925,1972.78,972.86,999.92
2018,50,Mendoza,Mujeres,211390.0737081868,78679.45789621127,132710.61581197556,10636925,1987.32,739.68,1247.64
2005,54,Misiones,Mujeres,255036.99719835116,148754.05526885117,106282.94192949998,10636925,2397.66,1398.47,999.19
2009,54,Misiones,Mujeres,230038.98552231965,129868.82732680983,100170.15819550981,10636925,2162.65,1220.92,941.72
2013,54,Misiones,Mujeres,240310.55262060327,131256.2850249026,109054.26759570066,10636925,2259.21,1233.97,1025.24
2018,54,Misiones,Mujeres,311976.40882606746,133038.0318626036,178938.37696346384,10636925,2932.96,1250.72,1682.24
2005,58,Neuquén,Mujeres,267969.7467686404,137122.20146429143,130847.54530434901,10636925,2519.24,1289.12,1230.13
2009,58,Neuquén,Mujeres,269166.24029871117,144822.49021200868,124343.75008670248,10636925,2530.49,1361.51,1168.98
2013,58,Neuquén,Mujeres,283485.1602749314,123147.52477104904,160337.63550388234,10636925,2665.1,1157.74,1507.37
2018,58,Neuquén,Mujeres,356776.72997042356,130150.13585784094,226626.5941125826,10636925,3354.13,1223.57,2130.56
2005,62,Río Negro,Mujeres,213222.60600237496,56170.61934884615,157051.98665352882,10636925,2004.55,528.07,1476.48
2009,62,Río Negro,Mujeres,195546.25970990103,59753.181320933916,135793.07838896711,10636925,1838.37,561.75,1276.62
2013,62,Río Negro,Mujeres,173851.18339101304,42289.51143227457,131561.67195873847,10636925,1634.41,397.57,1236.84
2018,62,Río Negro,Mujeres,209819.210379758,47619.11049196896,162200.09988778905,10636925,1972.56,447.68,1524.88
2005,66,Salta,Mujeres,129550.58676992316,53560.77337907908,75989.81339084408,10636925,1217.93,503.54,714.4
2009,66,Salta,Mujeres,225492.1360624192,101204.05032211877,124288.08574030042,10636925,2119.9,951.44,1168.46
2013,66,Salta,Mujeres,259666.45161540667,85612.30835780229,174054.1432576044,10636925,2441.18,804.86,1636.32
2018,66,Salta,Mujeres,266464.42926268384,95980.03066235181,170484.398600332,10636925,2505.09,902.33,1602.76
2005,70,San Juan,Mujeres,321900.7426673918,183092.92875758343,138807.81390980832,10636925,3026.26,1721.3,1304.96
2009,70,San Juan,Mujeres,358901.25929761137,172513.0724354174,186388.18686219398,10636925,3374.11,1621.83,1752.28
2013,70,San Juan,Mujeres,294926.6219204384,118642.34193289606,176284.27998754237,10636925,2772.67,1115.38,1657.29
2018,70,San Juan,Mujeres,337404.7563324388,117742.62083625887,219662.13549617992,10636925,3172.01,1106.92,2065.09
2005,74,San Luis,Mujeres,248905.28318237554,113864.76188062824,135040.52130174727,10636925,2340.01,1070.47,1269.54
2009,74,San Luis,Mujeres,275824.8881810517,111173.71564625234,164651.17253479938,10636925,2593.09,1045.17,1547.92
2013,74,San Luis,Mujeres,235080.0718983413,88155.05967591293,146925.01222242837,10636925,2210.04,828.76,1381.27
2018,74,San Luis,Mujeres,252784.67376776488,57723.02571924083,195061.64804852405,10636925,2376.48,542.67,1833.82
2005,78,Santa Cruz,Mujeres,242640.32654135756,105891.99817386582,136748.32836749175,10636925,2281.11,995.51,1285.6
2009,78,Santa Cruz,Mujeres,262328.7454365745,78210.94183026766,184117.80360630684,10636925,2466.21,735.28,1730.93
2013,78,Santa Cruz,Mujeres,299028.6193782757,101517.52294098416,197511.09643729153,10636925,2811.23,954.39,1856.84
2018,78,Santa Cruz,Mujeres,332645.1888253017,131360.39959582084,201284.78922948087,10636925,3127.27,1234.95,1892.32
2005,82,Santa Fe,Mujeres,186697.708739835,101064.08564154366,85633.62309829135,10636925,1755.18,950.13,805.06
2009,82,Santa Fe,Mujeres,166393.73289447528,69791.93598557687,96601.79690889841,10636925,1564.3,656.13,908.17
2013,82,Santa Fe,Mujeres,205631.57596872756,55315.07864033343,150316.49732839412,10636925,1933.19,520.03,1413.16
2018,82,Santa Fe,Mujeres,193501.07569783062,42691.711268847466,150809.36442898316,10636925,1819.14,401.35,1417.79
2005,86,Santiago del Estero,Mujeres,195797.5735416323,110097.10451943734,85700.46902219494,10636925,1840.73,1035.05,805.69
2009,86,Santiago del Estero,Mujeres,227860.31939515876,68198.90116739404,159661.41822776475,10636925,2142.16,641.15,1501.01
2013,86,Santiago del Estero,Mujeres,206691.6344402278,52476.25895188251,154215.37548834525,10636925,1943.15,493.34,1449.81
2018,86,Santiago del Estero,Mujeres,204628.26781983973,67883.4353571742,136744.83246266554,10636925,1923.75,638.19,1285.57
2005,90,Tucumán,Mujeres,247349.96233480508,122808.99987599935,124540.96245880573,10636925,2325.39,1154.55,1170.84
2009,90,Tucumán,Mujeres,241768.48286272268,103727.01157665977,138041.4712860629,10636925,2272.92,975.16,1297.76
2013,90,Tucumán,Mujeres,238815.15985848304,108968.52367174183,129846.63618674119,10636925,2245.15,1024.44,1220.72
2018,90,Tucumán,Mujeres,227147.61143106525,73544.16434094256,153603.44709012267,10636925,2135.46,691.4,1444.06
2005,94,Tierra del Fuego,Mujeres,254744.68812376025,108129.28869381268,146615.39942994757,10636925,2394.91,1016.55,1378.36
2009,94,Tierra del Fuego,Mujeres,249198.33290931856,65218.96349665611,183979.36941266246,10636925,2342.77,613.14,1729.63
2013,94,Tierra del Fuego,Mujeres,224271.59302461435,50694.28584040307,173577.30718421127,10636925,2108.43,476.59,1631.84
2018,94,Tierra del Fuego,Mujeres,267918.90647060005,66701.51044245782,201217.39602814225,10636925,2518.76,627.08,1891.69
2005,2,CABA,Varones,216474.7083596313,21208.80101658862,195265.90734304267,9457729,2288.87,224.25,2064.62
2009,2,CABA,Varones,175088.903981893,18296.3607645395,156792.5432173535,9457729,1851.28,193.45,1657.82
2013,2,CABA,Varones,204771.43477712444,28210.22545549972,176561.20932162474,9457729,2165.12,298.28,1866.85
2018,2,CABA,Varones,215479.52368892345,21884.266553715053,193595.2571352084,9457729,2278.34,231.39,2046.95
2005,6,Buenos Aires,Varones,229202.6436753226,55039.91698710368,174162.7266882189,9457729,2423.44,581.96,1841.49
2009,6,Buenos Aires,Varones,224126.8486656977,45835.11603668723,178291.73262901048,9457729,2369.77,484.63,1885.14
2013,6,Buenos Aires,Varones,197736.91205580384,44301.892408910084,153435.01964689375,9457729,2090.74,468.42,1622.32
2018,6,Buenos Aires,Varones,278658.9938036547,46911.302285873855,231747.6915177808,9457729,2946.36,496.01,2450.35
2005,10,Catamarca,Varones,171711.88247630803,87763.34116007383,83948.5413162342,9457729,1815.57,927.95,887.62
2009,10,Catamarca,Varones,182945.08544269146,76328.41799468294,106616.66744800852,9457729,1934.34,807.05,1127.3
2013,10,Catamarca,Varones,214499.41508368237,64669.3975340152,149830.0175496672,9457729,2267.98,683.77,1584.21
2018,10,Catamarca,Varones,198252.14889450156,102145.21253363026,96106.93636087129,9457729,2096.19,1080.02,1016.17
2005,14,Córdoba,Varones,247440.05223194047,94537.59094958594,152902.46128235455,9457729,2616.27,999.58,1616.69
2009,14,Córdoba,Varones,232775.82832117143,68344.26257820512,164431.56574296634,9457729,2461.22,722.63,1738.59
2013,14,Córdoba,Varones,264652.93094076903,58527.64399928318,206125.28694148586,9457729,2798.27,618.83,2179.44
2018,14,Córdoba,Varones,263186.7461793102,74440.26323017746,188746.48294913274,9457729,2782.77,787.08,1995.69
2005,18,Corrientes,Varones,213858.38691276658,78319.03487811587,135539.3520346507,9457729,2261.2,828.1,1433.11
2009,18,Corrientes,Varones,171218.8443656569,67241.52125301275,103977.32311264415,9457729,1810.36,710.97,1099.39
2013,18,Corrientes,Varones,156022.64273942576,70154.71618888562,85867.92655054016,9457729,1649.68,741.77,907.91
2018,18,Corrientes,Varones,219366.39801815795,90053.52675303613,129312.87126512182,9457729,2319.44,952.17,1367.27
2005,22,Chaco,Varones,183589.03445729637,82698.95988398348,100890.0745733129,9457729,1941.15,874.41,1066.75
2009,22,Chaco,Varones,218713.15303517104,80040.48071689019,138672.67231828085,9457729,2312.53,846.3,1466.24
2013,22,Chaco,Varones,196761.28343617657,81387.62248035152,115373.66095582503,9457729,2080.43,860.54,1219.89
2018,22,Chaco,Varones,246224.8058051389,109093.03510059869,137131.77070454022,9457729,2603.42,1153.48,1449.94
2005,26,Chubut,Varones,188223.19256794918,60706.18140654965,127517.01116139954,9457729,1990.15,641.87,1348.28
2009,26,Chubut,Varones,275803.7288277761,60817.599732998904,214986.12909477716,9457729,2916.17,643.05,2273.13
2013,26,Chubut,Varones,206416.43351819168,71580.07605803735,134836.35746015437,9457729,2182.52,756.84,1425.67
2018,26,Chubut,Varones,298346.1197396614,59933.44690394906,238412.67283571235,9457729,3154.52,633.7,2520.82
2005,30,Entre Ríos,Varones,212050.98832277357,77298.11114213496,134752.8771806386,9457729,2242.09,817.3,1424.79
2009,30,Entre Ríos,Varones,189505.68554891265,54694.741216791925,134810.9443321207,9457729,2003.71,578.31,1425.41
2013,30,Entre Ríos,Varones,175267.42086311826,48777.08664725013,126490.33421586812,9457729,1853.17,515.74,1337.43
2018,30,Entre Ríos,Varones,192330.95966346658,63998.63555131922,128332.32411214735,9457729,2033.59,676.68,1356.9
2005,34,Formosa,Varones,168126.86271366468,105796.50043473435,62330.36227893033,9457729,1777.67,1118.62,659.04
2009,34,Formosa,Varones,181161.4215798084,108660.91506228124,72500.50651752717,9457729,1915.49,1148.91,766.57
2013,34,Formosa,Varones,288192.9811010001,179572.65411934757,108620.32698165253,9457729,3047.17,1898.69,1148.48
2018,34,Formosa,Varones,368617.0642899893,181911.28816066205,186705.77612932725,9457729,3897.52,1923.41,1974.11
2005,38,Jujuy,Varones,152097.60772313288,55465.216495976245,96632.39122715664,9457729,1608.18,586.45,1021.73
2009,38,Jujuy,Varones,242962.08210543005,72236.6356305073,170725.44647492276,9457729,2568.93,763.78,1805.14
2013,38,Jujuy,Varones,139667.3575051173,55217.40092789558,84449.95657722173,9457729,1476.75,583.83,892.92
2018,38,Jujuy,Varones,178500.83598029558,49295.54172065356,129205.29425964202,9457729,1887.35,521.22,1366.13
2005,42,La Pampa,Varones,125203.50078640152,42631.94719289385,82571.55359350768,9457729,1323.82,450.76,873.06
2009,42,La Pampa,Varones,163327.52104529995,38043.740275046555,125283.78077025338,9457729,1726.92,402.25,1324.67
2013,42,La Pampa,Varones,115388.57752184886,32866.34232365325,82522.2351981956,9457729,1220.05,347.51,872.54
2018,42,La Pampa,Varones,203717.3622168525,41346.85263363799,162370.5095832145,9457729,2153.98,437.18,1716.8
2005,46,La Rioja,Varones,198629.96385617967,73977.08394547629,124652.87991070338,9457729,2100.19,782.19,1318
2009,46,La Rioja,Varones,246406.92648824662,76867.13094512021,169539.79554312638,9457729,2605.35,812.74,1792.61
2013,46,La Rioja,Varones,222455.22934507855,69477.88063160224,152977.34871347633,9457729,2352.1,734.61,1617.49
2018,46,La Rioja,Varones,316153.32598597003,107828.45185790816,208324.87412806184,9457729,3342.8,1140.11,2202.69
2005,50,Mendoza,Varones,252010.39197500056,129537.81575870878,122472.5762162918,9457729,2664.6,1369.65,1294.95
2009,50,Mendoza,Varones,269801.4764827374,123431.53162267005,146369.94486006736,9457729,2852.71,1305.09,1547.62
2013,50,Mendoza,Varones,268073.4887194073,97725.45638971661,170348.0323296907,9457729,2834.44,1033.29,1801.15
2018,50,Mendoza,Varones,279496.5000659775,73074.22837500482,206422.27169097267,9457729,2955.22,772.64,2182.58
2005,54,Misiones,Varones,204603.92534758948,90461.04677032138,114142.87857726809,9457729,2163.35,956.48,1206.87
2009,54,Misiones,Varones,202350.29217310165,94101.37024223653,108248.92193086511,9457729,2139.52,994.97,1144.56
2013,54,Misiones,Varones,241939.5370939147,92072.51860398811,149867.0184899266,9457729,2558.11,973.52,1584.6
2018,54,Misiones,Varones,239534.4298577796,114463.4563552297,125070.97350254994,9457729,2532.68,1210.26,1322.42
2005,58,Neuquén,Varones,251636.67373779396,124452.39404874016,127184.2796890538,9457729,2660.65,1315.88,1344.77
2009,58,Neuquén,Varones,251506.13350125964,119265.01719140356,132241.1163098561,9457729,2659.27,1261.03,1398.23
2013,58,Neuquén,Varones,346982.0129993105,120865.81235045918,226116.2006488513,9457729,3668.77,1277.96,2390.81
2018,58,Neuquén,Varones,274787.44168401125,118006.11405445627,156781.32762955502,9457729,2905.43,1247.72,1657.71
2005,62,Río Negro,Varones,204433.71285876218,44562.61123421179,159871.10162455039,9457729,2161.55,471.18,1690.38
2009,62,Río Negro,Varones,249423.06012284738,54235.59888799656,195187.4612348508,9457729,2637.24,573.45,2063.79
2013,62,Río Negro,Varones,165127.31844669537,52881.706326110216,112245.61212058517,9457729,1745.95,559.14,1186.81
2018,62,Río Negro,Varones,223751.2829935046,56091.90006456597,167659.38292893863,9457729,2365.8,593.08,1772.72
2005,66,Salta,Varones,113680.34193565656,46020.138722260046,67660.20321339651,9457729,1201.98,486.59,715.4
2009,66,Salta,Varones,244381.47942451775,75266.42147107347,169115.05795344428,9457729,2583.93,795.82,1788.11
2013,66,Salta,Varones,212677.25651764008,80386.90590100687,132290.3506166332,9457729,2248.71,849.96,1398.75
2018,66,Salta,Varones,244491.02804717608,89720.4447300765,154770.58331709958,9457729,2585.09,948.65,1636.45
2005,70,San Juan,Varones,312457.6147511188,144216.67434450125,168240.94040661756,9457729,3303.73,1524.86,1778.87
2009,70,San Juan,Varones,351048.8976677206,138180.04323218213,212868.8544355385,9457729,3711.77,1461.03,2250.74
2013,70,San Juan,Varones,268507.94324349763,121654.42741696404,146853.51582653358,9457729,2839.03,1286.3,1552.74
2018,70,San Juan,Varones,318062.04089577857,95563.39462491061,222498.64627086793,9457729,3362.99,1010.43,2352.56
2005,74,San Luis,Varones,220579.56861071603,115279.46209084033,105300.10651987567,9457729,2332.27,1218.89,1113.38
2009,74,San Luis,Varones,256389.92883861915,103008.31478530548,153381.61405331368,9457729,2710.9,1089.14,1621.76
2013,74,San Luis,Varones,182398.9831602469,73843.90891405664,108555.07424619024,9457729,1928.57,780.78,1147.79
2018,74,San Luis,Varones,336186.0522522893,58835.415578419,277350.6366738703,9457729,3554.62,622.09,2932.53
2005,78,Santa Cruz,Varones,187492.93381660152,76355.09184631323,111137.8419702883,9457729,1982.43,807.33,1175.1
2009,78,Santa Cruz,Varones,248154.60956685268,83777.90761551655,164376.7019513361,9457729,2623.83,885.81,1738.01
2013,78,Santa Cruz,Varones,235412.8081004669,78851.9830767865,156560.8250236804,9457729,2489.11,833.73,1655.37
2018,78,Santa Cruz,Varones,393039.7302374165,108937.14233400299,284102.58790341363,9457729,4155.75,1151.83,3003.92
2005,82,Santa Fe,Varones,266732.036690444,113100.1556656235,153631.88102482047,9457729,2820.25,1195.85,1624.41
2009,82,Santa Fe,Varones,239654.15337955224,69699.79752490595,169954.3558546463,9457729,2533.95,736.96,1796.99
2013,82,Santa Fe,Varones,171530.52041632595,60873.52057764895,110656.99983867702,9457729,1813.65,643.64,1170.02
2018,82,Santa Fe,Varones,253372.75765922517,48807.1744387146,204565.58322051057,9457729,2679,516.06,2162.95
2005,86,Santiago del Estero,Varones,209188.58093087023,78429.05682075513,130759.5241101151,9457729,2211.83,829.26,1382.57
2009,86,Santiago del Estero,Varones,228124.43103240506,63793.04050247165,164331.3905299334,9457729,2412.04,674.51,1737.54
2013,86,Santiago del Estero,Varones,176761.22171784707,45940.09456398205,130821.12715386503,9457729,1868.96,485.74,1383.22
2018,86,Santiago del Estero,Varones,240347.5967415521,60157.55894016377,180190.0378013883,9457729,2541.28,636.07,1905.21
2005,90,Tucumán,Varones,218022.2110522935,105007.89021894525,113014.32083334825,9457729,2305.23,1110.29,1194.94
2009,90,Tucumán,Varones,217987.54815096676,91106.80320576385,126880.74494520291,9457729,2304.86,963.31,1341.56
2013,90,Tucumán,Varones,220181.76484713194,92143.06181265837,128038.70303447357,9457729,2328.06,974.26,1353.8
2018,90,Tucumán,Varones,238285.56512164653,70657.77016897456,167627.794952672,9457729,2519.48,747.09,1772.39
2005,94,Tierra del Fuego,Varones,205126.04654039443,53150.57094655995,151975.47559383445,9457729,2168.87,561.98,1606.89
2009,94,Tierra del Fuego,Varones,334417.6318872254,69047.32672704097,265370.3051601844,9457729,3535.92,730.06,2805.86
2013,94,Tierra del Fuego,Varones,240695.9890338504,38487.78796711874,202208.20106673165,9457729,2544.97,406.95,2138.02
2018,94,Tierra del Fuego,Varones,402827.52578408865,78243.52122927498,324584.00455481367,9457729,4259.24,827.3,3431.94
