autor,anio,idioma,titulo,revista,doi_url,poblacion,rango_edad,media_edad,sd_edad,media_DM,sd_DM,fuente,complicacion,n_muestra,n_comp,fr_comp,n_mujeres,n_comp_mujeres,fr_comp_mujeres,n_varones,n_comp_varones,fr_comp_varones,comp_def
Chen-Ku et al. (2019),2019,ENG,Vascular Complications in Patients with Type 2 Diabetes: Prevalence and Comorbidities in 6 Countries of Latin America (A Cohort of the Discover Study Program),Endocrine Practice,10.4158/EP-2018-0473,Pacientes con DM2,46-65 años,59.9,10.8,,,Tabla 5,Macrovascular disease,299,39,0.130,,,,,,,
Chen-Ku et al. (2019),2019,ENG,Vascular Complications in Patients with Type 2 Diabetes: Prevalence and Comorbidities in 6 Countries of Latin America (A Cohort of the Discover Study Program),Endocrine Practice,10.4158/EP-2018-0473,Pacientes con DM2,46-65 años,59.9,10.8,,,Tabla 5,Coronary artery disease,299,17,0.057,,,,,,,
Chen-Ku et al. (2019),2019,ENG,Vascular Complications in Patients with Type 2 Diabetes: Prevalence and Comorbidities in 6 Countries of Latin America (A Cohort of the Discover Study Program),Endocrine Practice,10.4158/EP-2018-0473,Pacientes con DM2,46-65 años,59.9,10.8,,,Tabla 5,Myocardial infarction,299,10,0.033,,,,,,,
Chen-Ku et al. (2019),2019,ENG,Vascular Complications in Patients with Type 2 Diabetes: Prevalence and Comorbidities in 6 Countries of Latin America (A Cohort of the Discover Study Program),Endocrine Practice,10.4158/EP-2018-0473,Pacientes con DM2,46-65 años,59.9,10.8,,,Tabla 5,Percutaneous coronary intervention,299,7,0.023,,,,,,,
Chen-Ku et al. (2019),2019,ENG,Vascular Complications in Patients with Type 2 Diabetes: Prevalence and Comorbidities in 6 Countries of Latin America (A Cohort of the Discover Study Program),Endocrine Practice,10.4158/EP-2018-0473,Pacientes con DM2,46-65 años,59.9,10.8,,,Tabla 5,Heart failure,299,8,0.027,,,,,,,
Chen-Ku et al. (2019),2019,ENG,Vascular Complications in Patients with Type 2 Diabetes: Prevalence and Comorbidities in 6 Countries of Latin America (A Cohort of the Discover Study Program),Endocrine Practice,10.4158/EP-2018-0473,Pacientes con DM2,46-65 años,59.9,10.8,,,Tabla 5,Angina,299,6,0.020,,,,,,,
Chen-Ku et al. (2019),2019,ENG,Vascular Complications in Patients with Type 2 Diabetes: Prevalence and Comorbidities in 6 Countries of Latin America (A Cohort of the Discover Study Program),Endocrine Practice,10.4158/EP-2018-0473,Pacientes con DM2,46-65 años,59.9,10.8,,,Tabla 5,Stroke,299,5,0.017,,,,,,,
Chen-Ku et al. (2019),2019,ENG,Vascular Complications in Patients with Type 2 Diabetes: Prevalence and Comorbidities in 6 Countries of Latin America (A Cohort of the Discover Study Program),Endocrine Practice,10.4158/EP-2018-0473,Pacientes con DM2,46-65 años,59.9,10.8,,,Tabla 5,Diabetic foot,299,1,0.003,,,,,,,
Chen-Ku et al. (2019),2019,ENG,Vascular Complications in Patients with Type 2 Diabetes: Prevalence and Comorbidities in 6 Countries of Latin America (A Cohort of the Discover Study Program),Endocrine Practice,10.4158/EP-2018-0473,Pacientes con DM2,46-65 años,59.9,10.8,,,Tabla 5,Peripheral artery disease,299,6,0.020,,,,,,,
Chen-Ku et al. (2019),2019,ENG,Vascular Complications in Patients with Type 2 Diabetes: Prevalence and Comorbidities in 6 Countries of Latin America (A Cohort of the Discover Study Program),Endocrine Practice,10.4158/EP-2018-0473,Pacientes con DM2,46-65 años,59.9,10.8,,,Tabla 5,Microvascular disease,299,30,0.100,,,,,,,
Chen-Ku et al. (2019),2019,ENG,Vascular Complications in Patients with Type 2 Diabetes: Prevalence and Comorbidities in 6 Countries of Latin America (A Cohort of the Discover Study Program),Endocrine Practice,10.4158/EP-2018-0473,Pacientes con DM2,46-65 años,59.9,10.8,,,Tabla 5,Peripheral neuropathy,299,8,0.027,,,,,,,
Chen-Ku et al. (2019),2019,ENG,Vascular Complications in Patients with Type 2 Diabetes: Prevalence and Comorbidities in 6 Countries of Latin America (A Cohort of the Discover Study Program),Endocrine Practice,10.4158/EP-2018-0473,Pacientes con DM2,46-65 años,59.9,10.8,,,Tabla 5,Retinopathy,299,12,0.040,,,,,,,
Gómez Martin et al. (2021),2021,ENG,Level of physical activity and barriers to exercise in adults with type 2 diabetes,AIMS Public Health,10.3934/publichealth.2021018,Pacientes con DM2,18-65 años,54.9,9.8,8.2,6.3,Tabla 1,Heart disease,495,63,0.127,,,,,,,"History of myocardial infarction, percutaneous coronary angioplasty and/or heart failure"
Gómez Martin et al. (2021),2021,ENG,Level of physical activity and barriers to exercise in adults with type 2 diabetes,AIMS Public Health,10.3934/publichealth.2021018,Pacientes con DM2,18-65 años,54.9,9.8,8.2,6.3,Tabla 1,Nephropathy,495,68,0.137,,,,,,,
Gómez Martin et al. (2021),2021,ENG,Level of physical activity and barriers to exercise in adults with type 2 diabetes,AIMS Public Health,10.3934/publichealth.2021018,Pacientes con DM2,18-65 años,54.9,9.8,8.2,6.3,Tabla 1,Neuropathy,495,103,0.208,,,,,,,
Gómez Martin et al. (2021),2021,ENG,Level of physical activity and barriers to exercise in adults with type 2 diabetes,AIMS Public Health,10.3934/publichealth.2021018,Pacientes con DM2,18-65 años,54.9,9.8,8.2,6.3,Tabla 1,Diabetic foot,495,30,0.061,,,,,,,
Gómez Martin et al. (2021),2021,ENG,Level of physical activity and barriers to exercise in adults with type 2 diabetes,AIMS Public Health,10.3934/publichealth.2021018,Pacientes con DM2,18-65 años,54.9,9.8,8.2,6.3,Tabla 1,Retinopathy,495,70,0.141,,,,,,,
Ortiz-Basso et al. (2022),2022,ESP,Prevalencia de retinopatía diabéticca en una zona rural de Argentina,MEDICINA (Buenos Aires),,Pacientes con DM2,>18 años,60.1,12,,,Tablas 1 y 2,Retinopatía diabética,2743,592,0.216,1604,318,0.198,1139,274,0.241,
Ortiz-Basso et al. (2022),2022,ESP,Prevalencia de retinopatía diabéticca en una zona rural de Argentina,MEDICINA (Buenos Aires),,Pacientes con DM2,>18 años,60.1,12,,,Tablas 1 y 2,Retinopatía diabética no proliferativa leve,2743,311,0.113,,,,,,,
Ortiz-Basso et al. (2022),2022,ESP,Prevalencia de retinopatía diabéticca en una zona rural de Argentina,MEDICINA (Buenos Aires),,Pacientes con DM2,>18 años,60.1,12,,,Tablas 1 y 2,Retinopatía diabética no proliferativa moderada,2743,197,0.072,,,,,,,
Ortiz-Basso et al. (2022),2022,ESP,Prevalencia de retinopatía diabéticca en una zona rural de Argentina,MEDICINA (Buenos Aires),,Pacientes con DM2,>18 años,60.1,12,,,Tablas 1 y 2,Retinopatía diabética no proliferativa grave,2743,75,0.027,,,,,,,
Ortiz-Basso et al. (2022),2022,ESP,Prevalencia de retinopatía diabéticca en una zona rural de Argentina,MEDICINA (Buenos Aires),,Pacientes con DM2,>18 años,60.1,12,,,Tablas 1 y 2,Retinopatía diabética proliferativa,2743,9,0.003,,,,,,,
Consejo Argentino de Oftalmología (2023),2023,ESP,Campaña nacional de prevención de la ceguera por diabetes,,https://oftalmologos.org.ar/pacientes/actividades/campana-diabetes,Pacientes con DM2,5-96 años,56.1,,,,Resultados,Retinopatía diabética no proliferativa leve,1699,263,0.155,,,,,,,
Consejo Argentino de Oftalmología (2023),2023,ESP,Campaña nacional de prevención de la ceguera por diabetes,,https://oftalmologos.org.ar/pacientes/actividades/campana-diabetes,Pacientes con DM2,5-96 años,56.1,,,,Resultados,Retinopatía diabética no proliferativa moderada,1699,108,0.064,,,,,,,
Consejo Argentino de Oftalmología (2023),2023,ESP,Campaña nacional de prevención de la ceguera por diabetes,,https://oftalmologos.org.ar/pacientes/actividades/campana-diabetes,Pacientes con DM2,5-96 años,56.1,,,,Resultados,Retinopatía diabética no proliferativa grave,1699,54,0.032,,,,,,,
Consejo Argentino de Oftalmología (2023),2023,ESP,Campaña nacional de prevención de la ceguera por diabetes,,https://oftalmologos.org.ar/pacientes/actividades/campana-diabetes,Pacientes con DM2,5-96 años,56.1,,,,Resultados,Retinopatía diabética proliferativa,1699,73,0.043,,,,,,,
Consejo Argentino de Oftalmología (2023),2023,ESP,Campaña nacional de prevención de la ceguera por diabetes,,https://oftalmologos.org.ar/pacientes/actividades/campana-diabetes,Pacientes con DM2,5-96 años,56.1,,,,Resultados,Ceguera por diabetes,1699,50,0.029,,,,,,,
Forte et al (2025),2025,ENG,Clinical Characteristics and Cardiometabolic Control of Persons with Diabetes in the Cardiology Office in Argentina,Revista Argentina de Cardiología,10.7775/rac.es.v88.i6.18201,Pacientes con DM2,,64.7,10.5,10.7,9.3,Resultados,Cardiovascular disease,694,334,0.481,288,104,0.361,406,230,0.567,
Forte et al (2025),2025,ENG,Clinical Characteristics and Cardiometabolic Control of Persons with Diabetes in the Cardiology Office in Argentina,Revista Argentina de Cardiología,10.7775/rac.es.v88.i6.18201,Pacientes con DM2,,64.7,10.5,10.7,9.3,Tabla 1,Microvascular disease,694,284,0.409,,,,,,,
Forte et al (2025),2025,ENG,Clinical Characteristics and Cardiometabolic Control of Persons with Diabetes in the Cardiology Office in Argentina,Revista Argentina de Cardiología,10.7775/rac.es.v88.i6.18201,Pacientes con DM2,,64.7,10.5,10.7,9.3,Tabla 1,Kidney disease,694,218,0.314,,,,,,,
Forte et al (2025),2025,ENG,Clinical Characteristics and Cardiometabolic Control of Persons with Diabetes in the Cardiology Office in Argentina,Revista Argentina de Cardiología,10.7775/rac.es.v88.i6.18201,Pacientes con DM2,,64.7,10.5,10.7,9.3,Tabla 1,Retinopathy,694,73,0.105,,,,,,,
Forte et al (2025),2025,ENG,Clinical Characteristics and Cardiometabolic Control of Persons with Diabetes in the Cardiology Office in Argentina,Revista Argentina de Cardiología,10.7775/rac.es.v88.i6.18201,Pacientes con DM2,,64.7,10.5,10.7,9.3,Tabla 1,Neuropathy,694,58,0.084,,,,,,,
Forte et al (2025),2025,ENG,Clinical Characteristics and Cardiometabolic Control of Persons with Diabetes in the Cardiology Office in Argentina,Revista Argentina de Cardiología,10.7775/rac.es.v88.i6.18201,Pacientes con DM2,,64.7,10.5,10.7,9.3,Tabla 1,Diabetic foot,694,23,0.033,,,,,,,
Forte et al (2025),2025,ENG,Clinical Characteristics and Cardiometabolic Control of Persons with Diabetes in the Cardiology Office in Argentina,Revista Argentina de Cardiología,10.7775/rac.es.v88.i6.18201,Pacientes con DM2,,64.7,10.5,10.7,9.3,Resultados,Ischemic heart disease,694,236,0.340,,,,,,,
Forte et al (2025),2025,ENG,Clinical Characteristics and Cardiometabolic Control of Persons with Diabetes in the Cardiology Office in Argentina,Revista Argentina de Cardiología,10.7775/rac.es.v88.i6.18201,Pacientes con DM2,,64.7,10.5,10.7,9.3,Resultados,Heart failure,694,187,0.270,,,,,,,
Forte et al (2025),2025,ENG,Clinical Characteristics and Cardiometabolic Control of Persons with Diabetes in the Cardiology Office in Argentina,Revista Argentina de Cardiología,10.7775/rac.es.v88.i6.18201,Pacientes con DM2,,64.7,10.5,10.7,9.3,Resultados,Peripheral vascular disease (PVD),694,49,0.070,,,,,,,
Forte et al (2025),2025,ENG,Clinical Characteristics and Cardiometabolic Control of Persons with Diabetes in the Cardiology Office in Argentina,Revista Argentina de Cardiología,10.7775/rac.es.v88.i6.18201,Pacientes con DM2,,64.7,10.5,10.7,9.3,Resultados,Stroke,694,28,0.040,,,,,,,
Forte et al (2025),2025,ENG,Clinical Characteristics and Cardiometabolic Control of Persons with Diabetes in the Cardiology Office in Argentina,Revista Argentina de Cardiología,10.7775/rac.es.v88.i6.18201,Pacientes con DM2,,64.7,10.5,10.7,9.3,Resultados,Atrial fibrillation,694,19,0.027,,,,,,,