anio_enfr,prov_id,prov_nombre,grupo_edad_10,sexo,dm_total,dm_total_se,dm_total_cv,dm_prev,dm_prev_se,dm_prev_cv,dm2_total,dm2_prev
2005,2,CABA,30-39,Mujer,8244,4595.64,0.56,0.03,0.02,0.55,7419.6,0.03
2005,2,CABA,30-39,Varón,7239,3484.37,0.48,0.04,0.02,0.47,6515.1,0.03
2005,2,CABA,40-49,Mujer,8240,3738.24,0.45,0.04,0.02,0.45,7416,0.04
2005,2,CABA,40-49,Varón,10161,4250.18,0.42,0.07,0.03,0.41,9144.9,0.06
2005,2,CABA,50-59,Mujer,6389,2770.9,0.43,0.03,0.01,0.43,5750.1,0.03
2005,2,CABA,50-59,Varón,18480,6645.49,0.36,0.14,0.05,0.34,16632,0.12
2005,2,CABA,60-69,Mujer,36196,11032.86,0.3,0.24,0.06,0.25,32576.4,0.21
2005,2,CABA,60-69,Varón,27458,7848.99,0.29,0.18,0.05,0.26,24712.2,0.16
2005,2,CABA,70-79,Mujer,13351,3817.1,0.29,0.12,0.03,0.27,12015.9,0.11
2005,2,CABA,70-79,Varón,20157,6128.02,0.3,0.24,0.06,0.27,18141.3,0.21
2005,2,CABA,80+,Mujer,7561,3509.08,0.46,0.1,0.04,0.44,6804.9,0.09
2005,2,CABA,80+,Varón,12788,5341.44,0.42,0.27,0.09,0.34,11509.2,0.25
2005,6,Buenos Aires,30-39,Mujer,86560,20151.81,0.23,0.08,0.02,0.22,77904,0.07
2005,6,Buenos Aires,30-39,Varón,29441,10341.69,0.35,0.03,0.01,0.35,26496.9,0.03
2005,6,Buenos Aires,40-49,Mujer,41871,12780.36,0.31,0.05,0.01,0.3,37683.9,0.04
2005,6,Buenos Aires,40-49,Varón,48422,18267.49,0.38,0.06,0.02,0.36,43579.8,0.05
2005,6,Buenos Aires,50-59,Mujer,93681,22311.27,0.24,0.13,0.03,0.22,84312.9,0.12
2005,6,Buenos Aires,50-59,Varón,81999,21303.35,0.26,0.11,0.03,0.25,73799.1,0.1
2005,6,Buenos Aires,60-69,Mujer,114895,24217.2,0.21,0.2,0.04,0.18,103405.5,0.18
2005,6,Buenos Aires,60-69,Varón,97517,21289.7,0.22,0.19,0.04,0.2,87765.3,0.17
2005,6,Buenos Aires,70-79,Mujer,72126,18322.25,0.25,0.17,0.04,0.22,64913.4,0.16
2005,6,Buenos Aires,70-79,Varón,59325,17543.88,0.3,0.18,0.05,0.26,53392.5,0.16
2005,6,Buenos Aires,80+,Mujer,30249,10329.3,0.34,0.16,0.05,0.31,27224.1,0.15
2005,6,Buenos Aires,80+,Varón,30602,14379.92,0.47,0.28,0.12,0.41,27541.8,0.26
2005,10,Catamarca,30-39,Mujer,1402,421.92,0.3,0.08,0.02,0.29,1261.8,0.07
2005,10,Catamarca,30-39,Varón,824,292.7,0.36,0.04,0.01,0.35,741.6,0.04
2005,10,Catamarca,40-49,Mujer,1187,375.63,0.32,0.1,0.03,0.3,1068.3,0.09
2005,10,Catamarca,40-49,Varón,448,228.17,0.51,0.04,0.02,0.5,403.2,0.03
2005,10,Catamarca,50-59,Mujer,1913,498.14,0.26,0.15,0.04,0.25,1721.7,0.14
2005,10,Catamarca,50-59,Varón,1768,571.89,0.32,0.18,0.05,0.3,1591.2,0.16
2005,10,Catamarca,60-69,Mujer,2191,564.25,0.26,0.3,0.07,0.23,1971.9,0.27
2005,10,Catamarca,60-69,Varón,981,355.67,0.36,0.17,0.06,0.34,882.9,0.15
2005,10,Catamarca,70-79,Mujer,1078,355.69,0.33,0.3,0.08,0.28,970.2,0.27
2005,10,Catamarca,70-79,Varón,359,165.63,0.46,0.12,0.05,0.45,323.1,0.11
2005,10,Catamarca,80+,Mujer,18,18,1,0.01,0.01,1.02,16.2,0.01
2005,10,Catamarca,80+,Varón,34,34,1,0.04,0.04,1.02,30.6,0.04
2005,14,Córdoba,30-39,Mujer,10977,3640.81,0.33,0.06,0.02,0.32,9879.3,0.06
2005,14,Córdoba,30-39,Varón,12050,6477.67,0.54,0.1,0.05,0.5,10845,0.09
2005,14,Córdoba,40-49,Mujer,12735,6352.29,0.5,0.07,0.03,0.47,11461.5,0.06
2005,14,Córdoba,40-49,Varón,10662,4453.33,0.42,0.09,0.04,0.4,9595.8,0.08
2005,14,Córdoba,50-59,Mujer,22265,7543.49,0.34,0.14,0.04,0.31,20038.5,0.12
2005,14,Córdoba,50-59,Varón,15610,5629.16,0.36,0.14,0.05,0.33,14049,0.12
2005,14,Córdoba,60-69,Mujer,27676,8347.75,0.3,0.24,0.06,0.25,24908.4,0.22
2005,14,Córdoba,60-69,Varón,29389,8500.46,0.29,0.26,0.06,0.25,26450.1,0.23
2005,14,Córdoba,70-79,Mujer,18233,4414.11,0.24,0.21,0.05,0.22,16409.7,0.19
2005,14,Córdoba,70-79,Varón,12018,4638.99,0.39,0.17,0.06,0.35,10816.2,0.15
2005,14,Córdoba,80+,Mujer,2564,1358.06,0.53,0.09,0.05,0.51,2307.6,0.09
2005,14,Córdoba,80+,Varón,1469,924.14,0.63,0.08,0.05,0.65,1322.1,0.07
2005,18,Corrientes,30-39,Mujer,2111,850.98,0.4,0.04,0.02,0.4,1899.9,0.04
2005,18,Corrientes,30-39,Varón,758,485.86,0.64,0.02,0.01,0.64,682.2,0.01
2005,18,Corrientes,40-49,Mujer,2153,688.77,0.32,0.06,0.02,0.31,1937.7,0.05
2005,18,Corrientes,40-49,Varón,1988,788.07,0.4,0.05,0.02,0.39,1789.2,0.05
2005,18,Corrientes,50-59,Mujer,4756,1393.04,0.29,0.13,0.03,0.27,4280.4,0.11
2005,18,Corrientes,50-59,Varón,6026,1855.84,0.31,0.19,0.05,0.27,5423.4,0.17
2005,18,Corrientes,60-69,Mujer,5040,1292.05,0.26,0.22,0.05,0.23,4536,0.2
2005,18,Corrientes,60-69,Varón,2713,1033.3,0.38,0.17,0.06,0.35,2441.7,0.15
2005,18,Corrientes,70-79,Mujer,1505,622.79,0.41,0.15,0.06,0.39,1354.5,0.14
2005,18,Corrientes,70-79,Varón,3323,1107.63,0.33,0.31,0.09,0.29,2990.7,0.28
2005,18,Corrientes,80+,Mujer,0,0,NA,0,0,NA,0,0
2005,18,Corrientes,80+,Varón,470,318.09,0.68,0.2,0.12,0.6,423,0.18
2005,22,Chaco,30-39,Mujer,5531,1419.38,0.26,0.12,0.03,0.24,4977.9,0.1
2005,22,Chaco,30-39,Varón,1225,636.73,0.52,0.03,0.01,0.51,1102.5,0.03
2005,22,Chaco,40-49,Mujer,3847,917.73,0.24,0.09,0.02,0.23,3462.3,0.08
2005,22,Chaco,40-49,Varón,1931,717.33,0.37,0.05,0.02,0.36,1737.9,0.04
2005,22,Chaco,50-59,Mujer,4520,1451,0.32,0.15,0.04,0.29,4068,0.14
2005,22,Chaco,50-59,Varón,4534,1483.97,0.33,0.12,0.04,0.31,4080.6,0.11
2005,22,Chaco,60-69,Mujer,2767,807.5,0.29,0.15,0.04,0.27,2490.3,0.13
2005,22,Chaco,60-69,Varón,2664,889.04,0.33,0.16,0.05,0.31,2397.6,0.14
2005,22,Chaco,70-79,Mujer,5032,1423.23,0.28,0.25,0.06,0.24,4528.8,0.23
2005,22,Chaco,70-79,Varón,1781,587.72,0.33,0.19,0.07,0.35,1602.9,0.17
2005,22,Chaco,80+,Mujer,787,398.16,0.51,0.2,0.09,0.46,708.3,0.18
2005,22,Chaco,80+,Varón,255,187.95,0.74,0.07,0.05,0.75,229.5,0.06
2005,26,Chubut,30-39,Mujer,3025,910,0.3,0.09,0.03,0.29,2722.5,0.08
2005,26,Chubut,30-39,Varón,921,342.88,0.37,0.03,0.01,0.37,828.9,0.03
2005,26,Chubut,40-49,Mujer,2285,548.24,0.24,0.12,0.03,0.23,2056.5,0.11
2005,26,Chubut,40-49,Varón,1949,620.11,0.32,0.09,0.03,0.31,1754.1,0.08
2005,26,Chubut,50-59,Mujer,2475,597.58,0.24,0.12,0.03,0.24,2227.5,0.1
2005,26,Chubut,50-59,Varón,3056,795.08,0.26,0.17,0.04,0.24,2750.4,0.15
2005,26,Chubut,60-69,Mujer,2081,680.61,0.33,0.15,0.05,0.3,1872.9,0.14
2005,26,Chubut,60-69,Varón,1436,415.31,0.29,0.1,0.03,0.31,1292.4,0.09
2005,26,Chubut,70-79,Mujer,1710,404.45,0.24,0.25,0.06,0.23,1539,0.22
2005,26,Chubut,70-79,Varón,1109,367.24,0.33,0.27,0.08,0.29,998.1,0.24
2005,26,Chubut,80+,Mujer,1122,584.37,0.52,0.31,0.12,0.39,1009.8,0.28
2005,26,Chubut,80+,Varón,82,82,1,0.19,0.21,1.06,73.8,0.17
2005,30,Entre Ríos,30-39,Mujer,3604,1328.83,0.37,0.06,0.02,0.36,3243.6,0.05
2005,30,Entre Ríos,30-39,Varón,1065,663.33,0.62,0.02,0.01,0.62,958.5,0.02
2005,30,Entre Ríos,40-49,Mujer,1830,873.08,0.48,0.04,0.02,0.47,1647,0.03
2005,30,Entre Ríos,40-49,Varón,1847,789.85,0.43,0.03,0.01,0.43,1662.3,0.03
2005,30,Entre Ríos,50-59,Mujer,6341,2001.26,0.32,0.13,0.04,0.29,5706.9,0.12
2005,30,Entre Ríos,50-59,Varón,8914,2678.24,0.3,0.17,0.05,0.27,8022.6,0.15
2005,30,Entre Ríos,60-69,Mujer,5330,1562.39,0.29,0.13,0.04,0.28,4797,0.12
2005,30,Entre Ríos,60-69,Varón,4061,1443.98,0.36,0.13,0.04,0.34,3654.9,0.11
2005,30,Entre Ríos,70-79,Mujer,7808,2876.67,0.37,0.27,0.08,0.29,7027.2,0.25
2005,30,Entre Ríos,70-79,Varón,4717,1790.99,0.38,0.19,0.06,0.34,4245.3,0.17
2005,30,Entre Ríos,80+,Mujer,2383,1023.03,0.43,0.13,0.06,0.46,2144.7,0.12
2005,30,Entre Ríos,80+,Varón,1101,860.08,0.78,0.2,0.14,0.7,990.9,0.18
2005,34,Formosa,30-39,Mujer,761,265.92,0.35,0.03,0.01,0.35,684.9,0.03
2005,34,Formosa,30-39,Varón,969,329.12,0.34,0.04,0.01,0.34,872.1,0.04
2005,34,Formosa,40-49,Mujer,1842,501.83,0.27,0.1,0.03,0.26,1657.8,0.09
2005,34,Formosa,40-49,Varón,2256,749.87,0.33,0.11,0.04,0.31,2030.4,0.1
2005,34,Formosa,50-59,Mujer,2918,1183.79,0.41,0.2,0.07,0.34,2626.2,0.18
2005,34,Formosa,50-59,Varón,1380,439.24,0.32,0.09,0.03,0.31,1242,0.08
2005,34,Formosa,60-69,Mujer,2509,795.68,0.32,0.33,0.09,0.27,2258.1,0.3
2005,34,Formosa,60-69,Varón,655,274.6,0.42,0.11,0.05,0.43,589.5,0.1
2005,34,Formosa,70-79,Mujer,1711,911.53,0.53,0.23,0.11,0.49,1539.9,0.21
2005,34,Formosa,70-79,Varón,135,89.02,0.66,0.04,0.03,0.69,121.5,0.03
2005,34,Formosa,80+,Mujer,325,159.04,0.49,0.14,0.07,0.49,292.5,0.13
2005,34,Formosa,80+,Varón,74,52.34,0.71,0.04,0.03,0.75,66.6,0.03
2005,38,Jujuy,30-39,Mujer,1077,438.47,0.41,0.02,0.01,0.41,969.3,0.02
2005,38,Jujuy,30-39,Varón,509,291.8,0.57,0.02,0.01,0.57,458.1,0.01
2005,38,Jujuy,40-49,Mujer,1582,501.43,0.32,0.06,0.02,0.32,1423.8,0.05
2005,38,Jujuy,40-49,Varón,752,380.79,0.51,0.03,0.02,0.51,676.8,0.03
2005,38,Jujuy,50-59,Mujer,1008,368.91,0.37,0.04,0.02,0.41,907.2,0.04
2005,38,Jujuy,50-59,Varón,2327,901.54,0.39,0.1,0.04,0.37,2094.3,0.09
2005,38,Jujuy,60-69,Mujer,1174,403.47,0.34,0.1,0.03,0.34,1056.6,0.09
2005,38,Jujuy,60-69,Varón,2773,796.18,0.29,0.18,0.05,0.27,2495.7,0.16
2005,38,Jujuy,70-79,Mujer,667,268.6,0.4,0.07,0.03,0.41,600.3,0.06
2005,38,Jujuy,70-79,Varón,564,295.24,0.52,0.07,0.04,0.57,507.6,0.06
2005,38,Jujuy,80+,Mujer,289,149.48,0.52,0.1,0.05,0.51,260.1,0.09
2005,38,Jujuy,80+,Varón,214,151.38,0.71,0.09,0.06,0.71,192.6,0.08
2005,42,La Pampa,30-39,Mujer,1878,640.42,0.34,0.1,0.03,0.32,1690.2,0.09
2005,42,La Pampa,30-39,Varón,194,139.27,0.72,0.01,0.01,0.72,174.6,0.01
2005,42,La Pampa,40-49,Mujer,1129,332.66,0.29,0.1,0.03,0.28,1016.1,0.09
2005,42,La Pampa,40-49,Varón,97,97,1,0.01,0.01,1,87.3,0.01
2005,42,La Pampa,50-59,Mujer,992,325.31,0.33,0.09,0.03,0.31,892.8,0.09
2005,42,La Pampa,50-59,Varón,1329,468.84,0.35,0.13,0.04,0.33,1196.1,0.12
2005,42,La Pampa,60-69,Mujer,976,404.79,0.41,0.15,0.05,0.37,878.4,0.13
2005,42,La Pampa,60-69,Varón,790,323.25,0.41,0.15,0.06,0.38,711,0.14
2005,42,La Pampa,70-79,Mujer,598,217.77,0.36,0.12,0.04,0.34,538.2,0.11
2005,42,La Pampa,70-79,Varón,1239,448.7,0.36,0.24,0.07,0.31,1115.1,0.22
2005,42,La Pampa,80+,Mujer,154,104.16,0.68,0.06,0.04,0.66,138.6,0.06
2005,42,La Pampa,80+,Varón,114,85.91,0.75,0.1,0.08,0.75,102.6,0.09
2005,46,La Rioja,30-39,Mujer,1443,407.44,0.28,0.08,0.02,0.27,1298.7,0.07
2005,46,La Rioja,30-39,Varón,192,120.93,0.63,0.01,0.01,0.63,172.8,0.01
2005,46,La Rioja,40-49,Mujer,1741,437.95,0.25,0.14,0.03,0.23,1566.9,0.12
2005,46,La Rioja,40-49,Varón,1187,377.02,0.32,0.09,0.03,0.3,1068.3,0.08
2005,46,La Rioja,50-59,Mujer,2537,585.25,0.23,0.25,0.05,0.19,2283.3,0.22
2005,46,La Rioja,50-59,Varón,1347,432.87,0.32,0.13,0.04,0.3,1212.3,0.12
2005,46,La Rioja,60-69,Mujer,1116,369.26,0.33,0.17,0.05,0.3,1004.4,0.15
2005,46,La Rioja,60-69,Varón,970,342.76,0.35,0.13,0.04,0.34,873,0.12
2005,46,La Rioja,70-79,Mujer,1124,381.62,0.34,0.32,0.08,0.26,1011.6,0.29
2005,46,La Rioja,70-79,Varón,1116,384.96,0.34,0.49,0.11,0.22,1004.4,0.44
2005,46,La Rioja,80+,Mujer,259,175.9,0.68,0.21,0.12,0.59,233.1,0.19
2005,46,La Rioja,80+,Varón,33,33,1,0.02,0.02,1.03,29.7,0.02
2005,50,Mendoza,30-39,Mujer,610,610,1,0.01,0.01,1,549,0.01
2005,50,Mendoza,30-39,Varón,499,354.98,0.71,0.01,0,0.71,449.1,0.01
2005,50,Mendoza,40-49,Mujer,6126,1635.56,0.27,0.08,0.02,0.26,5513.4,0.07
2005,50,Mendoza,40-49,Varón,2946,1296.78,0.44,0.04,0.02,0.44,2651.4,0.04
2005,50,Mendoza,50-59,Mujer,5773,2017.17,0.35,0.09,0.03,0.33,5195.7,0.08
2005,50,Mendoza,50-59,Varón,9521,3096.42,0.33,0.14,0.04,0.3,8568.9,0.12
2005,50,Mendoza,60-69,Mujer,8268,2573.62,0.31,0.14,0.04,0.28,7441.2,0.12
2005,50,Mendoza,60-69,Varón,3386,1232.36,0.36,0.1,0.04,0.36,3047.4,0.09
2005,50,Mendoza,70-79,Mujer,4397,1374.99,0.31,0.1,0.03,0.31,3957.3,0.09
2005,50,Mendoza,70-79,Varón,4732,1587.15,0.34,0.22,0.07,0.3,4258.8,0.2
2005,50,Mendoza,80+,Mujer,3399,1402.67,0.41,0.2,0.07,0.37,3059.1,0.18
2005,50,Mendoza,80+,Varón,3413,1342.93,0.39,0.33,0.11,0.32,3071.7,0.3
2005,54,Misiones,30-39,Mujer,3807,1110.16,0.29,0.07,0.02,0.28,3426.3,0.07
2005,54,Misiones,30-39,Varón,1085,493.6,0.45,0.03,0.01,0.45,976.5,0.03
2005,54,Misiones,40-49,Mujer,2103,878.58,0.42,0.06,0.03,0.4,1892.7,0.06
2005,54,Misiones,40-49,Varón,2409,923.64,0.38,0.07,0.02,0.37,2168.1,0.06
2005,54,Misiones,50-59,Mujer,4012,1400.5,0.35,0.14,0.05,0.32,3610.8,0.13
2005,54,Misiones,50-59,Varón,3059,941.56,0.31,0.1,0.03,0.3,2753.1,0.09
2005,54,Misiones,60-69,Mujer,5126,1481.38,0.29,0.25,0.06,0.24,4613.4,0.23
2005,54,Misiones,60-69,Varón,2564,766.42,0.3,0.19,0.05,0.28,2307.6,0.18
2005,54,Misiones,70-79,Mujer,1063,498.49,0.47,0.1,0.04,0.45,956.7,0.09
2005,54,Misiones,70-79,Varón,2067,794.78,0.38,0.15,0.06,0.37,1860.3,0.14
2005,54,Misiones,80+,Mujer,386,245.21,0.64,0.13,0.08,0.62,347.4,0.12
2005,54,Misiones,80+,Varón,720,353.96,0.49,0.17,0.09,0.5,648,0.16
2005,58,Neuquén,30-39,Mujer,3947,923.86,0.23,0.11,0.02,0.22,3552.3,0.1
2005,58,Neuquén,30-39,Varón,2085,735.86,0.35,0.07,0.02,0.34,1876.5,0.06
2005,58,Neuquén,40-49,Mujer,1800,609.66,0.34,0.07,0.02,0.32,1620,0.06
2005,58,Neuquén,40-49,Varón,804,428.87,0.53,0.04,0.02,0.52,723.6,0.03
2005,58,Neuquén,50-59,Mujer,2298,739.45,0.32,0.13,0.04,0.29,2068.2,0.12
2005,58,Neuquén,50-59,Varón,3369,965.94,0.29,0.15,0.04,0.26,3032.1,0.14
2005,58,Neuquén,60-69,Mujer,1457,501.64,0.34,0.19,0.06,0.31,1311.3,0.17
2005,58,Neuquén,60-69,Varón,1999,634.34,0.32,0.22,0.06,0.28,1799.1,0.19
2005,58,Neuquén,70-79,Mujer,1513,488.95,0.32,0.17,0.06,0.32,1361.7,0.16
2005,58,Neuquén,70-79,Varón,1097,392,0.36,0.17,0.06,0.35,987.3,0.16
2005,58,Neuquén,80+,Mujer,639,269.99,0.42,0.22,0.09,0.4,575.1,0.2
2005,58,Neuquén,80+,Varón,0,0,NA,0,0,NA,0,0
2005,62,Río Negro,30-39,Mujer,2690,835.51,0.31,0.07,0.02,0.3,2421,0.06
2005,62,Río Negro,30-39,Varón,513,380.19,0.74,0.02,0.01,0.74,461.7,0.02
2005,62,Río Negro,40-49,Mujer,3001,808.94,0.27,0.13,0.03,0.25,2700.9,0.12
2005,62,Río Negro,40-49,Varón,1829,805.99,0.44,0.07,0.03,0.42,1646.1,0.06
2005,62,Río Negro,50-59,Mujer,4634,976.18,0.21,0.18,0.03,0.2,4170.6,0.16
2005,62,Río Negro,50-59,Varón,1915,743.92,0.39,0.08,0.03,0.38,1723.5,0.07
2005,62,Río Negro,60-69,Mujer,2605,914.81,0.35,0.16,0.05,0.31,2344.5,0.15
2005,62,Río Negro,60-69,Varón,4207,1359.67,0.32,0.26,0.07,0.27,3786.3,0.24
2005,62,Río Negro,70-79,Mujer,3354,924.42,0.28,0.32,0.07,0.22,3018.6,0.29
2005,62,Río Negro,70-79,Varón,1794,569.77,0.32,0.24,0.07,0.29,1614.6,0.21
2005,62,Río Negro,80+,Mujer,629,323,0.51,0.14,0.07,0.49,566.1,0.13
2005,62,Río Negro,80+,Varón,895,828.87,0.93,0.24,0.18,0.77,805.5,0.21
2005,66,Salta,30-39,Mujer,2140,1074.41,0.5,0.03,0.02,0.49,1926,0.03
2005,66,Salta,30-39,Varón,1014,476.48,0.47,0.02,0.01,0.47,912.6,0.02
2005,66,Salta,40-49,Mujer,2093,778.97,0.37,0.05,0.02,0.37,1883.7,0.04
2005,66,Salta,40-49,Varón,2024,841.04,0.42,0.05,0.02,0.41,1821.6,0.04
2005,66,Salta,50-59,Mujer,4020,1074.21,0.27,0.1,0.03,0.27,3618,0.09
2005,66,Salta,50-59,Varón,1072,622.91,0.58,0.03,0.02,0.58,964.8,0.03
2005,66,Salta,60-69,Mujer,1631,519.03,0.32,0.08,0.03,0.32,1467.9,0.07
2005,66,Salta,60-69,Varón,2103,916.47,0.44,0.12,0.05,0.41,1892.7,0.11
2005,66,Salta,70-79,Mujer,1803,561.93,0.31,0.14,0.04,0.31,1622.7,0.12
2005,66,Salta,70-79,Varón,1896,949.26,0.5,0.12,0.06,0.48,1706.4,0.11
2005,66,Salta,80+,Mujer,1094,463.25,0.42,0.13,0.06,0.47,984.6,0.12
2005,66,Salta,80+,Varón,357,207.72,0.58,0.1,0.06,0.63,321.3,0.09
2005,70,San Juan,30-39,Mujer,4299,1222.22,0.28,0.1,0.03,0.27,3869.1,0.09
2005,70,San Juan,30-39,Varón,1355,697.7,0.51,0.04,0.02,0.5,1219.5,0.03
2005,70,San Juan,40-49,Mujer,2378,707.68,0.3,0.08,0.02,0.29,2140.2,0.07
2005,70,San Juan,40-49,Varón,980,412.35,0.42,0.04,0.02,0.42,882,0.03
2005,70,San Juan,50-59,Mujer,4218,1117.83,0.27,0.14,0.04,0.24,3796.2,0.13
2005,70,San Juan,50-59,Varón,1837,838.8,0.46,0.07,0.03,0.44,1653.3,0.06
2005,70,San Juan,60-69,Mujer,3355,924.04,0.28,0.18,0.04,0.25,3019.5,0.16
2005,70,San Juan,60-69,Varón,2807,883.76,0.31,0.17,0.05,0.29,2526.3,0.15
2005,70,San Juan,70-79,Mujer,3537,975.07,0.28,0.26,0.06,0.23,3183.3,0.23
2005,70,San Juan,70-79,Varón,3317,1058.28,0.32,0.33,0.09,0.26,2985.3,0.3
2005,70,San Juan,80+,Mujer,412,306,0.74,0.09,0.07,0.7,370.8,0.08
2005,70,San Juan,80+,Varón,1357,710.32,0.52,0.32,0.13,0.4,1221.3,0.29
2005,74,San Luis,30-39,Mujer,3780,853.29,0.23,0.16,0.03,0.2,3402,0.14
2005,74,San Luis,30-39,Varón,1199,459.78,0.38,0.05,0.02,0.37,1079.1,0.05
2005,74,San Luis,40-49,Mujer,2362,545.92,0.23,0.12,0.03,0.22,2125.8,0.11
2005,74,San Luis,40-49,Varón,1270,495.96,0.39,0.08,0.03,0.37,1143,0.07
2005,74,San Luis,50-59,Mujer,3101,727.03,0.23,0.15,0.03,0.22,2790.9,0.14
2005,74,San Luis,50-59,Varón,2100,647.24,0.31,0.13,0.04,0.29,1890,0.12
2005,74,San Luis,60-69,Mujer,908,311.19,0.34,0.09,0.03,0.33,817.2,0.08
2005,74,San Luis,60-69,Varón,1909,706.3,0.37,0.22,0.07,0.33,1718.1,0.2
2005,74,San Luis,70-79,Mujer,695,243.09,0.35,0.1,0.04,0.34,625.5,0.09
2005,74,San Luis,70-79,Varón,629,246.62,0.39,0.12,0.05,0.39,566.1,0.11
2005,74,San Luis,80+,Mujer,686,287.62,0.42,0.21,0.08,0.38,617.4,0.19
2005,74,San Luis,80+,Varón,0,0,NA,0,0,NA,0,0
2005,78,Santa Cruz,30-39,Mujer,828,325.76,0.39,0.06,0.02,0.38,745.2,0.06
2005,78,Santa Cruz,30-39,Varón,322,187.84,0.58,0.03,0.02,0.58,289.8,0.02
2005,78,Santa Cruz,40-49,Mujer,1507,390.94,0.26,0.15,0.04,0.24,1356.3,0.13
2005,78,Santa Cruz,40-49,Varón,1156,383.62,0.33,0.1,0.03,0.31,1040.4,0.09
2005,78,Santa Cruz,50-59,Mujer,1237,350.72,0.28,0.16,0.04,0.26,1113.3,0.15
2005,78,Santa Cruz,50-59,Varón,1501,431.95,0.29,0.15,0.04,0.27,1350.9,0.14
2005,78,Santa Cruz,60-69,Mujer,1039,314.2,0.3,0.17,0.05,0.28,935.1,0.16
2005,78,Santa Cruz,60-69,Varón,772,261.55,0.34,0.14,0.05,0.32,694.8,0.13
2005,78,Santa Cruz,70-79,Mujer,447,172.64,0.39,0.15,0.05,0.37,402.3,0.13
2005,78,Santa Cruz,70-79,Varón,177,93.05,0.53,0.15,0.07,0.49,159.3,0.14
2005,78,Santa Cruz,80+,Mujer,82,49.11,0.6,0.15,0.09,0.61,73.8,0.13
2005,78,Santa Cruz,80+,Varón,0,0,NA,0,0,NA,0,0
2005,82,Santa Fe,30-39,Mujer,6543,2973.05,0.45,0.03,0.02,0.45,5888.7,0.03
2005,82,Santa Fe,30-39,Varón,6731,3560.59,0.53,0.04,0.02,0.52,6057.9,0.04
2005,82,Santa Fe,40-49,Mujer,5941,2032.19,0.34,0.05,0.02,0.34,5346.9,0.04
2005,82,Santa Fe,40-49,Varón,8251,2995.79,0.36,0.05,0.02,0.36,7425.9,0.04
2005,82,Santa Fe,50-59,Mujer,19556,5259.1,0.27,0.14,0.04,0.25,17600.4,0.13
2005,82,Santa Fe,50-59,Varón,29172,8116.61,0.28,0.22,0.05,0.25,26254.8,0.2
2005,82,Santa Fe,60-69,Mujer,20607,5111.1,0.25,0.18,0.04,0.22,18546.3,0.16
2005,82,Santa Fe,60-69,Varón,27203,7885.26,0.29,0.3,0.07,0.23,24482.7,0.27
2005,82,Santa Fe,70-79,Mujer,6670,2265.14,0.34,0.07,0.02,0.34,6003,0.06
2005,82,Santa Fe,70-79,Varón,7529,3790.52,0.5,0.12,0.06,0.47,6776.1,0.11
2005,82,Santa Fe,80+,Mujer,2750,1366.1,0.5,0.06,0.03,0.49,2475,0.05
2005,82,Santa Fe,80+,Varón,1164,587.28,0.5,0.11,0.06,0.52,1047.6,0.1
2005,86,Santiago del Estero,30-39,Mujer,2190,603.63,0.28,0.06,0.02,0.27,1971,0.05
2005,86,Santiago del Estero,30-39,Varón,1989,621.97,0.31,0.07,0.02,0.3,1790.1,0.06
2005,86,Santiago del Estero,40-49,Mujer,2941,730.88,0.25,0.12,0.03,0.24,2646.9,0.1
2005,86,Santiago del Estero,40-49,Varón,2108,719.07,0.34,0.08,0.03,0.33,1897.2,0.07
2005,86,Santiago del Estero,50-59,Mujer,3726,1022.02,0.27,0.15,0.04,0.25,3353.4,0.14
2005,86,Santiago del Estero,50-59,Varón,3914,963.23,0.25,0.18,0.04,0.23,3522.6,0.16
2005,86,Santiago del Estero,60-69,Mujer,2026,797.83,0.39,0.15,0.05,0.36,1823.4,0.13
2005,86,Santiago del Estero,60-69,Varón,3855,1018.18,0.26,0.3,0.07,0.22,3469.5,0.27
2005,86,Santiago del Estero,70-79,Mujer,1293,370.43,0.29,0.12,0.03,0.28,1163.7,0.11
2005,86,Santiago del Estero,70-79,Varón,1973,594.77,0.3,0.33,0.08,0.24,1775.7,0.3
2005,86,Santiago del Estero,80+,Mujer,409,225.87,0.55,0.08,0.04,0.55,368.1,0.07
2005,86,Santiago del Estero,80+,Varón,318,204.41,0.64,0.09,0.06,0.63,286.2,0.08
2005,90,Tucumán,30-39,Mujer,7861,2163.63,0.28,0.1,0.03,0.26,7074.9,0.09
2005,90,Tucumán,30-39,Varón,314,314,1,0.01,0.01,1,282.6,0
2005,90,Tucumán,40-49,Mujer,2868,1073.89,0.37,0.05,0.02,0.37,2581.2,0.05
2005,90,Tucumán,40-49,Varón,2532,1116,0.44,0.05,0.02,0.44,2278.8,0.04
2005,90,Tucumán,50-59,Mujer,8538,2158.19,0.25,0.16,0.04,0.23,7684.2,0.14
2005,90,Tucumán,50-59,Varón,3473,1281.97,0.37,0.06,0.02,0.37,3125.7,0.05
2005,90,Tucumán,60-69,Mujer,8759,2226.89,0.25,0.31,0.06,0.2,7883.1,0.28
2005,90,Tucumán,60-69,Varón,6996,1867.45,0.27,0.23,0.06,0.24,6296.4,0.21
2005,90,Tucumán,70-79,Mujer,2621,1376.76,0.53,0.1,0.05,0.49,2358.9,0.09
2005,90,Tucumán,70-79,Varón,1852,1047.89,0.57,0.1,0.05,0.53,1666.8,0.09
2005,90,Tucumán,80+,Mujer,1472,902.46,0.61,0.13,0.07,0.57,1324.8,0.12
2005,90,Tucumán,80+,Varón,1396,1010.59,0.72,0.24,0.15,0.63,1256.4,0.22
2005,94,Tierra del Fuego,30-39,Mujer,1543,352.03,0.23,0.16,0.03,0.21,1388.7,0.14
2005,94,Tierra del Fuego,30-39,Varón,460,181.93,0.4,0.05,0.02,0.39,414,0.05
2005,94,Tierra del Fuego,40-49,Mujer,921,228.52,0.25,0.11,0.03,0.23,828.9,0.1
2005,94,Tierra del Fuego,40-49,Varón,522,198.48,0.38,0.07,0.03,0.36,469.8,0.07
2005,94,Tierra del Fuego,50-59,Mujer,834,234.08,0.28,0.19,0.05,0.25,750.6,0.17
2005,94,Tierra del Fuego,50-59,Varón,343,138.38,0.4,0.07,0.03,0.4,308.7,0.07
2005,94,Tierra del Fuego,60-69,Mujer,270,108.09,0.4,0.18,0.07,0.38,243,0.16
2005,94,Tierra del Fuego,60-69,Varón,311,138.77,0.45,0.25,0.09,0.37,279.9,0.23
2005,94,Tierra del Fuego,70-79,Mujer,82,49.7,0.61,0.16,0.1,0.6,73.8,0.15
2005,94,Tierra del Fuego,70-79,Varón,169,80.21,0.47,0.24,0.11,0.47,152.1,0.21
2005,94,Tierra del Fuego,80+,Mujer,17,17,1,0.07,0.07,1.06,15.3,0.06
2005,94,Tierra del Fuego,80+,Varón,50,50,1,0.25,0.23,0.92,45,0.23
2009,2,CABA,30-39,Mujer,10717,4812.4,0.45,0.04,0.02,0.44,9645.3,0.04
2009,2,CABA,30-39,Varón,5730,3571.54,0.62,0.03,0.02,0.62,5157,0.02
2009,2,CABA,40-49,Mujer,13745,6795,0.49,0.07,0.03,0.47,12370.5,0.06
2009,2,CABA,40-49,Varón,14415,6945.64,0.48,0.1,0.04,0.45,12973.5,0.09
2009,2,CABA,50-59,Mujer,12937,5716.22,0.44,0.06,0.03,0.43,11643.3,0.06
2009,2,CABA,50-59,Varón,13014,5545.77,0.43,0.1,0.04,0.41,11712.6,0.09
2009,2,CABA,60-69,Mujer,27050,8290.44,0.31,0.16,0.05,0.28,24345,0.15
2009,2,CABA,60-69,Varón,12028,5049.33,0.42,0.09,0.04,0.41,10825.2,0.08
2009,2,CABA,70-79,Mujer,11696,4698.85,0.4,0.1,0.04,0.38,10526.4,0.09
2009,2,CABA,70-79,Varón,17344,6425.6,0.37,0.2,0.07,0.34,15609.6,0.18
2009,2,CABA,80+,Mujer,10421,4514.26,0.43,0.17,0.07,0.4,9378.9,0.15
2009,2,CABA,80+,Varón,12390,5305.65,0.43,0.23,0.09,0.38,11151,0.21
2009,6,Buenos Aires,30-39,Mujer,96556,16065.31,0.17,0.09,0.01,0.16,86900.4,0.08
2009,6,Buenos Aires,30-39,Varón,35096,9159.84,0.26,0.04,0.01,0.26,31586.4,0.03
2009,6,Buenos Aires,40-49,Mujer,84610,14518.57,0.17,0.09,0.02,0.16,76149,0.08
2009,6,Buenos Aires,40-49,Varón,39210,9552.6,0.24,0.05,0.01,0.24,35289,0.05
2009,6,Buenos Aires,50-59,Mujer,96059,15790.86,0.16,0.12,0.02,0.15,86453.1,0.11
2009,6,Buenos Aires,50-59,Varón,91662,16078.01,0.18,0.13,0.02,0.17,82495.8,0.11
2009,6,Buenos Aires,60-69,Mujer,133607,17677.89,0.13,0.19,0.02,0.12,120246.3,0.18
2009,6,Buenos Aires,60-69,Varón,121705,19064.95,0.16,0.22,0.03,0.14,109534.5,0.2
2009,6,Buenos Aires,70-79,Mujer,91000,13335.93,0.15,0.22,0.03,0.13,81900,0.2
2009,6,Buenos Aires,70-79,Varón,81218,14195.45,0.17,0.24,0.04,0.15,73096.2,0.22
2009,6,Buenos Aires,80+,Mujer,28723,6991.57,0.24,0.15,0.03,0.23,25850.7,0.13
2009,6,Buenos Aires,80+,Varón,20690,6290.79,0.3,0.18,0.05,0.28,18621,0.16
2009,10,Catamarca,30-39,Mujer,977,367.12,0.38,0.05,0.02,0.37,879.3,0.05
2009,10,Catamarca,30-39,Varón,0,0,NA,0,0,NA,0,0
2009,10,Catamarca,40-49,Mujer,1309,421.11,0.32,0.08,0.03,0.31,1178.1,0.07
2009,10,Catamarca,40-49,Varón,859,318.37,0.37,0.06,0.02,0.36,773.1,0.05
2009,10,Catamarca,50-59,Mujer,3333,965.92,0.29,0.21,0.05,0.25,2999.7,0.19
2009,10,Catamarca,50-59,Varón,2073,652.06,0.31,0.17,0.05,0.29,1865.7,0.15
2009,10,Catamarca,60-69,Mujer,2935,774.01,0.26,0.3,0.06,0.21,2641.5,0.27
2009,10,Catamarca,60-69,Varón,1999,635.27,0.32,0.3,0.08,0.27,1799.1,0.27
2009,10,Catamarca,70-79,Mujer,1462,454.55,0.31,0.26,0.07,0.28,1315.8,0.23
2009,10,Catamarca,70-79,Varón,180,136.06,0.76,0.06,0.04,0.74,162,0.05
2009,10,Catamarca,80+,Mujer,273,144.35,0.53,0.15,0.08,0.55,245.7,0.13
2009,10,Catamarca,80+,Varón,120,120,1,0.06,0.06,0.98,108,0.06
2009,14,Córdoba,30-39,Mujer,13368,3690.59,0.28,0.07,0.02,0.27,12031.2,0.07
2009,14,Córdoba,30-39,Varón,7190,2459.04,0.34,0.04,0.01,0.34,6471,0.04
2009,14,Córdoba,40-49,Mujer,18691,4644.01,0.25,0.11,0.03,0.24,16821.9,0.1
2009,14,Córdoba,40-49,Varón,10669,3401,0.32,0.07,0.02,0.31,9602.1,0.07
2009,14,Córdoba,50-59,Mujer,17333,4226.5,0.24,0.1,0.02,0.24,15599.7,0.09
2009,14,Córdoba,50-59,Varón,17344,4618.73,0.27,0.13,0.03,0.25,15609.6,0.12
2009,14,Córdoba,60-69,Mujer,21448,4332.58,0.2,0.16,0.03,0.19,19303.2,0.15
2009,14,Córdoba,60-69,Varón,20229,5422.51,0.27,0.19,0.05,0.24,18206.1,0.17
2009,14,Córdoba,70-79,Mujer,10965,2526.89,0.23,0.13,0.03,0.22,9868.5,0.12
2009,14,Córdoba,70-79,Varón,17720,4989.47,0.28,0.26,0.06,0.23,15948,0.23
2009,14,Córdoba,80+,Mujer,16047,4296.48,0.27,0.3,0.07,0.22,14442.3,0.27
2009,14,Córdoba,80+,Varón,5262,2173.59,0.41,0.2,0.07,0.38,4735.8,0.18
2009,18,Corrientes,30-39,Mujer,3708,1356.44,0.37,0.06,0.02,0.35,3337.2,0.05
2009,18,Corrientes,30-39,Varón,501,380.66,0.76,0.01,0.01,0.76,450.9,0.01
2009,18,Corrientes,40-49,Mujer,7238,3421.43,0.47,0.15,0.06,0.41,6514.2,0.13
2009,18,Corrientes,40-49,Varón,2628,1106.42,0.42,0.07,0.03,0.41,2365.2,0.06
2009,18,Corrientes,50-59,Mujer,10574,2682.09,0.25,0.25,0.05,0.22,9516.6,0.22
2009,18,Corrientes,50-59,Varón,3968,1559.84,0.39,0.14,0.05,0.36,3571.2,0.13
2009,18,Corrientes,60-69,Mujer,6417,1827.2,0.28,0.21,0.05,0.26,5775.3,0.19
2009,18,Corrientes,60-69,Varón,3098,1395.66,0.45,0.15,0.06,0.41,2788.2,0.14
2009,18,Corrientes,70-79,Mujer,4967,1510.98,0.3,0.34,0.08,0.25,4470.3,0.3
2009,18,Corrientes,70-79,Varón,3133,1240.53,0.4,0.25,0.09,0.34,2819.7,0.23
2009,18,Corrientes,80+,Mujer,651,405.49,0.62,0.13,0.08,0.61,585.9,0.11
2009,18,Corrientes,80+,Varón,0,0,NA,0,0,NA,0,0
2009,22,Chaco,30-39,Mujer,3210,1252.06,0.39,0.07,0.03,0.37,2889,0.06
2009,22,Chaco,30-39,Varón,2406,1009.06,0.42,0.05,0.02,0.41,2165.4,0.04
2009,22,Chaco,40-49,Mujer,4726,1530.31,0.32,0.1,0.03,0.31,4253.4,0.09
2009,22,Chaco,40-49,Varón,3016,1107.93,0.37,0.07,0.02,0.36,2714.4,0.06
2009,22,Chaco,50-59,Mujer,6826,1922.71,0.28,0.18,0.05,0.25,6143.4,0.16
2009,22,Chaco,50-59,Varón,2241,1024.76,0.46,0.05,0.02,0.45,2016.9,0.05
2009,22,Chaco,60-69,Mujer,5234,1579.01,0.3,0.17,0.05,0.27,4710.6,0.15
2009,22,Chaco,60-69,Varón,5193,1630.37,0.31,0.27,0.07,0.26,4673.7,0.24
2009,22,Chaco,70-79,Mujer,2931,970.91,0.33,0.19,0.06,0.31,2637.9,0.17
2009,22,Chaco,70-79,Varón,3501,1200.16,0.34,0.26,0.08,0.3,3150.9,0.24
2009,22,Chaco,80+,Mujer,1503,919.12,0.61,0.15,0.08,0.56,1352.7,0.13
2009,22,Chaco,80+,Varón,553,408.88,0.74,0.21,0.14,0.67,497.7,0.19
2009,26,Chubut,30-39,Mujer,2579,891.87,0.35,0.08,0.03,0.33,2321.1,0.07
2009,26,Chubut,30-39,Varón,1780,640.09,0.36,0.07,0.03,0.35,1602,0.07
2009,26,Chubut,40-49,Mujer,2342,823.98,0.35,0.1,0.03,0.33,2107.8,0.09
2009,26,Chubut,40-49,Varón,2989,1231.94,0.41,0.13,0.05,0.37,2690.1,0.12
2009,26,Chubut,50-59,Mujer,4164,1063.11,0.26,0.19,0.04,0.23,3747.6,0.17
2009,26,Chubut,50-59,Varón,2880,813.64,0.28,0.15,0.04,0.27,2592,0.14
2009,26,Chubut,60-69,Mujer,2542,681.3,0.27,0.16,0.04,0.25,2287.8,0.15
2009,26,Chubut,60-69,Varón,2213,730.9,0.33,0.19,0.06,0.3,1991.7,0.17
2009,26,Chubut,70-79,Mujer,1305,459.19,0.35,0.21,0.06,0.31,1174.5,0.19
2009,26,Chubut,70-79,Varón,3404,1045.39,0.31,0.38,0.09,0.24,3063.6,0.34
2009,26,Chubut,80+,Mujer,356,182.85,0.51,0.16,0.08,0.5,320.4,0.14
2009,26,Chubut,80+,Varón,352,250.34,0.71,0.22,0.14,0.66,316.8,0.2
2009,30,Entre Ríos,30-39,Mujer,5980,1911.22,0.32,0.08,0.02,0.31,5382,0.07
2009,30,Entre Ríos,30-39,Varón,4458,2624.43,0.59,0.06,0.03,0.56,4012.2,0.06
2009,30,Entre Ríos,40-49,Mujer,8677,2738.1,0.32,0.17,0.05,0.28,7809.3,0.15
2009,30,Entre Ríos,40-49,Varón,1779,1084.76,0.61,0.04,0.02,0.6,1601.1,0.04
2009,30,Entre Ríos,50-59,Mujer,8967,2507.79,0.28,0.15,0.04,0.26,8070.3,0.13
2009,30,Entre Ríos,50-59,Varón,9716,2649.09,0.27,0.19,0.05,0.24,8744.4,0.17
2009,30,Entre Ríos,60-69,Mujer,4291,1622.33,0.38,0.11,0.04,0.35,3861.9,0.1
2009,30,Entre Ríos,60-69,Varón,5765,1864.94,0.32,0.17,0.05,0.3,5188.5,0.15
2009,30,Entre Ríos,70-79,Mujer,7217,1965.58,0.27,0.21,0.05,0.24,6495.3,0.19
2009,30,Entre Ríos,70-79,Varón,3314,1315.54,0.4,0.26,0.09,0.34,2982.6,0.23
2009,30,Entre Ríos,80+,Mujer,3954,1825.22,0.46,0.18,0.07,0.4,3558.6,0.16
2009,30,Entre Ríos,80+,Varón,949,674.53,0.71,0.17,0.11,0.64,854.1,0.16
2009,34,Formosa,30-39,Mujer,1824,541.48,0.3,0.07,0.02,0.29,1641.6,0.06
2009,34,Formosa,30-39,Varón,746,383.48,0.51,0.03,0.02,0.51,671.4,0.03
2009,34,Formosa,40-49,Mujer,2848,823.98,0.29,0.11,0.03,0.27,2563.2,0.1
2009,34,Formosa,40-49,Varón,1896,764.38,0.4,0.1,0.04,0.38,1706.4,0.09
2009,34,Formosa,50-59,Mujer,2603,794.23,0.31,0.14,0.04,0.29,2342.7,0.12
2009,34,Formosa,50-59,Varón,1425,621.62,0.44,0.08,0.03,0.42,1282.5,0.07
2009,34,Formosa,60-69,Mujer,3779,935.7,0.25,0.31,0.06,0.2,3401.1,0.28
2009,34,Formosa,60-69,Varón,1352,714.18,0.53,0.14,0.07,0.48,1216.8,0.12
2009,34,Formosa,70-79,Mujer,1311,469.17,0.36,0.16,0.05,0.34,1179.9,0.14
2009,34,Formosa,70-79,Varón,546,327.13,0.6,0.12,0.07,0.58,491.4,0.11
2009,34,Formosa,80+,Mujer,233,172.65,0.74,0.05,0.03,0.76,209.7,0.04
2009,34,Formosa,80+,Varón,0,0,NA,0,0,NA,0,0
2009,38,Jujuy,30-39,Mujer,2272,774.7,0.34,0.06,0.02,0.33,2044.8,0.05
2009,38,Jujuy,30-39,Varón,1682,610.07,0.36,0.05,0.02,0.36,1513.8,0.04
2009,38,Jujuy,40-49,Mujer,2624,859.05,0.33,0.08,0.02,0.31,2361.6,0.07
2009,38,Jujuy,40-49,Varón,1582,716.21,0.45,0.05,0.02,0.44,1423.8,0.05
2009,38,Jujuy,50-59,Mujer,6111,1654.67,0.27,0.22,0.05,0.23,5499.9,0.2
2009,38,Jujuy,50-59,Varón,3503,1093.89,0.31,0.15,0.04,0.29,3152.7,0.13
2009,38,Jujuy,60-69,Mujer,2898,984.33,0.34,0.13,0.04,0.32,2608.2,0.12
2009,38,Jujuy,60-69,Varón,4231,1154.69,0.27,0.27,0.06,0.23,3807.9,0.25
2009,38,Jujuy,70-79,Mujer,3672,1020.52,0.28,0.33,0.07,0.23,3304.8,0.3
2009,38,Jujuy,70-79,Varón,2026,795.8,0.39,0.2,0.07,0.35,1823.4,0.18
2009,38,Jujuy,80+,Mujer,1078,601.41,0.56,0.18,0.09,0.49,970.2,0.16
2009,38,Jujuy,80+,Varón,494,410.15,0.83,0.12,0.1,0.77,444.6,0.11
2009,42,La Pampa,30-39,Mujer,1414,455.49,0.32,0.09,0.03,0.31,1272.6,0.08
2009,42,La Pampa,30-39,Varón,520,269.61,0.52,0.03,0.02,0.51,468,0.03
2009,42,La Pampa,40-49,Mujer,2226,711.96,0.32,0.13,0.04,0.29,2003.4,0.12
2009,42,La Pampa,40-49,Varón,325,192.29,0.59,0.03,0.02,0.59,292.5,0.02
2009,42,La Pampa,50-59,Mujer,1907,571.81,0.3,0.17,0.05,0.27,1716.3,0.15
2009,42,La Pampa,50-59,Varón,1409,459.34,0.33,0.1,0.03,0.32,1268.1,0.09
2009,42,La Pampa,60-69,Mujer,2387,607.58,0.25,0.23,0.05,0.22,2148.3,0.2
2009,42,La Pampa,60-69,Varón,2077,626.52,0.3,0.22,0.06,0.27,1869.3,0.2
2009,42,La Pampa,70-79,Mujer,1849,458.65,0.25,0.27,0.06,0.21,1664.1,0.24
2009,42,La Pampa,70-79,Varón,1074,404.12,0.38,0.24,0.08,0.33,966.6,0.22
2009,42,La Pampa,80+,Mujer,653,323.6,0.5,0.16,0.07,0.44,587.7,0.15
2009,42,La Pampa,80+,Varón,497,366.88,0.74,0.21,0.13,0.62,447.3,0.19
2009,46,La Rioja,30-39,Mujer,1592,600.53,0.38,0.08,0.03,0.36,1432.8,0.07
2009,46,La Rioja,30-39,Varón,812,340.58,0.42,0.04,0.02,0.41,730.8,0.04
2009,46,La Rioja,40-49,Mujer,1657,514.02,0.31,0.11,0.03,0.29,1491.3,0.1
2009,46,La Rioja,40-49,Varón,2034,593.2,0.29,0.14,0.04,0.27,1830.6,0.13
2009,46,La Rioja,50-59,Mujer,3205,779.9,0.24,0.27,0.05,0.21,2884.5,0.24
2009,46,La Rioja,50-59,Varón,2223,644.83,0.29,0.19,0.05,0.26,2000.7,0.17
2009,46,La Rioja,60-69,Mujer,3346,759.48,0.23,0.42,0.07,0.16,3011.4,0.38
2009,46,La Rioja,60-69,Varón,1675,513.28,0.31,0.24,0.06,0.27,1507.5,0.21
2009,46,La Rioja,70-79,Mujer,968,337.37,0.35,0.3,0.09,0.29,871.2,0.27
2009,46,La Rioja,70-79,Varón,1122,426.51,0.38,0.37,0.11,0.3,1009.8,0.33
2009,46,La Rioja,80+,Mujer,210,148.55,0.71,0.07,0.05,0.7,189,0.07
2009,46,La Rioja,80+,Varón,51,51,1,0.09,0.1,1.01,45.9,0.09
2009,50,Mendoza,30-39,Mujer,4487,1689.98,0.38,0.05,0.02,0.37,4038.3,0.05
2009,50,Mendoza,30-39,Varón,7169,2816.95,0.39,0.08,0.03,0.38,6452.1,0.07
2009,50,Mendoza,40-49,Mujer,3672,1522.65,0.41,0.05,0.02,0.41,3304.8,0.05
2009,50,Mendoza,40-49,Varón,5892,2366.31,0.4,0.1,0.04,0.38,5302.8,0.09
2009,50,Mendoza,50-59,Mujer,7172,2673.93,0.37,0.1,0.03,0.36,6454.8,0.09
2009,50,Mendoza,50-59,Varón,7823,2993.8,0.38,0.13,0.04,0.36,7040.7,0.11
2009,50,Mendoza,60-69,Mujer,13766,3334.76,0.24,0.23,0.05,0.21,12389.4,0.2
2009,50,Mendoza,60-69,Varón,8939,2975.88,0.33,0.2,0.06,0.3,8045.1,0.18
2009,50,Mendoza,70-79,Mujer,8378,2372.83,0.28,0.2,0.05,0.26,7540.2,0.18
2009,50,Mendoza,70-79,Varón,5263,1954.14,0.37,0.15,0.05,0.36,4736.7,0.13
2009,50,Mendoza,80+,Mujer,2606,1308.48,0.5,0.18,0.08,0.46,2345.4,0.16
2009,50,Mendoza,80+,Varón,2960,1765.55,0.6,0.23,0.12,0.52,2664,0.21
2009,54,Misiones,30-39,Mujer,6096,1655.92,0.27,0.11,0.03,0.25,5486.4,0.1
2009,54,Misiones,30-39,Varón,2009,873.32,0.43,0.05,0.02,0.43,1808.1,0.04
2009,54,Misiones,40-49,Mujer,2464,1092.98,0.44,0.06,0.02,0.43,2217.6,0.05
2009,54,Misiones,40-49,Varón,1637,797.87,0.49,0.04,0.02,0.48,1473.3,0.04
2009,54,Misiones,50-59,Mujer,3893,1386.48,0.36,0.13,0.04,0.33,3503.7,0.12
2009,54,Misiones,50-59,Varón,4049,1385.98,0.34,0.13,0.04,0.32,3644.1,0.12
2009,54,Misiones,60-69,Mujer,2440,759.42,0.31,0.16,0.05,0.3,2196,0.14
2009,54,Misiones,60-69,Varón,2965,1630.08,0.55,0.14,0.07,0.5,2668.5,0.12
2009,54,Misiones,70-79,Mujer,2241,1185.21,0.53,0.18,0.08,0.46,2016.9,0.17
2009,54,Misiones,70-79,Varón,3291,1205.58,0.37,0.46,0.12,0.26,2961.9,0.42
2009,54,Misiones,80+,Mujer,701,579.66,0.83,0.21,0.15,0.71,630.9,0.19
2009,54,Misiones,80+,Varón,0,0,NA,0,0,NA,0,0
2009,58,Neuquén,30-39,Mujer,2872,904.46,0.31,0.07,0.02,0.31,2584.8,0.06
2009,58,Neuquén,30-39,Varón,1592,675.47,0.42,0.05,0.02,0.42,1432.8,0.05
2009,58,Neuquén,40-49,Mujer,1160,506.2,0.44,0.04,0.02,0.43,1044,0.04
2009,58,Neuquén,40-49,Varón,950,576.19,0.61,0.06,0.03,0.59,855,0.05
2009,58,Neuquén,50-59,Mujer,2717,874.39,0.32,0.13,0.04,0.31,2445.3,0.11
2009,58,Neuquén,50-59,Varón,3216,1257.03,0.39,0.13,0.05,0.37,2894.4,0.12
2009,58,Neuquén,60-69,Mujer,1792,638.09,0.36,0.12,0.04,0.34,1612.8,0.11
2009,58,Neuquén,60-69,Varón,2282,786.67,0.34,0.12,0.04,0.33,2053.8,0.11
2009,58,Neuquén,70-79,Mujer,1823,655.4,0.36,0.24,0.08,0.31,1640.7,0.22
2009,58,Neuquén,70-79,Varón,1578,770.38,0.49,0.37,0.14,0.37,1420.2,0.33
2009,58,Neuquén,80+,Mujer,654,345.3,0.53,0.19,0.1,0.5,588.6,0.17
2009,58,Neuquén,80+,Varón,0,0,NA,0,0,NA,0,0
2009,62,Río Negro,30-39,Mujer,2701,860.87,0.32,0.07,0.02,0.31,2430.9,0.07
2009,62,Río Negro,30-39,Varón,1497,589.8,0.39,0.05,0.02,0.39,1347.3,0.04
2009,62,Río Negro,40-49,Mujer,2849,797.6,0.28,0.08,0.02,0.27,2564.1,0.07
2009,62,Río Negro,40-49,Varón,3711,1063.58,0.29,0.14,0.04,0.27,3339.9,0.13
2009,62,Río Negro,50-59,Mujer,3528,1102.16,0.31,0.12,0.04,0.29,3175.2,0.11
2009,62,Río Negro,50-59,Varón,3304,943.74,0.29,0.13,0.04,0.27,2973.6,0.12
2009,62,Río Negro,60-69,Mujer,4758,1186.83,0.25,0.25,0.05,0.21,4282.2,0.22
2009,62,Río Negro,60-69,Varón,2241,786.23,0.35,0.17,0.05,0.32,2016.9,0.15
2009,62,Río Negro,70-79,Mujer,1621,682.19,0.42,0.16,0.06,0.38,1458.9,0.15
2009,62,Río Negro,70-79,Varón,3192,867.42,0.27,0.32,0.07,0.23,2872.8,0.29
2009,62,Río Negro,80+,Mujer,895,366.77,0.41,0.21,0.09,0.42,805.5,0.19
2009,62,Río Negro,80+,Varón,1494,585.39,0.39,0.29,0.1,0.34,1344.6,0.26
2009,66,Salta,30-39,Mujer,3993,1292.93,0.32,0.05,0.02,0.32,3593.7,0.05
2009,66,Salta,30-39,Varón,2009,926.45,0.46,0.03,0.02,0.46,1808.1,0.03
2009,66,Salta,40-49,Mujer,7674,2316.6,0.3,0.12,0.03,0.28,6906.6,0.11
2009,66,Salta,40-49,Varón,2991,1291.58,0.43,0.07,0.03,0.41,2691.9,0.07
2009,66,Salta,50-59,Mujer,7661,2314.12,0.3,0.15,0.04,0.27,6894.9,0.14
2009,66,Salta,50-59,Varón,9753,2693.75,0.28,0.24,0.06,0.24,8777.7,0.22
2009,66,Salta,60-69,Mujer,2686,984.36,0.37,0.08,0.03,0.36,2417.4,0.07
2009,66,Salta,60-69,Varón,3057,1272.43,0.42,0.1,0.04,0.4,2751.3,0.09
2009,66,Salta,70-79,Mujer,3767,1243.16,0.33,0.31,0.09,0.27,3390.3,0.28
2009,66,Salta,70-79,Varón,2847,993.33,0.35,0.13,0.05,0.35,2562.3,0.12
2009,66,Salta,80+,Mujer,861,588.37,0.68,0.11,0.07,0.65,774.9,0.1
2009,66,Salta,80+,Varón,1855,1148.52,0.62,0.36,0.17,0.47,1669.5,0.32
2009,70,San Juan,30-39,Mujer,3027,953.99,0.32,0.07,0.02,0.31,2724.3,0.06
2009,70,San Juan,30-39,Varón,2298,1305.65,0.57,0.07,0.04,0.54,2068.2,0.06
2009,70,San Juan,40-49,Mujer,5124,1662.57,0.32,0.16,0.05,0.29,4611.6,0.15
2009,70,San Juan,40-49,Varón,3033,1218.84,0.4,0.1,0.04,0.38,2729.7,0.09
2009,70,San Juan,50-59,Mujer,4154,1262.87,0.3,0.14,0.04,0.29,3738.6,0.13
2009,70,San Juan,50-59,Varón,4291,1481.53,0.35,0.17,0.05,0.31,3861.9,0.15
2009,70,San Juan,60-69,Mujer,7879,1803.75,0.23,0.26,0.05,0.2,7091.1,0.24
2009,70,San Juan,60-69,Varón,5011,1770.8,0.35,0.29,0.08,0.28,4509.9,0.26
2009,70,San Juan,70-79,Mujer,2453,844.37,0.34,0.16,0.05,0.32,2207.7,0.15
2009,70,San Juan,70-79,Varón,4152,1237.37,0.3,0.33,0.08,0.25,3736.8,0.3
2009,70,San Juan,80+,Mujer,1776,757.52,0.43,0.27,0.1,0.36,1598.4,0.24
2009,70,San Juan,80+,Varón,570,403.94,0.71,0.1,0.07,0.69,513,0.09
2009,74,San Luis,30-39,Mujer,1980,583.28,0.29,0.08,0.02,0.29,1782,0.07
2009,74,San Luis,30-39,Varón,1233,516.31,0.42,0.05,0.02,0.41,1109.7,0.04
2009,74,San Luis,40-49,Mujer,2892,764.71,0.26,0.13,0.03,0.25,2602.8,0.12
2009,74,San Luis,40-49,Varón,1528,586.95,0.38,0.08,0.03,0.37,1375.2,0.08
2009,74,San Luis,50-59,Mujer,1182,448.33,0.38,0.06,0.02,0.37,1063.8,0.06
2009,74,San Luis,50-59,Varón,2225,744.03,0.33,0.13,0.04,0.32,2002.5,0.12
2009,74,San Luis,60-69,Mujer,3921,950.16,0.24,0.21,0.05,0.21,3528.9,0.19
2009,74,San Luis,60-69,Varón,2629,801.93,0.31,0.21,0.06,0.27,2366.1,0.19
2009,74,San Luis,70-79,Mujer,2898,769.1,0.27,0.33,0.07,0.21,2608.2,0.3
2009,74,San Luis,70-79,Varón,2062,721.95,0.35,0.28,0.08,0.29,1855.8,0.25
2009,74,San Luis,80+,Mujer,245,188.48,0.77,0.06,0.05,0.76,220.5,0.06
2009,74,San Luis,80+,Varón,0,0,NA,0,0,NA,0,0
2009,78,Santa Cruz,30-39,Mujer,1242,439.44,0.35,0.09,0.03,0.33,1117.8,0.08
2009,78,Santa Cruz,30-39,Varón,584,272.98,0.47,0.04,0.02,0.46,525.6,0.03
2009,78,Santa Cruz,40-49,Mujer,2023,547.6,0.27,0.15,0.04,0.25,1820.7,0.13
2009,78,Santa Cruz,40-49,Varón,411,189.75,0.46,0.05,0.02,0.46,369.9,0.04
2009,78,Santa Cruz,50-59,Mujer,1049,387.21,0.37,0.12,0.04,0.34,944.1,0.11
2009,78,Santa Cruz,50-59,Varón,1030,358.03,0.35,0.11,0.04,0.33,927,0.1
2009,78,Santa Cruz,60-69,Mujer,2014,476.36,0.24,0.31,0.06,0.19,1812.6,0.28
2009,78,Santa Cruz,60-69,Varón,1471,430.62,0.29,0.31,0.07,0.24,1323.9,0.27
2009,78,Santa Cruz,70-79,Mujer,839,276.17,0.33,0.27,0.08,0.3,755.1,0.25
2009,78,Santa Cruz,70-79,Varón,1050,309.91,0.3,0.27,0.07,0.26,945,0.24
2009,78,Santa Cruz,80+,Mujer,114,85.91,0.75,0.16,0.11,0.67,102.6,0.15
2009,78,Santa Cruz,80+,Varón,0,0,NA,0,0,NA,0,0
2009,82,Santa Fe,30-39,Mujer,7545,2555.67,0.34,0.04,0.01,0.33,6790.5,0.04
2009,82,Santa Fe,30-39,Varón,6591,2280.19,0.35,0.04,0.01,0.34,5931.9,0.04
2009,82,Santa Fe,40-49,Mujer,11855,3326.84,0.28,0.08,0.02,0.27,10669.5,0.07
2009,82,Santa Fe,40-49,Varón,17231,4633.46,0.27,0.1,0.03,0.26,15507.9,0.09
2009,82,Santa Fe,50-59,Mujer,15313,4116.88,0.27,0.09,0.02,0.26,13781.7,0.08
2009,82,Santa Fe,50-59,Varón,14861,5434.65,0.37,0.14,0.05,0.33,13374.9,0.12
2009,82,Santa Fe,60-69,Mujer,19358,4609.35,0.24,0.14,0.03,0.22,17422.2,0.12
2009,82,Santa Fe,60-69,Varón,19793,4887.3,0.25,0.19,0.04,0.22,17813.7,0.17
2009,82,Santa Fe,70-79,Mujer,11735,2979.24,0.25,0.13,0.03,0.24,10561.5,0.12
2009,82,Santa Fe,70-79,Varón,18608,5047.79,0.27,0.26,0.06,0.23,16747.2,0.23
2009,82,Santa Fe,80+,Mujer,5301,2175.38,0.41,0.12,0.04,0.39,4770.9,0.1
2009,82,Santa Fe,80+,Varón,5455,2125.09,0.39,0.19,0.07,0.36,4909.5,0.17
2009,86,Santiago del Estero,30-39,Mujer,5819,1383.04,0.24,0.16,0.03,0.22,5237.1,0.14
2009,86,Santiago del Estero,30-39,Varón,3209,1233.03,0.38,0.1,0.04,0.36,2888.1,0.09
2009,86,Santiago del Estero,40-49,Mujer,5010,1465.56,0.29,0.15,0.04,0.27,4509,0.14
2009,86,Santiago del Estero,40-49,Varón,4578,1501.5,0.33,0.16,0.05,0.3,4120.2,0.15
2009,86,Santiago del Estero,50-59,Mujer,6106,1771.71,0.29,0.25,0.06,0.25,5495.4,0.22
2009,86,Santiago del Estero,50-59,Varón,6576,1982.39,0.3,0.25,0.07,0.26,5918.4,0.23
2009,86,Santiago del Estero,60-69,Mujer,4845,1557.64,0.32,0.24,0.07,0.27,4360.5,0.22
2009,86,Santiago del Estero,60-69,Varón,3413,1168.52,0.34,0.27,0.08,0.3,3071.7,0.24
2009,86,Santiago del Estero,70-79,Mujer,2619,851.12,0.32,0.22,0.07,0.31,2357.1,0.2
2009,86,Santiago del Estero,70-79,Varón,3274,1306.11,0.4,0.33,0.11,0.34,2946.6,0.3
2009,86,Santiago del Estero,80+,Mujer,958,589.6,0.62,0.15,0.09,0.57,862.2,0.13
2009,86,Santiago del Estero,80+,Varón,0,0,NA,0,0,NA,0,0
2009,90,Tucumán,30-39,Mujer,6918,1896.6,0.27,0.08,0.02,0.26,6226.2,0.07
2009,90,Tucumán,30-39,Varón,3848,2122.27,0.55,0.05,0.03,0.53,3463.2,0.04
2009,90,Tucumán,40-49,Mujer,5785,1924.94,0.33,0.09,0.03,0.32,5206.5,0.08
2009,90,Tucumán,40-49,Varón,3164,1339.08,0.42,0.06,0.02,0.41,2847.6,0.05
2009,90,Tucumán,50-59,Mujer,6854,2085.98,0.3,0.13,0.04,0.29,6168.6,0.11
2009,90,Tucumán,50-59,Varón,7559,2617.51,0.35,0.17,0.05,0.31,6803.1,0.15
2009,90,Tucumán,60-69,Mujer,11834,2899.66,0.25,0.27,0.06,0.21,10650.6,0.24
2009,90,Tucumán,60-69,Varón,6693,2258.94,0.34,0.17,0.05,0.3,6023.7,0.16
2009,90,Tucumán,70-79,Mujer,2710,1098.15,0.41,0.14,0.05,0.38,2439,0.12
2009,90,Tucumán,70-79,Varón,1163,950.83,0.82,0.08,0.06,0.78,1046.7,0.07
2009,90,Tucumán,80+,Mujer,2925,1356.36,0.46,0.22,0.09,0.41,2632.5,0.2
2009,90,Tucumán,80+,Varón,1950,1217.67,0.62,0.35,0.17,0.48,1755,0.32
2009,94,Tierra del Fuego,30-39,Mujer,985,277.25,0.28,0.11,0.03,0.27,886.5,0.1
2009,94,Tierra del Fuego,30-39,Varón,253,132.92,0.53,0.03,0.01,0.52,227.7,0.02
2009,94,Tierra del Fuego,40-49,Mujer,1685,427.67,0.25,0.18,0.04,0.23,1516.5,0.16
2009,94,Tierra del Fuego,40-49,Varón,990,307.38,0.31,0.11,0.03,0.29,891,0.1
2009,94,Tierra del Fuego,50-59,Mujer,1181,375.97,0.32,0.19,0.05,0.28,1062.9,0.17
2009,94,Tierra del Fuego,50-59,Varón,812,310.65,0.38,0.16,0.05,0.35,730.8,0.14
2009,94,Tierra del Fuego,60-69,Mujer,85,49.49,0.58,0.03,0.02,0.6,76.5,0.03
2009,94,Tierra del Fuego,60-69,Varón,1261,379.85,0.3,0.56,0.1,0.18,1134.9,0.5
2009,94,Tierra del Fuego,70-79,Mujer,249,176.87,0.71,0.24,0.14,0.59,224.1,0.22
2009,94,Tierra del Fuego,70-79,Varón,294,128.5,0.44,0.34,0.13,0.37,264.6,0.31
2009,94,Tierra del Fuego,80+,Mujer,90,69.08,0.77,0.24,0.16,0.66,81,0.22
2009,94,Tierra del Fuego,80+,Varón,0,0,NA,0,0,NA,0,0
2013,2,CABA,30-39,Mujer,6817,5135.5,0.75,0.03,0.02,0.74,6135.3,0.03
2013,2,CABA,30-39,Varón,14094,6465.07,0.46,0.06,0.02,0.45,12684.6,0.05
2013,2,CABA,40-49,Mujer,2341,1588.98,0.68,0.01,0.01,0.69,2106.9,0.01
2013,2,CABA,40-49,Varón,4450,3264.93,0.73,0.03,0.02,0.73,4005,0.03
2013,2,CABA,50-59,Mujer,25797,9509.8,0.37,0.14,0.05,0.34,23217.3,0.12
2013,2,CABA,50-59,Varón,12372,5238.94,0.42,0.09,0.04,0.42,11134.8,0.08
2013,2,CABA,60-69,Mujer,30098,12847.88,0.43,0.19,0.07,0.38,27088.2,0.17
2013,2,CABA,60-69,Varón,32731,11492.02,0.35,0.29,0.08,0.29,29457.9,0.26
2013,2,CABA,70-79,Mujer,15611,8077.14,0.52,0.13,0.06,0.48,14049.9,0.12
2013,2,CABA,70-79,Varón,29121,10527.9,0.36,0.32,0.09,0.29,26208.9,0.29
2013,2,CABA,80+,Mujer,9986,4735.6,0.47,0.11,0.05,0.47,8987.4,0.1
2013,2,CABA,80+,Varón,0,0,NA,0,0,NA,0,0
2013,6,Buenos Aires,30-39,Mujer,91512,19184.12,0.21,0.08,0.02,0.2,82360.8,0.07
2013,6,Buenos Aires,30-39,Varón,54560,14451.66,0.26,0.05,0.01,0.26,49104,0.05
2013,6,Buenos Aires,40-49,Mujer,93302,20486.51,0.22,0.09,0.02,0.21,83971.8,0.09
2013,6,Buenos Aires,40-49,Varón,83533,20682.41,0.25,0.09,0.02,0.23,75179.7,0.08
2013,6,Buenos Aires,50-59,Mujer,120825,24792.52,0.21,0.16,0.03,0.19,108742.5,0.14
2013,6,Buenos Aires,50-59,Varón,97982,20855.03,0.21,0.14,0.03,0.2,88183.8,0.12
2013,6,Buenos Aires,60-69,Mujer,105171,20262.66,0.19,0.15,0.03,0.18,94653.9,0.13
2013,6,Buenos Aires,60-69,Varón,117034,21120.25,0.18,0.19,0.03,0.17,105330.6,0.18
2013,6,Buenos Aires,70-79,Mujer,94851,18394.41,0.19,0.2,0.04,0.17,85365.9,0.18
2013,6,Buenos Aires,70-79,Varón,58946,13661.49,0.23,0.22,0.05,0.21,53051.4,0.2
2013,6,Buenos Aires,80+,Mujer,24879,11950.99,0.48,0.12,0.05,0.44,22391.1,0.11
2013,6,Buenos Aires,80+,Varón,9867,3490.37,0.35,0.07,0.03,0.37,8880.3,0.06
2013,10,Catamarca,30-39,Mujer,1974,829.59,0.42,0.11,0.04,0.39,1776.6,0.1
2013,10,Catamarca,30-39,Varón,1782,803.47,0.45,0.08,0.04,0.44,1603.8,0.08
2013,10,Catamarca,40-49,Mujer,3536,1046.66,0.3,0.23,0.06,0.26,3182.4,0.21
2013,10,Catamarca,40-49,Varón,2965,1155.82,0.39,0.23,0.08,0.33,2668.5,0.2
2013,10,Catamarca,50-59,Mujer,1122,554.04,0.49,0.13,0.06,0.47,1009.8,0.12
2013,10,Catamarca,50-59,Varón,2275,1076.84,0.47,0.19,0.08,0.42,2047.5,0.17
2013,10,Catamarca,60-69,Mujer,2824,907.88,0.32,0.2,0.06,0.3,2541.6,0.18
2013,10,Catamarca,60-69,Varón,1015,617.6,0.61,0.14,0.08,0.55,913.5,0.13
2013,10,Catamarca,70-79,Mujer,872,455.48,0.52,0.16,0.08,0.49,784.8,0.14
2013,10,Catamarca,70-79,Varón,1420,646.32,0.46,0.33,0.13,0.39,1278,0.29
2013,10,Catamarca,80+,Mujer,293,293,1,0.16,0.15,0.89,263.7,0.15
2013,10,Catamarca,80+,Varón,226,226,1,0.15,0.14,0.93,203.4,0.14
2013,14,Córdoba,30-39,Mujer,17873,7021.38,0.39,0.09,0.03,0.37,16085.7,0.08
2013,14,Córdoba,30-39,Varón,7688,2955.86,0.38,0.04,0.01,0.39,6919.2,0.03
2013,14,Córdoba,40-49,Mujer,32448,10497.72,0.32,0.17,0.05,0.29,29203.2,0.15
2013,14,Córdoba,40-49,Varón,19011,6344.93,0.33,0.12,0.04,0.33,17109.9,0.1
2013,14,Córdoba,50-59,Mujer,19232,4775.8,0.25,0.14,0.03,0.25,17308.8,0.12
2013,14,Córdoba,50-59,Varón,28740,6905.33,0.24,0.22,0.05,0.23,25866,0.2
2013,14,Córdoba,60-69,Mujer,45899,14046.49,0.31,0.29,0.07,0.24,41309.1,0.26
2013,14,Córdoba,60-69,Varón,22311,9005.19,0.4,0.19,0.07,0.36,20079.9,0.17
2013,14,Córdoba,70-79,Mujer,18997,7285.76,0.38,0.24,0.08,0.32,17097.3,0.22
2013,14,Córdoba,70-79,Varón,31177,14448.19,0.46,0.55,0.13,0.23,28059.3,0.49
2013,14,Córdoba,80+,Mujer,5634,3529.83,0.63,0.1,0.06,0.59,5070.6,0.09
2013,14,Córdoba,80+,Varón,2353,1577.63,0.67,0.08,0.06,0.72,2117.7,0.07
2013,18,Corrientes,30-39,Mujer,3140,1121.17,0.36,0.05,0.02,0.36,2826,0.05
2013,18,Corrientes,30-39,Varón,1334,955.77,0.72,0.03,0.02,0.71,1200.6,0.02
2013,18,Corrientes,40-49,Mujer,3986,1417.14,0.36,0.09,0.03,0.34,3587.4,0.08
2013,18,Corrientes,40-49,Varón,1307,732.3,0.56,0.03,0.02,0.56,1176.3,0.03
2013,18,Corrientes,50-59,Mujer,7882,2203.47,0.28,0.18,0.05,0.25,7093.8,0.17
2013,18,Corrientes,50-59,Varón,2412,1454.55,0.6,0.07,0.04,0.58,2170.8,0.07
2013,18,Corrientes,60-69,Mujer,4864,2285.58,0.47,0.19,0.08,0.4,4377.6,0.17
2013,18,Corrientes,60-69,Varón,3222,1383.36,0.43,0.13,0.05,0.42,2899.8,0.11
2013,18,Corrientes,70-79,Mujer,4353,1232.51,0.28,0.21,0.06,0.27,3917.7,0.19
2013,18,Corrientes,70-79,Varón,3166,1207.47,0.38,0.18,0.07,0.39,2849.4,0.16
2013,18,Corrientes,80+,Mujer,1988,1012.21,0.51,0.23,0.11,0.46,1789.2,0.2
2013,18,Corrientes,80+,Varón,219,219,1,0.06,0.06,1.01,197.1,0.05
2013,22,Chaco,30-39,Mujer,10359,4910.37,0.47,0.14,0.06,0.42,9323.1,0.13
2013,22,Chaco,30-39,Varón,4323,1805.36,0.42,0.08,0.03,0.41,3890.7,0.07
2013,22,Chaco,40-49,Mujer,3192,1496.28,0.47,0.08,0.04,0.46,2872.8,0.07
2013,22,Chaco,40-49,Varón,1717,1079.87,0.63,0.04,0.02,0.63,1545.3,0.03
2013,22,Chaco,50-59,Mujer,2800,1390.27,0.5,0.07,0.03,0.48,2520,0.07
2013,22,Chaco,50-59,Varón,6583,2406.02,0.37,0.17,0.06,0.34,5924.7,0.15
2013,22,Chaco,60-69,Mujer,5490,1741.07,0.32,0.18,0.05,0.29,4941,0.16
2013,22,Chaco,60-69,Varón,2220,954.64,0.43,0.09,0.04,0.43,1998,0.08
2013,22,Chaco,70-79,Mujer,3583,1940.53,0.54,0.18,0.09,0.48,3224.7,0.16
2013,22,Chaco,70-79,Varón,3328,1273.17,0.38,0.36,0.12,0.34,2995.2,0.33
2013,22,Chaco,80+,Mujer,1691,1099.41,0.65,0.33,0.17,0.51,1521.9,0.3
2013,22,Chaco,80+,Varón,235,235,1,0.07,0.07,1.05,211.5,0.06
2013,26,Chubut,30-39,Mujer,2999,955.8,0.32,0.08,0.02,0.3,2699.1,0.07
2013,26,Chubut,30-39,Varón,3802,1160.85,0.31,0.09,0.03,0.29,3421.8,0.08
2013,26,Chubut,40-49,Mujer,1813,607.47,0.34,0.06,0.02,0.33,1631.7,0.05
2013,26,Chubut,40-49,Varón,2416,858.74,0.36,0.09,0.03,0.34,2174.4,0.08
2013,26,Chubut,50-59,Mujer,4194,1165.92,0.28,0.18,0.04,0.25,3774.6,0.16
2013,26,Chubut,50-59,Varón,2175,687.36,0.32,0.1,0.03,0.31,1957.5,0.09
2013,26,Chubut,60-69,Mujer,3513,975.36,0.28,0.21,0.05,0.25,3161.7,0.19
2013,26,Chubut,60-69,Varón,1749,682.42,0.39,0.12,0.04,0.37,1574.1,0.11
2013,26,Chubut,70-79,Mujer,2631,866.02,0.33,0.29,0.08,0.27,2367.9,0.26
2013,26,Chubut,70-79,Varón,1577,714.78,0.45,0.23,0.09,0.39,1419.3,0.2
2013,26,Chubut,80+,Mujer,579,291.48,0.5,0.11,0.05,0.5,521.1,0.1
2013,26,Chubut,80+,Varón,497,352.2,0.71,0.16,0.1,0.65,447.3,0.14
2013,30,Entre Ríos,30-39,Mujer,2516,934.94,0.37,0.03,0.01,0.37,2264.4,0.03
2013,30,Entre Ríos,30-39,Varón,4053,1815.44,0.45,0.06,0.03,0.44,3647.7,0.05
2013,30,Entre Ríos,40-49,Mujer,6219,2848.95,0.46,0.1,0.04,0.43,5597.1,0.09
2013,30,Entre Ríos,40-49,Varón,3329,1381.57,0.42,0.06,0.02,0.41,2996.1,0.05
2013,30,Entre Ríos,50-59,Mujer,4816,2101.44,0.44,0.09,0.04,0.41,4334.4,0.08
2013,30,Entre Ríos,50-59,Varón,6178,1983.85,0.32,0.12,0.04,0.31,5560.2,0.11
2013,30,Entre Ríos,60-69,Mujer,7640,1884.01,0.25,0.16,0.04,0.23,6876,0.15
2013,30,Entre Ríos,60-69,Varón,5713,2392.65,0.42,0.18,0.07,0.37,5141.7,0.16
2013,30,Entre Ríos,70-79,Mujer,3712,1171.72,0.32,0.11,0.03,0.31,3340.8,0.1
2013,30,Entre Ríos,70-79,Varón,4478,2123.77,0.47,0.21,0.09,0.42,4030.2,0.19
2013,30,Entre Ríos,80+,Mujer,1877,792.18,0.42,0.16,0.06,0.4,1689.3,0.14
2013,30,Entre Ríos,80+,Varón,1380,1138.69,0.83,0.21,0.15,0.69,1242,0.19
2013,34,Formosa,30-39,Mujer,1312,456.05,0.35,0.05,0.02,0.34,1180.8,0.04
2013,34,Formosa,30-39,Varón,0,0,NA,0,0,NA,0,0
2013,34,Formosa,40-49,Mujer,684,447.62,0.65,0.03,0.02,0.64,615.6,0.03
2013,34,Formosa,40-49,Varón,1259,561.46,0.45,0.06,0.03,0.43,1133.1,0.05
2013,34,Formosa,50-59,Mujer,2321,1071.04,0.46,0.13,0.06,0.43,2088.9,0.12
2013,34,Formosa,50-59,Varón,1461,739.5,0.51,0.09,0.04,0.48,1314.9,0.08
2013,34,Formosa,60-69,Mujer,2414,927.52,0.38,0.2,0.07,0.34,2172.6,0.18
2013,34,Formosa,60-69,Varón,1765,707.34,0.4,0.18,0.07,0.37,1588.5,0.17
2013,34,Formosa,70-79,Mujer,1089,566.34,0.52,0.16,0.08,0.5,980.1,0.14
2013,34,Formosa,70-79,Varón,1587,880.29,0.55,0.24,0.11,0.47,1428.3,0.21
2013,34,Formosa,80+,Mujer,754,466.27,0.62,0.15,0.09,0.6,678.6,0.13
2013,34,Formosa,80+,Varón,638,638,1,0.24,0.2,0.82,574.2,0.22
2013,38,Jujuy,30-39,Mujer,3342,1088.29,0.33,0.07,0.02,0.31,3007.8,0.07
2013,38,Jujuy,30-39,Varón,1298,686.25,0.53,0.04,0.02,0.52,1168.2,0.03
2013,38,Jujuy,40-49,Mujer,3663,1438.06,0.39,0.11,0.04,0.37,3296.7,0.1
2013,38,Jujuy,40-49,Varón,1821,1041.45,0.57,0.06,0.03,0.55,1638.9,0.05
2013,38,Jujuy,50-59,Mujer,2219,872.94,0.39,0.08,0.03,0.38,1997.1,0.07
2013,38,Jujuy,50-59,Varón,1316,617.96,0.47,0.05,0.02,0.47,1184.4,0.05
2013,38,Jujuy,60-69,Mujer,4865,1614.53,0.33,0.24,0.07,0.28,4378.5,0.22
2013,38,Jujuy,60-69,Varón,3475,1141.77,0.33,0.19,0.06,0.31,3127.5,0.17
2013,38,Jujuy,70-79,Mujer,186,131.52,0.71,0.02,0.02,0.73,167.4,0.02
2013,38,Jujuy,70-79,Varón,346,277.1,0.8,0.05,0.04,0.8,311.4,0.05
2013,38,Jujuy,80+,Mujer,2178,1166.18,0.54,0.32,0.13,0.41,1960.2,0.29
2013,38,Jujuy,80+,Varón,326,326,1,0.09,0.09,0.97,293.4,0.08
2013,42,La Pampa,30-39,Mujer,1953,681.1,0.35,0.11,0.03,0.32,1757.7,0.1
2013,42,La Pampa,30-39,Varón,803,408.48,0.51,0.06,0.03,0.49,722.7,0.05
2013,42,La Pampa,40-49,Mujer,1183,568.12,0.48,0.09,0.04,0.45,1064.7,0.08
2013,42,La Pampa,40-49,Varón,903,454.76,0.5,0.06,0.03,0.49,812.7,0.05
2013,42,La Pampa,50-59,Mujer,1836,947.81,0.52,0.14,0.06,0.46,1652.4,0.13
2013,42,La Pampa,50-59,Varón,1138,573.11,0.5,0.1,0.05,0.48,1024.2,0.09
2013,42,La Pampa,60-69,Mujer,1252,518.3,0.41,0.17,0.06,0.38,1126.8,0.15
2013,42,La Pampa,60-69,Varón,904,429.24,0.47,0.11,0.05,0.45,813.6,0.1
2013,42,La Pampa,70-79,Mujer,974,503.25,0.52,0.13,0.06,0.47,876.6,0.12
2013,42,La Pampa,70-79,Varón,767,445.36,0.58,0.14,0.07,0.53,690.3,0.12
2013,42,La Pampa,80+,Mujer,453,223.49,0.49,0.1,0.05,0.48,407.7,0.09
2013,42,La Pampa,80+,Varón,357,292.51,0.82,0.17,0.12,0.75,321.3,0.15
2013,46,La Rioja,30-39,Mujer,1378,616.61,0.45,0.07,0.03,0.43,1240.2,0.06
2013,46,La Rioja,30-39,Varón,1042,506.49,0.49,0.05,0.02,0.48,937.8,0.04
2013,46,La Rioja,40-49,Mujer,1116,767.61,0.69,0.07,0.05,0.65,1004.4,0.07
2013,46,La Rioja,40-49,Varón,1855,620.98,0.33,0.12,0.04,0.32,1669.5,0.11
2013,46,La Rioja,50-59,Mujer,2293,731.21,0.32,0.18,0.05,0.29,2063.7,0.17
2013,46,La Rioja,50-59,Varón,1581,574.98,0.36,0.13,0.05,0.35,1422.9,0.12
2013,46,La Rioja,60-69,Mujer,492,220.44,0.45,0.05,0.02,0.45,442.8,0.05
2013,46,La Rioja,60-69,Varón,2204,797.88,0.36,0.28,0.09,0.31,1983.6,0.25
2013,46,La Rioja,70-79,Mujer,1257,556.3,0.44,0.28,0.11,0.38,1131.3,0.25
2013,46,La Rioja,70-79,Varón,1166,536.52,0.46,0.3,0.12,0.4,1049.4,0.27
2013,46,La Rioja,80+,Mujer,555,268.22,0.48,0.2,0.09,0.46,499.5,0.18
2013,46,La Rioja,80+,Varón,121,87.09,0.72,0.09,0.07,0.78,108.9,0.08
2013,50,Mendoza,30-39,Mujer,7145,2776.45,0.39,0.07,0.03,0.37,6430.5,0.07
2013,50,Mendoza,30-39,Varón,0,0,NA,0,0,NA,0,0
2013,50,Mendoza,40-49,Mujer,7065,2374.82,0.34,0.09,0.03,0.32,6358.5,0.08
2013,50,Mendoza,40-49,Varón,9156,3706.03,0.4,0.11,0.04,0.37,8240.4,0.1
2013,50,Mendoza,50-59,Mujer,7604,2676.03,0.35,0.11,0.04,0.33,6843.6,0.1
2013,50,Mendoza,50-59,Varón,10341,3290.81,0.32,0.15,0.04,0.29,9306.9,0.14
2013,50,Mendoza,60-69,Mujer,10451,2668.76,0.26,0.14,0.03,0.24,9405.9,0.12
2013,50,Mendoza,60-69,Varón,7502,2611.9,0.35,0.15,0.05,0.32,6751.8,0.13
2013,50,Mendoza,70-79,Mujer,5240,1706.62,0.33,0.13,0.04,0.31,4716,0.12
2013,50,Mendoza,70-79,Varón,8025,2562,0.32,0.26,0.07,0.28,7222.5,0.23
2013,50,Mendoza,80+,Mujer,4869,2491.43,0.51,0.26,0.11,0.41,4382.1,0.24
2013,50,Mendoza,80+,Varón,5623,2321.17,0.41,0.62,0.14,0.22,5060.7,0.56
2013,54,Misiones,30-39,Mujer,4324,1674,0.39,0.08,0.03,0.37,3891.6,0.07
2013,54,Misiones,30-39,Varón,1408,998.62,0.71,0.03,0.02,0.7,1267.2,0.03
2013,54,Misiones,40-49,Mujer,4820,1638.72,0.34,0.1,0.03,0.33,4338,0.09
2013,54,Misiones,40-49,Varón,3645,2047.44,0.56,0.07,0.04,0.54,3280.5,0.07
2013,54,Misiones,50-59,Mujer,3869,1561.32,0.4,0.1,0.04,0.39,3482.1,0.09
2013,54,Misiones,50-59,Varón,4870,2791.59,0.57,0.14,0.07,0.52,4383,0.12
2013,54,Misiones,60-69,Mujer,6521,1973.08,0.3,0.25,0.07,0.26,5868.9,0.23
2013,54,Misiones,60-69,Varón,6049,2000.28,0.33,0.26,0.07,0.28,5444.1,0.23
2013,54,Misiones,70-79,Mujer,2646,1239.35,0.47,0.17,0.07,0.43,2381.4,0.16
2013,54,Misiones,70-79,Varón,3575,1662.48,0.47,0.36,0.13,0.35,3217.5,0.32
2013,54,Misiones,80+,Mujer,0,0,NA,0,0,NA,0,0
2013,54,Misiones,80+,Varón,772,772,1,0.23,0.19,0.82,694.8,0.2
2013,58,Neuquén,30-39,Mujer,4307,1350.79,0.31,0.1,0.03,0.3,3876.3,0.09
2013,58,Neuquén,30-39,Varón,2492,1067.38,0.43,0.06,0.02,0.42,2242.8,0.05
2013,58,Neuquén,40-49,Mujer,3292,1357.59,0.41,0.1,0.04,0.39,2962.8,0.09
2013,58,Neuquén,40-49,Varón,2814,1190.04,0.42,0.1,0.04,0.4,2532.6,0.09
2013,58,Neuquén,50-59,Mujer,3606,1173.73,0.33,0.13,0.04,0.31,3245.4,0.12
2013,58,Neuquén,50-59,Varón,2058,990.23,0.48,0.09,0.04,0.46,1852.2,0.08
2013,58,Neuquén,60-69,Mujer,2851,979.82,0.34,0.19,0.06,0.31,2565.9,0.17
2013,58,Neuquén,60-69,Varón,5749,1769.21,0.31,0.43,0.09,0.22,5174.1,0.38
2013,58,Neuquén,70-79,Mujer,2266,772.59,0.34,0.28,0.08,0.29,2039.4,0.25
2013,58,Neuquén,70-79,Varón,3652,1058.9,0.29,0.45,0.1,0.21,3286.8,0.4
2013,58,Neuquén,80+,Mujer,1457,666.1,0.46,0.36,0.15,0.42,1311.3,0.33
2013,58,Neuquén,80+,Varón,483,342.06,0.71,0.26,0.17,0.63,434.7,0.24
2013,62,Río Negro,30-39,Mujer,2408,735.72,0.31,0.06,0.02,0.3,2167.2,0.05
2013,62,Río Negro,30-39,Varón,277,160.67,0.58,0.01,0,0.59,249.3,0.01
2013,62,Río Negro,40-49,Mujer,7310,2010.1,0.27,0.2,0.05,0.24,6579,0.18
2013,62,Río Negro,40-49,Varón,2527,1079.03,0.43,0.08,0.03,0.41,2274.3,0.07
2013,62,Río Negro,50-59,Mujer,3832,1043.75,0.27,0.13,0.03,0.26,3448.8,0.12
2013,62,Río Negro,50-59,Varón,3169,1025.87,0.32,0.13,0.04,0.31,2852.1,0.12
2013,62,Río Negro,60-69,Mujer,2887,851.54,0.29,0.14,0.04,0.28,2598.3,0.13
2013,62,Río Negro,60-69,Varón,3245,1194.02,0.37,0.16,0.05,0.33,2920.5,0.15
2013,62,Río Negro,70-79,Mujer,2823,952.4,0.34,0.22,0.06,0.28,2540.7,0.2
2013,62,Río Negro,70-79,Varón,1254,424.68,0.34,0.15,0.05,0.33,1128.6,0.13
2013,62,Río Negro,80+,Mujer,579,270.43,0.47,0.09,0.04,0.46,521.1,0.08
2013,62,Río Negro,80+,Varón,668,376.72,0.56,0.14,0.08,0.55,601.2,0.13
2013,66,Salta,30-39,Mujer,8073,2006.08,0.25,0.1,0.02,0.24,7265.7,0.09
2013,66,Salta,30-39,Varón,4262,1626.12,0.38,0.06,0.02,0.37,3835.8,0.06
2013,66,Salta,40-49,Mujer,10272,3291.19,0.32,0.17,0.05,0.28,9244.8,0.15
2013,66,Salta,40-49,Varón,6668,1879.88,0.28,0.11,0.03,0.27,6001.2,0.1
2013,66,Salta,50-59,Mujer,8413,2563.3,0.3,0.17,0.05,0.28,7571.7,0.15
2013,66,Salta,50-59,Varón,7460,2516.97,0.34,0.16,0.05,0.31,6714,0.15
2013,66,Salta,60-69,Mujer,9138,2375.4,0.26,0.3,0.06,0.22,8224.2,0.27
2013,66,Salta,60-69,Varón,5431,1984.07,0.37,0.2,0.06,0.32,4887.9,0.18
2013,66,Salta,70-79,Mujer,3201,1673.19,0.52,0.15,0.07,0.47,2880.9,0.14
2013,66,Salta,70-79,Varón,1700,1208.47,0.71,0.1,0.06,0.67,1530,0.09
2013,66,Salta,80+,Mujer,2635,1692.25,0.64,0.27,0.14,0.51,2371.5,0.24
2013,66,Salta,80+,Varón,503,503,1,0.15,0.14,0.93,452.7,0.13
2013,70,San Juan,30-39,Mujer,1458,912.88,0.63,0.04,0.03,0.62,1312.2,0.04
2013,70,San Juan,30-39,Varón,2031,1193.68,0.59,0.07,0.04,0.56,1827.9,0.06
2013,70,San Juan,40-49,Mujer,4142,1513.07,0.37,0.11,0.04,0.36,3727.8,0.1
2013,70,San Juan,40-49,Varón,2033,996.16,0.49,0.06,0.03,0.48,1829.7,0.06
2013,70,San Juan,50-59,Mujer,3295,1465.79,0.44,0.13,0.05,0.42,2965.5,0.11
2013,70,San Juan,50-59,Varón,5180,1931.4,0.37,0.21,0.07,0.33,4662,0.19
2013,70,San Juan,60-69,Mujer,6477,1893.74,0.29,0.26,0.06,0.25,5829.3,0.23
2013,70,San Juan,60-69,Varón,5264,1848.68,0.35,0.27,0.08,0.3,4737.6,0.24
2013,70,San Juan,70-79,Mujer,5397,1545.76,0.29,0.33,0.08,0.24,4857.3,0.3
2013,70,San Juan,70-79,Varón,1936,995.62,0.51,0.18,0.09,0.49,1742.4,0.16
2013,70,San Juan,80+,Mujer,2249,1243.38,0.55,0.32,0.14,0.44,2024.1,0.29
2013,70,San Juan,80+,Varón,24,24,1,0.01,0.01,1.07,21.6,0.01
2013,74,San Luis,30-39,Mujer,2970,1053.87,0.35,0.1,0.03,0.34,2673,0.09
2013,74,San Luis,30-39,Varón,649,525.54,0.81,0.03,0.02,0.8,584.1,0.02
2013,74,San Luis,40-49,Mujer,2224,887.24,0.4,0.1,0.04,0.38,2001.6,0.09
2013,74,San Luis,40-49,Varón,2430,911.92,0.38,0.11,0.04,0.35,2187,0.1
2013,74,San Luis,50-59,Mujer,2157,820.32,0.38,0.13,0.05,0.36,1941.3,0.11
2013,74,San Luis,50-59,Varón,2666,1002.2,0.38,0.14,0.05,0.36,2399.4,0.12
2013,74,San Luis,60-69,Mujer,3317,949.76,0.29,0.22,0.06,0.26,2985.3,0.19
2013,74,San Luis,60-69,Varón,2696,1013.6,0.38,0.28,0.09,0.31,2426.4,0.26
2013,74,San Luis,70-79,Mujer,2159,849.53,0.39,0.21,0.07,0.36,1943.1,0.19
2013,74,San Luis,70-79,Varón,382,233.44,0.61,0.05,0.03,0.63,343.8,0.04
2013,74,San Luis,80+,Mujer,965,775.41,0.8,0.19,0.13,0.69,868.5,0.17
2013,74,San Luis,80+,Varón,63,63,1,0.03,0.03,1.05,56.7,0.03
2013,78,Santa Cruz,30-39,Mujer,2321,978.05,0.42,0.12,0.05,0.39,2088.9,0.11
2013,78,Santa Cruz,30-39,Varón,1192,563.91,0.47,0.05,0.02,0.46,1072.8,0.05
2013,78,Santa Cruz,40-49,Mujer,1078,378.29,0.35,0.06,0.02,0.35,970.2,0.05
2013,78,Santa Cruz,40-49,Varón,2377,1205.03,0.51,0.14,0.06,0.45,2139.3,0.13
2013,78,Santa Cruz,50-59,Mujer,2413,751.22,0.31,0.2,0.06,0.28,2171.7,0.18
2013,78,Santa Cruz,50-59,Varón,2358,669.55,0.28,0.21,0.05,0.27,2122.2,0.18
2013,78,Santa Cruz,60-69,Mujer,1792,694.83,0.39,0.28,0.09,0.31,1612.8,0.25
2013,78,Santa Cruz,60-69,Varón,1033,488.52,0.47,0.12,0.05,0.44,929.7,0.11
2013,78,Santa Cruz,70-79,Mujer,604,262.88,0.44,0.17,0.07,0.42,543.6,0.15
2013,78,Santa Cruz,70-79,Varón,204,164.56,0.81,0.18,0.13,0.73,183.6,0.16
2013,78,Santa Cruz,80+,Mujer,830,422.73,0.51,0.43,0.16,0.38,747,0.39
2013,78,Santa Cruz,80+,Varón,259,193.19,0.75,0.11,0.09,0.75,233.1,0.1
2013,82,Santa Fe,30-39,Mujer,12325,3213.29,0.26,0.06,0.02,0.26,11092.5,0.06
2013,82,Santa Fe,30-39,Varón,653,653,1,0,0,1,587.7,0
2013,82,Santa Fe,40-49,Mujer,16719,4298.89,0.26,0.09,0.02,0.25,15047.1,0.08
2013,82,Santa Fe,40-49,Varón,12766,7061.09,0.55,0.08,0.04,0.52,11489.4,0.08
2013,82,Santa Fe,50-59,Mujer,20746,4944.63,0.24,0.15,0.03,0.23,18671.4,0.14
2013,82,Santa Fe,50-59,Varón,7253,2849.05,0.39,0.06,0.02,0.39,6527.7,0.05
2013,82,Santa Fe,60-69,Mujer,30401,6108.41,0.2,0.2,0.04,0.18,27360.9,0.18
2013,82,Santa Fe,60-69,Varón,19393,6146.74,0.32,0.15,0.04,0.29,17453.7,0.13
2013,82,Santa Fe,70-79,Mujer,26121,5576.24,0.21,0.29,0.05,0.18,23508.9,0.26
2013,82,Santa Fe,70-79,Varón,13314,4044.85,0.3,0.25,0.07,0.26,11982.6,0.23
2013,82,Santa Fe,80+,Mujer,8233,2625.19,0.32,0.18,0.05,0.29,7409.7,0.16
2013,82,Santa Fe,80+,Varón,2298,1362.23,0.59,0.12,0.07,0.56,2068.2,0.1
2013,86,Santiago del Estero,30-39,Mujer,4321,1196.86,0.28,0.11,0.03,0.26,3888.9,0.1
2013,86,Santiago del Estero,30-39,Varón,5535,1996.64,0.36,0.13,0.04,0.33,4981.5,0.12
2013,86,Santiago del Estero,40-49,Mujer,7060,1877.72,0.27,0.2,0.05,0.23,6354,0.18
2013,86,Santiago del Estero,40-49,Varón,3970,1223,0.31,0.11,0.03,0.29,3573,0.1
2013,86,Santiago del Estero,50-59,Mujer,5373,1422.9,0.26,0.2,0.05,0.25,4835.7,0.18
2013,86,Santiago del Estero,50-59,Varón,4558,1410.47,0.31,0.17,0.05,0.29,4102.2,0.15
2013,86,Santiago del Estero,60-69,Mujer,5064,1390.32,0.27,0.26,0.06,0.25,4557.6,0.23
2013,86,Santiago del Estero,60-69,Varón,2494,1001.54,0.4,0.23,0.08,0.35,2244.6,0.21
2013,86,Santiago del Estero,70-79,Mujer,2569,1126.49,0.44,0.19,0.07,0.4,2312.1,0.17
2013,86,Santiago del Estero,70-79,Varón,1939,1222.9,0.63,0.17,0.1,0.58,1745.1,0.15
2013,86,Santiago del Estero,80+,Mujer,1852,1065.06,0.58,0.4,0.16,0.41,1666.8,0.36
2013,86,Santiago del Estero,80+,Varón,795,636.1,0.8,0.24,0.16,0.68,715.5,0.22
2013,90,Tucumán,30-39,Mujer,7362,2172.6,0.3,0.08,0.02,0.28,6625.8,0.07
2013,90,Tucumán,30-39,Varón,4668,1811.86,0.39,0.05,0.02,0.38,4201.2,0.05
2013,90,Tucumán,40-49,Mujer,8945,2611.76,0.29,0.13,0.04,0.27,8050.5,0.12
2013,90,Tucumán,40-49,Varón,5530,2070.01,0.37,0.09,0.03,0.36,4977,0.08
2013,90,Tucumán,50-59,Mujer,10507,3245.48,0.31,0.18,0.05,0.28,9456.3,0.17
2013,90,Tucumán,50-59,Varón,8663,2979.04,0.34,0.17,0.05,0.31,7796.7,0.15
2013,90,Tucumán,60-69,Mujer,7311,1983.6,0.27,0.15,0.04,0.25,6579.9,0.14
2013,90,Tucumán,60-69,Varón,5936,1944.71,0.33,0.16,0.05,0.3,5342.4,0.15
2013,90,Tucumán,70-79,Mujer,4325,1292.38,0.3,0.19,0.05,0.28,3892.5,0.17
2013,90,Tucumán,70-79,Varón,4630,1793.84,0.39,0.24,0.08,0.33,4167,0.21
2013,90,Tucumán,80+,Mujer,2697,1242.49,0.46,0.17,0.07,0.42,2427.3,0.15
2013,90,Tucumán,80+,Varón,464,464,1,0.06,0.06,0.99,417.6,0.06
2013,94,Tierra del Fuego,30-39,Mujer,958,278.59,0.29,0.1,0.03,0.28,862.2,0.09
2013,94,Tierra del Fuego,30-39,Varón,1073,310.84,0.29,0.09,0.03,0.28,965.7,0.08
2013,94,Tierra del Fuego,40-49,Mujer,1360,388.57,0.29,0.14,0.04,0.27,1224,0.13
2013,94,Tierra del Fuego,40-49,Varón,545,262.93,0.48,0.06,0.03,0.47,490.5,0.05
2013,94,Tierra del Fuego,50-59,Mujer,1204,362.79,0.3,0.17,0.05,0.27,1083.6,0.15
2013,94,Tierra del Fuego,50-59,Varón,626,238.44,0.38,0.09,0.04,0.37,563.4,0.09
2013,94,Tierra del Fuego,60-69,Mujer,703,236.11,0.34,0.2,0.06,0.3,632.7,0.18
2013,94,Tierra del Fuego,60-69,Varón,1340,352.74,0.26,0.31,0.07,0.23,1206,0.28
2013,94,Tierra del Fuego,70-79,Mujer,291,137.31,0.47,0.24,0.1,0.43,261.9,0.22
2013,94,Tierra del Fuego,70-79,Varón,330,152.53,0.46,0.33,0.13,0.38,297,0.3
2013,94,Tierra del Fuego,80+,Mujer,86,50.54,0.59,0.34,0.18,0.54,77.4,0.3
2013,94,Tierra del Fuego,80+,Varón,23,23,1,0.07,0.08,1.08,20.7,0.06
2018,2,CABA,30-39,Mujer,6852,3181.03,0.46,0.03,0.01,0.46,6166.8,0.03
2018,2,CABA,30-39,Varón,5392,2957.03,0.55,0.02,0.01,0.56,4852.8,0.02
2018,2,CABA,40-49,Mujer,7408,3580.99,0.48,0.03,0.01,0.46,6667.2,0.03
2018,2,CABA,40-49,Varón,7793,4113.07,0.53,0.04,0.02,0.52,7013.7,0.04
2018,2,CABA,50-59,Mujer,21691,7113.65,0.33,0.12,0.04,0.33,19521.9,0.11
2018,2,CABA,50-59,Varón,22794,6608.81,0.29,0.14,0.04,0.28,20514.6,0.13
2018,2,CABA,60-69,Mujer,20837,6557.05,0.31,0.14,0.04,0.28,18753.3,0.12
2018,2,CABA,60-69,Varón,33061,7242.36,0.22,0.25,0.05,0.2,29754.9,0.23
2018,2,CABA,70-79,Mujer,10558,3930.5,0.37,0.08,0.03,0.34,9502.2,0.08
2018,2,CABA,70-79,Varón,19643,5838.82,0.3,0.21,0.05,0.24,17678.7,0.19
2018,2,CABA,80+,Mujer,19045,5655.59,0.3,0.26,0.07,0.27,17140.5,0.24
2018,2,CABA,80+,Varón,9425,3353.22,0.36,0.25,0.09,0.35,8482.5,0.22
2018,6,Buenos Aires,30-39,Mujer,157882,28892.74,0.18,0.13,0.02,0.17,142093.8,0.11
2018,6,Buenos Aires,30-39,Varón,35871,11908.06,0.33,0.03,0.01,0.33,32283.9,0.03
2018,6,Buenos Aires,40-49,Mujer,173534,27875.48,0.16,0.15,0.02,0.15,156180.6,0.13
2018,6,Buenos Aires,40-49,Varón,155490,29579.18,0.19,0.15,0.03,0.18,139941,0.14
2018,6,Buenos Aires,50-59,Mujer,122898,21669.41,0.18,0.15,0.02,0.16,110608.2,0.13
2018,6,Buenos Aires,50-59,Varón,171160,28493.57,0.17,0.22,0.03,0.15,154044,0.19
2018,6,Buenos Aires,60-69,Mujer,152421,22552.36,0.15,0.22,0.03,0.13,137178.9,0.19
2018,6,Buenos Aires,60-69,Varón,131020,19350.17,0.15,0.19,0.03,0.16,117918,0.17
2018,6,Buenos Aires,70-79,Mujer,81106,14907,0.18,0.19,0.03,0.16,72995.4,0.17
2018,6,Buenos Aires,70-79,Varón,122049,23457.29,0.19,0.26,0.04,0.17,109844.1,0.23
2018,6,Buenos Aires,80+,Mujer,32404,7151.28,0.22,0.16,0.03,0.22,29163.6,0.14
2018,6,Buenos Aires,80+,Varón,29978,10450.96,0.35,0.23,0.07,0.32,26980.2,0.21
2018,10,Catamarca,30-39,Mujer,1207,570.61,0.47,0.06,0.03,0.51,1086.3,0.05
2018,10,Catamarca,30-39,Varón,2489,1343.49,0.54,0.11,0.06,0.53,2240.1,0.1
2018,10,Catamarca,40-49,Mujer,3285,1195.57,0.36,0.17,0.06,0.35,2956.5,0.15
2018,10,Catamarca,40-49,Varón,2239,826.97,0.37,0.17,0.06,0.38,2015.1,0.15
2018,10,Catamarca,50-59,Mujer,1912,632.13,0.33,0.16,0.05,0.32,1720.8,0.14
2018,10,Catamarca,50-59,Varón,1513,643.52,0.43,0.13,0.06,0.44,1361.7,0.12
2018,10,Catamarca,60-69,Mujer,1214,632.57,0.52,0.09,0.04,0.48,1092.6,0.08
2018,10,Catamarca,60-69,Varón,1237,758.93,0.61,0.11,0.06,0.61,1113.3,0.1
2018,10,Catamarca,70-79,Mujer,1533,823.82,0.54,0.26,0.13,0.5,1379.7,0.24
2018,10,Catamarca,70-79,Varón,655,316.81,0.48,0.14,0.07,0.54,589.5,0.12
2018,10,Catamarca,80+,Mujer,653,382.8,0.59,0.24,0.12,0.51,587.7,0.22
2018,10,Catamarca,80+,Varón,97,99.76,1.03,0.11,0.14,1.34,87.3,0.1
2018,14,Córdoba,30-39,Mujer,26821,7501.07,0.28,0.11,0.03,0.27,24138.9,0.1
2018,14,Córdoba,30-39,Varón,12230,5290.06,0.43,0.06,0.02,0.42,11007,0.05
2018,14,Córdoba,40-49,Mujer,22827,6535.27,0.29,0.11,0.03,0.27,20544.3,0.1
2018,14,Córdoba,40-49,Varón,34020,12837.03,0.38,0.18,0.06,0.34,30618,0.16
2018,14,Córdoba,50-59,Mujer,25700,7894.21,0.31,0.22,0.06,0.28,23130,0.2
2018,14,Córdoba,50-59,Varón,30911,8235.04,0.27,0.19,0.05,0.25,27819.9,0.17
2018,14,Córdoba,60-69,Mujer,53719,10372.08,0.19,0.29,0.05,0.16,48347.1,0.26
2018,14,Córdoba,60-69,Varón,28304,7047.49,0.25,0.21,0.05,0.23,25473.6,0.19
2018,14,Córdoba,70-79,Mujer,18258,5805.09,0.32,0.2,0.06,0.32,16432.2,0.18
2018,14,Córdoba,70-79,Varón,14073,5558.17,0.39,0.2,0.07,0.36,12665.7,0.18
2018,14,Córdoba,80+,Mujer,4221,3220.56,0.76,0.08,0.06,0.7,3798.9,0.07
2018,14,Córdoba,80+,Varón,4831,2648.46,0.55,0.22,0.1,0.46,4347.9,0.2
2018,18,Corrientes,30-39,Mujer,11841,3751.74,0.32,0.15,0.04,0.28,10656.9,0.14
2018,18,Corrientes,30-39,Varón,5529,2530.11,0.46,0.1,0.04,0.45,4976.1,0.09
2018,18,Corrientes,40-49,Mujer,4960,2105.54,0.42,0.1,0.04,0.42,4464,0.09
2018,18,Corrientes,40-49,Varón,3230,1692.84,0.52,0.07,0.03,0.51,2907,0.06
2018,18,Corrientes,50-59,Mujer,9070,2607.79,0.29,0.19,0.05,0.25,8163,0.17
2018,18,Corrientes,50-59,Varón,3836,2232.13,0.58,0.1,0.05,0.53,3452.4,0.09
2018,18,Corrientes,60-69,Mujer,10122,3215.2,0.32,0.3,0.08,0.26,9109.8,0.27
2018,18,Corrientes,60-69,Varón,5072,1689.47,0.33,0.14,0.05,0.39,4564.8,0.13
2018,18,Corrientes,70-79,Mujer,4965,2309.13,0.47,0.25,0.09,0.38,4468.5,0.23
2018,18,Corrientes,70-79,Varón,3256,1439.78,0.44,0.25,0.09,0.35,2930.4,0.22
2018,18,Corrientes,80+,Mujer,3722,1318.58,0.35,0.32,0.09,0.3,3349.8,0.29
2018,18,Corrientes,80+,Varón,1251,572.09,0.46,0.22,0.12,0.55,1125.9,0.2
2018,22,Chaco,30-39,Mujer,5790,1554.79,0.27,0.08,0.02,0.26,5211,0.07
2018,22,Chaco,30-39,Varón,1468,1042.72,0.71,0.03,0.02,0.7,1321.2,0.02
2018,22,Chaco,40-49,Mujer,4828,1982.16,0.41,0.1,0.04,0.39,4345.2,0.09
2018,22,Chaco,40-49,Varón,6416,2115.37,0.33,0.11,0.04,0.34,5774.4,0.1
2018,22,Chaco,50-59,Mujer,6772,1551.79,0.23,0.16,0.04,0.22,6094.8,0.15
2018,22,Chaco,50-59,Varón,3371,1629.06,0.48,0.11,0.05,0.45,3033.9,0.09
2018,22,Chaco,60-69,Mujer,6151,2452.63,0.4,0.19,0.07,0.37,5535.9,0.17
2018,22,Chaco,60-69,Varón,11152,3242.55,0.29,0.25,0.07,0.28,10036.8,0.23
2018,22,Chaco,70-79,Mujer,6921,1984.63,0.29,0.3,0.08,0.26,6228.9,0.27
2018,22,Chaco,70-79,Varón,1416,573.43,0.4,0.14,0.07,0.45,1274.4,0.13
2018,22,Chaco,80+,Mujer,3221,2142.2,0.67,0.45,0.21,0.47,2898.9,0.4
2018,22,Chaco,80+,Varón,299,256.03,0.86,0.04,0.05,1.22,269.1,0.04
2018,26,Chubut,30-39,Mujer,7188,1704.24,0.24,0.17,0.04,0.23,6469.2,0.15
2018,26,Chubut,30-39,Varón,3250,1124.69,0.35,0.08,0.03,0.34,2925,0.08
2018,26,Chubut,40-49,Mujer,2071,1119.9,0.54,0.07,0.03,0.52,1863.9,0.06
2018,26,Chubut,40-49,Varón,4642,1651,0.36,0.11,0.04,0.36,4177.8,0.1
2018,26,Chubut,50-59,Mujer,5956,2632.07,0.44,0.2,0.08,0.41,5360.4,0.18
2018,26,Chubut,50-59,Varón,3242,1497.19,0.46,0.14,0.07,0.48,2917.8,0.13
2018,26,Chubut,60-69,Mujer,5030,1416.21,0.28,0.27,0.06,0.21,4527,0.24
2018,26,Chubut,60-69,Varón,3832,1664.06,0.43,0.22,0.09,0.41,3448.8,0.19
2018,26,Chubut,70-79,Mujer,701,421.47,0.6,0.12,0.07,0.58,630.9,0.11
2018,26,Chubut,70-79,Varón,1616,796.09,0.49,0.17,0.08,0.49,1454.4,0.15
2018,26,Chubut,80+,Mujer,686,460.3,0.67,0.13,0.08,0.6,617.4,0.12
2018,26,Chubut,80+,Varón,2724,1344.44,0.49,0.42,0.17,0.42,2451.6,0.37
2018,30,Entre Ríos,30-39,Mujer,9522,1906.65,0.2,0.11,0.02,0.19,8569.8,0.1
2018,30,Entre Ríos,30-39,Varón,1027,544.32,0.53,0.01,0.01,0.54,924.3,0.01
2018,30,Entre Ríos,40-49,Mujer,9406,2786.48,0.3,0.13,0.04,0.28,8465.4,0.12
2018,30,Entre Ríos,40-49,Varón,5554,2060.6,0.37,0.09,0.03,0.37,4998.6,0.08
2018,30,Entre Ríos,50-59,Mujer,13292,3672.51,0.28,0.22,0.05,0.24,11962.8,0.2
2018,30,Entre Ríos,50-59,Varón,2608,1006.19,0.39,0.06,0.02,0.4,2347.2,0.05
2018,30,Entre Ríos,60-69,Mujer,10113,2251.21,0.22,0.19,0.04,0.2,9101.7,0.17
2018,30,Entre Ríos,60-69,Varón,8190,1923.44,0.23,0.19,0.04,0.21,7371,0.17
2018,30,Entre Ríos,70-79,Mujer,7136,2090.68,0.29,0.23,0.06,0.26,6422.4,0.2
2018,30,Entre Ríos,70-79,Varón,6878,1504.48,0.22,0.26,0.05,0.19,6190.2,0.23
2018,30,Entre Ríos,80+,Mujer,3240,909.3,0.28,0.21,0.06,0.28,2916,0.19
2018,30,Entre Ríos,80+,Varón,1457,860.6,0.59,0.14,0.09,0.64,1311.3,0.13
2018,34,Formosa,30-39,Mujer,2859,997.46,0.35,0.08,0.03,0.34,2573.1,0.08
2018,34,Formosa,30-39,Varón,1539,941.45,0.61,0.07,0.04,0.59,1385.1,0.06
2018,34,Formosa,40-49,Mujer,2758,907.47,0.33,0.13,0.04,0.34,2482.2,0.12
2018,34,Formosa,40-49,Varón,2420,1063.06,0.44,0.09,0.04,0.45,2178,0.08
2018,34,Formosa,50-59,Mujer,5429,1445.54,0.27,0.24,0.06,0.24,4886.1,0.21
2018,34,Formosa,50-59,Varón,5047,1107.18,0.22,0.27,0.06,0.23,4542.3,0.25
2018,34,Formosa,60-69,Mujer,1259,453.88,0.36,0.1,0.04,0.35,1133.1,0.09
2018,34,Formosa,60-69,Varón,3679,1173.47,0.32,0.28,0.08,0.27,3311.1,0.25
2018,34,Formosa,70-79,Mujer,2352,731.55,0.31,0.24,0.06,0.26,2116.8,0.21
2018,34,Formosa,70-79,Varón,1778,726.63,0.41,0.2,0.07,0.35,1600.2,0.18
2018,34,Formosa,80+,Mujer,1884,596.09,0.32,0.52,0.11,0.22,1695.6,0.47
2018,34,Formosa,80+,Varón,1098,581.32,0.53,0.31,0.15,0.48,988.2,0.28
2018,38,Jujuy,30-39,Mujer,5105,1987.76,0.39,0.11,0.04,0.37,4594.5,0.1
2018,38,Jujuy,30-39,Varón,2538,1470.29,0.58,0.06,0.03,0.56,2284.2,0.06
2018,38,Jujuy,40-49,Mujer,3409,1185.92,0.35,0.08,0.03,0.35,3068.1,0.07
2018,38,Jujuy,40-49,Varón,3136,1156.14,0.37,0.09,0.03,0.37,2822.4,0.08
2018,38,Jujuy,50-59,Mujer,4987,1583.86,0.32,0.16,0.05,0.31,4488.3,0.14
2018,38,Jujuy,50-59,Varón,3874,1345.26,0.35,0.12,0.04,0.36,3486.6,0.11
2018,38,Jujuy,60-69,Mujer,5007,1236.45,0.25,0.23,0.05,0.22,4506.3,0.21
2018,38,Jujuy,60-69,Varón,3165,1151.24,0.36,0.17,0.06,0.37,2848.5,0.16
2018,38,Jujuy,70-79,Mujer,1205,624.45,0.52,0.11,0.06,0.5,1084.5,0.1
2018,38,Jujuy,70-79,Varón,1395,1112.89,0.8,0.09,0.07,0.78,1255.5,0.08
2018,38,Jujuy,80+,Mujer,592,284.76,0.48,0.13,0.08,0.63,532.8,0.11
2018,38,Jujuy,80+,Varón,744,592.71,0.8,0.27,0.22,0.8,669.6,0.25
2018,42,La Pampa,30-39,Mujer,3857,1128.26,0.29,0.19,0.05,0.27,3471.3,0.17
2018,42,La Pampa,30-39,Varón,2603,993.72,0.38,0.16,0.06,0.4,2342.7,0.14
2018,42,La Pampa,40-49,Mujer,617,387.9,0.63,0.05,0.03,0.67,555.3,0.04
2018,42,La Pampa,40-49,Varón,2922,1021.29,0.35,0.2,0.06,0.29,2629.8,0.18
2018,42,La Pampa,50-59,Mujer,668,280.69,0.42,0.05,0.02,0.46,601.2,0.05
2018,42,La Pampa,50-59,Varón,938,327.38,0.35,0.1,0.04,0.37,844.2,0.09
2018,42,La Pampa,60-69,Mujer,3324,958.27,0.29,0.32,0.08,0.26,2991.6,0.29
2018,42,La Pampa,60-69,Varón,2176,769.75,0.35,0.23,0.08,0.35,1958.4,0.21
2018,42,La Pampa,70-79,Mujer,1141,526.05,0.46,0.15,0.07,0.45,1026.9,0.13
2018,42,La Pampa,70-79,Varón,2215,881.71,0.4,0.31,0.11,0.34,1993.5,0.28
2018,42,La Pampa,80+,Mujer,407,183.92,0.45,0.18,0.11,0.61,366.3,0.16
2018,42,La Pampa,80+,Varón,575,348.44,0.61,0.34,0.17,0.5,517.5,0.3
2018,46,La Rioja,30-39,Mujer,1951,776.62,0.4,0.09,0.04,0.4,1755.9,0.09
2018,46,La Rioja,30-39,Varón,3177,1333.53,0.42,0.12,0.05,0.4,2859.3,0.11
2018,46,La Rioja,40-49,Mujer,3868,1095.15,0.28,0.17,0.05,0.31,3481.2,0.15
2018,46,La Rioja,40-49,Varón,570,362.22,0.64,0.04,0.02,0.64,513,0.03
2018,46,La Rioja,50-59,Mujer,4855,1232.97,0.25,0.27,0.06,0.23,4369.5,0.24
2018,46,La Rioja,50-59,Varón,2369,987.74,0.42,0.22,0.1,0.45,2132.1,0.2
2018,46,La Rioja,60-69,Mujer,1963,728.16,0.37,0.22,0.07,0.33,1766.7,0.19
2018,46,La Rioja,60-69,Varón,5396,1654.35,0.31,0.43,0.11,0.25,4856.4,0.39
2018,46,La Rioja,70-79,Mujer,1674,797.62,0.48,0.27,0.12,0.46,1506.6,0.24
2018,46,La Rioja,70-79,Varón,1551,709.8,0.46,0.45,0.17,0.37,1395.9,0.41
2018,46,La Rioja,80+,Mujer,628,433.19,0.69,0.23,0.13,0.57,565.2,0.21
2018,46,La Rioja,80+,Varón,0,0,NA,0,0,NA,0,0
2018,50,Mendoza,30-39,Mujer,22381,8616.72,0.39,0.17,0.07,0.4,20142.9,0.15
2018,50,Mendoza,30-39,Varón,2851,2546.9,0.89,0.03,0.03,0.92,2565.9,0.03
2018,50,Mendoza,40-49,Mujer,16147,5612.61,0.35,0.18,0.06,0.33,14532.3,0.16
2018,50,Mendoza,40-49,Varón,7425,3119.65,0.42,0.07,0.03,0.43,6682.5,0.06
2018,50,Mendoza,50-59,Mujer,9980,4021.23,0.4,0.14,0.05,0.36,8982,0.13
2018,50,Mendoza,50-59,Varón,12045,4086.41,0.34,0.15,0.05,0.32,10840.5,0.13
2018,50,Mendoza,60-69,Mujer,8024,1900.35,0.24,0.14,0.03,0.24,7221.6,0.13
2018,50,Mendoza,60-69,Varón,22406,5567.42,0.25,0.38,0.09,0.22,20165.4,0.35
2018,50,Mendoza,70-79,Mujer,7525,2224.7,0.3,0.17,0.05,0.27,6772.5,0.16
2018,50,Mendoza,70-79,Varón,12810,4701.73,0.37,0.27,0.09,0.32,11529,0.25
2018,50,Mendoza,80+,Mujer,2184,1542.13,0.71,0.09,0.06,0.7,1965.6,0.08
2018,50,Mendoza,80+,Varón,2305,1001.62,0.43,0.15,0.08,0.54,2074.5,0.13
2018,54,Misiones,30-39,Mujer,6554,2059.73,0.31,0.1,0.03,0.26,5898.6,0.09
2018,54,Misiones,30-39,Varón,3182,1490.94,0.47,0.06,0.03,0.45,2863.8,0.05
2018,54,Misiones,40-49,Mujer,10062,3975.31,0.4,0.19,0.07,0.36,9055.8,0.17
2018,54,Misiones,40-49,Varón,6985,2245.21,0.32,0.15,0.05,0.33,6286.5,0.14
2018,54,Misiones,50-59,Mujer,14074,3113.62,0.22,0.32,0.06,0.19,12666.6,0.28
2018,54,Misiones,50-59,Varón,4446,2024.91,0.46,0.13,0.06,0.46,4001.4,0.12
2018,54,Misiones,60-69,Mujer,6194,1452.38,0.23,0.19,0.04,0.21,5574.6,0.18
2018,54,Misiones,60-69,Varón,7182,1724.96,0.24,0.2,0.05,0.26,6463.8,0.18
2018,54,Misiones,70-79,Mujer,2292,899.98,0.39,0.13,0.05,0.39,2062.8,0.12
2018,54,Misiones,70-79,Varón,2614,1737.52,0.66,0.22,0.13,0.58,2352.6,0.19
2018,54,Misiones,80+,Mujer,3237,2101.32,0.65,0.31,0.16,0.51,2913.3,0.28
2018,54,Misiones,80+,Varón,0,0,NA,0,0,NA,0,0
2018,58,Neuquén,30-39,Mujer,7529,1884.15,0.25,0.16,0.04,0.26,6776.1,0.14
2018,58,Neuquén,30-39,Varón,1409,660.54,0.47,0.03,0.02,0.48,1268.1,0.03
2018,58,Neuquén,40-49,Mujer,6412,1771.72,0.28,0.18,0.05,0.27,5770.8,0.16
2018,58,Neuquén,40-49,Varón,2606,1080.63,0.41,0.07,0.03,0.4,2345.4,0.07
2018,58,Neuquén,50-59,Mujer,3708,1159.23,0.31,0.15,0.05,0.32,3337.2,0.14
2018,58,Neuquén,50-59,Varón,2868,937.1,0.33,0.13,0.04,0.31,2581.2,0.12
2018,58,Neuquén,60-69,Mujer,8299,2356.05,0.28,0.31,0.07,0.21,7469.1,0.28
2018,58,Neuquén,60-69,Varón,5294,1655.38,0.31,0.26,0.07,0.26,4764.6,0.23
2018,58,Neuquén,70-79,Mujer,2130,1002.51,0.47,0.16,0.07,0.44,1917,0.14
2018,58,Neuquén,70-79,Varón,3052,1555.17,0.51,0.33,0.16,0.48,2746.8,0.3
2018,58,Neuquén,80+,Mujer,2563,1090.26,0.43,0.57,0.13,0.22,2306.7,0.51
2018,58,Neuquén,80+,Varón,0,0,NA,0,0,NA,0,0
2018,62,Río Negro,30-39,Mujer,4443,1252.92,0.28,0.09,0.03,0.29,3998.7,0.08
2018,62,Río Negro,30-39,Varón,1041,503.1,0.48,0.03,0.01,0.51,936.9,0.02
2018,62,Río Negro,40-49,Mujer,6004,1433.48,0.24,0.14,0.04,0.25,5403.6,0.13
2018,62,Río Negro,40-49,Varón,3066,867.67,0.28,0.08,0.02,0.3,2759.4,0.07
2018,62,Río Negro,50-59,Mujer,7785,2794.07,0.36,0.25,0.08,0.31,7006.5,0.22
2018,62,Río Negro,50-59,Varón,5354,1403.1,0.26,0.2,0.06,0.29,4818.6,0.18
2018,62,Río Negro,60-69,Mujer,5196,1142.67,0.22,0.26,0.05,0.18,4676.4,0.23
2018,62,Río Negro,60-69,Varón,5809,1324.16,0.23,0.2,0.05,0.22,5228.1,0.18
2018,62,Río Negro,70-79,Mujer,2393,571.18,0.24,0.14,0.03,0.23,2153.7,0.13
2018,62,Río Negro,70-79,Varón,4060,1248.7,0.31,0.23,0.06,0.26,3654,0.2
2018,62,Río Negro,80+,Mujer,1512,702.03,0.46,0.31,0.12,0.38,1360.8,0.27
2018,62,Río Negro,80+,Varón,195,220.33,1.13,0.11,0.11,1.06,175.5,0.09
2018,66,Salta,30-39,Mujer,8740,2617.97,0.3,0.1,0.03,0.28,7866,0.09
2018,66,Salta,30-39,Varón,2721,1223.86,0.45,0.04,0.02,0.43,2448.9,0.03
2018,66,Salta,40-49,Mujer,12081,3754.88,0.31,0.18,0.05,0.28,10872.9,0.16
2018,66,Salta,40-49,Varón,9625,2342.57,0.24,0.13,0.03,0.24,8662.5,0.12
2018,66,Salta,50-59,Mujer,11868,2677.31,0.23,0.19,0.04,0.21,10681.2,0.18
2018,66,Salta,50-59,Varón,6482,1866.05,0.29,0.14,0.04,0.27,5833.8,0.13
2018,66,Salta,60-69,Mujer,9038,2622.22,0.29,0.22,0.06,0.26,8134.2,0.2
2018,66,Salta,60-69,Varón,5531,1753.13,0.32,0.15,0.05,0.3,4977.9,0.14
2018,66,Salta,70-79,Mujer,5332,1896.94,0.36,0.23,0.07,0.32,4798.8,0.21
2018,66,Salta,70-79,Varón,2303,1214.58,0.53,0.11,0.06,0.54,2072.7,0.1
2018,66,Salta,80+,Mujer,1053,780.29,0.74,0.13,0.1,0.74,947.7,0.12
2018,66,Salta,80+,Varón,2623,1520.25,0.58,0.39,0.18,0.46,2360.7,0.35
2018,70,San Juan,30-39,Mujer,2237,1084.38,0.48,0.06,0.03,0.47,2013.3,0.05
2018,70,San Juan,30-39,Varón,3947,2032.48,0.51,0.08,0.04,0.5,3552.3,0.07
2018,70,San Juan,40-49,Mujer,12670,2893.57,0.23,0.28,0.06,0.22,11403,0.25
2018,70,San Juan,40-49,Varón,3479,1689.11,0.49,0.1,0.05,0.48,3131.1,0.09
2018,70,San Juan,50-59,Mujer,6611,2162.75,0.33,0.2,0.06,0.28,5949.9,0.18
2018,70,San Juan,50-59,Varón,7445,2331.51,0.31,0.32,0.08,0.25,6700.5,0.29
2018,70,San Juan,60-69,Mujer,7954,2217.94,0.28,0.28,0.08,0.27,7158.6,0.26
2018,70,San Juan,60-69,Varón,5278,2229.92,0.42,0.21,0.08,0.37,4750.2,0.19
2018,70,San Juan,70-79,Mujer,7515,1966.87,0.26,0.37,0.09,0.23,6763.5,0.34
2018,70,San Juan,70-79,Varón,4882,1803.99,0.37,0.49,0.12,0.24,4393.8,0.44
2018,70,San Juan,80+,Mujer,466,381.61,0.82,0.08,0.07,0.91,419.4,0.07
2018,70,San Juan,80+,Varón,917,723.6,0.79,0.2,0.17,0.87,825.3,0.18
2018,74,San Luis,30-39,Mujer,6223,1658.81,0.27,0.16,0.04,0.26,5600.7,0.15
2018,74,San Luis,30-39,Varón,1718,932.63,0.54,0.06,0.03,0.5,1546.2,0.06
2018,74,San Luis,40-49,Mujer,5787,1385.69,0.24,0.22,0.05,0.22,5208.3,0.2
2018,74,San Luis,40-49,Varón,2994,1461.35,0.49,0.12,0.06,0.49,2694.6,0.1
2018,74,San Luis,50-59,Mujer,3312,1020.92,0.31,0.13,0.04,0.3,2980.8,0.12
2018,74,San Luis,50-59,Varón,2099,961.68,0.46,0.14,0.06,0.42,1889.1,0.13
2018,74,San Luis,60-69,Mujer,3822,902,0.24,0.26,0.05,0.21,3439.8,0.23
2018,74,San Luis,60-69,Varón,7390,1633.02,0.22,0.41,0.07,0.18,6651,0.37
2018,74,San Luis,70-79,Mujer,2343,921.4,0.39,0.25,0.08,0.31,2108.7,0.22
2018,74,San Luis,70-79,Varón,5377,1426.88,0.27,0.44,0.11,0.26,4839.3,0.39
2018,74,San Luis,80+,Mujer,1365,537,0.39,0.28,0.09,0.34,1228.5,0.25
2018,74,San Luis,80+,Varón,762,595.98,0.78,0.47,0.25,0.53,685.8,0.42
2018,78,Santa Cruz,30-39,Mujer,2054,814.54,0.4,0.09,0.03,0.39,1848.6,0.08
2018,78,Santa Cruz,30-39,Varón,782,505.72,0.65,0.03,0.02,0.62,703.8,0.03
2018,78,Santa Cruz,40-49,Mujer,5353,1122.7,0.21,0.22,0.05,0.21,4817.7,0.2
2018,78,Santa Cruz,40-49,Varón,594,454.15,0.76,0.03,0.02,0.76,534.6,0.03
2018,78,Santa Cruz,50-59,Mujer,1923,864.05,0.45,0.16,0.07,0.41,1730.7,0.15
2018,78,Santa Cruz,50-59,Varón,2389,875.26,0.37,0.15,0.06,0.38,2150.1,0.14
2018,78,Santa Cruz,60-69,Mujer,2662,1127.7,0.42,0.27,0.1,0.36,2395.8,0.24
2018,78,Santa Cruz,60-69,Varón,4759,1282.59,0.27,0.34,0.08,0.25,4283.1,0.3
2018,78,Santa Cruz,70-79,Mujer,985,458.45,0.47,0.3,0.1,0.33,886.5,0.27
2018,78,Santa Cruz,70-79,Varón,1995,988.21,0.5,0.82,0.2,0.24,1795.5,0.74
2018,78,Santa Cruz,80+,Mujer,477,420.64,0.88,0.35,0.23,0.65,429.3,0.31
2018,78,Santa Cruz,80+,Varón,237,202.43,0.85,0.18,0.2,1.11,213.3,0.16
2018,82,Santa Fe,30-39,Mujer,16647,4562.46,0.27,0.07,0.02,0.28,14982.3,0.07
2018,82,Santa Fe,30-39,Varón,9583,3730.75,0.39,0.04,0.02,0.4,8624.7,0.04
2018,82,Santa Fe,40-49,Mujer,18025,5791.03,0.32,0.09,0.03,0.31,16222.5,0.08
2018,82,Santa Fe,40-49,Varón,23668,6157.96,0.26,0.14,0.04,0.26,21301.2,0.12
2018,82,Santa Fe,50-59,Mujer,28689,7024.55,0.24,0.2,0.05,0.23,25820.1,0.18
2018,82,Santa Fe,50-59,Varón,29891,7775.77,0.26,0.23,0.06,0.25,26901.9,0.2
2018,82,Santa Fe,60-69,Mujer,35030,7852.42,0.22,0.26,0.05,0.21,31527,0.23
2018,82,Santa Fe,60-69,Varón,38430,10737.36,0.28,0.28,0.07,0.26,34587,0.25
2018,82,Santa Fe,70-79,Mujer,19074,6678.03,0.35,0.22,0.06,0.3,17166.6,0.19
2018,82,Santa Fe,70-79,Varón,15407,4166.45,0.27,0.22,0.05,0.25,13866.3,0.19
2018,82,Santa Fe,80+,Mujer,9637,4698.01,0.49,0.19,0.09,0.44,8673.3,0.18
2018,82,Santa Fe,80+,Varón,4888,2969.94,0.61,0.15,0.09,0.56,4399.2,0.14
2018,86,Santiago del Estero,30-39,Mujer,4167,1503.32,0.36,0.1,0.04,0.37,3750.3,0.09
2018,86,Santiago del Estero,30-39,Varón,3774,1655.33,0.44,0.08,0.04,0.47,3396.6,0.07
2018,86,Santiago del Estero,40-49,Mujer,10470,3593.47,0.34,0.22,0.07,0.31,9423,0.2
2018,86,Santiago del Estero,40-49,Varón,2993,1339.08,0.45,0.09,0.04,0.44,2693.7,0.08
2018,86,Santiago del Estero,50-59,Mujer,5275,2231.58,0.42,0.21,0.09,0.42,4747.5,0.19
2018,86,Santiago del Estero,50-59,Varón,9070,2833.52,0.31,0.25,0.08,0.32,8163,0.22
2018,86,Santiago del Estero,60-69,Mujer,4412,1578.48,0.36,0.21,0.08,0.35,3970.8,0.19
2018,86,Santiago del Estero,60-69,Varón,5935,2019.59,0.34,0.35,0.11,0.32,5341.5,0.32
2018,86,Santiago del Estero,70-79,Mujer,3395,1604.28,0.47,0.17,0.08,0.44,3055.5,0.16
2018,86,Santiago del Estero,70-79,Varón,1090,823.62,0.76,0.11,0.08,0.75,981,0.1
2018,86,Santiago del Estero,80+,Mujer,361,351.83,0.97,0.05,0.04,0.84,324.9,0.05
2018,86,Santiago del Estero,80+,Varón,1834,1286.27,0.7,0.29,0.19,0.65,1650.6,0.26
2018,90,Tucumán,30-39,Mujer,16448,3876.15,0.24,0.15,0.03,0.22,14803.2,0.14
2018,90,Tucumán,30-39,Varón,2835,2217.04,0.78,0.03,0.03,0.78,2551.5,0.03
2018,90,Tucumán,40-49,Mujer,12001,3637.19,0.3,0.16,0.05,0.29,10800.9,0.15
2018,90,Tucumán,40-49,Varón,9220,3763.94,0.41,0.12,0.05,0.39,8298,0.11
2018,90,Tucumán,50-59,Mujer,8133,2285.93,0.28,0.18,0.05,0.28,7319.7,0.16
2018,90,Tucumán,50-59,Varón,17332,4533.26,0.26,0.32,0.08,0.25,15598.8,0.28
2018,90,Tucumán,60-69,Mujer,12938,2925.68,0.23,0.23,0.06,0.25,11644.2,0.2
2018,90,Tucumán,60-69,Varón,13721,4622.64,0.34,0.23,0.07,0.31,12348.9,0.21
2018,90,Tucumán,70-79,Mujer,7427,2494.49,0.34,0.2,0.07,0.33,6684.3,0.18
2018,90,Tucumán,70-79,Varón,1752,1284.78,0.73,0.09,0.07,0.78,1576.8,0.08
2018,90,Tucumán,80+,Mujer,500,529.24,1.06,0.04,0.04,1.06,450,0.04
2018,90,Tucumán,80+,Varón,340,391.47,1.15,0.03,0.04,1.27,306,0.03
2018,94,Tierra del Fuego,30-39,Mujer,1499,559.41,0.37,0.08,0.03,0.41,1349.1,0.08
2018,94,Tierra del Fuego,30-39,Varón,1112,566.78,0.51,0.09,0.05,0.53,1000.8,0.08
2018,94,Tierra del Fuego,40-49,Mujer,1893,796.43,0.42,0.19,0.08,0.43,1703.7,0.17
2018,94,Tierra del Fuego,40-49,Varón,2623,633.53,0.24,0.24,0.08,0.31,2360.7,0.22
2018,94,Tierra del Fuego,50-59,Mujer,2218,777.11,0.35,0.28,0.1,0.34,1996.2,0.25
2018,94,Tierra del Fuego,50-59,Varón,2062,734.66,0.36,0.34,0.11,0.33,1855.8,0.31
2018,94,Tierra del Fuego,60-69,Mujer,1561,800.32,0.51,0.28,0.14,0.49,1404.9,0.25
2018,94,Tierra del Fuego,60-69,Varón,808,504.39,0.62,0.12,0.09,0.72,727.2,0.11
2018,94,Tierra del Fuego,70-79,Mujer,290,234.9,0.81,0.18,0.18,1.03,261,0.16
2018,94,Tierra del Fuego,70-79,Varón,1145,704.16,0.61,0.43,0.2,0.47,1030.5,0.39
2018,94,Tierra del Fuego,80+,Mujer,0,0,NA,0,0,NA,0,0
2018,94,Tierra del Fuego,80+,Varón,122,164.03,1.34,0.26,0.38,1.47,109.8,0.23
