anio_enfr,prov_id,prov_nombre,grupo_edad_10,sexo,defun_n,defun_mean,lx,Tx,ex,AVP
2005,02,CABA,30-39,Mujer,1,0.33,98257.62,4983143.74,50.72,16.91
2005,02,CABA,30-39,Varón,4,1.33,96997.58,4397739.34,45.34,60.45
2005,02,CABA,40-49,Mujer,5,1.67,97340.84,4004699.14,41.14,68.57
2005,02,CABA,40-49,Varón,5,1.67,95386.37,3435285.52,36.01,60.02
2005,02,CABA,50-59,Mujer,24,8,95441.65,3039782.92,31.85,254.8
2005,02,CABA,50-59,Varón,46,15.33,92417.2,2494636.57,26.99,413.9
2005,02,CABA,60-69,Mujer,55,18.33,91170.49,2104350.44,23.08,423.16
2005,02,CABA,60-69,Varón,86,28.67,85071.86,1602958.12,18.84,540.15
2005,02,CABA,70-79,Mujer,138,46,81312.24,1237614.92,15.22,700.14
2005,02,CABA,70-79,Varón,158,52.67,68546.21,827772.32,12.08,636.01
2005,02,CABA,80+,Mujer,291,97,61218.22,517455,8.45,819.91
2005,02,CABA,80+,Varón,141,47,40745.57,276362.57,6.78,318.78
2005,06,Buenos Aires,30-39,Mujer,24,8,98257.62,4983143.74,50.72,405.72
2005,06,Buenos Aires,30-39,Varón,28,9.33,96997.58,4397739.34,45.34,423.16
2005,06,Buenos Aires,40-49,Mujer,89,29.67,97340.84,4004699.14,41.14,1220.52
2005,06,Buenos Aires,40-49,Varón,125,41.67,95386.37,3435285.52,36.01,1500.6
2005,06,Buenos Aires,50-59,Mujer,255,85,95441.65,3039782.92,31.85,2707.22
2005,06,Buenos Aires,50-59,Varón,430,143.33,92417.2,2494636.57,26.99,3869.03
2005,06,Buenos Aires,60-69,Mujer,714,238,91170.49,2104350.44,23.08,5493.39
2005,06,Buenos Aires,60-69,Varón,1010,336.67,85071.86,1602958.12,18.84,6343.61
2005,06,Buenos Aires,70-79,Mujer,1257,419,81312.24,1237614.92,15.22,6377.4
2005,06,Buenos Aires,70-79,Varón,1502,500.67,68546.21,827772.32,12.08,6046.11
2005,06,Buenos Aires,80+,Mujer,1476,492,61218.22,517455,8.45,4158.69
2005,06,Buenos Aires,80+,Varón,916,305.33,40745.57,276362.57,6.78,2070.97
2005,10,Catamarca,30-39,Mujer,2,0.67,98257.62,4983143.74,50.72,33.81
2005,10,Catamarca,30-39,Varón,1,0.33,96997.58,4397739.34,45.34,15.11
2005,10,Catamarca,40-49,Mujer,4,1.33,97340.84,4004699.14,41.14,54.85
2005,10,Catamarca,40-49,Varón,5,1.67,95386.37,3435285.52,36.01,60.02
2005,10,Catamarca,50-59,Mujer,20,6.67,95441.65,3039782.92,31.85,212.33
2005,10,Catamarca,50-59,Varón,19,6.33,92417.2,2494636.57,26.99,170.96
2005,10,Catamarca,60-69,Mujer,15,5,91170.49,2104350.44,23.08,115.41
2005,10,Catamarca,60-69,Varón,23,7.67,85071.86,1602958.12,18.84,144.46
2005,10,Catamarca,70-79,Mujer,38,12.67,81312.24,1237614.92,15.22,192.79
2005,10,Catamarca,70-79,Varón,40,13.33,68546.21,827772.32,12.08,161.01
2005,10,Catamarca,80+,Mujer,30,10,61218.22,517455,8.45,84.53
2005,10,Catamarca,80+,Varón,31,10.33,40745.57,276362.57,6.78,70.09
2005,14,Córdoba,30-39,Mujer,10,3.33,98257.62,4983143.74,50.72,169.05
2005,14,Córdoba,30-39,Varón,8,2.67,96997.58,4397739.34,45.34,120.9
2005,14,Córdoba,40-49,Mujer,25,8.33,97340.84,4004699.14,41.14,342.84
2005,14,Córdoba,40-49,Varón,36,12,95386.37,3435285.52,36.01,432.17
2005,14,Córdoba,50-59,Mujer,112,37.33,95441.65,3039782.92,31.85,1189.05
2005,14,Córdoba,50-59,Varón,201,67,92417.2,2494636.57,26.99,1808.54
2005,14,Córdoba,60-69,Mujer,290,96.67,91170.49,2104350.44,23.08,2231.21
2005,14,Córdoba,60-69,Varón,406,135.33,85071.86,1602958.12,18.84,2550.01
2005,14,Córdoba,70-79,Mujer,445,148.33,81312.24,1237614.92,15.22,2257.71
2005,14,Córdoba,70-79,Varón,576,192,68546.21,827772.32,12.08,2318.62
2005,14,Córdoba,80+,Mujer,539,179.67,61218.22,517455,8.45,1518.66
2005,14,Córdoba,80+,Varón,299,99.67,40745.57,276362.57,6.78,676
2005,18,Corrientes,30-39,Mujer,3,1,98257.62,4983143.74,50.72,50.72
2005,18,Corrientes,30-39,Varón,0,0,96997.58,4397739.34,45.34,0
2005,18,Corrientes,40-49,Mujer,7,2.33,97340.84,4004699.14,41.14,96
2005,18,Corrientes,40-49,Varón,12,4,95386.37,3435285.52,36.01,144.06
2005,18,Corrientes,50-59,Mujer,23,7.67,95441.65,3039782.92,31.85,244.18
2005,18,Corrientes,50-59,Varón,38,12.67,92417.2,2494636.57,26.99,341.91
2005,18,Corrientes,60-69,Mujer,64,21.33,91170.49,2104350.44,23.08,492.41
2005,18,Corrientes,60-69,Varón,85,28.33,85071.86,1602958.12,18.84,533.87
2005,18,Corrientes,70-79,Mujer,99,33,81312.24,1237614.92,15.22,502.28
2005,18,Corrientes,70-79,Varón,94,31.33,68546.21,827772.32,12.08,378.39
2005,18,Corrientes,80+,Mujer,79,26.33,61218.22,517455,8.45,222.59
2005,18,Corrientes,80+,Varón,41,13.67,40745.57,276362.57,6.78,92.7
2005,22,Chaco,30-39,Mujer,2,0.67,98257.62,4983143.74,50.72,33.81
2005,22,Chaco,30-39,Varón,3,1,96997.58,4397739.34,45.34,45.34
2005,22,Chaco,40-49,Mujer,10,3.33,97340.84,4004699.14,41.14,137.14
2005,22,Chaco,40-49,Varón,7,2.33,95386.37,3435285.52,36.01,84.03
2005,22,Chaco,50-59,Mujer,30,10,95441.65,3039782.92,31.85,318.5
2005,22,Chaco,50-59,Varón,56,18.67,92417.2,2494636.57,26.99,503.87
2005,22,Chaco,60-69,Mujer,78,26,91170.49,2104350.44,23.08,600.12
2005,22,Chaco,60-69,Varón,72,24,85071.86,1602958.12,18.84,452.22
2005,22,Chaco,70-79,Mujer,103,34.33,81312.24,1237614.92,15.22,522.57
2005,22,Chaco,70-79,Varón,92,30.67,68546.21,827772.32,12.08,370.33
2005,22,Chaco,80+,Mujer,79,26.33,61218.22,517455,8.45,222.59
2005,22,Chaco,80+,Varón,42,14,40745.57,276362.57,6.78,94.96
2005,26,Chubut,30-39,Mujer,2,0.67,98257.62,4983143.74,50.72,33.81
2005,26,Chubut,30-39,Varón,2,0.67,96997.58,4397739.34,45.34,30.23
2005,26,Chubut,40-49,Mujer,1,0.33,97340.84,4004699.14,41.14,13.71
2005,26,Chubut,40-49,Varón,2,0.67,95386.37,3435285.52,36.01,24.01
2005,26,Chubut,50-59,Mujer,8,2.67,95441.65,3039782.92,31.85,84.93
2005,26,Chubut,50-59,Varón,17,5.67,92417.2,2494636.57,26.99,152.96
2005,26,Chubut,60-69,Mujer,20,6.67,91170.49,2104350.44,23.08,153.88
2005,26,Chubut,60-69,Varón,28,9.33,85071.86,1602958.12,18.84,175.86
2005,26,Chubut,70-79,Mujer,21,7,81312.24,1237614.92,15.22,106.54
2005,26,Chubut,70-79,Varón,35,11.67,68546.21,827772.32,12.08,140.89
2005,26,Chubut,80+,Mujer,27,9,61218.22,517455,8.45,76.07
2005,26,Chubut,80+,Varón,15,5,40745.57,276362.57,6.78,33.91
2005,30,Entre Ríos,30-39,Mujer,5,1.67,98257.62,4983143.74,50.72,84.53
2005,30,Entre Ríos,30-39,Varón,0,0,96997.58,4397739.34,45.34,0
2005,30,Entre Ríos,40-49,Mujer,8,2.67,97340.84,4004699.14,41.14,109.71
2005,30,Entre Ríos,40-49,Varón,11,3.67,95386.37,3435285.52,36.01,132.05
2005,30,Entre Ríos,50-59,Mujer,39,13,95441.65,3039782.92,31.85,414.05
2005,30,Entre Ríos,50-59,Varón,53,17.67,92417.2,2494636.57,26.99,476.88
2005,30,Entre Ríos,60-69,Mujer,88,29.33,91170.49,2104350.44,23.08,677.06
2005,30,Entre Ríos,60-69,Varón,129,43,85071.86,1602958.12,18.84,810.22
2005,30,Entre Ríos,70-79,Mujer,136,45.33,81312.24,1237614.92,15.22,690
2005,30,Entre Ríos,70-79,Varón,153,51,68546.21,827772.32,12.08,615.88
2005,30,Entre Ríos,80+,Mujer,163,54.33,61218.22,517455,8.45,459.26
2005,30,Entre Ríos,80+,Varón,86,28.67,40745.57,276362.57,6.78,194.44
2005,34,Formosa,30-39,Mujer,2,0.67,98257.62,4983143.74,50.72,33.81
2005,34,Formosa,30-39,Varón,1,0.33,96997.58,4397739.34,45.34,15.11
2005,34,Formosa,40-49,Mujer,9,3,97340.84,4004699.14,41.14,123.42
2005,34,Formosa,40-49,Varón,2,0.67,95386.37,3435285.52,36.01,24.01
2005,34,Formosa,50-59,Mujer,33,11,95441.65,3039782.92,31.85,350.35
2005,34,Formosa,50-59,Varón,39,13,92417.2,2494636.57,26.99,350.91
2005,34,Formosa,60-69,Mujer,49,16.33,91170.49,2104350.44,23.08,377
2005,34,Formosa,60-69,Varón,52,17.33,85071.86,1602958.12,18.84,326.6
2005,34,Formosa,70-79,Mujer,79,26.33,81312.24,1237614.92,15.22,400.81
2005,34,Formosa,70-79,Varón,57,19,68546.21,827772.32,12.08,229.45
2005,34,Formosa,80+,Mujer,46,15.33,61218.22,517455,8.45,129.61
2005,34,Formosa,80+,Varón,22,7.33,40745.57,276362.57,6.78,49.74
2005,38,Jujuy,30-39,Mujer,0,0,98257.62,4983143.74,50.72,0
2005,38,Jujuy,30-39,Varón,0,0,96997.58,4397739.34,45.34,0
2005,38,Jujuy,40-49,Mujer,1,0.33,97340.84,4004699.14,41.14,13.71
2005,38,Jujuy,40-49,Varón,10,3.33,95386.37,3435285.52,36.01,120.05
2005,38,Jujuy,50-59,Mujer,15,5,95441.65,3039782.92,31.85,159.25
2005,38,Jujuy,50-59,Varón,17,5.67,92417.2,2494636.57,26.99,152.96
2005,38,Jujuy,60-69,Mujer,37,12.33,91170.49,2104350.44,23.08,284.67
2005,38,Jujuy,60-69,Varón,36,12,85071.86,1602958.12,18.84,226.11
2005,38,Jujuy,70-79,Mujer,46,15.33,81312.24,1237614.92,15.22,233.38
2005,38,Jujuy,70-79,Varón,33,11,68546.21,827772.32,12.08,132.84
2005,38,Jujuy,80+,Mujer,27,9,61218.22,517455,8.45,76.07
2005,38,Jujuy,80+,Varón,19,6.33,40745.57,276362.57,6.78,42.96
2005,42,La Pampa,30-39,Mujer,0,0,98257.62,4983143.74,50.72,0
2005,42,La Pampa,30-39,Varón,0,0,96997.58,4397739.34,45.34,0
2005,42,La Pampa,40-49,Mujer,3,1,97340.84,4004699.14,41.14,41.14
2005,42,La Pampa,40-49,Varón,1,0.33,95386.37,3435285.52,36.01,12
2005,42,La Pampa,50-59,Mujer,4,1.33,95441.65,3039782.92,31.85,42.47
2005,42,La Pampa,50-59,Varón,8,2.67,92417.2,2494636.57,26.99,71.98
2005,42,La Pampa,60-69,Mujer,12,4,91170.49,2104350.44,23.08,92.33
2005,42,La Pampa,60-69,Varón,19,6.33,85071.86,1602958.12,18.84,119.34
2005,42,La Pampa,70-79,Mujer,15,5,81312.24,1237614.92,15.22,76.1
2005,42,La Pampa,70-79,Varón,30,10,68546.21,827772.32,12.08,120.76
2005,42,La Pampa,80+,Mujer,43,14.33,61218.22,517455,8.45,121.15
2005,42,La Pampa,80+,Varón,17,5.67,40745.57,276362.57,6.78,38.43
2005,46,La Rioja,30-39,Mujer,1,0.33,98257.62,4983143.74,50.72,16.91
2005,46,La Rioja,30-39,Varón,1,0.33,96997.58,4397739.34,45.34,15.11
2005,46,La Rioja,40-49,Mujer,5,1.67,97340.84,4004699.14,41.14,68.57
2005,46,La Rioja,40-49,Varón,2,0.67,95386.37,3435285.52,36.01,24.01
2005,46,La Rioja,50-59,Mujer,11,3.67,95441.65,3039782.92,31.85,116.78
2005,46,La Rioja,50-59,Varón,19,6.33,92417.2,2494636.57,26.99,170.96
2005,46,La Rioja,60-69,Mujer,19,6.33,91170.49,2104350.44,23.08,146.18
2005,46,La Rioja,60-69,Varón,23,7.67,85071.86,1602958.12,18.84,144.46
2005,46,La Rioja,70-79,Mujer,20,6.67,81312.24,1237614.92,15.22,101.47
2005,46,La Rioja,70-79,Varón,19,6.33,68546.21,827772.32,12.08,76.48
2005,46,La Rioja,80+,Mujer,20,6.67,61218.22,517455,8.45,56.35
2005,46,La Rioja,80+,Varón,12,4,40745.57,276362.57,6.78,27.13
2005,50,Mendoza,30-39,Mujer,2,0.67,98257.62,4983143.74,50.72,33.81
2005,50,Mendoza,30-39,Varón,5,1.67,96997.58,4397739.34,45.34,75.56
2005,50,Mendoza,40-49,Mujer,16,5.33,97340.84,4004699.14,41.14,219.42
2005,50,Mendoza,40-49,Varón,24,8,95386.37,3435285.52,36.01,288.12
2005,50,Mendoza,50-59,Mujer,85,28.33,95441.65,3039782.92,31.85,902.41
2005,50,Mendoza,50-59,Varón,126,42,92417.2,2494636.57,26.99,1133.71
2005,50,Mendoza,60-69,Mujer,224,74.67,91170.49,2104350.44,23.08,1723.42
2005,50,Mendoza,60-69,Varón,320,106.67,85071.86,1602958.12,18.84,2009.86
2005,50,Mendoza,70-79,Mujer,340,113.33,81312.24,1237614.92,15.22,1724.99
2005,50,Mendoza,70-79,Varón,359,119.67,68546.21,827772.32,12.08,1445.11
2005,50,Mendoza,80+,Mujer,234,78,61218.22,517455,8.45,659.31
2005,50,Mendoza,80+,Varón,138,46,40745.57,276362.57,6.78,312
2005,54,Misiones,30-39,Mujer,2,0.67,98257.62,4983143.74,50.72,33.81
2005,54,Misiones,30-39,Varón,3,1,96997.58,4397739.34,45.34,45.34
2005,54,Misiones,40-49,Mujer,16,5.33,97340.84,4004699.14,41.14,219.42
2005,54,Misiones,40-49,Varón,11,3.67,95386.37,3435285.52,36.01,132.05
2005,54,Misiones,50-59,Mujer,46,15.33,95441.65,3039782.92,31.85,488.36
2005,54,Misiones,50-59,Varón,45,15,92417.2,2494636.57,26.99,404.9
2005,54,Misiones,60-69,Mujer,80,26.67,91170.49,2104350.44,23.08,615.51
2005,54,Misiones,60-69,Varón,82,27.33,85071.86,1602958.12,18.84,515.03
2005,54,Misiones,70-79,Mujer,118,39.33,81312.24,1237614.92,15.22,598.67
2005,54,Misiones,70-79,Varón,104,34.67,68546.21,827772.32,12.08,418.64
2005,54,Misiones,80+,Mujer,81,27,61218.22,517455,8.45,228.22
2005,54,Misiones,80+,Varón,51,17,40745.57,276362.57,6.78,115.3
2005,58,Neuquén,30-39,Mujer,1,0.33,98257.62,4983143.74,50.72,16.91
2005,58,Neuquén,30-39,Varón,1,0.33,96997.58,4397739.34,45.34,15.11
2005,58,Neuquén,40-49,Mujer,3,1,97340.84,4004699.14,41.14,41.14
2005,58,Neuquén,40-49,Varón,10,3.33,95386.37,3435285.52,36.01,120.05
2005,58,Neuquén,50-59,Mujer,27,9,95441.65,3039782.92,31.85,286.65
2005,58,Neuquén,50-59,Varón,27,9,92417.2,2494636.57,26.99,242.94
2005,58,Neuquén,60-69,Mujer,36,12,91170.49,2104350.44,23.08,276.98
2005,58,Neuquén,60-69,Varón,59,19.67,85071.86,1602958.12,18.84,370.57
2005,58,Neuquén,70-79,Mujer,55,18.33,81312.24,1237614.92,15.22,279.04
2005,58,Neuquén,70-79,Varón,78,26,68546.21,827772.32,12.08,313.98
2005,58,Neuquén,80+,Mujer,65,21.67,61218.22,517455,8.45,183.14
2005,58,Neuquén,80+,Varón,39,13,40745.57,276362.57,6.78,88.17
2005,62,Río Negro,30-39,Mujer,1,0.33,98257.62,4983143.74,50.72,16.91
2005,62,Río Negro,30-39,Varón,0,0,96997.58,4397739.34,45.34,0
2005,62,Río Negro,40-49,Mujer,4,1.33,97340.84,4004699.14,41.14,54.85
2005,62,Río Negro,40-49,Varón,1,0.33,95386.37,3435285.52,36.01,12
2005,62,Río Negro,50-59,Mujer,3,1,95441.65,3039782.92,31.85,31.85
2005,62,Río Negro,50-59,Varón,13,4.33,92417.2,2494636.57,26.99,116.97
2005,62,Río Negro,60-69,Mujer,19,6.33,91170.49,2104350.44,23.08,146.18
2005,62,Río Negro,60-69,Varón,29,9.67,85071.86,1602958.12,18.84,182.14
2005,62,Río Negro,70-79,Mujer,45,15,81312.24,1237614.92,15.22,228.31
2005,62,Río Negro,70-79,Varón,55,18.33,68546.21,827772.32,12.08,221.4
2005,62,Río Negro,80+,Mujer,40,13.33,61218.22,517455,8.45,112.7
2005,62,Río Negro,80+,Varón,22,7.33,40745.57,276362.57,6.78,49.74
2005,66,Salta,30-39,Mujer,0,0,98257.62,4983143.74,50.72,0
2005,66,Salta,30-39,Varón,2,0.67,96997.58,4397739.34,45.34,30.23
2005,66,Salta,40-49,Mujer,3,1,97340.84,4004699.14,41.14,41.14
2005,66,Salta,40-49,Varón,11,3.67,95386.37,3435285.52,36.01,132.05
2005,66,Salta,50-59,Mujer,17,5.67,95441.65,3039782.92,31.85,180.48
2005,66,Salta,50-59,Varón,29,9.67,92417.2,2494636.57,26.99,260.93
2005,66,Salta,60-69,Mujer,40,13.33,91170.49,2104350.44,23.08,307.75
2005,66,Salta,60-69,Varón,47,15.67,85071.86,1602958.12,18.84,295.2
2005,66,Salta,70-79,Mujer,48,16,81312.24,1237614.92,15.22,243.53
2005,66,Salta,70-79,Varón,45,15,68546.21,827772.32,12.08,181.14
2005,66,Salta,80+,Mujer,51,17,61218.22,517455,8.45,143.69
2005,66,Salta,80+,Varón,33,11,40745.57,276362.57,6.78,74.61
2005,70,San Juan,30-39,Mujer,3,1,98257.62,4983143.74,50.72,50.72
2005,70,San Juan,30-39,Varón,2,0.67,96997.58,4397739.34,45.34,30.23
2005,70,San Juan,40-49,Mujer,8,2.67,97340.84,4004699.14,41.14,109.71
2005,70,San Juan,40-49,Varón,8,2.67,95386.37,3435285.52,36.01,96.04
2005,70,San Juan,50-59,Mujer,40,13.33,95441.65,3039782.92,31.85,424.66
2005,70,San Juan,50-59,Varón,50,16.67,92417.2,2494636.57,26.99,449.89
2005,70,San Juan,60-69,Mujer,97,32.33,91170.49,2104350.44,23.08,746.3
2005,70,San Juan,60-69,Varón,119,39.67,85071.86,1602958.12,18.84,747.42
2005,70,San Juan,70-79,Mujer,162,54,81312.24,1237614.92,15.22,821.91
2005,70,San Juan,70-79,Varón,140,46.67,68546.21,827772.32,12.08,563.55
2005,70,San Juan,80+,Mujer,113,37.67,61218.22,517455,8.45,318.38
2005,70,San Juan,80+,Varón,80,26.67,40745.57,276362.57,6.78,180.87
2005,74,San Luis,30-39,Mujer,1,0.33,98257.62,4983143.74,50.72,16.91
2005,74,San Luis,30-39,Varón,4,1.33,96997.58,4397739.34,45.34,60.45
2005,74,San Luis,40-49,Mujer,5,1.67,97340.84,4004699.14,41.14,68.57
2005,74,San Luis,40-49,Varón,8,2.67,95386.37,3435285.52,36.01,96.04
2005,74,San Luis,50-59,Mujer,17,5.67,95441.65,3039782.92,31.85,180.48
2005,74,San Luis,50-59,Varón,31,10.33,92417.2,2494636.57,26.99,278.93
2005,74,San Luis,60-69,Mujer,27,9,91170.49,2104350.44,23.08,207.73
2005,74,San Luis,60-69,Varón,46,15.33,85071.86,1602958.12,18.84,288.92
2005,74,San Luis,70-79,Mujer,58,19.33,81312.24,1237614.92,15.22,294.26
2005,74,San Luis,70-79,Varón,59,19.67,68546.21,827772.32,12.08,237.5
2005,74,San Luis,80+,Mujer,44,14.67,61218.22,517455,8.45,123.97
2005,74,San Luis,80+,Varón,34,11.33,40745.57,276362.57,6.78,76.87
2005,78,Santa Cruz,30-39,Mujer,0,0,98257.62,4983143.74,50.72,0
2005,78,Santa Cruz,30-39,Varón,1,0.33,96997.58,4397739.34,45.34,15.11
2005,78,Santa Cruz,40-49,Mujer,2,0.67,97340.84,4004699.14,41.14,27.43
2005,78,Santa Cruz,40-49,Varón,1,0.33,95386.37,3435285.52,36.01,12
2005,78,Santa Cruz,50-59,Mujer,5,1.67,95441.65,3039782.92,31.85,53.08
2005,78,Santa Cruz,50-59,Varón,6,2,92417.2,2494636.57,26.99,53.99
2005,78,Santa Cruz,60-69,Mujer,12,4,91170.49,2104350.44,23.08,92.33
2005,78,Santa Cruz,60-69,Varón,19,6.33,85071.86,1602958.12,18.84,119.34
2005,78,Santa Cruz,70-79,Mujer,20,6.67,81312.24,1237614.92,15.22,101.47
2005,78,Santa Cruz,70-79,Varón,17,5.67,68546.21,827772.32,12.08,68.43
2005,78,Santa Cruz,80+,Mujer,13,4.33,61218.22,517455,8.45,36.63
2005,78,Santa Cruz,80+,Varón,10,3.33,40745.57,276362.57,6.78,22.61
2005,82,Santa Fe,30-39,Mujer,3,1,98257.62,4983143.74,50.72,50.72
2005,82,Santa Fe,30-39,Varón,7,2.33,96997.58,4397739.34,45.34,105.79
2005,82,Santa Fe,40-49,Mujer,27,9,97340.84,4004699.14,41.14,370.27
2005,82,Santa Fe,40-49,Varón,46,15.33,95386.37,3435285.52,36.01,552.22
2005,82,Santa Fe,50-59,Mujer,114,38,95441.65,3039782.92,31.85,1210.29
2005,82,Santa Fe,50-59,Varón,210,70,92417.2,2494636.57,26.99,1889.52
2005,82,Santa Fe,60-69,Mujer,308,102.67,91170.49,2104350.44,23.08,2369.7
2005,82,Santa Fe,60-69,Varón,505,168.33,85071.86,1602958.12,18.84,3171.8
2005,82,Santa Fe,70-79,Mujer,564,188,81312.24,1237614.92,15.22,2861.46
2005,82,Santa Fe,70-79,Varón,667,222.33,68546.21,827772.32,12.08,2684.92
2005,82,Santa Fe,80+,Mujer,677,225.67,61218.22,517455,8.45,1907.48
2005,82,Santa Fe,80+,Varón,436,145.33,40745.57,276362.57,6.78,985.74
2005,86,Santiago del Estero,30-39,Mujer,1,0.33,98257.62,4983143.74,50.72,16.91
2005,86,Santiago del Estero,30-39,Varón,2,0.67,96997.58,4397739.34,45.34,30.23
2005,86,Santiago del Estero,40-49,Mujer,9,3,97340.84,4004699.14,41.14,123.42
2005,86,Santiago del Estero,40-49,Varón,11,3.67,95386.37,3435285.52,36.01,132.05
2005,86,Santiago del Estero,50-59,Mujer,27,9,95441.65,3039782.92,31.85,286.65
2005,86,Santiago del Estero,50-59,Varón,44,14.67,92417.2,2494636.57,26.99,395.9
2005,86,Santiago del Estero,60-69,Mujer,66,22,91170.49,2104350.44,23.08,507.79
2005,86,Santiago del Estero,60-69,Varón,62,20.67,85071.86,1602958.12,18.84,389.41
2005,86,Santiago del Estero,70-79,Mujer,81,27,81312.24,1237614.92,15.22,410.95
2005,86,Santiago del Estero,70-79,Varón,71,23.67,68546.21,827772.32,12.08,285.8
2005,86,Santiago del Estero,80+,Mujer,70,23.33,61218.22,517455,8.45,197.23
2005,86,Santiago del Estero,80+,Varón,35,11.67,40745.57,276362.57,6.78,79.13
2005,90,Tucumán,30-39,Mujer,4,1.33,98257.62,4983143.74,50.72,67.62
2005,90,Tucumán,30-39,Varón,6,2,96997.58,4397739.34,45.34,90.68
2005,90,Tucumán,40-49,Mujer,17,5.67,97340.84,4004699.14,41.14,233.13
2005,90,Tucumán,40-49,Varón,13,4.33,95386.37,3435285.52,36.01,156.06
2005,90,Tucumán,50-59,Mujer,58,19.33,95441.65,3039782.92,31.85,615.76
2005,90,Tucumán,50-59,Varón,93,31,92417.2,2494636.57,26.99,836.79
2005,90,Tucumán,60-69,Mujer,134,44.67,91170.49,2104350.44,23.08,1030.97
2005,90,Tucumán,60-69,Varón,155,51.67,85071.86,1602958.12,18.84,973.52
2005,90,Tucumán,70-79,Mujer,180,60,81312.24,1237614.92,15.22,913.23
2005,90,Tucumán,70-79,Varón,192,64,68546.21,827772.32,12.08,772.87
2005,90,Tucumán,80+,Mujer,149,49.67,61218.22,517455,8.45,419.81
2005,90,Tucumán,80+,Varón,87,29,40745.57,276362.57,6.78,196.7
2005,94,Tierra del Fuego,30-39,Mujer,0,0,98257.62,4983143.74,50.72,0
2005,94,Tierra del Fuego,30-39,Varón,0,0,96997.58,4397739.34,45.34,0
2005,94,Tierra del Fuego,40-49,Mujer,1,0.33,97340.84,4004699.14,41.14,13.71
2005,94,Tierra del Fuego,40-49,Varón,1,0.33,95386.37,3435285.52,36.01,12
2005,94,Tierra del Fuego,50-59,Mujer,2,0.67,95441.65,3039782.92,31.85,21.23
2005,94,Tierra del Fuego,50-59,Varón,2,0.67,92417.2,2494636.57,26.99,18
2005,94,Tierra del Fuego,60-69,Mujer,3,1,91170.49,2104350.44,23.08,23.08
2005,94,Tierra del Fuego,60-69,Varón,2,0.67,85071.86,1602958.12,18.84,12.56
2005,94,Tierra del Fuego,70-79,Mujer,9,3,81312.24,1237614.92,15.22,45.66
2005,94,Tierra del Fuego,70-79,Varón,7,2.33,68546.21,827772.32,12.08,28.18
2005,94,Tierra del Fuego,80+,Mujer,4,1.33,61218.22,517455,8.45,11.27
2005,94,Tierra del Fuego,80+,Varón,2,0.67,40745.57,276362.57,6.78,4.52
2009,02,CABA,30-39,Mujer,7,2.33,98257.62,4983143.74,50.72,118.34
2009,02,CABA,30-39,Varón,3,1,96997.58,4397739.34,45.34,45.34
2009,02,CABA,40-49,Mujer,7,2.33,97340.84,4004699.14,41.14,96
2009,02,CABA,40-49,Varón,7,2.33,95386.37,3435285.52,36.01,84.03
2009,02,CABA,50-59,Mujer,17,5.67,95441.65,3039782.92,31.85,180.48
2009,02,CABA,50-59,Varón,28,9.33,92417.2,2494636.57,26.99,251.94
2009,02,CABA,60-69,Mujer,56,18.67,91170.49,2104350.44,23.08,430.85
2009,02,CABA,60-69,Varón,74,24.67,85071.86,1602958.12,18.84,464.78
2009,02,CABA,70-79,Mujer,107,35.67,81312.24,1237614.92,15.22,542.87
2009,02,CABA,70-79,Varón,126,42,68546.21,827772.32,12.08,507.2
2009,02,CABA,80+,Mujer,231,77,61218.22,517455,8.45,650.85
2009,02,CABA,80+,Varón,146,48.67,40745.57,276362.57,6.78,330.09
2009,06,Buenos Aires,30-39,Mujer,42,14,98257.62,4983143.74,50.72,710.01
2009,06,Buenos Aires,30-39,Varón,44,14.67,96997.58,4397739.34,45.34,664.97
2009,06,Buenos Aires,40-49,Mujer,83,27.67,97340.84,4004699.14,41.14,1138.23
2009,06,Buenos Aires,40-49,Varón,93,31,95386.37,3435285.52,36.01,1116.45
2009,06,Buenos Aires,50-59,Mujer,276,92,95441.65,3039782.92,31.85,2930.17
2009,06,Buenos Aires,50-59,Varón,449,149.67,92417.2,2494636.57,26.99,4039.98
2009,06,Buenos Aires,60-69,Mujer,569,189.67,91170.49,2104350.44,23.08,4377.79
2009,06,Buenos Aires,60-69,Varón,841,280.33,85071.86,1602958.12,18.84,5282.15
2009,06,Buenos Aires,70-79,Mujer,1007,335.67,81312.24,1237614.92,15.22,5109.02
2009,06,Buenos Aires,70-79,Varón,1192,397.33,68546.21,827772.32,12.08,4798.25
2009,06,Buenos Aires,80+,Mujer,1381,460.33,61218.22,517455,8.45,3891.03
2009,06,Buenos Aires,80+,Varón,840,280,40745.57,276362.57,6.78,1899.14
2009,10,Catamarca,30-39,Mujer,1,0.33,98257.62,4983143.74,50.72,16.91
2009,10,Catamarca,30-39,Varón,0,0,96997.58,4397739.34,45.34,0
2009,10,Catamarca,40-49,Mujer,0,0,97340.84,4004699.14,41.14,0
2009,10,Catamarca,40-49,Varón,4,1.33,95386.37,3435285.52,36.01,48.02
2009,10,Catamarca,50-59,Mujer,12,4,95441.65,3039782.92,31.85,127.4
2009,10,Catamarca,50-59,Varón,16,5.33,92417.2,2494636.57,26.99,143.96
2009,10,Catamarca,60-69,Mujer,20,6.67,91170.49,2104350.44,23.08,153.88
2009,10,Catamarca,60-69,Varón,35,11.67,85071.86,1602958.12,18.84,219.83
2009,10,Catamarca,70-79,Mujer,32,10.67,81312.24,1237614.92,15.22,162.35
2009,10,Catamarca,70-79,Varón,34,11.33,68546.21,827772.32,12.08,136.86
2009,10,Catamarca,80+,Mujer,24,8,61218.22,517455,8.45,67.62
2009,10,Catamarca,80+,Varón,16,5.33,40745.57,276362.57,6.78,36.17
2009,14,Córdoba,30-39,Mujer,7,2.33,98257.62,4983143.74,50.72,118.34
2009,14,Córdoba,30-39,Varón,6,2,96997.58,4397739.34,45.34,90.68
2009,14,Córdoba,40-49,Mujer,22,7.33,97340.84,4004699.14,41.14,301.7
2009,14,Córdoba,40-49,Varón,32,10.67,95386.37,3435285.52,36.01,384.15
2009,14,Córdoba,50-59,Mujer,99,33,95441.65,3039782.92,31.85,1051.04
2009,14,Córdoba,50-59,Varón,147,49,92417.2,2494636.57,26.99,1322.67
2009,14,Córdoba,60-69,Mujer,219,73,91170.49,2104350.44,23.08,1684.95
2009,14,Córdoba,60-69,Varón,313,104.33,85071.86,1602958.12,18.84,1965.89
2009,14,Córdoba,70-79,Mujer,306,102,81312.24,1237614.92,15.22,1552.49
2009,14,Córdoba,70-79,Varón,381,127,68546.21,827772.32,12.08,1533.67
2009,14,Córdoba,80+,Mujer,352,117.33,61218.22,517455,8.45,991.78
2009,14,Córdoba,80+,Varón,246,82,40745.57,276362.57,6.78,556.18
2009,18,Corrientes,30-39,Mujer,0,0,98257.62,4983143.74,50.72,0
2009,18,Corrientes,30-39,Varón,2,0.67,96997.58,4397739.34,45.34,30.23
2009,18,Corrientes,40-49,Mujer,13,4.33,97340.84,4004699.14,41.14,178.28
2009,18,Corrientes,40-49,Varón,10,3.33,95386.37,3435285.52,36.01,120.05
2009,18,Corrientes,50-59,Mujer,22,7.33,95441.65,3039782.92,31.85,233.56
2009,18,Corrientes,50-59,Varón,35,11.67,92417.2,2494636.57,26.99,314.92
2009,18,Corrientes,60-69,Mujer,68,22.67,91170.49,2104350.44,23.08,523.18
2009,18,Corrientes,60-69,Varón,76,25.33,85071.86,1602958.12,18.84,477.34
2009,18,Corrientes,70-79,Mujer,103,34.33,81312.24,1237614.92,15.22,522.57
2009,18,Corrientes,70-79,Varón,84,28,68546.21,827772.32,12.08,338.13
2009,18,Corrientes,80+,Mujer,105,35,61218.22,517455,8.45,295.84
2009,18,Corrientes,80+,Varón,51,17,40745.57,276362.57,6.78,115.3
2009,22,Chaco,30-39,Mujer,6,2,98257.62,4983143.74,50.72,101.43
2009,22,Chaco,30-39,Varón,2,0.67,96997.58,4397739.34,45.34,30.23
2009,22,Chaco,40-49,Mujer,9,3,97340.84,4004699.14,41.14,123.42
2009,22,Chaco,40-49,Varón,11,3.67,95386.37,3435285.52,36.01,132.05
2009,22,Chaco,50-59,Mujer,44,14.67,95441.65,3039782.92,31.85,467.13
2009,22,Chaco,50-59,Varón,54,18,92417.2,2494636.57,26.99,485.88
2009,22,Chaco,60-69,Mujer,62,20.67,91170.49,2104350.44,23.08,477.02
2009,22,Chaco,60-69,Varón,86,28.67,85071.86,1602958.12,18.84,540.15
2009,22,Chaco,70-79,Mujer,112,37.33,81312.24,1237614.92,15.22,568.23
2009,22,Chaco,70-79,Varón,99,33,68546.21,827772.32,12.08,398.51
2009,22,Chaco,80+,Mujer,90,30,61218.22,517455,8.45,253.58
2009,22,Chaco,80+,Varón,28,9.33,40745.57,276362.57,6.78,63.3
2009,26,Chubut,30-39,Mujer,1,0.33,98257.62,4983143.74,50.72,16.91
2009,26,Chubut,30-39,Varón,1,0.33,96997.58,4397739.34,45.34,15.11
2009,26,Chubut,40-49,Mujer,3,1,97340.84,4004699.14,41.14,41.14
2009,26,Chubut,40-49,Varón,5,1.67,95386.37,3435285.52,36.01,60.02
2009,26,Chubut,50-59,Mujer,9,3,95441.65,3039782.92,31.85,95.55
2009,26,Chubut,50-59,Varón,13,4.33,92417.2,2494636.57,26.99,116.97
2009,26,Chubut,60-69,Mujer,16,5.33,91170.49,2104350.44,23.08,123.1
2009,26,Chubut,60-69,Varón,27,9,85071.86,1602958.12,18.84,169.58
2009,26,Chubut,70-79,Mujer,30,10,81312.24,1237614.92,15.22,152.21
2009,26,Chubut,70-79,Varón,49,16.33,68546.21,827772.32,12.08,197.24
2009,26,Chubut,80+,Mujer,40,13.33,61218.22,517455,8.45,112.7
2009,26,Chubut,80+,Varón,23,7.67,40745.57,276362.57,6.78,52
2009,30,Entre Ríos,30-39,Mujer,4,1.33,98257.62,4983143.74,50.72,67.62
2009,30,Entre Ríos,30-39,Varón,0,0,96997.58,4397739.34,45.34,0
2009,30,Entre Ríos,40-49,Mujer,7,2.33,97340.84,4004699.14,41.14,96
2009,30,Entre Ríos,40-49,Varón,8,2.67,95386.37,3435285.52,36.01,96.04
2009,30,Entre Ríos,50-59,Mujer,22,7.33,95441.65,3039782.92,31.85,233.56
2009,30,Entre Ríos,50-59,Varón,38,12.67,92417.2,2494636.57,26.99,341.91
2009,30,Entre Ríos,60-69,Mujer,64,21.33,91170.49,2104350.44,23.08,492.41
2009,30,Entre Ríos,60-69,Varón,91,30.33,85071.86,1602958.12,18.84,571.55
2009,30,Entre Ríos,70-79,Mujer,119,39.67,81312.24,1237614.92,15.22,603.75
2009,30,Entre Ríos,70-79,Varón,112,37.33,68546.21,827772.32,12.08,450.84
2009,30,Entre Ríos,80+,Mujer,134,44.67,61218.22,517455,8.45,377.55
2009,30,Entre Ríos,80+,Varón,80,26.67,40745.57,276362.57,6.78,180.87
2009,34,Formosa,30-39,Mujer,3,1,98257.62,4983143.74,50.72,50.72
2009,34,Formosa,30-39,Varón,1,0.33,96997.58,4397739.34,45.34,15.11
2009,34,Formosa,40-49,Mujer,17,5.67,97340.84,4004699.14,41.14,233.13
2009,34,Formosa,40-49,Varón,10,3.33,95386.37,3435285.52,36.01,120.05
2009,34,Formosa,50-59,Mujer,32,10.67,95441.65,3039782.92,31.85,339.73
2009,34,Formosa,50-59,Varón,26,8.67,92417.2,2494636.57,26.99,233.94
2009,34,Formosa,60-69,Mujer,65,21.67,91170.49,2104350.44,23.08,500.1
2009,34,Formosa,60-69,Varón,70,23.33,85071.86,1602958.12,18.84,439.66
2009,34,Formosa,70-79,Mujer,72,24,81312.24,1237614.92,15.22,365.29
2009,34,Formosa,70-79,Varón,62,20.67,68546.21,827772.32,12.08,249.57
2009,34,Formosa,80+,Mujer,74,24.67,61218.22,517455,8.45,208.5
2009,34,Formosa,80+,Varón,40,13.33,40745.57,276362.57,6.78,90.44
2009,38,Jujuy,30-39,Mujer,0,0,98257.62,4983143.74,50.72,0
2009,38,Jujuy,30-39,Varón,2,0.67,96997.58,4397739.34,45.34,30.23
2009,38,Jujuy,40-49,Mujer,2,0.67,97340.84,4004699.14,41.14,27.43
2009,38,Jujuy,40-49,Varón,7,2.33,95386.37,3435285.52,36.01,84.03
2009,38,Jujuy,50-59,Mujer,18,6,95441.65,3039782.92,31.85,191.1
2009,38,Jujuy,50-59,Varón,28,9.33,92417.2,2494636.57,26.99,251.94
2009,38,Jujuy,60-69,Mujer,32,10.67,91170.49,2104350.44,23.08,246.2
2009,38,Jujuy,60-69,Varón,53,17.67,85071.86,1602958.12,18.84,332.88
2009,38,Jujuy,70-79,Mujer,36,12,81312.24,1237614.92,15.22,182.65
2009,38,Jujuy,70-79,Varón,50,16.67,68546.21,827772.32,12.08,201.27
2009,38,Jujuy,80+,Mujer,29,9.67,61218.22,517455,8.45,81.71
2009,38,Jujuy,80+,Varón,22,7.33,40745.57,276362.57,6.78,49.74
2009,42,La Pampa,30-39,Mujer,0,0,98257.62,4983143.74,50.72,0
2009,42,La Pampa,30-39,Varón,0,0,96997.58,4397739.34,45.34,0
2009,42,La Pampa,40-49,Mujer,0,0,97340.84,4004699.14,41.14,0
2009,42,La Pampa,40-49,Varón,2,0.67,95386.37,3435285.52,36.01,24.01
2009,42,La Pampa,50-59,Mujer,6,2,95441.65,3039782.92,31.85,63.7
2009,42,La Pampa,50-59,Varón,10,3.33,92417.2,2494636.57,26.99,89.98
2009,42,La Pampa,60-69,Mujer,12,4,91170.49,2104350.44,23.08,92.33
2009,42,La Pampa,60-69,Varón,14,4.67,85071.86,1602958.12,18.84,87.93
2009,42,La Pampa,70-79,Mujer,13,4.33,81312.24,1237614.92,15.22,65.96
2009,42,La Pampa,70-79,Varón,25,8.33,68546.21,827772.32,12.08,100.63
2009,42,La Pampa,80+,Mujer,24,8,61218.22,517455,8.45,67.62
2009,42,La Pampa,80+,Varón,15,5,40745.57,276362.57,6.78,33.91
2009,46,La Rioja,30-39,Mujer,0,0,98257.62,4983143.74,50.72,0
2009,46,La Rioja,30-39,Varón,2,0.67,96997.58,4397739.34,45.34,30.23
2009,46,La Rioja,40-49,Mujer,1,0.33,97340.84,4004699.14,41.14,13.71
2009,46,La Rioja,40-49,Varón,8,2.67,95386.37,3435285.52,36.01,96.04
2009,46,La Rioja,50-59,Mujer,12,4,95441.65,3039782.92,31.85,127.4
2009,46,La Rioja,50-59,Varón,13,4.33,92417.2,2494636.57,26.99,116.97
2009,46,La Rioja,60-69,Mujer,19,6.33,91170.49,2104350.44,23.08,146.18
2009,46,La Rioja,60-69,Varón,31,10.33,85071.86,1602958.12,18.84,194.7
2009,46,La Rioja,70-79,Mujer,21,7,81312.24,1237614.92,15.22,106.54
2009,46,La Rioja,70-79,Varón,16,5.33,68546.21,827772.32,12.08,64.41
2009,46,La Rioja,80+,Mujer,14,4.67,61218.22,517455,8.45,39.45
2009,46,La Rioja,80+,Varón,11,3.67,40745.57,276362.57,6.78,24.87
2009,50,Mendoza,30-39,Mujer,7,2.33,98257.62,4983143.74,50.72,118.34
2009,50,Mendoza,30-39,Varón,4,1.33,96997.58,4397739.34,45.34,60.45
2009,50,Mendoza,40-49,Mujer,18,6,97340.84,4004699.14,41.14,246.85
2009,50,Mendoza,40-49,Varón,24,8,95386.37,3435285.52,36.01,288.12
2009,50,Mendoza,50-59,Mujer,70,23.33,95441.65,3039782.92,31.85,743.16
2009,50,Mendoza,50-59,Varón,130,43.33,92417.2,2494636.57,26.99,1169.71
2009,50,Mendoza,60-69,Mujer,199,66.33,91170.49,2104350.44,23.08,1531.07
2009,50,Mendoza,60-69,Varón,303,101,85071.86,1602958.12,18.84,1903.08
2009,50,Mendoza,70-79,Mujer,307,102.33,81312.24,1237614.92,15.22,1557.57
2009,50,Mendoza,70-79,Varón,360,120,68546.21,827772.32,12.08,1449.13
2009,50,Mendoza,80+,Mujer,304,101.33,61218.22,517455,8.45,856.53
2009,50,Mendoza,80+,Varón,177,59,40745.57,276362.57,6.78,400.18
2009,54,Misiones,30-39,Mujer,1,0.33,98257.62,4983143.74,50.72,16.91
2009,54,Misiones,30-39,Varón,6,2,96997.58,4397739.34,45.34,90.68
2009,54,Misiones,40-49,Mujer,11,3.67,97340.84,4004699.14,41.14,150.85
2009,54,Misiones,40-49,Varón,14,4.67,95386.37,3435285.52,36.01,168.07
2009,54,Misiones,50-59,Mujer,37,12.33,95441.65,3039782.92,31.85,392.81
2009,54,Misiones,50-59,Varón,49,16.33,92417.2,2494636.57,26.99,440.89
2009,54,Misiones,60-69,Mujer,75,25,91170.49,2104350.44,23.08,577.04
2009,54,Misiones,60-69,Varón,87,29,85071.86,1602958.12,18.84,546.43
2009,54,Misiones,70-79,Mujer,128,42.67,81312.24,1237614.92,15.22,649.41
2009,54,Misiones,70-79,Varón,122,40.67,68546.21,827772.32,12.08,491.1
2009,54,Misiones,80+,Mujer,101,33.67,61218.22,517455,8.45,284.57
2009,54,Misiones,80+,Varón,62,20.67,40745.57,276362.57,6.78,140.17
2009,58,Neuquén,30-39,Mujer,0,0,98257.62,4983143.74,50.72,0
2009,58,Neuquén,30-39,Varón,0,0,96997.58,4397739.34,45.34,0
2009,58,Neuquén,40-49,Mujer,9,3,97340.84,4004699.14,41.14,123.42
2009,58,Neuquén,40-49,Varón,6,2,95386.37,3435285.52,36.01,72.03
2009,58,Neuquén,50-59,Mujer,21,7,95441.65,3039782.92,31.85,222.95
2009,58,Neuquén,50-59,Varón,31,10.33,92417.2,2494636.57,26.99,278.93
2009,58,Neuquén,60-69,Mujer,41,13.67,91170.49,2104350.44,23.08,315.45
2009,58,Neuquén,60-69,Varón,72,24,85071.86,1602958.12,18.84,452.22
2009,58,Neuquén,70-79,Mujer,69,23,81312.24,1237614.92,15.22,350.07
2009,58,Neuquén,70-79,Varón,73,24.33,68546.21,827772.32,12.08,293.85
2009,58,Neuquén,80+,Mujer,85,28.33,61218.22,517455,8.45,239.49
2009,58,Neuquén,80+,Varón,49,16.33,40745.57,276362.57,6.78,110.78
2009,62,Río Negro,30-39,Mujer,0,0,98257.62,4983143.74,50.72,0
2009,62,Río Negro,30-39,Varón,1,0.33,96997.58,4397739.34,45.34,15.11
2009,62,Río Negro,40-49,Mujer,3,1,97340.84,4004699.14,41.14,41.14
2009,62,Río Negro,40-49,Varón,5,1.67,95386.37,3435285.52,36.01,60.02
2009,62,Río Negro,50-59,Mujer,10,3.33,95441.65,3039782.92,31.85,106.17
2009,62,Río Negro,50-59,Varón,14,4.67,92417.2,2494636.57,26.99,125.97
2009,62,Río Negro,60-69,Mujer,30,10,91170.49,2104350.44,23.08,230.81
2009,62,Río Negro,60-69,Varón,37,12.33,85071.86,1602958.12,18.84,232.39
2009,62,Río Negro,70-79,Mujer,39,13,81312.24,1237614.92,15.22,197.87
2009,62,Río Negro,70-79,Varón,59,19.67,68546.21,827772.32,12.08,237.5
2009,62,Río Negro,80+,Mujer,53,17.67,61218.22,517455,8.45,149.33
2009,62,Río Negro,80+,Varón,42,14,40745.57,276362.57,6.78,94.96
2009,66,Salta,30-39,Mujer,4,1.33,98257.62,4983143.74,50.72,67.62
2009,66,Salta,30-39,Varón,4,1.33,96997.58,4397739.34,45.34,60.45
2009,66,Salta,40-49,Mujer,9,3,97340.84,4004699.14,41.14,123.42
2009,66,Salta,40-49,Varón,10,3.33,95386.37,3435285.52,36.01,120.05
2009,66,Salta,50-59,Mujer,42,14,95441.65,3039782.92,31.85,445.9
2009,66,Salta,50-59,Varón,47,15.67,92417.2,2494636.57,26.99,422.89
2009,66,Salta,60-69,Mujer,75,25,91170.49,2104350.44,23.08,577.04
2009,66,Salta,60-69,Varón,102,34,85071.86,1602958.12,18.84,640.64
2009,66,Salta,70-79,Mujer,112,37.33,81312.24,1237614.92,15.22,568.23
2009,66,Salta,70-79,Varón,92,30.67,68546.21,827772.32,12.08,370.33
2009,66,Salta,80+,Mujer,92,30.67,61218.22,517455,8.45,259.21
2009,66,Salta,80+,Varón,49,16.33,40745.57,276362.57,6.78,110.78
2009,70,San Juan,30-39,Mujer,1,0.33,98257.62,4983143.74,50.72,16.91
2009,70,San Juan,30-39,Varón,2,0.67,96997.58,4397739.34,45.34,30.23
2009,70,San Juan,40-49,Mujer,8,2.67,97340.84,4004699.14,41.14,109.71
2009,70,San Juan,40-49,Varón,7,2.33,95386.37,3435285.52,36.01,84.03
2009,70,San Juan,50-59,Mujer,34,11.33,95441.65,3039782.92,31.85,360.96
2009,70,San Juan,50-59,Varón,42,14,92417.2,2494636.57,26.99,377.9
2009,70,San Juan,60-69,Mujer,119,39.67,91170.49,2104350.44,23.08,915.57
2009,70,San Juan,60-69,Varón,135,45,85071.86,1602958.12,18.84,847.91
2009,70,San Juan,70-79,Mujer,135,45,81312.24,1237614.92,15.22,684.92
2009,70,San Juan,70-79,Varón,139,46.33,68546.21,827772.32,12.08,559.53
2009,70,San Juan,80+,Mujer,133,44.33,61218.22,517455,8.45,374.73
2009,70,San Juan,80+,Varón,75,25,40745.57,276362.57,6.78,169.57
2009,74,San Luis,30-39,Mujer,1,0.33,98257.62,4983143.74,50.72,16.91
2009,74,San Luis,30-39,Varón,2,0.67,96997.58,4397739.34,45.34,30.23
2009,74,San Luis,40-49,Mujer,2,0.67,97340.84,4004699.14,41.14,27.43
2009,74,San Luis,40-49,Varón,7,2.33,95386.37,3435285.52,36.01,84.03
2009,74,San Luis,50-59,Mujer,9,3,95441.65,3039782.92,31.85,95.55
2009,74,San Luis,50-59,Varón,15,5,92417.2,2494636.57,26.99,134.97
2009,74,San Luis,60-69,Mujer,36,12,91170.49,2104350.44,23.08,276.98
2009,74,San Luis,60-69,Varón,60,20,85071.86,1602958.12,18.84,376.85
2009,74,San Luis,70-79,Mujer,66,22,81312.24,1237614.92,15.22,334.85
2009,74,San Luis,70-79,Varón,61,20.33,68546.21,827772.32,12.08,245.55
2009,74,San Luis,80+,Mujer,71,23.67,61218.22,517455,8.45,200.05
2009,74,San Luis,80+,Varón,52,17.33,40745.57,276362.57,6.78,117.57
2009,78,Santa Cruz,30-39,Mujer,1,0.33,98257.62,4983143.74,50.72,16.91
2009,78,Santa Cruz,30-39,Varón,0,0,96997.58,4397739.34,45.34,0
2009,78,Santa Cruz,40-49,Mujer,2,0.67,97340.84,4004699.14,41.14,27.43
2009,78,Santa Cruz,40-49,Varón,1,0.33,95386.37,3435285.52,36.01,12
2009,78,Santa Cruz,50-59,Mujer,5,1.67,95441.65,3039782.92,31.85,53.08
2009,78,Santa Cruz,50-59,Varón,6,2,92417.2,2494636.57,26.99,53.99
2009,78,Santa Cruz,60-69,Mujer,6,2,91170.49,2104350.44,23.08,46.16
2009,78,Santa Cruz,60-69,Varón,24,8,85071.86,1602958.12,18.84,150.74
2009,78,Santa Cruz,70-79,Mujer,15,5,81312.24,1237614.92,15.22,76.1
2009,78,Santa Cruz,70-79,Varón,24,8,68546.21,827772.32,12.08,96.61
2009,78,Santa Cruz,80+,Mujer,16,5.33,61218.22,517455,8.45,45.08
2009,78,Santa Cruz,80+,Varón,15,5,40745.57,276362.57,6.78,33.91
2009,82,Santa Fe,30-39,Mujer,10,3.33,98257.62,4983143.74,50.72,169.05
2009,82,Santa Fe,30-39,Varón,5,1.67,96997.58,4397739.34,45.34,75.56
2009,82,Santa Fe,40-49,Mujer,26,8.67,97340.84,4004699.14,41.14,356.56
2009,82,Santa Fe,40-49,Varón,36,12,95386.37,3435285.52,36.01,432.17
2009,82,Santa Fe,50-59,Mujer,97,32.33,95441.65,3039782.92,31.85,1029.81
2009,82,Santa Fe,50-59,Varón,120,40,92417.2,2494636.57,26.99,1079.73
2009,82,Santa Fe,60-69,Mujer,202,67.33,91170.49,2104350.44,23.08,1554.15
2009,82,Santa Fe,60-69,Varón,314,104.67,85071.86,1602958.12,18.84,1972.17
2009,82,Santa Fe,70-79,Mujer,350,116.67,81312.24,1237614.92,15.22,1775.73
2009,82,Santa Fe,70-79,Varón,420,140,68546.21,827772.32,12.08,1690.66
2009,82,Santa Fe,80+,Mujer,452,150.67,61218.22,517455,8.45,1273.53
2009,82,Santa Fe,80+,Varón,310,103.33,40745.57,276362.57,6.78,700.87
2009,86,Santiago del Estero,30-39,Mujer,2,0.67,98257.62,4983143.74,50.72,33.81
2009,86,Santiago del Estero,30-39,Varón,2,0.67,96997.58,4397739.34,45.34,30.23
2009,86,Santiago del Estero,40-49,Mujer,6,2,97340.84,4004699.14,41.14,82.28
2009,86,Santiago del Estero,40-49,Varón,9,3,95386.37,3435285.52,36.01,108.04
2009,86,Santiago del Estero,50-59,Mujer,30,10,95441.65,3039782.92,31.85,318.5
2009,86,Santiago del Estero,50-59,Varón,34,11.33,92417.2,2494636.57,26.99,305.92
2009,86,Santiago del Estero,60-69,Mujer,33,11,91170.49,2104350.44,23.08,253.9
2009,86,Santiago del Estero,60-69,Varón,59,19.67,85071.86,1602958.12,18.84,370.57
2009,86,Santiago del Estero,70-79,Mujer,49,16.33,81312.24,1237614.92,15.22,248.6
2009,86,Santiago del Estero,70-79,Varón,65,21.67,68546.21,827772.32,12.08,261.65
2009,86,Santiago del Estero,80+,Mujer,52,17.33,61218.22,517455,8.45,146.51
2009,86,Santiago del Estero,80+,Varón,28,9.33,40745.57,276362.57,6.78,63.3
2009,90,Tucumán,30-39,Mujer,4,1.33,98257.62,4983143.74,50.72,67.62
2009,90,Tucumán,30-39,Varón,3,1,96997.58,4397739.34,45.34,45.34
2009,90,Tucumán,40-49,Mujer,12,4,97340.84,4004699.14,41.14,164.56
2009,90,Tucumán,40-49,Varón,16,5.33,95386.37,3435285.52,36.01,192.08
2009,90,Tucumán,50-59,Mujer,60,20,95441.65,3039782.92,31.85,636.99
2009,90,Tucumán,50-59,Varón,74,24.67,92417.2,2494636.57,26.99,665.83
2009,90,Tucumán,60-69,Mujer,128,42.67,91170.49,2104350.44,23.08,984.81
2009,90,Tucumán,60-69,Varón,160,53.33,85071.86,1602958.12,18.84,1004.93
2009,90,Tucumán,70-79,Mujer,143,47.67,81312.24,1237614.92,15.22,725.51
2009,90,Tucumán,70-79,Varón,159,53,68546.21,827772.32,12.08,640.03
2009,90,Tucumán,80+,Mujer,152,50.67,61218.22,517455,8.45,428.27
2009,90,Tucumán,80+,Varón,108,36,40745.57,276362.57,6.78,244.18
2009,94,Tierra del Fuego,30-39,Mujer,0,0,98257.62,4983143.74,50.72,0
2009,94,Tierra del Fuego,30-39,Varón,0,0,96997.58,4397739.34,45.34,0
2009,94,Tierra del Fuego,40-49,Mujer,0,0,97340.84,4004699.14,41.14,0
2009,94,Tierra del Fuego,40-49,Varón,0,0,95386.37,3435285.52,36.01,0
2009,94,Tierra del Fuego,50-59,Mujer,1,0.33,95441.65,3039782.92,31.85,10.62
2009,94,Tierra del Fuego,50-59,Varón,4,1.33,92417.2,2494636.57,26.99,35.99
2009,94,Tierra del Fuego,60-69,Mujer,2,0.67,91170.49,2104350.44,23.08,15.39
2009,94,Tierra del Fuego,60-69,Varón,4,1.33,85071.86,1602958.12,18.84,25.12
2009,94,Tierra del Fuego,70-79,Mujer,4,1.33,81312.24,1237614.92,15.22,20.29
2009,94,Tierra del Fuego,70-79,Varón,8,2.67,68546.21,827772.32,12.08,32.2
2009,94,Tierra del Fuego,80+,Mujer,6,2,61218.22,517455,8.45,16.91
2009,94,Tierra del Fuego,80+,Varón,4,1.33,40745.57,276362.57,6.78,9.04
2013,02,CABA,30-39,Mujer,6,2,98257.62,4983143.74,50.72,101.43
2013,02,CABA,30-39,Varón,3,1,96997.58,4397739.34,45.34,45.34
2013,02,CABA,40-49,Mujer,5,1.67,97340.84,4004699.14,41.14,68.57
2013,02,CABA,40-49,Varón,24,8,95386.37,3435285.52,36.01,288.12
2013,02,CABA,50-59,Mujer,28,9.33,95441.65,3039782.92,31.85,297.26
2013,02,CABA,50-59,Varón,52,17.33,92417.2,2494636.57,26.99,467.88
2013,02,CABA,60-69,Mujer,50,16.67,91170.49,2104350.44,23.08,384.69
2013,02,CABA,60-69,Varón,116,38.67,85071.86,1602958.12,18.84,728.57
2013,02,CABA,70-79,Mujer,112,37.33,81312.24,1237614.92,15.22,568.23
2013,02,CABA,70-79,Varón,147,49,68546.21,827772.32,12.08,591.73
2013,02,CABA,80+,Mujer,312,104,61218.22,517455,8.45,879.07
2013,02,CABA,80+,Varón,218,72.67,40745.57,276362.57,6.78,492.87
2013,06,Buenos Aires,30-39,Mujer,33,11,98257.62,4983143.74,50.72,557.87
2013,06,Buenos Aires,30-39,Varón,44,14.67,96997.58,4397739.34,45.34,664.97
2013,06,Buenos Aires,40-49,Mujer,87,29,97340.84,4004699.14,41.14,1193.09
2013,06,Buenos Aires,40-49,Varón,140,46.67,95386.37,3435285.52,36.01,1680.67
2013,06,Buenos Aires,50-59,Mujer,259,86.33,95441.65,3039782.92,31.85,2749.69
2013,06,Buenos Aires,50-59,Varón,415,138.33,92417.2,2494636.57,26.99,3734.06
2013,06,Buenos Aires,60-69,Mujer,688,229.33,91170.49,2104350.44,23.08,5293.35
2013,06,Buenos Aires,60-69,Varón,943,314.33,85071.86,1602958.12,18.84,5922.8
2013,06,Buenos Aires,70-79,Mujer,957,319,81312.24,1237614.92,15.22,4855.35
2013,06,Buenos Aires,70-79,Varón,1115,371.67,68546.21,827772.32,12.08,4488.29
2013,06,Buenos Aires,80+,Mujer,1443,481,61218.22,517455,8.45,4065.72
2013,06,Buenos Aires,80+,Varón,973,324.33,40745.57,276362.57,6.78,2199.84
2013,10,Catamarca,30-39,Mujer,0,0,98257.62,4983143.74,50.72,0
2013,10,Catamarca,30-39,Varón,0,0,96997.58,4397739.34,45.34,0
2013,10,Catamarca,40-49,Mujer,4,1.33,97340.84,4004699.14,41.14,54.85
2013,10,Catamarca,40-49,Varón,8,2.67,95386.37,3435285.52,36.01,96.04
2013,10,Catamarca,50-59,Mujer,13,4.33,95441.65,3039782.92,31.85,138.02
2013,10,Catamarca,50-59,Varón,13,4.33,92417.2,2494636.57,26.99,116.97
2013,10,Catamarca,60-69,Mujer,18,6,91170.49,2104350.44,23.08,138.49
2013,10,Catamarca,60-69,Varón,32,10.67,85071.86,1602958.12,18.84,200.99
2013,10,Catamarca,70-79,Mujer,23,7.67,81312.24,1237614.92,15.22,116.69
2013,10,Catamarca,70-79,Varón,33,11,68546.21,827772.32,12.08,132.84
2013,10,Catamarca,80+,Mujer,30,10,61218.22,517455,8.45,84.53
2013,10,Catamarca,80+,Varón,12,4,40745.57,276362.57,6.78,27.13
2013,14,Córdoba,30-39,Mujer,5,1.67,98257.62,4983143.74,50.72,84.53
2013,14,Córdoba,30-39,Varón,6,2,96997.58,4397739.34,45.34,90.68
2013,14,Córdoba,40-49,Mujer,15,5,97340.84,4004699.14,41.14,205.7
2013,14,Córdoba,40-49,Varón,33,11,95386.37,3435285.52,36.01,396.16
2013,14,Córdoba,50-59,Mujer,78,26,95441.65,3039782.92,31.85,828.09
2013,14,Córdoba,50-59,Varón,138,46,92417.2,2494636.57,26.99,1241.69
2013,14,Córdoba,60-69,Mujer,165,55,91170.49,2104350.44,23.08,1269.48
2013,14,Córdoba,60-69,Varón,312,104,85071.86,1602958.12,18.84,1959.61
2013,14,Córdoba,70-79,Mujer,257,85.67,81312.24,1237614.92,15.22,1303.89
2013,14,Córdoba,70-79,Varón,305,101.67,68546.21,827772.32,12.08,1227.74
2013,14,Córdoba,80+,Mujer,317,105.67,61218.22,517455,8.45,893.16
2013,14,Córdoba,80+,Varón,219,73,40745.57,276362.57,6.78,495.13
2013,18,Corrientes,30-39,Mujer,4,1.33,98257.62,4983143.74,50.72,67.62
2013,18,Corrientes,30-39,Varón,3,1,96997.58,4397739.34,45.34,45.34
2013,18,Corrientes,40-49,Mujer,10,3.33,97340.84,4004699.14,41.14,137.14
2013,18,Corrientes,40-49,Varón,13,4.33,95386.37,3435285.52,36.01,156.06
2013,18,Corrientes,50-59,Mujer,24,8,95441.65,3039782.92,31.85,254.8
2013,18,Corrientes,50-59,Varón,47,15.67,92417.2,2494636.57,26.99,422.89
2013,18,Corrientes,60-69,Mujer,77,25.67,91170.49,2104350.44,23.08,592.42
2013,18,Corrientes,60-69,Varón,88,29.33,85071.86,1602958.12,18.84,552.71
2013,18,Corrientes,70-79,Mujer,95,31.67,81312.24,1237614.92,15.22,481.98
2013,18,Corrientes,70-79,Varón,91,30.33,68546.21,827772.32,12.08,366.31
2013,18,Corrientes,80+,Mujer,92,30.67,61218.22,517455,8.45,259.21
2013,18,Corrientes,80+,Varón,51,17,40745.57,276362.57,6.78,115.3
2013,22,Chaco,30-39,Mujer,2,0.67,98257.62,4983143.74,50.72,33.81
2013,22,Chaco,30-39,Varón,0,0,96997.58,4397739.34,45.34,0
2013,22,Chaco,40-49,Mujer,13,4.33,97340.84,4004699.14,41.14,178.28
2013,22,Chaco,40-49,Varón,21,7,95386.37,3435285.52,36.01,252.1
2013,22,Chaco,50-59,Mujer,41,13.67,95441.65,3039782.92,31.85,435.28
2013,22,Chaco,50-59,Varón,50,16.67,92417.2,2494636.57,26.99,449.89
2013,22,Chaco,60-69,Mujer,69,23,91170.49,2104350.44,23.08,530.87
2013,22,Chaco,60-69,Varón,101,33.67,85071.86,1602958.12,18.84,634.36
2013,22,Chaco,70-79,Mujer,88,29.33,81312.24,1237614.92,15.22,446.47
2013,22,Chaco,70-79,Varón,96,32,68546.21,827772.32,12.08,386.44
2013,22,Chaco,80+,Mujer,82,27.33,61218.22,517455,8.45,231.04
2013,22,Chaco,80+,Varón,59,19.67,40745.57,276362.57,6.78,133.39
2013,26,Chubut,30-39,Mujer,1,0.33,98257.62,4983143.74,50.72,16.91
2013,26,Chubut,30-39,Varón,3,1,96997.58,4397739.34,45.34,45.34
2013,26,Chubut,40-49,Mujer,1,0.33,97340.84,4004699.14,41.14,13.71
2013,26,Chubut,40-49,Varón,7,2.33,95386.37,3435285.52,36.01,84.03
2013,26,Chubut,50-59,Mujer,12,4,95441.65,3039782.92,31.85,127.4
2013,26,Chubut,50-59,Varón,27,9,92417.2,2494636.57,26.99,242.94
2013,26,Chubut,60-69,Mujer,23,7.67,91170.49,2104350.44,23.08,176.96
2013,26,Chubut,60-69,Varón,35,11.67,85071.86,1602958.12,18.84,219.83
2013,26,Chubut,70-79,Mujer,44,14.67,81312.24,1237614.92,15.22,223.23
2013,26,Chubut,70-79,Varón,51,17,68546.21,827772.32,12.08,205.29
2013,26,Chubut,80+,Mujer,58,19.33,61218.22,517455,8.45,163.42
2013,26,Chubut,80+,Varón,33,11,40745.57,276362.57,6.78,74.61
2013,30,Entre Ríos,30-39,Mujer,1,0.33,98257.62,4983143.74,50.72,16.91
2013,30,Entre Ríos,30-39,Varón,2,0.67,96997.58,4397739.34,45.34,30.23
2013,30,Entre Ríos,40-49,Mujer,6,2,97340.84,4004699.14,41.14,82.28
2013,30,Entre Ríos,40-49,Varón,7,2.33,95386.37,3435285.52,36.01,84.03
2013,30,Entre Ríos,50-59,Mujer,33,11,95441.65,3039782.92,31.85,350.35
2013,30,Entre Ríos,50-59,Varón,44,14.67,92417.2,2494636.57,26.99,395.9
2013,30,Entre Ríos,60-69,Mujer,59,19.67,91170.49,2104350.44,23.08,453.94
2013,30,Entre Ríos,60-69,Varón,84,28,85071.86,1602958.12,18.84,527.59
2013,30,Entre Ríos,70-79,Mujer,85,28.33,81312.24,1237614.92,15.22,431.25
2013,30,Entre Ríos,70-79,Varón,107,35.67,68546.21,827772.32,12.08,430.71
2013,30,Entre Ríos,80+,Mujer,120,40,61218.22,517455,8.45,338.11
2013,30,Entre Ríos,80+,Varón,60,20,40745.57,276362.57,6.78,135.65
2013,34,Formosa,30-39,Mujer,3,1,98257.62,4983143.74,50.72,50.72
2013,34,Formosa,30-39,Varón,5,1.67,96997.58,4397739.34,45.34,75.56
2013,34,Formosa,40-49,Mujer,21,7,97340.84,4004699.14,41.14,287.99
2013,34,Formosa,40-49,Varón,16,5.33,95386.37,3435285.52,36.01,192.08
2013,34,Formosa,50-59,Mujer,58,19.33,95441.65,3039782.92,31.85,615.76
2013,34,Formosa,50-59,Varón,61,20.33,92417.2,2494636.57,26.99,548.86
2013,34,Formosa,60-69,Mujer,110,36.67,91170.49,2104350.44,23.08,846.32
2013,34,Formosa,60-69,Varón,120,40,85071.86,1602958.12,18.84,753.7
2013,34,Formosa,70-79,Mujer,137,45.67,81312.24,1237614.92,15.22,695.07
2013,34,Formosa,70-79,Varón,121,40.33,68546.21,827772.32,12.08,487.07
2013,34,Formosa,80+,Mujer,98,32.67,61218.22,517455,8.45,276.12
2013,34,Formosa,80+,Varón,67,22.33,40745.57,276362.57,6.78,151.48
2013,38,Jujuy,30-39,Mujer,1,0.33,98257.62,4983143.74,50.72,16.91
2013,38,Jujuy,30-39,Varón,2,0.67,96997.58,4397739.34,45.34,30.23
2013,38,Jujuy,40-49,Mujer,5,1.67,97340.84,4004699.14,41.14,68.57
2013,38,Jujuy,40-49,Varón,5,1.67,95386.37,3435285.52,36.01,60.02
2013,38,Jujuy,50-59,Mujer,20,6.67,95441.65,3039782.92,31.85,212.33
2013,38,Jujuy,50-59,Varón,29,9.67,92417.2,2494636.57,26.99,260.93
2013,38,Jujuy,60-69,Mujer,42,14,91170.49,2104350.44,23.08,323.14
2013,38,Jujuy,60-69,Varón,38,12.67,85071.86,1602958.12,18.84,238.67
2013,38,Jujuy,70-79,Mujer,40,13.33,81312.24,1237614.92,15.22,202.94
2013,38,Jujuy,70-79,Varón,40,13.33,68546.21,827772.32,12.08,161.01
2013,38,Jujuy,80+,Mujer,32,10.67,61218.22,517455,8.45,90.16
2013,38,Jujuy,80+,Varón,32,10.67,40745.57,276362.57,6.78,72.35
2013,42,La Pampa,30-39,Mujer,3,1,98257.62,4983143.74,50.72,50.72
2013,42,La Pampa,30-39,Varón,0,0,96997.58,4397739.34,45.34,0
2013,42,La Pampa,40-49,Mujer,1,0.33,97340.84,4004699.14,41.14,13.71
2013,42,La Pampa,40-49,Varón,2,0.67,95386.37,3435285.52,36.01,24.01
2013,42,La Pampa,50-59,Mujer,4,1.33,95441.65,3039782.92,31.85,42.47
2013,42,La Pampa,50-59,Varón,6,2,92417.2,2494636.57,26.99,53.99
2013,42,La Pampa,60-69,Mujer,8,2.67,91170.49,2104350.44,23.08,61.55
2013,42,La Pampa,60-69,Varón,14,4.67,85071.86,1602958.12,18.84,87.93
2013,42,La Pampa,70-79,Mujer,21,7,81312.24,1237614.92,15.22,106.54
2013,42,La Pampa,70-79,Varón,25,8.33,68546.21,827772.32,12.08,100.63
2013,42,La Pampa,80+,Mujer,26,8.67,61218.22,517455,8.45,73.26
2013,42,La Pampa,80+,Varón,24,8,40745.57,276362.57,6.78,54.26
2013,46,La Rioja,30-39,Mujer,0,0,98257.62,4983143.74,50.72,0
2013,46,La Rioja,30-39,Varón,0,0,96997.58,4397739.34,45.34,0
2013,46,La Rioja,40-49,Mujer,1,0.33,97340.84,4004699.14,41.14,13.71
2013,46,La Rioja,40-49,Varón,10,3.33,95386.37,3435285.52,36.01,120.05
2013,46,La Rioja,50-59,Mujer,12,4,95441.65,3039782.92,31.85,127.4
2013,46,La Rioja,50-59,Varón,13,4.33,92417.2,2494636.57,26.99,116.97
2013,46,La Rioja,60-69,Mujer,24,8,91170.49,2104350.44,23.08,184.65
2013,46,La Rioja,60-69,Varón,29,9.67,85071.86,1602958.12,18.84,182.14
2013,46,La Rioja,70-79,Mujer,32,10.67,81312.24,1237614.92,15.22,162.35
2013,46,La Rioja,70-79,Varón,28,9.33,68546.21,827772.32,12.08,112.71
2013,46,La Rioja,80+,Mujer,21,7,61218.22,517455,8.45,59.17
2013,46,La Rioja,80+,Varón,7,2.33,40745.57,276362.57,6.78,15.83
2013,50,Mendoza,30-39,Mujer,6,2,98257.62,4983143.74,50.72,101.43
2013,50,Mendoza,30-39,Varón,6,2,96997.58,4397739.34,45.34,90.68
2013,50,Mendoza,40-49,Mujer,14,4.67,97340.84,4004699.14,41.14,191.99
2013,50,Mendoza,40-49,Varón,15,5,95386.37,3435285.52,36.01,180.07
2013,50,Mendoza,50-59,Mujer,63,21,95441.65,3039782.92,31.85,668.84
2013,50,Mendoza,50-59,Varón,101,33.67,92417.2,2494636.57,26.99,908.77
2013,50,Mendoza,60-69,Mujer,214,71.33,91170.49,2104350.44,23.08,1646.48
2013,50,Mendoza,60-69,Varón,271,90.33,85071.86,1602958.12,18.84,1702.1
2013,50,Mendoza,70-79,Mujer,256,85.33,81312.24,1237614.92,15.22,1298.82
2013,50,Mendoza,70-79,Varón,301,100.33,68546.21,827772.32,12.08,1211.64
2013,50,Mendoza,80+,Mujer,309,103,61218.22,517455,8.45,870.62
2013,50,Mendoza,80+,Varón,227,75.67,40745.57,276362.57,6.78,513.22
2013,54,Misiones,30-39,Mujer,4,1.33,98257.62,4983143.74,50.72,67.62
2013,54,Misiones,30-39,Varón,3,1,96997.58,4397739.34,45.34,45.34
2013,54,Misiones,40-49,Mujer,16,5.33,97340.84,4004699.14,41.14,219.42
2013,54,Misiones,40-49,Varón,15,5,95386.37,3435285.52,36.01,180.07
2013,54,Misiones,50-59,Mujer,42,14,95441.65,3039782.92,31.85,445.9
2013,54,Misiones,50-59,Varón,52,17.33,92417.2,2494636.57,26.99,467.88
2013,54,Misiones,60-69,Mujer,88,29.33,91170.49,2104350.44,23.08,677.06
2013,54,Misiones,60-69,Varón,109,36.33,85071.86,1602958.12,18.84,684.61
2013,54,Misiones,70-79,Mujer,143,47.67,81312.24,1237614.92,15.22,725.51
2013,54,Misiones,70-79,Varón,128,42.67,68546.21,827772.32,12.08,515.25
2013,54,Misiones,80+,Mujer,132,44,61218.22,517455,8.45,371.92
2013,54,Misiones,80+,Varón,91,30.33,40745.57,276362.57,6.78,205.74
2013,58,Neuquén,30-39,Mujer,0,0,98257.62,4983143.74,50.72,0
2013,58,Neuquén,30-39,Varón,1,0.33,96997.58,4397739.34,45.34,15.11
2013,58,Neuquén,40-49,Mujer,7,2.33,97340.84,4004699.14,41.14,96
2013,58,Neuquén,40-49,Varón,11,3.67,95386.37,3435285.52,36.01,132.05
2013,58,Neuquén,50-59,Mujer,20,6.67,95441.65,3039782.92,31.85,212.33
2013,58,Neuquén,50-59,Varón,36,12,92417.2,2494636.57,26.99,323.92
2013,58,Neuquén,60-69,Mujer,48,16,91170.49,2104350.44,23.08,369.3
2013,58,Neuquén,60-69,Varón,80,26.67,85071.86,1602958.12,18.84,502.46
2013,58,Neuquén,70-79,Mujer,67,22.33,81312.24,1237614.92,15.22,339.93
2013,58,Neuquén,70-79,Varón,93,31,68546.21,827772.32,12.08,374.36
2013,58,Neuquén,80+,Mujer,105,35,61218.22,517455,8.45,295.84
2013,58,Neuquén,80+,Varón,74,24.67,40745.57,276362.57,6.78,167.31
2013,62,Río Negro,30-39,Mujer,0,0,98257.62,4983143.74,50.72,0
2013,62,Río Negro,30-39,Varón,0,0,96997.58,4397739.34,45.34,0
2013,62,Río Negro,40-49,Mujer,4,1.33,97340.84,4004699.14,41.14,54.85
2013,62,Río Negro,40-49,Varón,6,2,95386.37,3435285.52,36.01,72.03
2013,62,Río Negro,50-59,Mujer,8,2.67,95441.65,3039782.92,31.85,84.93
2013,62,Río Negro,50-59,Varón,24,8,92417.2,2494636.57,26.99,215.95
2013,62,Río Negro,60-69,Mujer,22,7.33,91170.49,2104350.44,23.08,169.26
2013,62,Río Negro,60-69,Varón,40,13.33,85071.86,1602958.12,18.84,251.23
2013,62,Río Negro,70-79,Mujer,34,11.33,81312.24,1237614.92,15.22,172.5
2013,62,Río Negro,70-79,Varón,58,19.33,68546.21,827772.32,12.08,233.47
2013,62,Río Negro,80+,Mujer,46,15.33,61218.22,517455,8.45,129.61
2013,62,Río Negro,80+,Varón,48,16,40745.57,276362.57,6.78,108.52
2013,66,Salta,30-39,Mujer,5,1.67,98257.62,4983143.74,50.72,84.53
2013,66,Salta,30-39,Varón,5,1.67,96997.58,4397739.34,45.34,75.56
2013,66,Salta,40-49,Mujer,13,4.33,97340.84,4004699.14,41.14,178.28
2013,66,Salta,40-49,Varón,20,6.67,95386.37,3435285.52,36.01,240.1
2013,66,Salta,50-59,Mujer,34,11.33,95441.65,3039782.92,31.85,360.96
2013,66,Salta,50-59,Varón,64,21.33,92417.2,2494636.57,26.99,575.86
2013,66,Salta,60-69,Mujer,85,28.33,91170.49,2104350.44,23.08,653.98
2013,66,Salta,60-69,Varón,88,29.33,85071.86,1602958.12,18.84,552.71
2013,66,Salta,70-79,Mujer,102,34,81312.24,1237614.92,15.22,517.5
2013,66,Salta,70-79,Varón,118,39.33,68546.21,827772.32,12.08,474.99
2013,66,Salta,80+,Mujer,85,28.33,61218.22,517455,8.45,239.49
2013,66,Salta,80+,Varón,83,27.67,40745.57,276362.57,6.78,187.65
2013,70,San Juan,30-39,Mujer,2,0.67,98257.62,4983143.74,50.72,33.81
2013,70,San Juan,30-39,Varón,1,0.33,96997.58,4397739.34,45.34,15.11
2013,70,San Juan,40-49,Mujer,6,2,97340.84,4004699.14,41.14,82.28
2013,70,San Juan,40-49,Varón,13,4.33,95386.37,3435285.52,36.01,156.06
2013,70,San Juan,50-59,Mujer,27,9,95441.65,3039782.92,31.85,286.65
2013,70,San Juan,50-59,Varón,52,17.33,92417.2,2494636.57,26.99,467.88
2013,70,San Juan,60-69,Mujer,81,27,91170.49,2104350.44,23.08,623.2
2013,70,San Juan,60-69,Varón,112,37.33,85071.86,1602958.12,18.84,703.45
2013,70,San Juan,70-79,Mujer,114,38,81312.24,1237614.92,15.22,578.38
2013,70,San Juan,70-79,Varón,126,42,68546.21,827772.32,12.08,507.2
2013,70,San Juan,80+,Mujer,106,35.33,61218.22,517455,8.45,298.66
2013,70,San Juan,80+,Varón,80,26.67,40745.57,276362.57,6.78,180.87
2013,74,San Luis,30-39,Mujer,3,1,98257.62,4983143.74,50.72,50.72
2013,74,San Luis,30-39,Varón,0,0,96997.58,4397739.34,45.34,0
2013,74,San Luis,40-49,Mujer,4,1.33,97340.84,4004699.14,41.14,54.85
2013,74,San Luis,40-49,Varón,5,1.67,95386.37,3435285.52,36.01,60.02
2013,74,San Luis,50-59,Mujer,11,3.67,95441.65,3039782.92,31.85,116.78
2013,74,San Luis,50-59,Varón,22,7.33,92417.2,2494636.57,26.99,197.95
2013,74,San Luis,60-69,Mujer,38,12.67,91170.49,2104350.44,23.08,292.37
2013,74,San Luis,60-69,Varón,42,14,85071.86,1602958.12,18.84,263.79
2013,74,San Luis,70-79,Mujer,47,15.67,81312.24,1237614.92,15.22,238.45
2013,74,San Luis,70-79,Varón,54,18,68546.21,827772.32,12.08,217.37
2013,74,San Luis,80+,Mujer,56,18.67,61218.22,517455,8.45,157.78
2013,74,San Luis,80+,Varón,40,13.33,40745.57,276362.57,6.78,90.44
2013,78,Santa Cruz,30-39,Mujer,1,0.33,98257.62,4983143.74,50.72,16.91
2013,78,Santa Cruz,30-39,Varón,2,0.67,96997.58,4397739.34,45.34,30.23
2013,78,Santa Cruz,40-49,Mujer,3,1,97340.84,4004699.14,41.14,41.14
2013,78,Santa Cruz,40-49,Varón,2,0.67,95386.37,3435285.52,36.01,24.01
2013,78,Santa Cruz,50-59,Mujer,3,1,95441.65,3039782.92,31.85,31.85
2013,78,Santa Cruz,50-59,Varón,11,3.67,92417.2,2494636.57,26.99,98.98
2013,78,Santa Cruz,60-69,Mujer,20,6.67,91170.49,2104350.44,23.08,153.88
2013,78,Santa Cruz,60-69,Varón,17,5.67,85071.86,1602958.12,18.84,106.77
2013,78,Santa Cruz,70-79,Mujer,25,8.33,81312.24,1237614.92,15.22,126.84
2013,78,Santa Cruz,70-79,Varón,27,9,68546.21,827772.32,12.08,108.69
2013,78,Santa Cruz,80+,Mujer,22,7.33,61218.22,517455,8.45,61.99
2013,78,Santa Cruz,80+,Varón,23,7.67,40745.57,276362.57,6.78,52
2013,82,Santa Fe,30-39,Mujer,7,2.33,98257.62,4983143.74,50.72,118.34
2013,82,Santa Fe,30-39,Varón,7,2.33,96997.58,4397739.34,45.34,105.79
2013,82,Santa Fe,40-49,Mujer,14,4.67,97340.84,4004699.14,41.14,191.99
2013,82,Santa Fe,40-49,Varón,29,9.67,95386.37,3435285.52,36.01,348.14
2013,82,Santa Fe,50-59,Mujer,62,20.67,95441.65,3039782.92,31.85,658.23
2013,82,Santa Fe,50-59,Varón,117,39,92417.2,2494636.57,26.99,1052.74
2013,82,Santa Fe,60-69,Mujer,202,67.33,91170.49,2104350.44,23.08,1554.15
2013,82,Santa Fe,60-69,Varón,289,96.33,85071.86,1602958.12,18.84,1815.15
2013,82,Santa Fe,70-79,Mujer,296,98.67,81312.24,1237614.92,15.22,1501.76
2013,82,Santa Fe,70-79,Varón,380,126.67,68546.21,827772.32,12.08,1529.64
2013,82,Santa Fe,80+,Mujer,430,143.33,61218.22,517455,8.45,1211.54
2013,82,Santa Fe,80+,Varón,297,99,40745.57,276362.57,6.78,671.48
2013,86,Santiago del Estero,30-39,Mujer,1,0.33,98257.62,4983143.74,50.72,16.91
2013,86,Santiago del Estero,30-39,Varón,2,0.67,96997.58,4397739.34,45.34,30.23
2013,86,Santiago del Estero,40-49,Mujer,6,2,97340.84,4004699.14,41.14,82.28
2013,86,Santiago del Estero,40-49,Varón,9,3,95386.37,3435285.52,36.01,108.04
2013,86,Santiago del Estero,50-59,Mujer,14,4.67,95441.65,3039782.92,31.85,148.63
2013,86,Santiago del Estero,50-59,Varón,30,10,92417.2,2494636.57,26.99,269.93
2013,86,Santiago del Estero,60-69,Mujer,39,13,91170.49,2104350.44,23.08,300.06
2013,86,Santiago del Estero,60-69,Varón,43,14.33,85071.86,1602958.12,18.84,270.07
2013,86,Santiago del Estero,70-79,Mujer,52,17.33,81312.24,1237614.92,15.22,263.82
2013,86,Santiago del Estero,70-79,Varón,44,14.67,68546.21,827772.32,12.08,177.12
2013,86,Santiago del Estero,80+,Mujer,37,12.33,61218.22,517455,8.45,104.25
2013,86,Santiago del Estero,80+,Varón,23,7.67,40745.57,276362.57,6.78,52
2013,90,Tucumán,30-39,Mujer,8,2.67,98257.62,4983143.74,50.72,135.24
2013,90,Tucumán,30-39,Varón,6,2,96997.58,4397739.34,45.34,90.68
2013,90,Tucumán,40-49,Mujer,13,4.33,97340.84,4004699.14,41.14,178.28
2013,90,Tucumán,40-49,Varón,20,6.67,95386.37,3435285.52,36.01,240.1
2013,90,Tucumán,50-59,Mujer,59,19.67,95441.65,3039782.92,31.85,626.38
2013,90,Tucumán,50-59,Varón,85,28.33,92417.2,2494636.57,26.99,764.81
2013,90,Tucumán,60-69,Mujer,143,47.67,91170.49,2104350.44,23.08,1100.22
2013,90,Tucumán,60-69,Varón,169,56.33,85071.86,1602958.12,18.84,1061.46
2013,90,Tucumán,70-79,Mujer,173,57.67,81312.24,1237614.92,15.22,877.72
2013,90,Tucumán,70-79,Varón,182,60.67,68546.21,827772.32,12.08,732.62
2013,90,Tucumán,80+,Mujer,223,74.33,61218.22,517455,8.45,628.31
2013,90,Tucumán,80+,Varón,129,43,40745.57,276362.57,6.78,291.65
2013,94,Tierra del Fuego,30-39,Mujer,0,0,98257.62,4983143.74,50.72,0
2013,94,Tierra del Fuego,30-39,Varón,0,0,96997.58,4397739.34,45.34,0
2013,94,Tierra del Fuego,40-49,Mujer,0,0,97340.84,4004699.14,41.14,0
2013,94,Tierra del Fuego,40-49,Varón,0,0,95386.37,3435285.52,36.01,0
2013,94,Tierra del Fuego,50-59,Mujer,2,0.67,95441.65,3039782.92,31.85,21.23
2013,94,Tierra del Fuego,50-59,Varón,2,0.67,92417.2,2494636.57,26.99,18
2013,94,Tierra del Fuego,60-69,Mujer,2,0.67,91170.49,2104350.44,23.08,15.39
2013,94,Tierra del Fuego,60-69,Varón,9,3,85071.86,1602958.12,18.84,56.53
2013,94,Tierra del Fuego,70-79,Mujer,5,1.67,81312.24,1237614.92,15.22,25.37
2013,94,Tierra del Fuego,70-79,Varón,3,1,68546.21,827772.32,12.08,12.08
2013,94,Tierra del Fuego,80+,Mujer,6,2,61218.22,517455,8.45,16.91
2013,94,Tierra del Fuego,80+,Varón,2,0.67,40745.57,276362.57,6.78,4.52
2018,02,CABA,30-39,Mujer,3,1,98257.62,4983143.74,50.72,50.72
2018,02,CABA,30-39,Varón,3,1,96997.58,4397739.34,45.34,45.34
2018,02,CABA,40-49,Mujer,8,2.67,97340.84,4004699.14,41.14,109.71
2018,02,CABA,40-49,Varón,9,3,95386.37,3435285.52,36.01,108.04
2018,02,CABA,50-59,Mujer,18,6,95441.65,3039782.92,31.85,191.1
2018,02,CABA,50-59,Varón,48,16,92417.2,2494636.57,26.99,431.89
2018,02,CABA,60-69,Mujer,39,13,91170.49,2104350.44,23.08,300.06
2018,02,CABA,60-69,Varón,102,34,85071.86,1602958.12,18.84,640.64
2018,02,CABA,70-79,Mujer,81,27,81312.24,1237614.92,15.22,410.95
2018,02,CABA,70-79,Varón,129,43,68546.21,827772.32,12.08,519.27
2018,02,CABA,80+,Mujer,236,78.67,61218.22,517455,8.45,664.94
2018,02,CABA,80+,Varón,159,53,40745.57,276362.57,6.78,359.48
2018,06,Buenos Aires,30-39,Mujer,38,12.67,98257.62,4983143.74,50.72,642.39
2018,06,Buenos Aires,30-39,Varón,46,15.33,96997.58,4397739.34,45.34,695.19
2018,06,Buenos Aires,40-49,Mujer,113,37.67,97340.84,4004699.14,41.14,1549.64
2018,06,Buenos Aires,40-49,Varón,138,46,95386.37,3435285.52,36.01,1656.66
2018,06,Buenos Aires,50-59,Mujer,294,98,95441.65,3039782.92,31.85,3121.27
2018,06,Buenos Aires,50-59,Varón,482,160.67,92417.2,2494636.57,26.99,4336.91
2018,06,Buenos Aires,60-69,Mujer,630,210,91170.49,2104350.44,23.08,4847.11
2018,06,Buenos Aires,60-69,Varón,1130,376.67,85071.86,1602958.12,18.84,7097.3
2018,06,Buenos Aires,70-79,Mujer,1017,339,81312.24,1237614.92,15.22,5159.76
2018,06,Buenos Aires,70-79,Varón,1382,460.67,68546.21,827772.32,12.08,5563.07
2018,06,Buenos Aires,80+,Mujer,1477,492.33,61218.22,517455,8.45,4161.51
2018,06,Buenos Aires,80+,Varón,1068,356,40745.57,276362.57,6.78,2414.62
2018,10,Catamarca,30-39,Mujer,2,0.67,98257.62,4983143.74,50.72,33.81
2018,10,Catamarca,30-39,Varón,1,0.33,96997.58,4397739.34,45.34,15.11
2018,10,Catamarca,40-49,Mujer,5,1.67,97340.84,4004699.14,41.14,68.57
2018,10,Catamarca,40-49,Varón,11,3.67,95386.37,3435285.52,36.01,132.05
2018,10,Catamarca,50-59,Mujer,12,4,95441.65,3039782.92,31.85,127.4
2018,10,Catamarca,50-59,Varón,30,10,92417.2,2494636.57,26.99,269.93
2018,10,Catamarca,60-69,Mujer,25,8.33,91170.49,2104350.44,23.08,192.35
2018,10,Catamarca,60-69,Varón,59,19.67,85071.86,1602958.12,18.84,370.57
2018,10,Catamarca,70-79,Mujer,46,15.33,81312.24,1237614.92,15.22,233.38
2018,10,Catamarca,70-79,Varón,48,16,68546.21,827772.32,12.08,193.22
2018,10,Catamarca,80+,Mujer,35,11.67,61218.22,517455,8.45,98.61
2018,10,Catamarca,80+,Varón,27,9,40745.57,276362.57,6.78,61.04
2018,14,Córdoba,30-39,Mujer,6,2,98257.62,4983143.74,50.72,101.43
2018,14,Córdoba,30-39,Varón,18,6,96997.58,4397739.34,45.34,272.03
2018,14,Córdoba,40-49,Mujer,42,14,97340.84,4004699.14,41.14,575.97
2018,14,Córdoba,40-49,Varón,53,17.67,95386.37,3435285.52,36.01,636.25
2018,14,Córdoba,50-59,Mujer,85,28.33,95441.65,3039782.92,31.85,902.41
2018,14,Córdoba,50-59,Varón,156,52,92417.2,2494636.57,26.99,1403.65
2018,14,Córdoba,60-69,Mujer,202,67.33,91170.49,2104350.44,23.08,1554.15
2018,14,Córdoba,60-69,Varón,371,123.67,85071.86,1602958.12,18.84,2330.18
2018,14,Córdoba,70-79,Mujer,337,112.33,81312.24,1237614.92,15.22,1709.77
2018,14,Córdoba,70-79,Varón,523,174.33,68546.21,827772.32,12.08,2105.27
2018,14,Córdoba,80+,Mujer,564,188,61218.22,517455,8.45,1589.09
2018,14,Córdoba,80+,Varón,361,120.33,40745.57,276362.57,6.78,816.18
2018,18,Corrientes,30-39,Mujer,3,1,98257.62,4983143.74,50.72,50.72
2018,18,Corrientes,30-39,Varón,3,1,96997.58,4397739.34,45.34,45.34
2018,18,Corrientes,40-49,Mujer,17,5.67,97340.84,4004699.14,41.14,233.13
2018,18,Corrientes,40-49,Varón,14,4.67,95386.37,3435285.52,36.01,168.07
2018,18,Corrientes,50-59,Mujer,44,14.67,95441.65,3039782.92,31.85,467.13
2018,18,Corrientes,50-59,Varón,58,19.33,92417.2,2494636.57,26.99,521.87
2018,18,Corrientes,60-69,Mujer,99,33,91170.49,2104350.44,23.08,761.69
2018,18,Corrientes,60-69,Varón,150,50,85071.86,1602958.12,18.84,942.12
2018,18,Corrientes,70-79,Mujer,140,46.67,81312.24,1237614.92,15.22,710.29
2018,18,Corrientes,70-79,Varón,143,47.67,68546.21,827772.32,12.08,575.63
2018,18,Corrientes,80+,Mujer,151,50.33,61218.22,517455,8.45,425.45
2018,18,Corrientes,80+,Varón,65,21.67,40745.57,276362.57,6.78,146.96
2018,22,Chaco,30-39,Mujer,14,4.67,98257.62,4983143.74,50.72,236.67
2018,22,Chaco,30-39,Varón,12,4,96997.58,4397739.34,45.34,181.35
2018,22,Chaco,40-49,Mujer,17,5.67,97340.84,4004699.14,41.14,233.13
2018,22,Chaco,40-49,Varón,25,8.33,95386.37,3435285.52,36.01,300.12
2018,22,Chaco,50-59,Mujer,68,22.67,95441.65,3039782.92,31.85,721.93
2018,22,Chaco,50-59,Varón,83,27.67,92417.2,2494636.57,26.99,746.81
2018,22,Chaco,60-69,Mujer,95,31.67,91170.49,2104350.44,23.08,730.91
2018,22,Chaco,60-69,Varón,154,51.33,85071.86,1602958.12,18.84,967.24
2018,22,Chaco,70-79,Mujer,103,34.33,81312.24,1237614.92,15.22,522.57
2018,22,Chaco,70-79,Varón,124,41.33,68546.21,827772.32,12.08,499.15
2018,22,Chaco,80+,Mujer,98,32.67,61218.22,517455,8.45,276.12
2018,22,Chaco,80+,Varón,63,21,40745.57,276362.57,6.78,142.44
2018,26,Chubut,30-39,Mujer,0,0,98257.62,4983143.74,50.72,0
2018,26,Chubut,30-39,Varón,2,0.67,96997.58,4397739.34,45.34,30.23
2018,26,Chubut,40-49,Mujer,6,2,97340.84,4004699.14,41.14,82.28
2018,26,Chubut,40-49,Varón,7,2.33,95386.37,3435285.52,36.01,84.03
2018,26,Chubut,50-59,Mujer,5,1.67,95441.65,3039782.92,31.85,53.08
2018,26,Chubut,50-59,Varón,25,8.33,92417.2,2494636.57,26.99,224.94
2018,26,Chubut,60-69,Mujer,20,6.67,91170.49,2104350.44,23.08,153.88
2018,26,Chubut,60-69,Varón,41,13.67,85071.86,1602958.12,18.84,257.51
2018,26,Chubut,70-79,Mujer,41,13.67,81312.24,1237614.92,15.22,208.01
2018,26,Chubut,70-79,Varón,41,13.67,68546.21,827772.32,12.08,165.04
2018,26,Chubut,80+,Mujer,52,17.33,61218.22,517455,8.45,146.51
2018,26,Chubut,80+,Varón,42,14,40745.57,276362.57,6.78,94.96
2018,30,Entre Ríos,30-39,Mujer,2,0.67,98257.62,4983143.74,50.72,33.81
2018,30,Entre Ríos,30-39,Varón,1,0.33,96997.58,4397739.34,45.34,15.11
2018,30,Entre Ríos,40-49,Mujer,16,5.33,97340.84,4004699.14,41.14,219.42
2018,30,Entre Ríos,40-49,Varón,14,4.67,95386.37,3435285.52,36.01,168.07
2018,30,Entre Ríos,50-59,Mujer,33,11,95441.65,3039782.92,31.85,350.35
2018,30,Entre Ríos,50-59,Varón,35,11.67,92417.2,2494636.57,26.99,314.92
2018,30,Entre Ríos,60-69,Mujer,89,29.67,91170.49,2104350.44,23.08,684.75
2018,30,Entre Ríos,60-69,Varón,159,53,85071.86,1602958.12,18.84,998.65
2018,30,Entre Ríos,70-79,Mujer,121,40.33,81312.24,1237614.92,15.22,613.89
2018,30,Entre Ríos,70-79,Varón,161,53.67,68546.21,827772.32,12.08,648.09
2018,30,Entre Ríos,80+,Mujer,158,52.67,61218.22,517455,8.45,445.17
2018,30,Entre Ríos,80+,Varón,91,30.33,40745.57,276362.57,6.78,205.74
2018,34,Formosa,30-39,Mujer,4,1.33,98257.62,4983143.74,50.72,67.62
2018,34,Formosa,30-39,Varón,10,3.33,96997.58,4397739.34,45.34,151.13
2018,34,Formosa,40-49,Mujer,19,6.33,97340.84,4004699.14,41.14,260.56
2018,34,Formosa,40-49,Varón,30,10,95386.37,3435285.52,36.01,360.14
2018,34,Formosa,50-59,Mujer,41,13.67,95441.65,3039782.92,31.85,435.28
2018,34,Formosa,50-59,Varón,68,22.67,92417.2,2494636.57,26.99,611.85
2018,34,Formosa,60-69,Mujer,107,35.67,91170.49,2104350.44,23.08,823.24
2018,34,Formosa,60-69,Varón,129,43,85071.86,1602958.12,18.84,810.22
2018,34,Formosa,70-79,Mujer,107,35.67,81312.24,1237614.92,15.22,542.87
2018,34,Formosa,70-79,Varón,114,38,68546.21,827772.32,12.08,458.89
2018,34,Formosa,80+,Mujer,90,30,61218.22,517455,8.45,253.58
2018,34,Formosa,80+,Varón,58,19.33,40745.57,276362.57,6.78,131.13
2018,38,Jujuy,30-39,Mujer,1,0.33,98257.62,4983143.74,50.72,16.91
2018,38,Jujuy,30-39,Varón,2,0.67,96997.58,4397739.34,45.34,30.23
2018,38,Jujuy,40-49,Mujer,2,0.67,97340.84,4004699.14,41.14,27.43
2018,38,Jujuy,40-49,Varón,7,2.33,95386.37,3435285.52,36.01,84.03
2018,38,Jujuy,50-59,Mujer,12,4,95441.65,3039782.92,31.85,127.4
2018,38,Jujuy,50-59,Varón,29,9.67,92417.2,2494636.57,26.99,260.93
2018,38,Jujuy,60-69,Mujer,32,10.67,91170.49,2104350.44,23.08,246.2
2018,38,Jujuy,60-69,Varón,42,14,85071.86,1602958.12,18.84,263.79
2018,38,Jujuy,70-79,Mujer,44,14.67,81312.24,1237614.92,15.22,223.23
2018,38,Jujuy,70-79,Varón,39,13,68546.21,827772.32,12.08,156.99
2018,38,Jujuy,80+,Mujer,39,13,61218.22,517455,8.45,109.88
2018,38,Jujuy,80+,Varón,19,6.33,40745.57,276362.57,6.78,42.96
2018,42,La Pampa,30-39,Mujer,0,0,98257.62,4983143.74,50.72,0
2018,42,La Pampa,30-39,Varón,2,0.67,96997.58,4397739.34,45.34,30.23
2018,42,La Pampa,40-49,Mujer,3,1,97340.84,4004699.14,41.14,41.14
2018,42,La Pampa,40-49,Varón,2,0.67,95386.37,3435285.52,36.01,24.01
2018,42,La Pampa,50-59,Mujer,3,1,95441.65,3039782.92,31.85,31.85
2018,42,La Pampa,50-59,Varón,8,2.67,92417.2,2494636.57,26.99,71.98
2018,42,La Pampa,60-69,Mujer,12,4,91170.49,2104350.44,23.08,92.33
2018,42,La Pampa,60-69,Varón,18,6,85071.86,1602958.12,18.84,113.05
2018,42,La Pampa,70-79,Mujer,27,9,81312.24,1237614.92,15.22,136.98
2018,42,La Pampa,70-79,Varón,33,11,68546.21,827772.32,12.08,132.84
2018,42,La Pampa,80+,Mujer,38,12.67,61218.22,517455,8.45,107.07
2018,42,La Pampa,80+,Varón,30,10,40745.57,276362.57,6.78,67.83
2018,46,La Rioja,30-39,Mujer,1,0.33,98257.62,4983143.74,50.72,16.91
2018,46,La Rioja,30-39,Varón,2,0.67,96997.58,4397739.34,45.34,30.23
2018,46,La Rioja,40-49,Mujer,4,1.33,97340.84,4004699.14,41.14,54.85
2018,46,La Rioja,40-49,Varón,11,3.67,95386.37,3435285.52,36.01,132.05
2018,46,La Rioja,50-59,Mujer,16,5.33,95441.65,3039782.92,31.85,169.86
2018,46,La Rioja,50-59,Varón,34,11.33,92417.2,2494636.57,26.99,305.92
2018,46,La Rioja,60-69,Mujer,23,7.67,91170.49,2104350.44,23.08,176.96
2018,46,La Rioja,60-69,Varón,46,15.33,85071.86,1602958.12,18.84,288.92
2018,46,La Rioja,70-79,Mujer,35,11.67,81312.24,1237614.92,15.22,177.57
2018,46,La Rioja,70-79,Varón,43,14.33,68546.21,827772.32,12.08,173.09
2018,46,La Rioja,80+,Mujer,35,11.67,61218.22,517455,8.45,98.61
2018,46,La Rioja,80+,Varón,23,7.67,40745.57,276362.57,6.78,52
2018,50,Mendoza,30-39,Mujer,4,1.33,98257.62,4983143.74,50.72,67.62
2018,50,Mendoza,30-39,Varón,7,2.33,96997.58,4397739.34,45.34,105.79
2018,50,Mendoza,40-49,Mujer,12,4,97340.84,4004699.14,41.14,164.56
2018,50,Mendoza,40-49,Varón,30,10,95386.37,3435285.52,36.01,360.14
2018,50,Mendoza,50-59,Mujer,50,16.67,95441.65,3039782.92,31.85,530.83
2018,50,Mendoza,50-59,Varón,59,19.67,92417.2,2494636.57,26.99,530.87
2018,50,Mendoza,60-69,Mujer,152,50.67,91170.49,2104350.44,23.08,1169.46
2018,50,Mendoza,60-69,Varón,195,65,85071.86,1602958.12,18.84,1224.76
2018,50,Mendoza,70-79,Mujer,223,74.33,81312.24,1237614.92,15.22,1131.39
2018,50,Mendoza,70-79,Varón,264,88,68546.21,827772.32,12.08,1062.7
2018,50,Mendoza,80+,Mujer,338,112.67,61218.22,517455,8.45,952.33
2018,50,Mendoza,80+,Varón,238,79.33,40745.57,276362.57,6.78,538.09
2018,54,Misiones,30-39,Mujer,7,2.33,98257.62,4983143.74,50.72,118.34
2018,54,Misiones,30-39,Varón,4,1.33,96997.58,4397739.34,45.34,60.45
2018,54,Misiones,40-49,Mujer,13,4.33,97340.84,4004699.14,41.14,178.28
2018,54,Misiones,40-49,Varón,26,8.67,95386.37,3435285.52,36.01,312.13
2018,54,Misiones,50-59,Mujer,56,18.67,95441.65,3039782.92,31.85,594.53
2018,54,Misiones,50-59,Varón,88,29.33,92417.2,2494636.57,26.99,791.8
2018,54,Misiones,60-69,Mujer,130,43.33,91170.49,2104350.44,23.08,1000.2
2018,54,Misiones,60-69,Varón,175,58.33,85071.86,1602958.12,18.84,1099.14
2018,54,Misiones,70-79,Mujer,150,50,81312.24,1237614.92,15.22,761.03
2018,54,Misiones,70-79,Varón,143,47.67,68546.21,827772.32,12.08,575.63
2018,54,Misiones,80+,Mujer,141,47,61218.22,517455,8.45,397.27
2018,54,Misiones,80+,Varón,97,32.33,40745.57,276362.57,6.78,219.31
2018,58,Neuquén,30-39,Mujer,1,0.33,98257.62,4983143.74,50.72,16.91
2018,58,Neuquén,30-39,Varón,2,0.67,96997.58,4397739.34,45.34,30.23
2018,58,Neuquén,40-49,Mujer,7,2.33,97340.84,4004699.14,41.14,96
2018,58,Neuquén,40-49,Varón,7,2.33,95386.37,3435285.52,36.01,84.03
2018,58,Neuquén,50-59,Mujer,26,8.67,95441.65,3039782.92,31.85,276.03
2018,58,Neuquén,50-59,Varón,32,10.67,92417.2,2494636.57,26.99,287.93
2018,58,Neuquén,60-69,Mujer,61,20.33,91170.49,2104350.44,23.08,469.32
2018,58,Neuquén,60-69,Varón,91,30.33,85071.86,1602958.12,18.84,571.55
2018,58,Neuquén,70-79,Mujer,95,31.67,81312.24,1237614.92,15.22,481.98
2018,58,Neuquén,70-79,Varón,133,44.33,68546.21,827772.32,12.08,535.37
2018,58,Neuquén,80+,Mujer,132,44,61218.22,517455,8.45,371.92
2018,58,Neuquén,80+,Varón,106,35.33,40745.57,276362.57,6.78,239.65
2018,62,Río Negro,30-39,Mujer,0,0,98257.62,4983143.74,50.72,0
2018,62,Río Negro,30-39,Varón,2,0.67,96997.58,4397739.34,45.34,30.23
2018,62,Río Negro,40-49,Mujer,5,1.67,97340.84,4004699.14,41.14,68.57
2018,62,Río Negro,40-49,Varón,4,1.33,95386.37,3435285.52,36.01,48.02
2018,62,Río Negro,50-59,Mujer,7,2.33,95441.65,3039782.92,31.85,74.32
2018,62,Río Negro,50-59,Varón,32,10.67,92417.2,2494636.57,26.99,287.93
2018,62,Río Negro,60-69,Mujer,30,10,91170.49,2104350.44,23.08,230.81
2018,62,Río Negro,60-69,Varón,46,15.33,85071.86,1602958.12,18.84,288.92
2018,62,Río Negro,70-79,Mujer,45,15,81312.24,1237614.92,15.22,228.31
2018,62,Río Negro,70-79,Varón,80,26.67,68546.21,827772.32,12.08,322.03
2018,62,Río Negro,80+,Mujer,71,23.67,61218.22,517455,8.45,200.05
2018,62,Río Negro,80+,Varón,45,15,40745.57,276362.57,6.78,101.74
2018,66,Salta,30-39,Mujer,3,1,98257.62,4983143.74,50.72,50.72
2018,66,Salta,30-39,Varón,6,2,96997.58,4397739.34,45.34,90.68
2018,66,Salta,40-49,Mujer,15,5,97340.84,4004699.14,41.14,205.7
2018,66,Salta,40-49,Varón,19,6.33,95386.37,3435285.52,36.01,228.09
2018,66,Salta,50-59,Mujer,62,20.67,95441.65,3039782.92,31.85,658.23
2018,66,Salta,50-59,Varón,71,23.67,92417.2,2494636.57,26.99,638.84
2018,66,Salta,60-69,Mujer,112,37.33,91170.49,2104350.44,23.08,861.71
2018,66,Salta,60-69,Varón,152,50.67,85071.86,1602958.12,18.84,954.68
2018,66,Salta,70-79,Mujer,107,35.67,81312.24,1237614.92,15.22,542.87
2018,66,Salta,70-79,Varón,142,47.33,68546.21,827772.32,12.08,571.6
2018,66,Salta,80+,Mujer,117,39,61218.22,517455,8.45,329.65
2018,66,Salta,80+,Varón,82,27.33,40745.57,276362.57,6.78,185.39
2018,70,San Juan,30-39,Mujer,1,0.33,98257.62,4983143.74,50.72,16.91
2018,70,San Juan,30-39,Varón,4,1.33,96997.58,4397739.34,45.34,60.45
2018,70,San Juan,40-49,Mujer,7,2.33,97340.84,4004699.14,41.14,96
2018,70,San Juan,40-49,Varón,5,1.67,95386.37,3435285.52,36.01,60.02
2018,70,San Juan,50-59,Mujer,29,9.67,95441.65,3039782.92,31.85,307.88
2018,70,San Juan,50-59,Varón,35,11.67,92417.2,2494636.57,26.99,314.92
2018,70,San Juan,60-69,Mujer,66,22,91170.49,2104350.44,23.08,507.79
2018,70,San Juan,60-69,Varón,94,31.33,85071.86,1602958.12,18.84,590.4
2018,70,San Juan,70-79,Mujer,146,48.67,81312.24,1237614.92,15.22,740.73
2018,70,San Juan,70-79,Varón,136,45.33,68546.21,827772.32,12.08,547.45
2018,70,San Juan,80+,Mujer,155,51.67,61218.22,517455,8.45,436.72
2018,70,San Juan,80+,Varón,95,31.67,40745.57,276362.57,6.78,214.78
2018,74,San Luis,30-39,Mujer,0,0,98257.62,4983143.74,50.72,0
2018,74,San Luis,30-39,Varón,0,0,96997.58,4397739.34,45.34,0
2018,74,San Luis,40-49,Mujer,3,1,97340.84,4004699.14,41.14,41.14
2018,74,San Luis,40-49,Varón,4,1.33,95386.37,3435285.52,36.01,48.02
2018,74,San Luis,50-59,Mujer,10,3.33,95441.65,3039782.92,31.85,106.17
2018,74,San Luis,50-59,Varón,11,3.67,92417.2,2494636.57,26.99,98.98
2018,74,San Luis,60-69,Mujer,25,8.33,91170.49,2104350.44,23.08,192.35
2018,74,San Luis,60-69,Varón,37,12.33,85071.86,1602958.12,18.84,232.39
2018,74,San Luis,70-79,Mujer,35,11.67,81312.24,1237614.92,15.22,177.57
2018,74,San Luis,70-79,Varón,68,22.67,68546.21,827772.32,12.08,273.73
2018,74,San Luis,80+,Mujer,59,19.67,61218.22,517455,8.45,166.24
2018,74,San Luis,80+,Varón,51,17,40745.57,276362.57,6.78,115.3
2018,78,Santa Cruz,30-39,Mujer,0,0,98257.62,4983143.74,50.72,0
2018,78,Santa Cruz,30-39,Varón,0,0,96997.58,4397739.34,45.34,0
2018,78,Santa Cruz,40-49,Mujer,9,3,97340.84,4004699.14,41.14,123.42
2018,78,Santa Cruz,40-49,Varón,7,2.33,95386.37,3435285.52,36.01,84.03
2018,78,Santa Cruz,50-59,Mujer,11,3.67,95441.65,3039782.92,31.85,116.78
2018,78,Santa Cruz,50-59,Varón,23,7.67,92417.2,2494636.57,26.99,206.95
2018,78,Santa Cruz,60-69,Mujer,21,7,91170.49,2104350.44,23.08,161.57
2018,78,Santa Cruz,60-69,Varón,34,11.33,85071.86,1602958.12,18.84,213.55
2018,78,Santa Cruz,70-79,Mujer,37,12.33,81312.24,1237614.92,15.22,187.72
2018,78,Santa Cruz,70-79,Varón,41,13.67,68546.21,827772.32,12.08,165.04
2018,78,Santa Cruz,80+,Mujer,45,15,61218.22,517455,8.45,126.79
2018,78,Santa Cruz,80+,Varón,31,10.33,40745.57,276362.57,6.78,70.09
2018,82,Santa Fe,30-39,Mujer,3,1,98257.62,4983143.74,50.72,50.72
2018,82,Santa Fe,30-39,Varón,6,2,96997.58,4397739.34,45.34,90.68
2018,82,Santa Fe,40-49,Mujer,20,6.67,97340.84,4004699.14,41.14,274.27
2018,82,Santa Fe,40-49,Varón,25,8.33,95386.37,3435285.52,36.01,300.12
2018,82,Santa Fe,50-59,Mujer,59,19.67,95441.65,3039782.92,31.85,626.38
2018,82,Santa Fe,50-59,Varón,113,37.67,92417.2,2494636.57,26.99,1016.74
2018,82,Santa Fe,60-69,Mujer,150,50,91170.49,2104350.44,23.08,1154.07
2018,82,Santa Fe,60-69,Varón,244,81.33,85071.86,1602958.12,18.84,1532.52
2018,82,Santa Fe,70-79,Mujer,243,81,81312.24,1237614.92,15.22,1232.86
2018,82,Santa Fe,70-79,Varón,306,102,68546.21,827772.32,12.08,1231.76
2018,82,Santa Fe,80+,Mujer,350,116.67,61218.22,517455,8.45,986.14
2018,82,Santa Fe,80+,Varón,261,87,40745.57,276362.57,6.78,590.09
2018,86,Santiago del Estero,30-39,Mujer,6,2,98257.62,4983143.74,50.72,101.43
2018,86,Santiago del Estero,30-39,Varón,3,1,96997.58,4397739.34,45.34,45.34
2018,86,Santiago del Estero,40-49,Mujer,7,2.33,97340.84,4004699.14,41.14,96
2018,86,Santiago del Estero,40-49,Varón,13,4.33,95386.37,3435285.52,36.01,156.06
2018,86,Santiago del Estero,50-59,Mujer,27,9,95441.65,3039782.92,31.85,286.65
2018,86,Santiago del Estero,50-59,Varón,39,13,92417.2,2494636.57,26.99,350.91
2018,86,Santiago del Estero,60-69,Mujer,49,16.33,91170.49,2104350.44,23.08,377
2018,86,Santiago del Estero,60-69,Varón,67,22.33,85071.86,1602958.12,18.84,420.81
2018,86,Santiago del Estero,70-79,Mujer,72,24,81312.24,1237614.92,15.22,365.29
2018,86,Santiago del Estero,70-79,Varón,65,21.67,68546.21,827772.32,12.08,261.65
2018,86,Santiago del Estero,80+,Mujer,41,13.67,61218.22,517455,8.45,115.52
2018,86,Santiago del Estero,80+,Varón,37,12.33,40745.57,276362.57,6.78,83.65
2018,90,Tucumán,30-39,Mujer,3,1,98257.62,4983143.74,50.72,50.72
2018,90,Tucumán,30-39,Varón,11,3.67,96997.58,4397739.34,45.34,166.24
2018,90,Tucumán,40-49,Mujer,18,6,97340.84,4004699.14,41.14,246.85
2018,90,Tucumán,40-49,Varón,22,7.33,95386.37,3435285.52,36.01,264.11
2018,90,Tucumán,50-59,Mujer,43,14.33,95441.65,3039782.92,31.85,456.51
2018,90,Tucumán,50-59,Varón,58,19.33,92417.2,2494636.57,26.99,521.87
2018,90,Tucumán,60-69,Mujer,128,42.67,91170.49,2104350.44,23.08,984.81
2018,90,Tucumán,60-69,Varón,144,48,85071.86,1602958.12,18.84,904.44
2018,90,Tucumán,70-79,Mujer,125,41.67,81312.24,1237614.92,15.22,634.19
2018,90,Tucumán,70-79,Varón,164,54.67,68546.21,827772.32,12.08,660.16
2018,90,Tucumán,80+,Mujer,134,44.67,61218.22,517455,8.45,377.55
2018,90,Tucumán,80+,Varón,111,37,40745.57,276362.57,6.78,250.96
2018,94,Tierra del Fuego,30-39,Mujer,0,0,98257.62,4983143.74,50.72,0
2018,94,Tierra del Fuego,30-39,Varón,0,0,96997.58,4397739.34,45.34,0
2018,94,Tierra del Fuego,40-49,Mujer,0,0,97340.84,4004699.14,41.14,0
2018,94,Tierra del Fuego,40-49,Varón,0,0,95386.37,3435285.52,36.01,0
2018,94,Tierra del Fuego,50-59,Mujer,1,0.33,95441.65,3039782.92,31.85,10.62
2018,94,Tierra del Fuego,50-59,Varón,5,1.67,92417.2,2494636.57,26.99,44.99
2018,94,Tierra del Fuego,60-69,Mujer,9,3,91170.49,2104350.44,23.08,69.24
2018,94,Tierra del Fuego,60-69,Varón,23,7.67,85071.86,1602958.12,18.84,144.46
2018,94,Tierra del Fuego,70-79,Mujer,10,3.33,81312.24,1237614.92,15.22,50.74
2018,94,Tierra del Fuego,70-79,Varón,11,3.67,68546.21,827772.32,12.08,44.28
2018,94,Tierra del Fuego,80+,Mujer,6,2,61218.22,517455,8.45,16.91
2018,94,Tierra del Fuego,80+,Varón,7,2.33,40745.57,276362.57,6.78,15.83
