anio_enfr,region,grupo_edad_10,sexo,defun_n,defun_mean,lx,Tx,ex,AVP
2005,Centro,30-39,Mujer,43,14.33,98257.62,4983143.74,50.72,726.92
2005,Centro,30-39,Varón,47,15.67,96997.58,4397739.34,45.34,710.31
2005,Centro,40-49,Mujer,157,52.33,97340.84,4004699.14,41.14,2153.05
2005,Centro,40-49,Varón,224,74.67,95386.37,3435285.52,36.01,2689.08
2005,Centro,50-59,Mujer,548,182.67,95441.65,3039782.92,31.85,5817.87
2005,Centro,50-59,Varón,948,316,92417.2,2494636.57,26.99,8529.85
2005,Centro,60-69,Mujer,1467,489,91170.49,2104350.44,23.08,11286.85
2005,Centro,60-69,Varón,2155,718.33,85071.86,1602958.12,18.84,13535.13
2005,Centro,70-79,Mujer,2555,851.67,81312.24,1237614.92,15.22,12962.81
2005,Centro,70-79,Varón,3086,1028.67,68546.21,827772.32,12.08,12422.3
2005,Centro,80+,Mujer,3189,1063,61218.22,517455,8.45,8985.15
2005,Centro,80+,Varón,1895,631.67,40745.57,276362.57,6.78,4284.37
2005,Cuyo,30-39,Mujer,6,2,98257.62,4983143.74,50.72,101.43
2005,Cuyo,30-39,Varón,11,3.67,96997.58,4397739.34,45.34,166.24
2005,Cuyo,40-49,Mujer,29,9.67,97340.84,4004699.14,41.14,397.7
2005,Cuyo,40-49,Varón,40,13.33,95386.37,3435285.52,36.01,480.19
2005,Cuyo,50-59,Mujer,142,47.33,95441.65,3039782.92,31.85,1507.55
2005,Cuyo,50-59,Varón,207,69,92417.2,2494636.57,26.99,1862.53
2005,Cuyo,60-69,Mujer,348,116,91170.49,2104350.44,23.08,2677.45
2005,Cuyo,60-69,Varón,485,161.67,85071.86,1602958.12,18.84,3046.19
2005,Cuyo,70-79,Mujer,560,186.67,81312.24,1237614.92,15.22,2841.16
2005,Cuyo,70-79,Varón,558,186,68546.21,827772.32,12.08,2246.16
2005,Cuyo,80+,Mujer,391,130.33,61218.22,517455,8.45,1101.66
2005,Cuyo,80+,Varón,252,84,40745.57,276362.57,6.78,569.74
2005,Noreste,30-39,Mujer,9,3,98257.62,4983143.74,50.72,152.15
2005,Noreste,30-39,Varón,7,2.33,96997.58,4397739.34,45.34,105.79
2005,Noreste,40-49,Mujer,42,14,97340.84,4004699.14,41.14,575.97
2005,Noreste,40-49,Varón,32,10.67,95386.37,3435285.52,36.01,384.15
2005,Noreste,50-59,Mujer,132,44,95441.65,3039782.92,31.85,1401.38
2005,Noreste,50-59,Varón,178,59.33,92417.2,2494636.57,26.99,1601.6
2005,Noreste,60-69,Mujer,271,90.33,91170.49,2104350.44,23.08,2085.03
2005,Noreste,60-69,Varón,291,97,85071.86,1602958.12,18.84,1827.71
2005,Noreste,70-79,Mujer,399,133,81312.24,1237614.92,15.22,2024.33
2005,Noreste,70-79,Varón,347,115.67,68546.21,827772.32,12.08,1396.8
2005,Noreste,80+,Mujer,285,95,61218.22,517455,8.45,803
2005,Noreste,80+,Varón,156,52,40745.57,276362.57,6.78,352.7
2005,Noroeste,30-39,Mujer,8,2.67,98257.62,4983143.74,50.72,135.24
2005,Noroeste,30-39,Varón,12,4,96997.58,4397739.34,45.34,181.35
2005,Noroeste,40-49,Mujer,39,13,97340.84,4004699.14,41.14,534.83
2005,Noroeste,40-49,Varón,52,17.33,95386.37,3435285.52,36.01,624.25
2005,Noroeste,50-59,Mujer,148,49.33,95441.65,3039782.92,31.85,1571.25
2005,Noroeste,50-59,Varón,221,73.67,92417.2,2494636.57,26.99,1988.5
2005,Noroeste,60-69,Mujer,311,103.67,91170.49,2104350.44,23.08,2392.78
2005,Noroeste,60-69,Varón,346,115.33,85071.86,1602958.12,18.84,2173.16
2005,Noroeste,70-79,Mujer,413,137.67,81312.24,1237614.92,15.22,2095.36
2005,Noroeste,70-79,Varón,400,133.33,68546.21,827772.32,12.08,1610.15
2005,Noroeste,80+,Mujer,347,115.67,61218.22,517455,8.45,977.69
2005,Noroeste,80+,Varón,217,72.33,40745.57,276362.57,6.78,490.61
2005,Patagonia,30-39,Mujer,4,1.33,98257.62,4983143.74,50.72,67.62
2005,Patagonia,30-39,Varón,4,1.33,96997.58,4397739.34,45.34,60.45
2005,Patagonia,40-49,Mujer,11,3.67,97340.84,4004699.14,41.14,150.85
2005,Patagonia,40-49,Varón,15,5,95386.37,3435285.52,36.01,180.07
2005,Patagonia,50-59,Mujer,45,15,95441.65,3039782.92,31.85,477.74
2005,Patagonia,50-59,Varón,65,21.67,92417.2,2494636.57,26.99,584.85
2005,Patagonia,60-69,Mujer,90,30,91170.49,2104350.44,23.08,692.44
2005,Patagonia,60-69,Varón,137,45.67,85071.86,1602958.12,18.84,860.47
2005,Patagonia,70-79,Mujer,150,50,81312.24,1237614.92,15.22,761.03
2005,Patagonia,70-79,Varón,192,64,68546.21,827772.32,12.08,772.87
2005,Patagonia,80+,Mujer,149,49.67,61218.22,517455,8.45,419.81
2005,Patagonia,80+,Varón,88,29.33,40745.57,276362.57,6.78,198.96
2009,Centro,30-39,Mujer,70,23.33,98257.62,4983143.74,50.72,1183.35
2009,Centro,30-39,Varón,58,19.33,96997.58,4397739.34,45.34,876.55
2009,Centro,40-49,Mujer,145,48.33,97340.84,4004699.14,41.14,1988.48
2009,Centro,40-49,Varón,178,59.33,95386.37,3435285.52,36.01,2136.86
2009,Centro,50-59,Mujer,517,172.33,95441.65,3039782.92,31.85,5488.76
2009,Centro,50-59,Varón,792,264,92417.2,2494636.57,26.99,7126.21
2009,Centro,60-69,Mujer,1122,374,91170.49,2104350.44,23.08,8632.48
2009,Centro,60-69,Varón,1647,549,85071.86,1602958.12,18.84,10344.48
2009,Centro,70-79,Mujer,1902,634,81312.24,1237614.92,15.22,9649.81
2009,Centro,70-79,Varón,2256,752,68546.21,827772.32,12.08,9081.24
2009,Centro,80+,Mujer,2574,858,61218.22,517455,8.45,7252.36
2009,Centro,80+,Varón,1637,545.67,40745.57,276362.57,6.78,3701.06
2009,Cuyo,30-39,Mujer,9,3,98257.62,4983143.74,50.72,152.15
2009,Cuyo,30-39,Varón,8,2.67,96997.58,4397739.34,45.34,120.9
2009,Cuyo,40-49,Mujer,28,9.33,97340.84,4004699.14,41.14,383.98
2009,Cuyo,40-49,Varón,38,12.67,95386.37,3435285.52,36.01,456.18
2009,Cuyo,50-59,Mujer,113,37.67,95441.65,3039782.92,31.85,1199.67
2009,Cuyo,50-59,Varón,187,62.33,92417.2,2494636.57,26.99,1682.58
2009,Cuyo,60-69,Mujer,354,118,91170.49,2104350.44,23.08,2723.62
2009,Cuyo,60-69,Varón,498,166,85071.86,1602958.12,18.84,3127.84
2009,Cuyo,70-79,Mujer,508,169.33,81312.24,1237614.92,15.22,2577.34
2009,Cuyo,70-79,Varón,560,186.67,68546.21,827772.32,12.08,2254.21
2009,Cuyo,80+,Mujer,508,169.33,61218.22,517455,8.45,1431.31
2009,Cuyo,80+,Varón,304,101.33,40745.57,276362.57,6.78,687.31
2009,Noreste,30-39,Mujer,10,3.33,98257.62,4983143.74,50.72,169.05
2009,Noreste,30-39,Varón,11,3.67,96997.58,4397739.34,45.34,166.24
2009,Noreste,40-49,Mujer,50,16.67,97340.84,4004699.14,41.14,685.68
2009,Noreste,40-49,Varón,45,15,95386.37,3435285.52,36.01,540.22
2009,Noreste,50-59,Mujer,135,45,95441.65,3039782.92,31.85,1433.23
2009,Noreste,50-59,Varón,164,54.67,92417.2,2494636.57,26.99,1475.63
2009,Noreste,60-69,Mujer,270,90,91170.49,2104350.44,23.08,2077.33
2009,Noreste,60-69,Varón,319,106.33,85071.86,1602958.12,18.84,2003.58
2009,Noreste,70-79,Mujer,415,138.33,81312.24,1237614.92,15.22,2105.51
2009,Noreste,70-79,Varón,367,122.33,68546.21,827772.32,12.08,1477.31
2009,Noreste,80+,Mujer,370,123.33,61218.22,517455,8.45,1042.49
2009,Noreste,80+,Varón,181,60.33,40745.57,276362.57,6.78,409.22
2009,Noroeste,30-39,Mujer,11,3.67,98257.62,4983143.74,50.72,185.96
2009,Noroeste,30-39,Varón,13,4.33,96997.58,4397739.34,45.34,196.47
2009,Noroeste,40-49,Mujer,30,10,97340.84,4004699.14,41.14,411.41
2009,Noroeste,40-49,Varón,54,18,95386.37,3435285.52,36.01,648.26
2009,Noroeste,50-59,Mujer,174,58,95441.65,3039782.92,31.85,1847.28
2009,Noroeste,50-59,Varón,212,70.67,92417.2,2494636.57,26.99,1907.52
2009,Noroeste,60-69,Mujer,307,102.33,91170.49,2104350.44,23.08,2362.01
2009,Noroeste,60-69,Varón,440,146.67,85071.86,1602958.12,18.84,2763.55
2009,Noroeste,70-79,Mujer,393,131,81312.24,1237614.92,15.22,1993.89
2009,Noroeste,70-79,Varón,416,138.67,68546.21,827772.32,12.08,1674.56
2009,Noroeste,80+,Mujer,363,121,61218.22,517455,8.45,1022.77
2009,Noroeste,80+,Varón,234,78,40745.57,276362.57,6.78,529.05
2009,Patagonia,30-39,Mujer,2,0.67,98257.62,4983143.74,50.72,33.81
2009,Patagonia,30-39,Varón,2,0.67,96997.58,4397739.34,45.34,30.23
2009,Patagonia,40-49,Mujer,17,5.67,97340.84,4004699.14,41.14,233.13
2009,Patagonia,40-49,Varón,17,5.67,95386.37,3435285.52,36.01,204.08
2009,Patagonia,50-59,Mujer,46,15.33,95441.65,3039782.92,31.85,488.36
2009,Patagonia,50-59,Varón,68,22.67,92417.2,2494636.57,26.99,611.85
2009,Patagonia,60-69,Mujer,95,31.67,91170.49,2104350.44,23.08,730.91
2009,Patagonia,60-69,Varón,164,54.67,85071.86,1602958.12,18.84,1030.05
2009,Patagonia,70-79,Mujer,157,52.33,81312.24,1237614.92,15.22,796.54
2009,Patagonia,70-79,Varón,213,71,68546.21,827772.32,12.08,857.4
2009,Patagonia,80+,Mujer,200,66.67,61218.22,517455,8.45,563.51
2009,Patagonia,80+,Varón,133,44.33,40745.57,276362.57,6.78,300.7
2013,Centro,30-39,Mujer,55,18.33,98257.62,4983143.74,50.72,929.78
2013,Centro,30-39,Varón,62,20.67,96997.58,4397739.34,45.34,937
2013,Centro,40-49,Mujer,128,42.67,97340.84,4004699.14,41.14,1755.35
2013,Centro,40-49,Varón,235,78.33,95386.37,3435285.52,36.01,2821.13
2013,Centro,50-59,Mujer,464,154.67,95441.65,3039782.92,31.85,4926.08
2013,Centro,50-59,Varón,772,257.33,92417.2,2494636.57,26.99,6946.25
2013,Centro,60-69,Mujer,1172,390.67,91170.49,2104350.44,23.08,9017.17
2013,Centro,60-69,Varón,1758,586,85071.86,1602958.12,18.84,11041.65
2013,Centro,70-79,Mujer,1728,576,81312.24,1237614.92,15.22,8767.02
2013,Centro,70-79,Varón,2079,693,68546.21,827772.32,12.08,8368.75
2013,Centro,80+,Mujer,2648,882.67,61218.22,517455,8.45,7460.86
2013,Centro,80+,Varón,1791,597,40745.57,276362.57,6.78,4049.24
2013,Cuyo,30-39,Mujer,11,3.67,98257.62,4983143.74,50.72,185.96
2013,Cuyo,30-39,Varón,7,2.33,96997.58,4397739.34,45.34,105.79
2013,Cuyo,40-49,Mujer,24,8,97340.84,4004699.14,41.14,329.13
2013,Cuyo,40-49,Varón,33,11,95386.37,3435285.52,36.01,396.16
2013,Cuyo,50-59,Mujer,101,33.67,95441.65,3039782.92,31.85,1072.27
2013,Cuyo,50-59,Varón,175,58.33,92417.2,2494636.57,26.99,1574.6
2013,Cuyo,60-69,Mujer,333,111,91170.49,2104350.44,23.08,2562.04
2013,Cuyo,60-69,Varón,425,141.67,85071.86,1602958.12,18.84,2669.34
2013,Cuyo,70-79,Mujer,417,139,81312.24,1237614.92,15.22,2115.65
2013,Cuyo,70-79,Varón,481,160.33,68546.21,827772.32,12.08,1936.2
2013,Cuyo,80+,Mujer,471,157,61218.22,517455,8.45,1327.06
2013,Cuyo,80+,Varón,347,115.67,40745.57,276362.57,6.78,784.53
2013,Noreste,30-39,Mujer,13,4.33,98257.62,4983143.74,50.72,219.77
2013,Noreste,30-39,Varón,11,3.67,96997.58,4397739.34,45.34,166.24
2013,Noreste,40-49,Mujer,60,20,97340.84,4004699.14,41.14,822.82
2013,Noreste,40-49,Varón,65,21.67,95386.37,3435285.52,36.01,780.31
2013,Noreste,50-59,Mujer,165,55,95441.65,3039782.92,31.85,1751.73
2013,Noreste,50-59,Varón,210,70,92417.2,2494636.57,26.99,1889.52
2013,Noreste,60-69,Mujer,344,114.67,91170.49,2104350.44,23.08,2646.68
2013,Noreste,60-69,Varón,418,139.33,85071.86,1602958.12,18.84,2625.37
2013,Noreste,70-79,Mujer,463,154.33,81312.24,1237614.92,15.22,2349.03
2013,Noreste,70-79,Varón,436,145.33,68546.21,827772.32,12.08,1755.06
2013,Noreste,80+,Mujer,404,134.67,61218.22,517455,8.45,1138.29
2013,Noreste,80+,Varón,268,89.33,40745.57,276362.57,6.78,605.92
2013,Noroeste,30-39,Mujer,15,5,98257.62,4983143.74,50.72,253.58
2013,Noroeste,30-39,Varón,15,5,96997.58,4397739.34,45.34,226.69
2013,Noroeste,40-49,Mujer,42,14,97340.84,4004699.14,41.14,575.97
2013,Noroeste,40-49,Varón,72,24,95386.37,3435285.52,36.01,864.35
2013,Noroeste,50-59,Mujer,152,50.67,95441.65,3039782.92,31.85,1613.72
2013,Noroeste,50-59,Varón,234,78,92417.2,2494636.57,26.99,2105.47
2013,Noroeste,60-69,Mujer,351,117,91170.49,2104350.44,23.08,2700.53
2013,Noroeste,60-69,Varón,399,133,85071.86,1602958.12,18.84,2506.04
2013,Noroeste,70-79,Mujer,422,140.67,81312.24,1237614.92,15.22,2141.02
2013,Noroeste,70-79,Varón,445,148.33,68546.21,827772.32,12.08,1791.29
2013,Noroeste,80+,Mujer,428,142.67,61218.22,517455,8.45,1205.91
2013,Noroeste,80+,Varón,286,95.33,40745.57,276362.57,6.78,646.61
2013,Patagonia,30-39,Mujer,2,0.67,98257.62,4983143.74,50.72,33.81
2013,Patagonia,30-39,Varón,6,2,96997.58,4397739.34,45.34,90.68
2013,Patagonia,40-49,Mujer,15,5,97340.84,4004699.14,41.14,205.7
2013,Patagonia,40-49,Varón,26,8.67,95386.37,3435285.52,36.01,312.13
2013,Patagonia,50-59,Mujer,45,15,95441.65,3039782.92,31.85,477.74
2013,Patagonia,50-59,Varón,100,33.33,92417.2,2494636.57,26.99,899.77
2013,Patagonia,60-69,Mujer,115,38.33,91170.49,2104350.44,23.08,884.79
2013,Patagonia,60-69,Varón,181,60.33,85071.86,1602958.12,18.84,1136.82
2013,Patagonia,70-79,Mujer,175,58.33,81312.24,1237614.92,15.22,887.86
2013,Patagonia,70-79,Varón,232,77.33,68546.21,827772.32,12.08,933.89
2013,Patagonia,80+,Mujer,237,79,61218.22,517455,8.45,667.76
2013,Patagonia,80+,Varón,180,60,40745.57,276362.57,6.78,406.96
2018,Centro,30-39,Mujer,52,17.33,98257.62,4983143.74,50.72,879.06
2018,Centro,30-39,Varón,76,25.33,96997.58,4397739.34,45.34,1148.58
2018,Centro,40-49,Mujer,202,67.33,97340.84,4004699.14,41.14,2770.16
2018,Centro,40-49,Varón,241,80.33,95386.37,3435285.52,36.01,2893.16
2018,Centro,50-59,Mujer,492,164,95441.65,3039782.92,31.85,5223.34
2018,Centro,50-59,Varón,842,280.67,92417.2,2494636.57,26.99,7576.09
2018,Centro,60-69,Mujer,1122,374,91170.49,2104350.44,23.08,8632.48
2018,Centro,60-69,Varón,2024,674.67,85071.86,1602958.12,18.84,12712.34
2018,Centro,70-79,Mujer,1826,608.67,81312.24,1237614.92,15.22,9264.23
2018,Centro,70-79,Varón,2534,844.67,68546.21,827772.32,12.08,10200.3
2018,Centro,80+,Mujer,2823,941,61218.22,517455,8.45,7953.93
2018,Centro,80+,Varón,1970,656.67,40745.57,276362.57,6.78,4453.93
2018,Cuyo,30-39,Mujer,5,1.67,98257.62,4983143.74,50.72,84.53
2018,Cuyo,30-39,Varón,11,3.67,96997.58,4397739.34,45.34,166.24
2018,Cuyo,40-49,Mujer,22,7.33,97340.84,4004699.14,41.14,301.7
2018,Cuyo,40-49,Varón,39,13,95386.37,3435285.52,36.01,468.19
2018,Cuyo,50-59,Mujer,89,29.67,95441.65,3039782.92,31.85,944.87
2018,Cuyo,50-59,Varón,105,35,92417.2,2494636.57,26.99,944.76
2018,Cuyo,60-69,Mujer,243,81,91170.49,2104350.44,23.08,1869.6
2018,Cuyo,60-69,Varón,326,108.67,85071.86,1602958.12,18.84,2047.54
2018,Cuyo,70-79,Mujer,404,134.67,81312.24,1237614.92,15.22,2049.7
2018,Cuyo,70-79,Varón,468,156,68546.21,827772.32,12.08,1883.87
2018,Cuyo,80+,Mujer,552,184,61218.22,517455,8.45,1555.28
2018,Cuyo,80+,Varón,384,128,40745.57,276362.57,6.78,868.18
2018,Noreste,30-39,Mujer,28,9.33,98257.62,4983143.74,50.72,473.34
2018,Noreste,30-39,Varón,29,9.67,96997.58,4397739.34,45.34,438.27
2018,Noreste,40-49,Mujer,66,22,97340.84,4004699.14,41.14,905.1
2018,Noreste,40-49,Varón,95,31.67,95386.37,3435285.52,36.01,1140.46
2018,Noreste,50-59,Mujer,209,69.67,95441.65,3039782.92,31.85,2218.86
2018,Noreste,50-59,Varón,297,99,92417.2,2494636.57,26.99,2672.33
2018,Noreste,60-69,Mujer,431,143.67,91170.49,2104350.44,23.08,3316.04
2018,Noreste,60-69,Varón,608,202.67,85071.86,1602958.12,18.84,3818.73
2018,Noreste,70-79,Mujer,500,166.67,81312.24,1237614.92,15.22,2536.75
2018,Noreste,70-79,Varón,524,174.67,68546.21,827772.32,12.08,2109.3
2018,Noreste,80+,Mujer,480,160,61218.22,517455,8.45,1352.42
2018,Noreste,80+,Varón,283,94.33,40745.57,276362.57,6.78,639.83
2018,Noroeste,30-39,Mujer,16,5.33,98257.62,4983143.74,50.72,270.48
2018,Noroeste,30-39,Varón,25,8.33,96997.58,4397739.34,45.34,377.82
2018,Noroeste,40-49,Mujer,51,17,97340.84,4004699.14,41.14,699.4
2018,Noroeste,40-49,Varón,83,27.67,95386.37,3435285.52,36.01,996.4
2018,Noroeste,50-59,Mujer,172,57.33,95441.65,3039782.92,31.85,1826.05
2018,Noroeste,50-59,Varón,261,87,92417.2,2494636.57,26.99,2348.41
2018,Noroeste,60-69,Mujer,369,123,91170.49,2104350.44,23.08,2839.02
2018,Noroeste,60-69,Varón,510,170,85071.86,1602958.12,18.84,3203.21
2018,Noroeste,70-79,Mujer,429,143,81312.24,1237614.92,15.22,2176.54
2018,Noroeste,70-79,Varón,501,167,68546.21,827772.32,12.08,2016.71
2018,Noroeste,80+,Mujer,401,133.67,61218.22,517455,8.45,1129.83
2018,Noroeste,80+,Varón,299,99.67,40745.57,276362.57,6.78,676
2018,Patagonia,30-39,Mujer,1,0.33,98257.62,4983143.74,50.72,16.91
2018,Patagonia,30-39,Varón,6,2,96997.58,4397739.34,45.34,90.68
2018,Patagonia,40-49,Mujer,27,9,97340.84,4004699.14,41.14,370.27
2018,Patagonia,40-49,Varón,25,8.33,95386.37,3435285.52,36.01,300.12
2018,Patagonia,50-59,Mujer,50,16.67,95441.65,3039782.92,31.85,530.83
2018,Patagonia,50-59,Varón,117,39,92417.2,2494636.57,26.99,1052.74
2018,Patagonia,60-69,Mujer,141,47,91170.49,2104350.44,23.08,1084.83
2018,Patagonia,60-69,Varón,235,78.33,85071.86,1602958.12,18.84,1475.99
2018,Patagonia,70-79,Mujer,228,76,81312.24,1237614.92,15.22,1156.76
2018,Patagonia,70-79,Varón,306,102,68546.21,827772.32,12.08,1231.76
2018,Patagonia,80+,Mujer,306,102,61218.22,517455,8.45,862.17
2018,Patagonia,80+,Varón,231,77,40745.57,276362.57,6.78,522.26
