anio_enfr,prov_id,prov_nombre,grupo_edad_10,sexo,defun_n,defun_mean,lx,Tx,ex,AVP
2005,2,CABA,20 a 29,Mujer,0,0,98676.96,5721835.44,57.98,0
2005,2,CABA,20 a 29,Varón,1,0.17,97988.53,5129326.1,52.34,8.72
2005,2,CABA,30 a 39,Mujer,3,0.5,98073.65,4737959.6,48.31,24.15
2005,2,CABA,30 a 39,Varón,5,0.83,96648.18,4156118.88,42.99,35.83
2005,2,CABA,40 a 49,Mujer,6,1,96966.42,3762283.1,38.79,38.79
2005,2,CABA,40 a 49,Varón,7,1.17,94807.19,3198267.55,33.72,39.34
2005,2,CABA,50 a 59,Mujer,25,4.17,94611.04,2803255.32,29.61,123.37
2005,2,CABA,50 a 59,Varón,47,7.83,91004.18,2267126.11,24.88,194.89
2005,2,CABA,60 a 69,Mujer,62,10.33,89138.12,1881505.15,21.06,217.64
2005,2,CABA,60 a 69,Varón,92,15.33,81649.99,1398833.14,17.06,261.54
2005,2,CABA,70 a 79,Mujer,149,24.83,77039.5,1045016.18,13.47,334.44
2005,2,CABA,70 a 79,Varón,171,28.5,62091.13,672544.48,10.69,304.58
2005,2,CABA,80+,Mujer,304,101.33,61218.22,517455,8.45,856.53
2005,2,CABA,80+,Varón,149,49.67,40745.57,276362.57,6.78,336.87
2005,6,Buenos Aires,20 a 29,Mujer,27,4.5,98676.96,5721835.44,57.98,260.92
2005,6,Buenos Aires,20 a 29,Varón,18,3,97988.53,5129326.1,52.34,157.01
2005,6,Buenos Aires,30 a 39,Mujer,27,4.5,98073.65,4737959.6,48.31,217.38
2005,6,Buenos Aires,30 a 39,Varón,34,5.67,96648.18,4156118.88,42.99,243.63
2005,6,Buenos Aires,40 a 49,Mujer,91,15.17,96966.42,3762283.1,38.79,588.33
2005,6,Buenos Aires,40 a 49,Varón,136,22.67,94807.19,3198267.55,33.72,764.33
2005,6,Buenos Aires,50 a 59,Mujer,271,45.17,94611.04,2803255.32,29.61,1337.37
2005,6,Buenos Aires,50 a 59,Varón,460,76.67,91004.18,2267126.11,24.88,1907.43
2005,6,Buenos Aires,60 a 69,Mujer,756,126,89138.12,1881505.15,21.06,2653.77
2005,6,Buenos Aires,60 a 69,Varón,1051,175.17,81649.99,1398833.14,17.06,2987.86
2005,6,Buenos Aires,70 a 79,Mujer,1301,216.83,77039.5,1045016.18,13.47,2920.19
2005,6,Buenos Aires,70 a 79,Varón,1551,258.5,62091.13,672544.48,10.69,2762.63
2005,6,Buenos Aires,80+,Mujer,1518,506,61218.22,517455,8.45,4277.03
2005,6,Buenos Aires,80+,Varón,944,314.67,40745.57,276362.57,6.78,2134.27
2005,10,Catamarca,20 a 29,Mujer,2,0.33,98676.96,5721835.44,57.98,19.33
2005,10,Catamarca,20 a 29,Varón,0,0,97988.53,5129326.1,52.34,0
2005,10,Catamarca,30 a 39,Mujer,2,0.33,98073.65,4737959.6,48.31,16.1
2005,10,Catamarca,30 a 39,Varón,1,0.17,96648.18,4156118.88,42.99,7.17
2005,10,Catamarca,40 a 49,Mujer,4,0.67,96966.42,3762283.1,38.79,25.86
2005,10,Catamarca,40 a 49,Varón,5,0.83,94807.19,3198267.55,33.72,28.1
2005,10,Catamarca,50 a 59,Mujer,21,3.5,94611.04,2803255.32,29.61,103.63
2005,10,Catamarca,50 a 59,Varón,22,3.67,91004.18,2267126.11,24.88,91.22
2005,10,Catamarca,60 a 69,Mujer,20,3.33,89138.12,1881505.15,21.06,70.21
2005,10,Catamarca,60 a 69,Varón,25,4.17,81649.99,1398833.14,17.06,71.07
2005,10,Catamarca,70 a 79,Mujer,39,6.5,77039.5,1045016.18,13.47,87.54
2005,10,Catamarca,70 a 79,Varón,42,7,62091.13,672544.48,10.69,74.81
2005,10,Catamarca,80+,Mujer,33,11,61218.22,517455,8.45,92.98
2005,10,Catamarca,80+,Varón,32,10.67,40745.57,276362.57,6.78,72.35
2005,14,Córdoba,20 a 29,Mujer,6,1,98676.96,5721835.44,57.98,57.98
2005,14,Córdoba,20 a 29,Varón,3,0.5,97988.53,5129326.1,52.34,26.17
2005,14,Córdoba,30 a 39,Mujer,12,2,98073.65,4737959.6,48.31,96.61
2005,14,Córdoba,30 a 39,Varón,9,1.5,96648.18,4156118.88,42.99,64.49
2005,14,Córdoba,40 a 49,Mujer,25,4.17,96966.42,3762283.1,38.79,161.63
2005,14,Córdoba,40 a 49,Varón,40,6.67,94807.19,3198267.55,33.72,224.8
2005,14,Córdoba,50 a 59,Mujer,118,19.67,94611.04,2803255.32,29.61,582.32
2005,14,Córdoba,50 a 59,Varón,214,35.67,91004.18,2267126.11,24.88,887.37
2005,14,Córdoba,60 a 69,Mujer,312,52,89138.12,1881505.15,21.06,1095.21
2005,14,Córdoba,60 a 69,Varón,442,73.67,81649.99,1398833.14,17.06,1256.55
2005,14,Córdoba,70 a 79,Mujer,475,79.17,77039.5,1045016.18,13.47,1066.17
2005,14,Córdoba,70 a 79,Varón,594,99,62091.13,672544.48,10.69,1058.03
2005,14,Córdoba,80+,Mujer,561,187,61218.22,517455,8.45,1580.64
2005,14,Córdoba,80+,Varón,308,102.67,40745.57,276362.57,6.78,696.35
2005,18,Corrientes,20 a 29,Mujer,1,0.17,98676.96,5721835.44,57.98,9.66
2005,18,Corrientes,20 a 29,Varón,2,0.33,97988.53,5129326.1,52.34,17.45
2005,18,Corrientes,30 a 39,Mujer,3,0.5,98073.65,4737959.6,48.31,24.15
2005,18,Corrientes,30 a 39,Varón,0,0,96648.18,4156118.88,42.99,0
2005,18,Corrientes,40 a 49,Mujer,8,1.33,96966.42,3762283.1,38.79,51.72
2005,18,Corrientes,40 a 49,Varón,13,2.17,94807.19,3198267.55,33.72,73.06
2005,18,Corrientes,50 a 59,Mujer,27,4.5,94611.04,2803255.32,29.61,133.24
2005,18,Corrientes,50 a 59,Varón,40,6.67,91004.18,2267126.11,24.88,165.86
2005,18,Corrientes,60 a 69,Mujer,64,10.67,89138.12,1881505.15,21.06,224.66
2005,18,Corrientes,60 a 69,Varón,89,14.83,81649.99,1398833.14,17.06,253.02
2005,18,Corrientes,70 a 79,Mujer,100,16.67,77039.5,1045016.18,13.47,224.46
2005,18,Corrientes,70 a 79,Varón,99,16.5,62091.13,672544.48,10.69,176.34
2005,18,Corrientes,80+,Mujer,80,26.67,61218.22,517455,8.45,225.4
2005,18,Corrientes,80+,Varón,43,14.33,40745.57,276362.57,6.78,97.22
2005,22,Chaco,20 a 29,Mujer,2,0.33,98676.96,5721835.44,57.98,19.33
2005,22,Chaco,20 a 29,Varón,0,0,97988.53,5129326.1,52.34,0
2005,22,Chaco,30 a 39,Mujer,3,0.5,98073.65,4737959.6,48.31,24.15
2005,22,Chaco,30 a 39,Varón,3,0.5,96648.18,4156118.88,42.99,21.5
2005,22,Chaco,40 a 49,Mujer,11,1.83,96966.42,3762283.1,38.79,71.12
2005,22,Chaco,40 a 49,Varón,8,1.33,94807.19,3198267.55,33.72,44.96
2005,22,Chaco,50 a 59,Mujer,32,5.33,94611.04,2803255.32,29.61,157.92
2005,22,Chaco,50 a 59,Varón,60,10,91004.18,2267126.11,24.88,248.8
2005,22,Chaco,60 a 69,Mujer,81,13.5,89138.12,1881505.15,21.06,284.33
2005,22,Chaco,60 a 69,Varón,72,12,81649.99,1398833.14,17.06,204.69
2005,22,Chaco,70 a 79,Mujer,107,17.83,77039.5,1045016.18,13.47,240.17
2005,22,Chaco,70 a 79,Varón,96,16,62091.13,672544.48,10.69,170.99
2005,22,Chaco,80+,Mujer,83,27.67,61218.22,517455,8.45,233.86
2005,22,Chaco,80+,Varón,44,14.67,40745.57,276362.57,6.78,99.48
2005,26,Chubut,20 a 29,Mujer,1,0.17,98676.96,5721835.44,57.98,9.66
2005,26,Chubut,20 a 29,Varón,0,0,97988.53,5129326.1,52.34,0
2005,26,Chubut,30 a 39,Mujer,3,0.5,98073.65,4737959.6,48.31,24.15
2005,26,Chubut,30 a 39,Varón,2,0.33,96648.18,4156118.88,42.99,14.33
2005,26,Chubut,40 a 49,Mujer,1,0.17,96966.42,3762283.1,38.79,6.47
2005,26,Chubut,40 a 49,Varón,3,0.5,94807.19,3198267.55,33.72,16.86
2005,26,Chubut,50 a 59,Mujer,8,1.33,94611.04,2803255.32,29.61,39.48
2005,26,Chubut,50 a 59,Varón,18,3,91004.18,2267126.11,24.88,74.64
2005,26,Chubut,60 a 69,Mujer,22,3.67,89138.12,1881505.15,21.06,77.23
2005,26,Chubut,60 a 69,Varón,33,5.5,81649.99,1398833.14,17.06,93.81
2005,26,Chubut,70 a 79,Mujer,21,3.5,77039.5,1045016.18,13.47,47.14
2005,26,Chubut,70 a 79,Varón,42,7,62091.13,672544.48,10.69,74.81
2005,26,Chubut,80+,Mujer,28,9.33,61218.22,517455,8.45,78.89
2005,26,Chubut,80+,Varón,16,5.33,40745.57,276362.57,6.78,36.17
2005,30,Entre Ríos,20 a 29,Mujer,0,0,98676.96,5721835.44,57.98,0
2005,30,Entre Ríos,20 a 29,Varón,1,0.17,97988.53,5129326.1,52.34,8.72
2005,30,Entre Ríos,30 a 39,Mujer,7,1.17,98073.65,4737959.6,48.31,56.36
2005,30,Entre Ríos,30 a 39,Varón,0,0,96648.18,4156118.88,42.99,0
2005,30,Entre Ríos,40 a 49,Mujer,10,1.67,96966.42,3762283.1,38.79,64.65
2005,30,Entre Ríos,40 a 49,Varón,13,2.17,94807.19,3198267.55,33.72,73.06
2005,30,Entre Ríos,50 a 59,Mujer,42,7,94611.04,2803255.32,29.61,207.27
2005,30,Entre Ríos,50 a 59,Varón,55,9.17,91004.18,2267126.11,24.88,228.06
2005,30,Entre Ríos,60 a 69,Mujer,95,15.83,89138.12,1881505.15,21.06,333.48
2005,30,Entre Ríos,60 a 69,Varón,137,22.83,81649.99,1398833.14,17.06,389.47
2005,30,Entre Ríos,70 a 79,Mujer,145,24.17,77039.5,1045016.18,13.47,325.46
2005,30,Entre Ríos,70 a 79,Varón,163,27.17,62091.13,672544.48,10.69,290.33
2005,30,Entre Ríos,80+,Mujer,170,56.67,61218.22,517455,8.45,478.98
2005,30,Entre Ríos,80+,Varón,92,30.67,40745.57,276362.57,6.78,208
2005,34,Formosa,20 a 29,Mujer,1,0.17,98676.96,5721835.44,57.98,9.66
2005,34,Formosa,20 a 29,Varón,0,0,97988.53,5129326.1,52.34,0
2005,34,Formosa,30 a 39,Mujer,2,0.33,98073.65,4737959.6,48.31,16.1
2005,34,Formosa,30 a 39,Varón,3,0.5,96648.18,4156118.88,42.99,21.5
2005,34,Formosa,40 a 49,Mujer,9,1.5,96966.42,3762283.1,38.79,58.19
2005,34,Formosa,40 a 49,Varón,2,0.33,94807.19,3198267.55,33.72,11.24
2005,34,Formosa,50 a 59,Mujer,33,5.5,94611.04,2803255.32,29.61,162.85
2005,34,Formosa,50 a 59,Varón,39,6.5,91004.18,2267126.11,24.88,161.72
2005,34,Formosa,60 a 69,Mujer,51,8.5,89138.12,1881505.15,21.06,179.02
2005,34,Formosa,60 a 69,Varón,54,9,81649.99,1398833.14,17.06,153.52
2005,34,Formosa,70 a 79,Mujer,81,13.5,77039.5,1045016.18,13.47,181.81
2005,34,Formosa,70 a 79,Varón,59,9.83,62091.13,672544.48,10.69,105.09
2005,34,Formosa,80+,Mujer,46,15.33,61218.22,517455,8.45,129.61
2005,34,Formosa,80+,Varón,23,7.67,40745.57,276362.57,6.78,52
2005,38,Jujuy,20 a 29,Mujer,1,0.17,98676.96,5721835.44,57.98,9.66
2005,38,Jujuy,20 a 29,Varón,1,0.17,97988.53,5129326.1,52.34,8.72
2005,38,Jujuy,30 a 39,Mujer,0,0,98073.65,4737959.6,48.31,0
2005,38,Jujuy,30 a 39,Varón,0,0,96648.18,4156118.88,42.99,0
2005,38,Jujuy,40 a 49,Mujer,2,0.33,96966.42,3762283.1,38.79,12.93
2005,38,Jujuy,40 a 49,Varón,10,1.67,94807.19,3198267.55,33.72,56.2
2005,38,Jujuy,50 a 59,Mujer,15,2.5,94611.04,2803255.32,29.61,74.02
2005,38,Jujuy,50 a 59,Varón,17,2.83,91004.18,2267126.11,24.88,70.49
2005,38,Jujuy,60 a 69,Mujer,39,6.5,89138.12,1881505.15,21.06,136.9
2005,38,Jujuy,60 a 69,Varón,42,7,81649.99,1398833.14,17.06,119.4
2005,38,Jujuy,70 a 79,Mujer,51,8.5,77039.5,1045016.18,13.47,114.47
2005,38,Jujuy,70 a 79,Varón,34,5.67,62091.13,672544.48,10.69,60.56
2005,38,Jujuy,80+,Mujer,28,9.33,61218.22,517455,8.45,78.89
2005,38,Jujuy,80+,Varón,20,6.67,40745.57,276362.57,6.78,45.22
2005,42,La Pampa,20 a 29,Mujer,1,0.17,98676.96,5721835.44,57.98,9.66
2005,42,La Pampa,20 a 29,Varón,0,0,97988.53,5129326.1,52.34,0
2005,42,La Pampa,30 a 39,Mujer,0,0,98073.65,4737959.6,48.31,0
2005,42,La Pampa,30 a 39,Varón,0,0,96648.18,4156118.88,42.99,0
2005,42,La Pampa,40 a 49,Mujer,3,0.5,96966.42,3762283.1,38.79,19.4
2005,42,La Pampa,40 a 49,Varón,1,0.17,94807.19,3198267.55,33.72,5.62
2005,42,La Pampa,50 a 59,Mujer,7,1.17,94611.04,2803255.32,29.61,34.54
2005,42,La Pampa,50 a 59,Varón,9,1.5,91004.18,2267126.11,24.88,37.32
2005,42,La Pampa,60 a 69,Mujer,12,2,89138.12,1881505.15,21.06,42.12
2005,42,La Pampa,60 a 69,Varón,20,3.33,81649.99,1398833.14,17.06,56.86
2005,42,La Pampa,70 a 79,Mujer,17,2.83,77039.5,1045016.18,13.47,38.16
2005,42,La Pampa,70 a 79,Varón,30,5,62091.13,672544.48,10.69,53.44
2005,42,La Pampa,80+,Mujer,45,15,61218.22,517455,8.45,126.79
2005,42,La Pampa,80+,Varón,22,7.33,40745.57,276362.57,6.78,49.74
2005,46,La Rioja,20 a 29,Mujer,0,0,98676.96,5721835.44,57.98,0
2005,46,La Rioja,20 a 29,Varón,0,0,97988.53,5129326.1,52.34,0
2005,46,La Rioja,30 a 39,Mujer,1,0.17,98073.65,4737959.6,48.31,8.05
2005,46,La Rioja,30 a 39,Varón,1,0.17,96648.18,4156118.88,42.99,7.17
2005,46,La Rioja,40 a 49,Mujer,5,0.83,96966.42,3762283.1,38.79,32.33
2005,46,La Rioja,40 a 49,Varón,3,0.5,94807.19,3198267.55,33.72,16.86
2005,46,La Rioja,50 a 59,Mujer,11,1.83,94611.04,2803255.32,29.61,54.28
2005,46,La Rioja,50 a 59,Varón,20,3.33,91004.18,2267126.11,24.88,82.93
2005,46,La Rioja,60 a 69,Mujer,20,3.33,89138.12,1881505.15,21.06,70.21
2005,46,La Rioja,60 a 69,Varón,26,4.33,81649.99,1398833.14,17.06,73.91
2005,46,La Rioja,70 a 79,Mujer,23,3.83,77039.5,1045016.18,13.47,51.63
2005,46,La Rioja,70 a 79,Varón,20,3.33,62091.13,672544.48,10.69,35.62
2005,46,La Rioja,80+,Mujer,21,7,61218.22,517455,8.45,59.17
2005,46,La Rioja,80+,Varón,13,4.33,40745.57,276362.57,6.78,29.39
2005,50,Mendoza,20 a 29,Mujer,3,0.5,98676.96,5721835.44,57.98,28.99
2005,50,Mendoza,20 a 29,Varón,2,0.33,97988.53,5129326.1,52.34,17.45
2005,50,Mendoza,30 a 39,Mujer,3,0.5,98073.65,4737959.6,48.31,24.15
2005,50,Mendoza,30 a 39,Varón,6,1,96648.18,4156118.88,42.99,42.99
2005,50,Mendoza,40 a 49,Mujer,21,3.5,96966.42,3762283.1,38.79,135.77
2005,50,Mendoza,40 a 49,Varón,26,4.33,94807.19,3198267.55,33.72,146.12
2005,50,Mendoza,50 a 59,Mujer,91,15.17,94611.04,2803255.32,29.61,449.08
2005,50,Mendoza,50 a 59,Varón,135,22.5,91004.18,2267126.11,24.88,559.79
2005,50,Mendoza,60 a 69,Mujer,236,39.33,89138.12,1881505.15,21.06,828.43
2005,50,Mendoza,60 a 69,Varón,336,56,81649.99,1398833.14,17.06,955.21
2005,50,Mendoza,70 a 79,Mujer,367,61.17,77039.5,1045016.18,13.47,823.76
2005,50,Mendoza,70 a 79,Varón,374,62.33,62091.13,672544.48,10.69,666.17
2005,50,Mendoza,80+,Mujer,247,82.33,61218.22,517455,8.45,695.93
2005,50,Mendoza,80+,Varón,146,48.67,40745.57,276362.57,6.78,330.09
2005,54,Misiones,20 a 29,Mujer,2,0.33,98676.96,5721835.44,57.98,19.33
2005,54,Misiones,20 a 29,Varón,2,0.33,97988.53,5129326.1,52.34,17.45
2005,54,Misiones,30 a 39,Mujer,2,0.33,98073.65,4737959.6,48.31,16.1
2005,54,Misiones,30 a 39,Varón,4,0.67,96648.18,4156118.88,42.99,28.66
2005,54,Misiones,40 a 49,Mujer,17,2.83,96966.42,3762283.1,38.79,109.91
2005,54,Misiones,40 a 49,Varón,12,2,94807.19,3198267.55,33.72,67.44
2005,54,Misiones,50 a 59,Mujer,48,8,94611.04,2803255.32,29.61,236.88
2005,54,Misiones,50 a 59,Varón,46,7.67,91004.18,2267126.11,24.88,190.74
2005,54,Misiones,60 a 69,Mujer,84,14,89138.12,1881505.15,21.06,294.86
2005,54,Misiones,60 a 69,Varón,85,14.17,81649.99,1398833.14,17.06,241.64
2005,54,Misiones,70 a 79,Mujer,122,20.33,77039.5,1045016.18,13.47,273.84
2005,54,Misiones,70 a 79,Varón,108,18,62091.13,672544.48,10.69,192.37
2005,54,Misiones,80+,Mujer,82,27.33,61218.22,517455,8.45,231.04
2005,54,Misiones,80+,Varón,54,18,40745.57,276362.57,6.78,122.09
2005,58,Neuquén,20 a 29,Mujer,0,0,98676.96,5721835.44,57.98,0
2005,58,Neuquén,20 a 29,Varón,0,0,97988.53,5129326.1,52.34,0
2005,58,Neuquén,30 a 39,Mujer,1,0.17,98073.65,4737959.6,48.31,8.05
2005,58,Neuquén,30 a 39,Varón,1,0.17,96648.18,4156118.88,42.99,7.17
2005,58,Neuquén,40 a 49,Mujer,4,0.67,96966.42,3762283.1,38.79,25.86
2005,58,Neuquén,40 a 49,Varón,11,1.83,94807.19,3198267.55,33.72,61.82
2005,58,Neuquén,50 a 59,Mujer,27,4.5,94611.04,2803255.32,29.61,133.24
2005,58,Neuquén,50 a 59,Varón,31,5.17,91004.18,2267126.11,24.88,128.54
2005,58,Neuquén,60 a 69,Mujer,37,6.17,89138.12,1881505.15,21.06,129.88
2005,58,Neuquén,60 a 69,Varón,66,11,81649.99,1398833.14,17.06,187.63
2005,58,Neuquén,70 a 79,Mujer,59,9.83,77039.5,1045016.18,13.47,132.43
2005,58,Neuquén,70 a 79,Varón,82,13.67,62091.13,672544.48,10.69,146.06
2005,58,Neuquén,80+,Mujer,67,22.33,61218.22,517455,8.45,188.78
2005,58,Neuquén,80+,Varón,42,14,40745.57,276362.57,6.78,94.96
2005,62,Río Negro,20 a 29,Mujer,1,0.17,98676.96,5721835.44,57.98,9.66
2005,62,Río Negro,20 a 29,Varón,0,0,97988.53,5129326.1,52.34,0
2005,62,Río Negro,30 a 39,Mujer,1,0.17,98073.65,4737959.6,48.31,8.05
2005,62,Río Negro,30 a 39,Varón,0,0,96648.18,4156118.88,42.99,0
2005,62,Río Negro,40 a 49,Mujer,6,1,96966.42,3762283.1,38.79,38.79
2005,62,Río Negro,40 a 49,Varón,2,0.33,94807.19,3198267.55,33.72,11.24
2005,62,Río Negro,50 a 59,Mujer,5,0.83,94611.04,2803255.32,29.61,24.67
2005,62,Río Negro,50 a 59,Varón,15,2.5,91004.18,2267126.11,24.88,62.2
2005,62,Río Negro,60 a 69,Mujer,22,3.67,89138.12,1881505.15,21.06,77.23
2005,62,Río Negro,60 a 69,Varón,36,6,81649.99,1398833.14,17.06,102.34
2005,62,Río Negro,70 a 79,Mujer,50,8.33,77039.5,1045016.18,13.47,112.23
2005,62,Río Negro,70 a 79,Varón,58,9.67,62091.13,672544.48,10.69,103.31
2005,62,Río Negro,80+,Mujer,41,13.67,61218.22,517455,8.45,115.52
2005,62,Río Negro,80+,Varón,24,8,40745.57,276362.57,6.78,54.26
2005,66,Salta,20 a 29,Mujer,4,0.67,98676.96,5721835.44,57.98,38.65
2005,66,Salta,20 a 29,Varón,1,0.17,97988.53,5129326.1,52.34,8.72
2005,66,Salta,30 a 39,Mujer,0,0,98073.65,4737959.6,48.31,0
2005,66,Salta,30 a 39,Varón,4,0.67,96648.18,4156118.88,42.99,28.66
2005,66,Salta,40 a 49,Mujer,3,0.5,96966.42,3762283.1,38.79,19.4
2005,66,Salta,40 a 49,Varón,13,2.17,94807.19,3198267.55,33.72,73.06
2005,66,Salta,50 a 59,Mujer,18,3,94611.04,2803255.32,29.61,88.83
2005,66,Salta,50 a 59,Varón,32,5.33,91004.18,2267126.11,24.88,132.69
2005,66,Salta,60 a 69,Mujer,41,6.83,89138.12,1881505.15,21.06,143.92
2005,66,Salta,60 a 69,Varón,47,7.83,81649.99,1398833.14,17.06,133.62
2005,66,Salta,70 a 79,Mujer,49,8.17,77039.5,1045016.18,13.47,109.98
2005,66,Salta,70 a 79,Varón,46,7.67,62091.13,672544.48,10.69,81.93
2005,66,Salta,80+,Mujer,52,17.33,61218.22,517455,8.45,146.51
2005,66,Salta,80+,Varón,35,11.67,40745.57,276362.57,6.78,79.13
2005,70,San Juan,20 a 29,Mujer,2,0.33,98676.96,5721835.44,57.98,19.33
2005,70,San Juan,20 a 29,Varón,3,0.5,97988.53,5129326.1,52.34,26.17
2005,70,San Juan,30 a 39,Mujer,3,0.5,98073.65,4737959.6,48.31,24.15
2005,70,San Juan,30 a 39,Varón,3,0.5,96648.18,4156118.88,42.99,21.5
2005,70,San Juan,40 a 49,Mujer,10,1.67,96966.42,3762283.1,38.79,64.65
2005,70,San Juan,40 a 49,Varón,11,1.83,94807.19,3198267.55,33.72,61.82
2005,70,San Juan,50 a 59,Mujer,47,7.83,94611.04,2803255.32,29.61,231.94
2005,70,San Juan,50 a 59,Varón,58,9.67,91004.18,2267126.11,24.88,240.5
2005,70,San Juan,60 a 69,Mujer,109,18.17,89138.12,1881505.15,21.06,382.62
2005,70,San Juan,60 a 69,Varón,127,21.17,81649.99,1398833.14,17.06,361.05
2005,70,San Juan,70 a 79,Mujer,181,30.17,77039.5,1045016.18,13.47,406.27
2005,70,San Juan,70 a 79,Varón,164,27.33,62091.13,672544.48,10.69,292.12
2005,70,San Juan,80+,Mujer,123,41,61218.22,517455,8.45,346.56
2005,70,San Juan,80+,Varón,87,29,40745.57,276362.57,6.78,196.7
2005,74,San Luis,20 a 29,Mujer,1,0.17,98676.96,5721835.44,57.98,9.66
2005,74,San Luis,20 a 29,Varón,0,0,97988.53,5129326.1,52.34,0
2005,74,San Luis,30 a 39,Mujer,1,0.17,98073.65,4737959.6,48.31,8.05
2005,74,San Luis,30 a 39,Varón,5,0.83,96648.18,4156118.88,42.99,35.83
2005,74,San Luis,40 a 49,Mujer,5,0.83,96966.42,3762283.1,38.79,32.33
2005,74,San Luis,40 a 49,Varón,8,1.33,94807.19,3198267.55,33.72,44.96
2005,74,San Luis,50 a 59,Mujer,17,2.83,94611.04,2803255.32,29.61,83.89
2005,74,San Luis,50 a 59,Varón,33,5.5,91004.18,2267126.11,24.88,136.84
2005,74,San Luis,60 a 69,Mujer,29,4.83,89138.12,1881505.15,21.06,101.8
2005,74,San Luis,60 a 69,Varón,47,7.83,81649.99,1398833.14,17.06,133.62
2005,74,San Luis,70 a 79,Mujer,63,10.5,77039.5,1045016.18,13.47,141.41
2005,74,San Luis,70 a 79,Varón,60,10,62091.13,672544.48,10.69,106.87
2005,74,San Luis,80+,Mujer,47,15.67,61218.22,517455,8.45,132.42
2005,74,San Luis,80+,Varón,36,12,40745.57,276362.57,6.78,81.39
2005,78,Santa Cruz,20 a 29,Mujer,1,0.17,98676.96,5721835.44,57.98,9.66
2005,78,Santa Cruz,20 a 29,Varón,0,0,97988.53,5129326.1,52.34,0
2005,78,Santa Cruz,30 a 39,Mujer,0,0,98073.65,4737959.6,48.31,0
2005,78,Santa Cruz,30 a 39,Varón,2,0.33,96648.18,4156118.88,42.99,14.33
2005,78,Santa Cruz,40 a 49,Mujer,2,0.33,96966.42,3762283.1,38.79,12.93
2005,78,Santa Cruz,40 a 49,Varón,1,0.17,94807.19,3198267.55,33.72,5.62
2005,78,Santa Cruz,50 a 59,Mujer,6,1,94611.04,2803255.32,29.61,29.61
2005,78,Santa Cruz,50 a 59,Varón,6,1,91004.18,2267126.11,24.88,24.88
2005,78,Santa Cruz,60 a 69,Mujer,12,2,89138.12,1881505.15,21.06,42.12
2005,78,Santa Cruz,60 a 69,Varón,22,3.67,81649.99,1398833.14,17.06,62.54
2005,78,Santa Cruz,70 a 79,Mujer,21,3.5,77039.5,1045016.18,13.47,47.14
2005,78,Santa Cruz,70 a 79,Varón,17,2.83,62091.13,672544.48,10.69,30.28
2005,78,Santa Cruz,80+,Mujer,13,4.33,61218.22,517455,8.45,36.63
2005,78,Santa Cruz,80+,Varón,11,3.67,40745.57,276362.57,6.78,24.87
2005,82,Santa Fe,20 a 29,Mujer,4,0.67,98676.96,5721835.44,57.98,38.65
2005,82,Santa Fe,20 a 29,Varón,3,0.5,97988.53,5129326.1,52.34,26.17
2005,82,Santa Fe,30 a 39,Mujer,8,1.33,98073.65,4737959.6,48.31,64.41
2005,82,Santa Fe,30 a 39,Varón,12,2,96648.18,4156118.88,42.99,85.99
2005,82,Santa Fe,40 a 49,Mujer,31,5.17,96966.42,3762283.1,38.79,200.42
2005,82,Santa Fe,40 a 49,Varón,54,9,94807.19,3198267.55,33.72,303.48
2005,82,Santa Fe,50 a 59,Mujer,118,19.67,94611.04,2803255.32,29.61,582.32
2005,82,Santa Fe,50 a 59,Varón,225,37.5,91004.18,2267126.11,24.88,932.98
2005,82,Santa Fe,60 a 69,Mujer,324,54,89138.12,1881505.15,21.06,1137.33
2005,82,Santa Fe,60 a 69,Varón,522,87,81649.99,1398833.14,17.06,1483.98
2005,82,Santa Fe,70 a 79,Mujer,600,100,77039.5,1045016.18,13.47,1346.75
2005,82,Santa Fe,70 a 79,Varón,690,115,62091.13,672544.48,10.69,1229.02
2005,82,Santa Fe,80+,Mujer,706,235.33,61218.22,517455,8.45,1989.19
2005,82,Santa Fe,80+,Varón,452,150.67,40745.57,276362.57,6.78,1021.92
2005,86,Santiago del Estero,20 a 29,Mujer,1,0.17,98676.96,5721835.44,57.98,9.66
2005,86,Santiago del Estero,20 a 29,Varón,0,0,97988.53,5129326.1,52.34,0
2005,86,Santiago del Estero,30 a 39,Mujer,1,0.17,98073.65,4737959.6,48.31,8.05
2005,86,Santiago del Estero,30 a 39,Varón,2,0.33,96648.18,4156118.88,42.99,14.33
2005,86,Santiago del Estero,40 a 49,Mujer,9,1.5,96966.42,3762283.1,38.79,58.19
2005,86,Santiago del Estero,40 a 49,Varón,11,1.83,94807.19,3198267.55,33.72,61.82
2005,86,Santiago del Estero,50 a 59,Mujer,28,4.67,94611.04,2803255.32,29.61,138.18
2005,86,Santiago del Estero,50 a 59,Varón,48,8,91004.18,2267126.11,24.88,199.04
2005,86,Santiago del Estero,60 a 69,Mujer,66,11,89138.12,1881505.15,21.06,231.68
2005,86,Santiago del Estero,60 a 69,Varón,65,10.83,81649.99,1398833.14,17.06,184.79
2005,86,Santiago del Estero,70 a 79,Mujer,83,13.83,77039.5,1045016.18,13.47,186.3
2005,86,Santiago del Estero,70 a 79,Varón,74,12.33,62091.13,672544.48,10.69,131.81
2005,86,Santiago del Estero,80+,Mujer,72,24,61218.22,517455,8.45,202.86
2005,86,Santiago del Estero,80+,Varón,38,12.67,40745.57,276362.57,6.78,85.91
2005,90,Tucumán,20 a 29,Mujer,7,1.17,98676.96,5721835.44,57.98,67.65
2005,90,Tucumán,20 a 29,Varón,6,1,97988.53,5129326.1,52.34,52.34
2005,90,Tucumán,30 a 39,Mujer,4,0.67,98073.65,4737959.6,48.31,32.2
2005,90,Tucumán,30 a 39,Varón,6,1,96648.18,4156118.88,42.99,42.99
2005,90,Tucumán,40 a 49,Mujer,17,2.83,96966.42,3762283.1,38.79,109.91
2005,90,Tucumán,40 a 49,Varón,14,2.33,94807.19,3198267.55,33.72,78.68
2005,90,Tucumán,50 a 59,Mujer,58,9.67,94611.04,2803255.32,29.61,286.23
2005,90,Tucumán,50 a 59,Varón,96,16,91004.18,2267126.11,24.88,398.07
2005,90,Tucumán,60 a 69,Mujer,136,22.67,89138.12,1881505.15,21.06,477.4
2005,90,Tucumán,60 a 69,Varón,158,26.33,81649.99,1398833.14,17.06,449.17
2005,90,Tucumán,70 a 79,Mujer,188,31.33,77039.5,1045016.18,13.47,421.98
2005,90,Tucumán,70 a 79,Varón,196,32.67,62091.13,672544.48,10.69,349.11
2005,90,Tucumán,80+,Mujer,152,50.67,61218.22,517455,8.45,428.27
2005,90,Tucumán,80+,Varón,88,29.33,40745.57,276362.57,6.78,198.96
2005,94,Tierra del Fuego,20 a 29,Mujer,0,0,98676.96,5721835.44,57.98,0
2005,94,Tierra del Fuego,20 a 29,Varón,0,0,97988.53,5129326.1,52.34,0
2005,94,Tierra del Fuego,30 a 39,Mujer,0,0,98073.65,4737959.6,48.31,0
2005,94,Tierra del Fuego,30 a 39,Varón,1,0.17,96648.18,4156118.88,42.99,7.17
2005,94,Tierra del Fuego,40 a 49,Mujer,1,0.17,96966.42,3762283.1,38.79,6.47
2005,94,Tierra del Fuego,40 a 49,Varón,1,0.17,94807.19,3198267.55,33.72,5.62
2005,94,Tierra del Fuego,50 a 59,Mujer,2,0.33,94611.04,2803255.32,29.61,9.87
2005,94,Tierra del Fuego,50 a 59,Varón,4,0.67,91004.18,2267126.11,24.88,16.59
2005,94,Tierra del Fuego,60 a 69,Mujer,3,0.5,89138.12,1881505.15,21.06,10.53
2005,94,Tierra del Fuego,60 a 69,Varón,2,0.33,81649.99,1398833.14,17.06,5.69
2005,94,Tierra del Fuego,70 a 79,Mujer,9,1.5,77039.5,1045016.18,13.47,20.2
2005,94,Tierra del Fuego,70 a 79,Varón,7,1.17,62091.13,672544.48,10.69,12.47
2005,94,Tierra del Fuego,80+,Mujer,4,1.33,61218.22,517455,8.45,11.27
2005,94,Tierra del Fuego,80+,Varón,2,0.67,40745.57,276362.57,6.78,4.52
2009,2,CABA,20 a 29,Mujer,2,0.33,98676.96,5721835.44,57.98,19.33
2009,2,CABA,20 a 29,Varón,2,0.33,97988.53,5129326.1,52.34,17.45
2009,2,CABA,30 a 39,Mujer,7,1.17,98073.65,4737959.6,48.31,56.36
2009,2,CABA,30 a 39,Varón,6,1,96648.18,4156118.88,42.99,42.99
2009,2,CABA,40 a 49,Mujer,7,1.17,96966.42,3762283.1,38.79,45.26
2009,2,CABA,40 a 49,Varón,10,1.67,94807.19,3198267.55,33.72,56.2
2009,2,CABA,50 a 59,Mujer,19,3.17,94611.04,2803255.32,29.61,93.76
2009,2,CABA,50 a 59,Varón,34,5.67,91004.18,2267126.11,24.88,140.98
2009,2,CABA,60 a 69,Mujer,65,10.83,89138.12,1881505.15,21.06,228.17
2009,2,CABA,60 a 69,Varón,78,13,81649.99,1398833.14,17.06,221.74
2009,2,CABA,70 a 79,Mujer,120,20,77039.5,1045016.18,13.47,269.35
2009,2,CABA,70 a 79,Varón,139,23.17,62091.13,672544.48,10.69,247.59
2009,2,CABA,80+,Mujer,247,82.33,61218.22,517455,8.45,695.93
2009,2,CABA,80+,Varón,163,54.33,40745.57,276362.57,6.78,368.52
2009,6,Buenos Aires,20 a 29,Mujer,20,3.33,98676.96,5721835.44,57.98,193.27
2009,6,Buenos Aires,20 a 29,Varón,21,3.5,97988.53,5129326.1,52.34,183.18
2009,6,Buenos Aires,30 a 39,Mujer,45,7.5,98073.65,4737959.6,48.31,362.29
2009,6,Buenos Aires,30 a 39,Varón,49,8.17,96648.18,4156118.88,42.99,351.12
2009,6,Buenos Aires,40 a 49,Mujer,86,14.33,96966.42,3762283.1,38.79,556
2009,6,Buenos Aires,40 a 49,Varón,96,16,94807.19,3198267.55,33.72,539.53
2009,6,Buenos Aires,50 a 59,Mujer,285,47.5,94611.04,2803255.32,29.61,1406.46
2009,6,Buenos Aires,50 a 59,Varón,467,77.83,91004.18,2267126.11,24.88,1936.46
2009,6,Buenos Aires,60 a 69,Mujer,588,98,89138.12,1881505.15,21.06,2064.05
2009,6,Buenos Aires,60 a 69,Varón,867,144.5,81649.99,1398833.14,17.06,2464.77
2009,6,Buenos Aires,70 a 79,Mujer,1045,174.17,77039.5,1045016.18,13.47,2345.58
2009,6,Buenos Aires,70 a 79,Varón,1229,204.83,62091.13,672544.48,10.69,2189.09
2009,6,Buenos Aires,80+,Mujer,1413,471,61218.22,517455,8.45,3981.19
2009,6,Buenos Aires,80+,Varón,861,287,40745.57,276362.57,6.78,1946.62
2009,10,Catamarca,20 a 29,Mujer,0,0,98676.96,5721835.44,57.98,0
2009,10,Catamarca,20 a 29,Varón,0,0,97988.53,5129326.1,52.34,0
2009,10,Catamarca,30 a 39,Mujer,1,0.17,98073.65,4737959.6,48.31,8.05
2009,10,Catamarca,30 a 39,Varón,1,0.17,96648.18,4156118.88,42.99,7.17
2009,10,Catamarca,40 a 49,Mujer,0,0,96966.42,3762283.1,38.79,0
2009,10,Catamarca,40 a 49,Varón,4,0.67,94807.19,3198267.55,33.72,22.48
2009,10,Catamarca,50 a 59,Mujer,12,2,94611.04,2803255.32,29.61,59.22
2009,10,Catamarca,50 a 59,Varón,16,2.67,91004.18,2267126.11,24.88,66.35
2009,10,Catamarca,60 a 69,Mujer,20,3.33,89138.12,1881505.15,21.06,70.21
2009,10,Catamarca,60 a 69,Varón,38,6.33,81649.99,1398833.14,17.06,108.03
2009,10,Catamarca,70 a 79,Mujer,34,5.67,77039.5,1045016.18,13.47,76.32
2009,10,Catamarca,70 a 79,Varón,34,5.67,62091.13,672544.48,10.69,60.56
2009,10,Catamarca,80+,Mujer,26,8.67,61218.22,517455,8.45,73.26
2009,10,Catamarca,80+,Varón,18,6,40745.57,276362.57,6.78,40.7
2009,14,Córdoba,20 a 29,Mujer,3,0.5,98676.96,5721835.44,57.98,28.99
2009,14,Córdoba,20 a 29,Varón,2,0.33,97988.53,5129326.1,52.34,17.45
2009,14,Córdoba,30 a 39,Mujer,8,1.33,98073.65,4737959.6,48.31,64.41
2009,14,Córdoba,30 a 39,Varón,9,1.5,96648.18,4156118.88,42.99,64.49
2009,14,Córdoba,40 a 49,Mujer,25,4.17,96966.42,3762283.1,38.79,161.63
2009,14,Córdoba,40 a 49,Varón,34,5.67,94807.19,3198267.55,33.72,191.08
2009,14,Córdoba,50 a 59,Mujer,107,17.83,94611.04,2803255.32,29.61,528.04
2009,14,Córdoba,50 a 59,Varón,158,26.33,91004.18,2267126.11,24.88,655.16
2009,14,Córdoba,60 a 69,Mujer,231,38.5,89138.12,1881505.15,21.06,810.88
2009,14,Córdoba,60 a 69,Varón,333,55.5,81649.99,1398833.14,17.06,946.68
2009,14,Córdoba,70 a 79,Mujer,333,55.5,77039.5,1045016.18,13.47,747.44
2009,14,Córdoba,70 a 79,Varón,403,67.17,62091.13,672544.48,10.69,717.82
2009,14,Córdoba,80+,Mujer,373,124.33,61218.22,517455,8.45,1050.94
2009,14,Córdoba,80+,Varón,260,86.67,40745.57,276362.57,6.78,587.83
2009,18,Corrientes,20 a 29,Mujer,2,0.33,98676.96,5721835.44,57.98,19.33
2009,18,Corrientes,20 a 29,Varón,1,0.17,97988.53,5129326.1,52.34,8.72
2009,18,Corrientes,30 a 39,Mujer,0,0,98073.65,4737959.6,48.31,0
2009,18,Corrientes,30 a 39,Varón,2,0.33,96648.18,4156118.88,42.99,14.33
2009,18,Corrientes,40 a 49,Mujer,15,2.5,96966.42,3762283.1,38.79,96.98
2009,18,Corrientes,40 a 49,Varón,11,1.83,94807.19,3198267.55,33.72,61.82
2009,18,Corrientes,50 a 59,Mujer,24,4,94611.04,2803255.32,29.61,118.44
2009,18,Corrientes,50 a 59,Varón,40,6.67,91004.18,2267126.11,24.88,165.86
2009,18,Corrientes,60 a 69,Mujer,74,12.33,89138.12,1881505.15,21.06,259.76
2009,18,Corrientes,60 a 69,Varón,80,13.33,81649.99,1398833.14,17.06,227.43
2009,18,Corrientes,70 a 79,Mujer,106,17.67,77039.5,1045016.18,13.47,237.92
2009,18,Corrientes,70 a 79,Varón,86,14.33,62091.13,672544.48,10.69,153.18
2009,18,Corrientes,80+,Mujer,109,36.33,61218.22,517455,8.45,307.11
2009,18,Corrientes,80+,Varón,51,17,40745.57,276362.57,6.78,115.3
2009,22,Chaco,20 a 29,Mujer,2,0.33,98676.96,5721835.44,57.98,19.33
2009,22,Chaco,20 a 29,Varón,1,0.17,97988.53,5129326.1,52.34,8.72
2009,22,Chaco,30 a 39,Mujer,6,1,98073.65,4737959.6,48.31,48.31
2009,22,Chaco,30 a 39,Varón,3,0.5,96648.18,4156118.88,42.99,21.5
2009,22,Chaco,40 a 49,Mujer,10,1.67,96966.42,3762283.1,38.79,64.65
2009,22,Chaco,40 a 49,Varón,12,2,94807.19,3198267.55,33.72,67.44
2009,22,Chaco,50 a 59,Mujer,47,7.83,94611.04,2803255.32,29.61,231.94
2009,22,Chaco,50 a 59,Varón,55,9.17,91004.18,2267126.11,24.88,228.06
2009,22,Chaco,60 a 69,Mujer,64,10.67,89138.12,1881505.15,21.06,224.66
2009,22,Chaco,60 a 69,Varón,88,14.67,81649.99,1398833.14,17.06,250.17
2009,22,Chaco,70 a 79,Mujer,118,19.67,77039.5,1045016.18,13.47,264.86
2009,22,Chaco,70 a 79,Varón,102,17,62091.13,672544.48,10.69,181.68
2009,22,Chaco,80+,Mujer,91,30.33,61218.22,517455,8.45,256.4
2009,22,Chaco,80+,Varón,29,9.67,40745.57,276362.57,6.78,65.57
2009,26,Chubut,20 a 29,Mujer,0,0,98676.96,5721835.44,57.98,0
2009,26,Chubut,20 a 29,Varón,0,0,97988.53,5129326.1,52.34,0
2009,26,Chubut,30 a 39,Mujer,1,0.17,98073.65,4737959.6,48.31,8.05
2009,26,Chubut,30 a 39,Varón,1,0.17,96648.18,4156118.88,42.99,7.17
2009,26,Chubut,40 a 49,Mujer,3,0.5,96966.42,3762283.1,38.79,19.4
2009,26,Chubut,40 a 49,Varón,5,0.83,94807.19,3198267.55,33.72,28.1
2009,26,Chubut,50 a 59,Mujer,9,1.5,94611.04,2803255.32,29.61,44.41
2009,26,Chubut,50 a 59,Varón,14,2.33,91004.18,2267126.11,24.88,58.05
2009,26,Chubut,60 a 69,Mujer,18,3,89138.12,1881505.15,21.06,63.19
2009,26,Chubut,60 a 69,Varón,28,4.67,81649.99,1398833.14,17.06,79.6
2009,26,Chubut,70 a 79,Mujer,31,5.17,77039.5,1045016.18,13.47,69.58
2009,26,Chubut,70 a 79,Varón,52,8.67,62091.13,672544.48,10.69,92.62
2009,26,Chubut,80+,Mujer,41,13.67,61218.22,517455,8.45,115.52
2009,26,Chubut,80+,Varón,26,8.67,40745.57,276362.57,6.78,58.78
2009,30,Entre Ríos,20 a 29,Mujer,2,0.33,98676.96,5721835.44,57.98,19.33
2009,30,Entre Ríos,20 a 29,Varón,0,0,97988.53,5129326.1,52.34,0
2009,30,Entre Ríos,30 a 39,Mujer,5,0.83,98073.65,4737959.6,48.31,40.25
2009,30,Entre Ríos,30 a 39,Varón,1,0.17,96648.18,4156118.88,42.99,7.17
2009,30,Entre Ríos,40 a 49,Mujer,8,1.33,96966.42,3762283.1,38.79,51.72
2009,30,Entre Ríos,40 a 49,Varón,8,1.33,94807.19,3198267.55,33.72,44.96
2009,30,Entre Ríos,50 a 59,Mujer,23,3.83,94611.04,2803255.32,29.61,113.5
2009,30,Entre Ríos,50 a 59,Varón,39,6.5,91004.18,2267126.11,24.88,161.72
2009,30,Entre Ríos,60 a 69,Mujer,68,11.33,89138.12,1881505.15,21.06,238.7
2009,30,Entre Ríos,60 a 69,Varón,100,16.67,81649.99,1398833.14,17.06,284.29
2009,30,Entre Ríos,70 a 79,Mujer,123,20.5,77039.5,1045016.18,13.47,276.08
2009,30,Entre Ríos,70 a 79,Varón,116,19.33,62091.13,672544.48,10.69,206.62
2009,30,Entre Ríos,80+,Mujer,138,46,61218.22,517455,8.45,388.82
2009,30,Entre Ríos,80+,Varón,84,28,40745.57,276362.57,6.78,189.91
2009,34,Formosa,20 a 29,Mujer,0,0,98676.96,5721835.44,57.98,0
2009,34,Formosa,20 a 29,Varón,1,0.17,97988.53,5129326.1,52.34,8.72
2009,34,Formosa,30 a 39,Mujer,4,0.67,98073.65,4737959.6,48.31,32.2
2009,34,Formosa,30 a 39,Varón,1,0.17,96648.18,4156118.88,42.99,7.17
2009,34,Formosa,40 a 49,Mujer,17,2.83,96966.42,3762283.1,38.79,109.91
2009,34,Formosa,40 a 49,Varón,11,1.83,94807.19,3198267.55,33.72,61.82
2009,34,Formosa,50 a 59,Mujer,32,5.33,94611.04,2803255.32,29.61,157.92
2009,34,Formosa,50 a 59,Varón,26,4.33,91004.18,2267126.11,24.88,107.81
2009,34,Formosa,60 a 69,Mujer,67,11.17,89138.12,1881505.15,21.06,235.19
2009,34,Formosa,60 a 69,Varón,72,12,81649.99,1398833.14,17.06,204.69
2009,34,Formosa,70 a 79,Mujer,77,12.83,77039.5,1045016.18,13.47,172.83
2009,34,Formosa,70 a 79,Varón,67,11.17,62091.13,672544.48,10.69,119.34
2009,34,Formosa,80+,Mujer,78,26,61218.22,517455,8.45,219.77
2009,34,Formosa,80+,Varón,41,13.67,40745.57,276362.57,6.78,92.7
2009,38,Jujuy,20 a 29,Mujer,0,0,98676.96,5721835.44,57.98,0
2009,38,Jujuy,20 a 29,Varón,0,0,97988.53,5129326.1,52.34,0
2009,38,Jujuy,30 a 39,Mujer,0,0,98073.65,4737959.6,48.31,0
2009,38,Jujuy,30 a 39,Varón,2,0.33,96648.18,4156118.88,42.99,14.33
2009,38,Jujuy,40 a 49,Mujer,2,0.33,96966.42,3762283.1,38.79,12.93
2009,38,Jujuy,40 a 49,Varón,7,1.17,94807.19,3198267.55,33.72,39.34
2009,38,Jujuy,50 a 59,Mujer,19,3.17,94611.04,2803255.32,29.61,93.76
2009,38,Jujuy,50 a 59,Varón,30,5,91004.18,2267126.11,24.88,124.4
2009,38,Jujuy,60 a 69,Mujer,34,5.67,89138.12,1881505.15,21.06,119.35
2009,38,Jujuy,60 a 69,Varón,55,9.17,81649.99,1398833.14,17.06,156.36
2009,38,Jujuy,70 a 79,Mujer,37,6.17,77039.5,1045016.18,13.47,83.05
2009,38,Jujuy,70 a 79,Varón,51,8.5,62091.13,672544.48,10.69,90.84
2009,38,Jujuy,80+,Mujer,32,10.67,61218.22,517455,8.45,90.16
2009,38,Jujuy,80+,Varón,22,7.33,40745.57,276362.57,6.78,49.74
2009,42,La Pampa,20 a 29,Mujer,0,0,98676.96,5721835.44,57.98,0
2009,42,La Pampa,20 a 29,Varón,0,0,97988.53,5129326.1,52.34,0
2009,42,La Pampa,30 a 39,Mujer,0,0,98073.65,4737959.6,48.31,0
2009,42,La Pampa,30 a 39,Varón,0,0,96648.18,4156118.88,42.99,0
2009,42,La Pampa,40 a 49,Mujer,1,0.17,96966.42,3762283.1,38.79,6.47
2009,42,La Pampa,40 a 49,Varón,3,0.5,94807.19,3198267.55,33.72,16.86
2009,42,La Pampa,50 a 59,Mujer,6,1,94611.04,2803255.32,29.61,29.61
2009,42,La Pampa,50 a 59,Varón,11,1.83,91004.18,2267126.11,24.88,45.61
2009,42,La Pampa,60 a 69,Mujer,12,2,89138.12,1881505.15,21.06,42.12
2009,42,La Pampa,60 a 69,Varón,14,2.33,81649.99,1398833.14,17.06,39.8
2009,42,La Pampa,70 a 79,Mujer,15,2.5,77039.5,1045016.18,13.47,33.67
2009,42,La Pampa,70 a 79,Varón,27,4.5,62091.13,672544.48,10.69,48.09
2009,42,La Pampa,80+,Mujer,25,8.33,61218.22,517455,8.45,70.44
2009,42,La Pampa,80+,Varón,16,5.33,40745.57,276362.57,6.78,36.17
2009,46,La Rioja,20 a 29,Mujer,2,0.33,98676.96,5721835.44,57.98,19.33
2009,46,La Rioja,20 a 29,Varón,0,0,97988.53,5129326.1,52.34,0
2009,46,La Rioja,30 a 39,Mujer,0,0,98073.65,4737959.6,48.31,0
2009,46,La Rioja,30 a 39,Varón,3,0.5,96648.18,4156118.88,42.99,21.5
2009,46,La Rioja,40 a 49,Mujer,1,0.17,96966.42,3762283.1,38.79,6.47
2009,46,La Rioja,40 a 49,Varón,9,1.5,94807.19,3198267.55,33.72,50.58
2009,46,La Rioja,50 a 59,Mujer,14,2.33,94611.04,2803255.32,29.61,69.09
2009,46,La Rioja,50 a 59,Varón,13,2.17,91004.18,2267126.11,24.88,53.91
2009,46,La Rioja,60 a 69,Mujer,22,3.67,89138.12,1881505.15,21.06,77.23
2009,46,La Rioja,60 a 69,Varón,34,5.67,81649.99,1398833.14,17.06,96.66
2009,46,La Rioja,70 a 79,Mujer,22,3.67,77039.5,1045016.18,13.47,49.38
2009,46,La Rioja,70 a 79,Varón,17,2.83,62091.13,672544.48,10.69,30.28
2009,46,La Rioja,80+,Mujer,14,4.67,61218.22,517455,8.45,39.45
2009,46,La Rioja,80+,Varón,11,3.67,40745.57,276362.57,6.78,24.87
2009,50,Mendoza,20 a 29,Mujer,2,0.33,98676.96,5721835.44,57.98,19.33
2009,50,Mendoza,20 a 29,Varón,3,0.5,97988.53,5129326.1,52.34,26.17
2009,50,Mendoza,30 a 39,Mujer,9,1.5,98073.65,4737959.6,48.31,72.46
2009,50,Mendoza,30 a 39,Varón,8,1.33,96648.18,4156118.88,42.99,57.33
2009,50,Mendoza,40 a 49,Mujer,20,3.33,96966.42,3762283.1,38.79,129.3
2009,50,Mendoza,40 a 49,Varón,28,4.67,94807.19,3198267.55,33.72,157.36
2009,50,Mendoza,50 a 59,Mujer,78,13,94611.04,2803255.32,29.61,384.92
2009,50,Mendoza,50 a 59,Varón,133,22.17,91004.18,2267126.11,24.88,551.5
2009,50,Mendoza,60 a 69,Mujer,213,35.5,89138.12,1881505.15,21.06,747.69
2009,50,Mendoza,60 a 69,Varón,318,53,81649.99,1398833.14,17.06,904.03
2009,50,Mendoza,70 a 79,Mujer,325,54.17,77039.5,1045016.18,13.47,729.49
2009,50,Mendoza,70 a 79,Varón,387,64.5,62091.13,672544.48,10.69,689.32
2009,50,Mendoza,80+,Mujer,323,107.67,61218.22,517455,8.45,910.07
2009,50,Mendoza,80+,Varón,190,63.33,40745.57,276362.57,6.78,429.57
2009,54,Misiones,20 a 29,Mujer,1,0.17,98676.96,5721835.44,57.98,9.66
2009,54,Misiones,20 a 29,Varón,2,0.33,97988.53,5129326.1,52.34,17.45
2009,54,Misiones,30 a 39,Mujer,2,0.33,98073.65,4737959.6,48.31,16.1
2009,54,Misiones,30 a 39,Varón,6,1,96648.18,4156118.88,42.99,42.99
2009,54,Misiones,40 a 49,Mujer,12,2,96966.42,3762283.1,38.79,77.58
2009,54,Misiones,40 a 49,Varón,15,2.5,94807.19,3198267.55,33.72,84.3
2009,54,Misiones,50 a 59,Mujer,38,6.33,94611.04,2803255.32,29.61,187.53
2009,54,Misiones,50 a 59,Varón,49,8.17,91004.18,2267126.11,24.88,203.18
2009,54,Misiones,60 a 69,Mujer,77,12.83,89138.12,1881505.15,21.06,270.29
2009,54,Misiones,60 a 69,Varón,92,15.33,81649.99,1398833.14,17.06,261.54
2009,54,Misiones,70 a 79,Mujer,135,22.5,77039.5,1045016.18,13.47,303.02
2009,54,Misiones,70 a 79,Varón,126,21,62091.13,672544.48,10.69,224.43
2009,54,Misiones,80+,Mujer,103,34.33,61218.22,517455,8.45,290.21
2009,54,Misiones,80+,Varón,64,21.33,40745.57,276362.57,6.78,144.7
2009,58,Neuquén,20 a 29,Mujer,1,0.17,98676.96,5721835.44,57.98,9.66
2009,58,Neuquén,20 a 29,Varón,0,0,97988.53,5129326.1,52.34,0
2009,58,Neuquén,30 a 39,Mujer,0,0,98073.65,4737959.6,48.31,0
2009,58,Neuquén,30 a 39,Varón,0,0,96648.18,4156118.88,42.99,0
2009,58,Neuquén,40 a 49,Mujer,9,1.5,96966.42,3762283.1,38.79,58.19
2009,58,Neuquén,40 a 49,Varón,7,1.17,94807.19,3198267.55,33.72,39.34
2009,58,Neuquén,50 a 59,Mujer,22,3.67,94611.04,2803255.32,29.61,108.57
2009,58,Neuquén,50 a 59,Varón,36,6,91004.18,2267126.11,24.88,149.28
2009,58,Neuquén,60 a 69,Mujer,42,7,89138.12,1881505.15,21.06,147.43
2009,58,Neuquén,60 a 69,Varón,78,13,81649.99,1398833.14,17.06,221.74
2009,58,Neuquén,70 a 79,Mujer,74,12.33,77039.5,1045016.18,13.47,166.1
2009,58,Neuquén,70 a 79,Varón,81,13.5,62091.13,672544.48,10.69,144.28
2009,58,Neuquén,80+,Mujer,91,30.33,61218.22,517455,8.45,256.4
2009,58,Neuquén,80+,Varón,51,17,40745.57,276362.57,6.78,115.3
2009,62,Río Negro,20 a 29,Mujer,0,0,98676.96,5721835.44,57.98,0
2009,62,Río Negro,20 a 29,Varón,0,0,97988.53,5129326.1,52.34,0
2009,62,Río Negro,30 a 39,Mujer,2,0.33,98073.65,4737959.6,48.31,16.1
2009,62,Río Negro,30 a 39,Varón,1,0.17,96648.18,4156118.88,42.99,7.17
2009,62,Río Negro,40 a 49,Mujer,3,0.5,96966.42,3762283.1,38.79,19.4
2009,62,Río Negro,40 a 49,Varón,6,1,94807.19,3198267.55,33.72,33.72
2009,62,Río Negro,50 a 59,Mujer,12,2,94611.04,2803255.32,29.61,59.22
2009,62,Río Negro,50 a 59,Varón,14,2.33,91004.18,2267126.11,24.88,58.05
2009,62,Río Negro,60 a 69,Mujer,33,5.5,89138.12,1881505.15,21.06,115.84
2009,62,Río Negro,60 a 69,Varón,40,6.67,81649.99,1398833.14,17.06,113.72
2009,62,Río Negro,70 a 79,Mujer,42,7,77039.5,1045016.18,13.47,94.27
2009,62,Río Negro,70 a 79,Varón,62,10.33,62091.13,672544.48,10.69,110.43
2009,62,Río Negro,80+,Mujer,55,18.33,61218.22,517455,8.45,154.96
2009,62,Río Negro,80+,Varón,43,14.33,40745.57,276362.57,6.78,97.22
2009,66,Salta,20 a 29,Mujer,0,0,98676.96,5721835.44,57.98,0
2009,66,Salta,20 a 29,Varón,0,0,97988.53,5129326.1,52.34,0
2009,66,Salta,30 a 39,Mujer,4,0.67,98073.65,4737959.6,48.31,32.2
2009,66,Salta,30 a 39,Varón,4,0.67,96648.18,4156118.88,42.99,28.66
2009,66,Salta,40 a 49,Mujer,9,1.5,96966.42,3762283.1,38.79,58.19
2009,66,Salta,40 a 49,Varón,10,1.67,94807.19,3198267.55,33.72,56.2
2009,66,Salta,50 a 59,Mujer,44,7.33,94611.04,2803255.32,29.61,217.14
2009,66,Salta,50 a 59,Varón,50,8.33,91004.18,2267126.11,24.88,207.33
2009,66,Salta,60 a 69,Mujer,75,12.5,89138.12,1881505.15,21.06,263.27
2009,66,Salta,60 a 69,Varón,106,17.67,81649.99,1398833.14,17.06,301.34
2009,66,Salta,70 a 79,Mujer,113,18.83,77039.5,1045016.18,13.47,253.64
2009,66,Salta,70 a 79,Varón,96,16,62091.13,672544.48,10.69,170.99
2009,66,Salta,80+,Mujer,94,31.33,61218.22,517455,8.45,264.85
2009,66,Salta,80+,Varón,50,16.67,40745.57,276362.57,6.78,113.04
2009,70,San Juan,20 a 29,Mujer,1,0.17,98676.96,5721835.44,57.98,9.66
2009,70,San Juan,20 a 29,Varón,2,0.33,97988.53,5129326.1,52.34,17.45
2009,70,San Juan,30 a 39,Mujer,4,0.67,98073.65,4737959.6,48.31,32.2
2009,70,San Juan,30 a 39,Varón,4,0.67,96648.18,4156118.88,42.99,28.66
2009,70,San Juan,40 a 49,Mujer,10,1.67,96966.42,3762283.1,38.79,64.65
2009,70,San Juan,40 a 49,Varón,9,1.5,94807.19,3198267.55,33.72,50.58
2009,70,San Juan,50 a 59,Mujer,37,6.17,94611.04,2803255.32,29.61,182.59
2009,70,San Juan,50 a 59,Varón,49,8.17,91004.18,2267126.11,24.88,203.18
2009,70,San Juan,60 a 69,Mujer,131,21.83,89138.12,1881505.15,21.06,459.85
2009,70,San Juan,60 a 69,Varón,152,25.33,81649.99,1398833.14,17.06,432.12
2009,70,San Juan,70 a 79,Mujer,150,25,77039.5,1045016.18,13.47,336.69
2009,70,San Juan,70 a 79,Varón,159,26.5,62091.13,672544.48,10.69,283.21
2009,70,San Juan,80+,Mujer,151,50.33,61218.22,517455,8.45,425.45
2009,70,San Juan,80+,Varón,83,27.67,40745.57,276362.57,6.78,187.65
2009,74,San Luis,20 a 29,Mujer,1,0.17,98676.96,5721835.44,57.98,9.66
2009,74,San Luis,20 a 29,Varón,1,0.17,97988.53,5129326.1,52.34,8.72
2009,74,San Luis,30 a 39,Mujer,1,0.17,98073.65,4737959.6,48.31,8.05
2009,74,San Luis,30 a 39,Varón,2,0.33,96648.18,4156118.88,42.99,14.33
2009,74,San Luis,40 a 49,Mujer,2,0.33,96966.42,3762283.1,38.79,12.93
2009,74,San Luis,40 a 49,Varón,8,1.33,94807.19,3198267.55,33.72,44.96
2009,74,San Luis,50 a 59,Mujer,11,1.83,94611.04,2803255.32,29.61,54.28
2009,74,San Luis,50 a 59,Varón,15,2.5,91004.18,2267126.11,24.88,62.2
2009,74,San Luis,60 a 69,Mujer,37,6.17,89138.12,1881505.15,21.06,129.88
2009,74,San Luis,60 a 69,Varón,64,10.67,81649.99,1398833.14,17.06,181.94
2009,74,San Luis,70 a 79,Mujer,70,11.67,77039.5,1045016.18,13.47,157.12
2009,74,San Luis,70 a 79,Varón,62,10.33,62091.13,672544.48,10.69,110.43
2009,74,San Luis,80+,Mujer,75,25,61218.22,517455,8.45,211.32
2009,74,San Luis,80+,Varón,54,18,40745.57,276362.57,6.78,122.09
2009,78,Santa Cruz,20 a 29,Mujer,0,0,98676.96,5721835.44,57.98,0
2009,78,Santa Cruz,20 a 29,Varón,0,0,97988.53,5129326.1,52.34,0
2009,78,Santa Cruz,30 a 39,Mujer,1,0.17,98073.65,4737959.6,48.31,8.05
2009,78,Santa Cruz,30 a 39,Varón,0,0,96648.18,4156118.88,42.99,0
2009,78,Santa Cruz,40 a 49,Mujer,3,0.5,96966.42,3762283.1,38.79,19.4
2009,78,Santa Cruz,40 a 49,Varón,1,0.17,94807.19,3198267.55,33.72,5.62
2009,78,Santa Cruz,50 a 59,Mujer,5,0.83,94611.04,2803255.32,29.61,24.67
2009,78,Santa Cruz,50 a 59,Varón,7,1.17,91004.18,2267126.11,24.88,29.03
2009,78,Santa Cruz,60 a 69,Mujer,7,1.17,89138.12,1881505.15,21.06,24.57
2009,78,Santa Cruz,60 a 69,Varón,26,4.33,81649.99,1398833.14,17.06,73.91
2009,78,Santa Cruz,70 a 79,Mujer,16,2.67,77039.5,1045016.18,13.47,35.91
2009,78,Santa Cruz,70 a 79,Varón,24,4,62091.13,672544.48,10.69,42.75
2009,78,Santa Cruz,80+,Mujer,17,5.67,61218.22,517455,8.45,47.9
2009,78,Santa Cruz,80+,Varón,16,5.33,40745.57,276362.57,6.78,36.17
2009,82,Santa Fe,20 a 29,Mujer,3,0.5,98676.96,5721835.44,57.98,28.99
2009,82,Santa Fe,20 a 29,Varón,2,0.33,97988.53,5129326.1,52.34,17.45
2009,82,Santa Fe,30 a 39,Mujer,13,2.17,98073.65,4737959.6,48.31,104.66
2009,82,Santa Fe,30 a 39,Varón,5,0.83,96648.18,4156118.88,42.99,35.83
2009,82,Santa Fe,40 a 49,Mujer,27,4.5,96966.42,3762283.1,38.79,174.56
2009,82,Santa Fe,40 a 49,Varón,40,6.67,94807.19,3198267.55,33.72,224.8
2009,82,Santa Fe,50 a 59,Mujer,102,17,94611.04,2803255.32,29.61,503.36
2009,82,Santa Fe,50 a 59,Varón,129,21.5,91004.18,2267126.11,24.88,534.91
2009,82,Santa Fe,60 a 69,Mujer,213,35.5,89138.12,1881505.15,21.06,747.69
2009,82,Santa Fe,60 a 69,Varón,327,54.5,81649.99,1398833.14,17.06,929.62
2009,82,Santa Fe,70 a 79,Mujer,385,64.17,77039.5,1045016.18,13.47,864.16
2009,82,Santa Fe,70 a 79,Varón,439,73.17,62091.13,672544.48,10.69,781.94
2009,82,Santa Fe,80+,Mujer,474,158,61218.22,517455,8.45,1335.52
2009,82,Santa Fe,80+,Varón,322,107.33,40745.57,276362.57,6.78,728
2009,86,Santiago del Estero,20 a 29,Mujer,3,0.5,98676.96,5721835.44,57.98,28.99
2009,86,Santiago del Estero,20 a 29,Varón,0,0,97988.53,5129326.1,52.34,0
2009,86,Santiago del Estero,30 a 39,Mujer,2,0.33,98073.65,4737959.6,48.31,16.1
2009,86,Santiago del Estero,30 a 39,Varón,3,0.5,96648.18,4156118.88,42.99,21.5
2009,86,Santiago del Estero,40 a 49,Mujer,6,1,96966.42,3762283.1,38.79,38.79
2009,86,Santiago del Estero,40 a 49,Varón,9,1.5,94807.19,3198267.55,33.72,50.58
2009,86,Santiago del Estero,50 a 59,Mujer,31,5.17,94611.04,2803255.32,29.61,152.98
2009,86,Santiago del Estero,50 a 59,Varón,36,6,91004.18,2267126.11,24.88,149.28
2009,86,Santiago del Estero,60 a 69,Mujer,38,6.33,89138.12,1881505.15,21.06,133.39
2009,86,Santiago del Estero,60 a 69,Varón,64,10.67,81649.99,1398833.14,17.06,181.94
2009,86,Santiago del Estero,70 a 79,Mujer,52,8.67,77039.5,1045016.18,13.47,116.72
2009,86,Santiago del Estero,70 a 79,Varón,67,11.17,62091.13,672544.48,10.69,119.34
2009,86,Santiago del Estero,80+,Mujer,53,17.67,61218.22,517455,8.45,149.33
2009,86,Santiago del Estero,80+,Varón,29,9.67,40745.57,276362.57,6.78,65.57
2009,90,Tucumán,20 a 29,Mujer,4,0.67,98676.96,5721835.44,57.98,38.65
2009,90,Tucumán,20 a 29,Varón,2,0.33,97988.53,5129326.1,52.34,17.45
2009,90,Tucumán,30 a 39,Mujer,4,0.67,98073.65,4737959.6,48.31,32.2
2009,90,Tucumán,30 a 39,Varón,3,0.5,96648.18,4156118.88,42.99,21.5
2009,90,Tucumán,40 a 49,Mujer,13,2.17,96966.42,3762283.1,38.79,84.05
2009,90,Tucumán,40 a 49,Varón,17,2.83,94807.19,3198267.55,33.72,95.54
2009,90,Tucumán,50 a 59,Mujer,62,10.33,94611.04,2803255.32,29.61,305.97
2009,90,Tucumán,50 a 59,Varón,78,13,91004.18,2267126.11,24.88,323.43
2009,90,Tucumán,60 a 69,Mujer,132,22,89138.12,1881505.15,21.06,463.36
2009,90,Tucumán,60 a 69,Varón,162,27,81649.99,1398833.14,17.06,460.55
2009,90,Tucumán,70 a 79,Mujer,145,24.17,77039.5,1045016.18,13.47,325.46
2009,90,Tucumán,70 a 79,Varón,166,27.67,62091.13,672544.48,10.69,295.68
2009,90,Tucumán,80+,Mujer,154,51.33,61218.22,517455,8.45,433.9
2009,90,Tucumán,80+,Varón,108,36,40745.57,276362.57,6.78,244.18
2009,94,Tierra del Fuego,20 a 29,Mujer,1,0.17,98676.96,5721835.44,57.98,9.66
2009,94,Tierra del Fuego,20 a 29,Varón,0,0,97988.53,5129326.1,52.34,0
2009,94,Tierra del Fuego,30 a 39,Mujer,0,0,98073.65,4737959.6,48.31,0
2009,94,Tierra del Fuego,30 a 39,Varón,0,0,96648.18,4156118.88,42.99,0
2009,94,Tierra del Fuego,40 a 49,Mujer,0,0,96966.42,3762283.1,38.79,0
2009,94,Tierra del Fuego,40 a 49,Varón,0,0,94807.19,3198267.55,33.72,0
2009,94,Tierra del Fuego,50 a 59,Mujer,3,0.5,94611.04,2803255.32,29.61,14.8
2009,94,Tierra del Fuego,50 a 59,Varón,4,0.67,91004.18,2267126.11,24.88,16.59
2009,94,Tierra del Fuego,60 a 69,Mujer,2,0.33,89138.12,1881505.15,21.06,7.02
2009,94,Tierra del Fuego,60 a 69,Varón,5,0.83,81649.99,1398833.14,17.06,14.21
2009,94,Tierra del Fuego,70 a 79,Mujer,4,0.67,77039.5,1045016.18,13.47,8.98
2009,94,Tierra del Fuego,70 a 79,Varón,9,1.5,62091.13,672544.48,10.69,16.03
2009,94,Tierra del Fuego,80+,Mujer,7,2.33,61218.22,517455,8.45,19.72
2009,94,Tierra del Fuego,80+,Varón,5,1.67,40745.57,276362.57,6.78,11.3
2013,2,CABA,20 a 29,Mujer,2,0.33,98676.96,5721835.44,57.98,19.33
2013,2,CABA,20 a 29,Varón,2,0.33,97988.53,5129326.1,52.34,17.45
2013,2,CABA,30 a 39,Mujer,6,1,98073.65,4737959.6,48.31,48.31
2013,2,CABA,30 a 39,Varón,3,0.5,96648.18,4156118.88,42.99,21.5
2013,2,CABA,40 a 49,Mujer,6,1,96966.42,3762283.1,38.79,38.79
2013,2,CABA,40 a 49,Varón,26,4.33,94807.19,3198267.55,33.72,146.12
2013,2,CABA,50 a 59,Mujer,29,4.83,94611.04,2803255.32,29.61,143.11
2013,2,CABA,50 a 59,Varón,58,9.67,91004.18,2267126.11,24.88,240.5
2013,2,CABA,60 a 69,Mujer,53,8.83,89138.12,1881505.15,21.06,186.05
2013,2,CABA,60 a 69,Varón,123,20.5,81649.99,1398833.14,17.06,349.67
2013,2,CABA,70 a 79,Mujer,120,20,77039.5,1045016.18,13.47,269.35
2013,2,CABA,70 a 79,Varón,156,26,62091.13,672544.48,10.69,277.87
2013,2,CABA,80+,Mujer,333,111,61218.22,517455,8.45,938.24
2013,2,CABA,80+,Varón,228,76,40745.57,276362.57,6.78,515.48
2013,6,Buenos Aires,20 a 29,Mujer,16,2.67,98676.96,5721835.44,57.98,154.62
2013,6,Buenos Aires,20 a 29,Varón,19,3.17,97988.53,5129326.1,52.34,165.74
2013,6,Buenos Aires,30 a 39,Mujer,38,6.33,98073.65,4737959.6,48.31,305.94
2013,6,Buenos Aires,30 a 39,Varón,51,8.5,96648.18,4156118.88,42.99,365.45
2013,6,Buenos Aires,40 a 49,Mujer,96,16,96966.42,3762283.1,38.79,620.65
2013,6,Buenos Aires,40 a 49,Varón,146,24.33,94807.19,3198267.55,33.72,820.53
2013,6,Buenos Aires,50 a 59,Mujer,274,45.67,94611.04,2803255.32,29.61,1352.17
2013,6,Buenos Aires,50 a 59,Varón,433,72.17,91004.18,2267126.11,24.88,1795.47
2013,6,Buenos Aires,60 a 69,Mujer,709,118.17,89138.12,1881505.15,21.06,2488.79
2013,6,Buenos Aires,60 a 69,Varón,981,163.5,81649.99,1398833.14,17.06,2788.86
2013,6,Buenos Aires,70 a 79,Mujer,984,164,77039.5,1045016.18,13.47,2208.66
2013,6,Buenos Aires,70 a 79,Varón,1146,191,62091.13,672544.48,10.69,2041.25
2013,6,Buenos Aires,80+,Mujer,1489,496.33,61218.22,517455,8.45,4195.32
2013,6,Buenos Aires,80+,Varón,1004,334.67,40745.57,276362.57,6.78,2269.92
2013,10,Catamarca,20 a 29,Mujer,3,0.5,98676.96,5721835.44,57.98,28.99
2013,10,Catamarca,20 a 29,Varón,1,0.17,97988.53,5129326.1,52.34,8.72
2013,10,Catamarca,30 a 39,Mujer,0,0,98073.65,4737959.6,48.31,0
2013,10,Catamarca,30 a 39,Varón,0,0,96648.18,4156118.88,42.99,0
2013,10,Catamarca,40 a 49,Mujer,4,0.67,96966.42,3762283.1,38.79,25.86
2013,10,Catamarca,40 a 49,Varón,9,1.5,94807.19,3198267.55,33.72,50.58
2013,10,Catamarca,50 a 59,Mujer,13,2.17,94611.04,2803255.32,29.61,64.15
2013,10,Catamarca,50 a 59,Varón,14,2.33,91004.18,2267126.11,24.88,58.05
2013,10,Catamarca,60 a 69,Mujer,18,3,89138.12,1881505.15,21.06,63.19
2013,10,Catamarca,60 a 69,Varón,35,5.83,81649.99,1398833.14,17.06,99.5
2013,10,Catamarca,70 a 79,Mujer,25,4.17,77039.5,1045016.18,13.47,56.11
2013,10,Catamarca,70 a 79,Varón,37,6.17,62091.13,672544.48,10.69,65.9
2013,10,Catamarca,80+,Mujer,30,10,61218.22,517455,8.45,84.53
2013,10,Catamarca,80+,Varón,12,4,40745.57,276362.57,6.78,27.13
2013,14,Córdoba,20 a 29,Mujer,4,0.67,98676.96,5721835.44,57.98,38.65
2013,14,Córdoba,20 a 29,Varón,4,0.67,97988.53,5129326.1,52.34,34.89
2013,14,Córdoba,30 a 39,Mujer,6,1,98073.65,4737959.6,48.31,48.31
2013,14,Córdoba,30 a 39,Varón,7,1.17,96648.18,4156118.88,42.99,50.16
2013,14,Córdoba,40 a 49,Mujer,17,2.83,96966.42,3762283.1,38.79,109.91
2013,14,Córdoba,40 a 49,Varón,36,6,94807.19,3198267.55,33.72,202.32
2013,14,Córdoba,50 a 59,Mujer,81,13.5,94611.04,2803255.32,29.61,399.73
2013,14,Córdoba,50 a 59,Varón,147,24.5,91004.18,2267126.11,24.88,609.55
2013,14,Córdoba,60 a 69,Mujer,186,31,89138.12,1881505.15,21.06,652.91
2013,14,Córdoba,60 a 69,Varón,327,54.5,81649.99,1398833.14,17.06,929.62
2013,14,Córdoba,70 a 79,Mujer,271,45.17,77039.5,1045016.18,13.47,608.28
2013,14,Córdoba,70 a 79,Varón,330,55,62091.13,672544.48,10.69,587.79
2013,14,Córdoba,80+,Mujer,340,113.33,61218.22,517455,8.45,957.96
2013,14,Córdoba,80+,Varón,232,77.33,40745.57,276362.57,6.78,524.52
2013,18,Corrientes,20 a 29,Mujer,2,0.33,98676.96,5721835.44,57.98,19.33
2013,18,Corrientes,20 a 29,Varón,1,0.17,97988.53,5129326.1,52.34,8.72
2013,18,Corrientes,30 a 39,Mujer,4,0.67,98073.65,4737959.6,48.31,32.2
2013,18,Corrientes,30 a 39,Varón,3,0.5,96648.18,4156118.88,42.99,21.5
2013,18,Corrientes,40 a 49,Mujer,11,1.83,96966.42,3762283.1,38.79,71.12
2013,18,Corrientes,40 a 49,Varón,17,2.83,94807.19,3198267.55,33.72,95.54
2013,18,Corrientes,50 a 59,Mujer,25,4.17,94611.04,2803255.32,29.61,123.37
2013,18,Corrientes,50 a 59,Varón,52,8.67,91004.18,2267126.11,24.88,215.62
2013,18,Corrientes,60 a 69,Mujer,82,13.67,89138.12,1881505.15,21.06,287.84
2013,18,Corrientes,60 a 69,Varón,94,15.67,81649.99,1398833.14,17.06,267.23
2013,18,Corrientes,70 a 79,Mujer,99,16.5,77039.5,1045016.18,13.47,222.21
2013,18,Corrientes,70 a 79,Varón,93,15.5,62091.13,672544.48,10.69,165.65
2013,18,Corrientes,80+,Mujer,94,31.33,61218.22,517455,8.45,264.85
2013,18,Corrientes,80+,Varón,53,17.67,40745.57,276362.57,6.78,119.83
2013,22,Chaco,20 a 29,Mujer,0,0,98676.96,5721835.44,57.98,0
2013,22,Chaco,20 a 29,Varón,2,0.33,97988.53,5129326.1,52.34,17.45
2013,22,Chaco,30 a 39,Mujer,3,0.5,98073.65,4737959.6,48.31,24.15
2013,22,Chaco,30 a 39,Varón,1,0.17,96648.18,4156118.88,42.99,7.17
2013,22,Chaco,40 a 49,Mujer,13,2.17,96966.42,3762283.1,38.79,84.05
2013,22,Chaco,40 a 49,Varón,25,4.17,94807.19,3198267.55,33.72,140.5
2013,22,Chaco,50 a 59,Mujer,43,7.17,94611.04,2803255.32,29.61,212.2
2013,22,Chaco,50 a 59,Varón,55,9.17,91004.18,2267126.11,24.88,228.06
2013,22,Chaco,60 a 69,Mujer,70,11.67,89138.12,1881505.15,21.06,245.72
2013,22,Chaco,60 a 69,Varón,105,17.5,81649.99,1398833.14,17.06,298.5
2013,22,Chaco,70 a 79,Mujer,91,15.17,77039.5,1045016.18,13.47,204.26
2013,22,Chaco,70 a 79,Varón,97,16.17,62091.13,672544.48,10.69,172.78
2013,22,Chaco,80+,Mujer,84,28,61218.22,517455,8.45,236.67
2013,22,Chaco,80+,Varón,62,20.67,40745.57,276362.57,6.78,140.17
2013,26,Chubut,20 a 29,Mujer,0,0,98676.96,5721835.44,57.98,0
2013,26,Chubut,20 a 29,Varón,1,0.17,97988.53,5129326.1,52.34,8.72
2013,26,Chubut,30 a 39,Mujer,1,0.17,98073.65,4737959.6,48.31,8.05
2013,26,Chubut,30 a 39,Varón,3,0.5,96648.18,4156118.88,42.99,21.5
2013,26,Chubut,40 a 49,Mujer,2,0.33,96966.42,3762283.1,38.79,12.93
2013,26,Chubut,40 a 49,Varón,7,1.17,94807.19,3198267.55,33.72,39.34
2013,26,Chubut,50 a 59,Mujer,12,2,94611.04,2803255.32,29.61,59.22
2013,26,Chubut,50 a 59,Varón,27,4.5,91004.18,2267126.11,24.88,111.96
2013,26,Chubut,60 a 69,Mujer,27,4.5,89138.12,1881505.15,21.06,94.78
2013,26,Chubut,60 a 69,Varón,39,6.5,81649.99,1398833.14,17.06,110.87
2013,26,Chubut,70 a 79,Mujer,45,7.5,77039.5,1045016.18,13.47,101.01
2013,26,Chubut,70 a 79,Varón,52,8.67,62091.13,672544.48,10.69,92.62
2013,26,Chubut,80+,Mujer,58,19.33,61218.22,517455,8.45,163.42
2013,26,Chubut,80+,Varón,37,12.33,40745.57,276362.57,6.78,83.65
2013,30,Entre Ríos,20 a 29,Mujer,3,0.5,98676.96,5721835.44,57.98,28.99
2013,30,Entre Ríos,20 a 29,Varón,1,0.17,97988.53,5129326.1,52.34,8.72
2013,30,Entre Ríos,30 a 39,Mujer,3,0.5,98073.65,4737959.6,48.31,24.15
2013,30,Entre Ríos,30 a 39,Varón,3,0.5,96648.18,4156118.88,42.99,21.5
2013,30,Entre Ríos,40 a 49,Mujer,6,1,96966.42,3762283.1,38.79,38.79
2013,30,Entre Ríos,40 a 49,Varón,8,1.33,94807.19,3198267.55,33.72,44.96
2013,30,Entre Ríos,50 a 59,Mujer,35,5.83,94611.04,2803255.32,29.61,172.72
2013,30,Entre Ríos,50 a 59,Varón,48,8,91004.18,2267126.11,24.88,199.04
2013,30,Entre Ríos,60 a 69,Mujer,63,10.5,89138.12,1881505.15,21.06,221.15
2013,30,Entre Ríos,60 a 69,Varón,90,15,81649.99,1398833.14,17.06,255.86
2013,30,Entre Ríos,70 a 79,Mujer,88,14.67,77039.5,1045016.18,13.47,197.52
2013,30,Entre Ríos,70 a 79,Varón,115,19.17,62091.13,672544.48,10.69,204.84
2013,30,Entre Ríos,80+,Mujer,127,42.33,61218.22,517455,8.45,357.83
2013,30,Entre Ríos,80+,Varón,62,20.67,40745.57,276362.57,6.78,140.17
2013,34,Formosa,20 a 29,Mujer,3,0.5,98676.96,5721835.44,57.98,28.99
2013,34,Formosa,20 a 29,Varón,3,0.5,97988.53,5129326.1,52.34,26.17
2013,34,Formosa,30 a 39,Mujer,3,0.5,98073.65,4737959.6,48.31,24.15
2013,34,Formosa,30 a 39,Varón,6,1,96648.18,4156118.88,42.99,42.99
2013,34,Formosa,40 a 49,Mujer,21,3.5,96966.42,3762283.1,38.79,135.77
2013,34,Formosa,40 a 49,Varón,16,2.67,94807.19,3198267.55,33.72,89.92
2013,34,Formosa,50 a 59,Mujer,59,9.83,94611.04,2803255.32,29.61,291.16
2013,34,Formosa,50 a 59,Varón,63,10.5,91004.18,2267126.11,24.88,261.23
2013,34,Formosa,60 a 69,Mujer,115,19.17,89138.12,1881505.15,21.06,403.68
2013,34,Formosa,60 a 69,Varón,121,20.17,81649.99,1398833.14,17.06,343.99
2013,34,Formosa,70 a 79,Mujer,138,23,77039.5,1045016.18,13.47,309.75
2013,34,Formosa,70 a 79,Varón,122,20.33,62091.13,672544.48,10.69,217.31
2013,34,Formosa,80+,Mujer,98,32.67,61218.22,517455,8.45,276.12
2013,34,Formosa,80+,Varón,68,22.67,40745.57,276362.57,6.78,153.74
2013,38,Jujuy,20 a 29,Mujer,2,0.33,98676.96,5721835.44,57.98,19.33
2013,38,Jujuy,20 a 29,Varón,0,0,97988.53,5129326.1,52.34,0
2013,38,Jujuy,30 a 39,Mujer,2,0.33,98073.65,4737959.6,48.31,16.1
2013,38,Jujuy,30 a 39,Varón,2,0.33,96648.18,4156118.88,42.99,14.33
2013,38,Jujuy,40 a 49,Mujer,6,1,96966.42,3762283.1,38.79,38.79
2013,38,Jujuy,40 a 49,Varón,5,0.83,94807.19,3198267.55,33.72,28.1
2013,38,Jujuy,50 a 59,Mujer,20,3.33,94611.04,2803255.32,29.61,98.7
2013,38,Jujuy,50 a 59,Varón,31,5.17,91004.18,2267126.11,24.88,128.54
2013,38,Jujuy,60 a 69,Mujer,42,7,89138.12,1881505.15,21.06,147.43
2013,38,Jujuy,60 a 69,Varón,42,7,81649.99,1398833.14,17.06,119.4
2013,38,Jujuy,70 a 79,Mujer,43,7.17,77039.5,1045016.18,13.47,96.52
2013,38,Jujuy,70 a 79,Varón,45,7.5,62091.13,672544.48,10.69,80.15
2013,38,Jujuy,80+,Mujer,39,13,61218.22,517455,8.45,109.88
2013,38,Jujuy,80+,Varón,35,11.67,40745.57,276362.57,6.78,79.13
2013,42,La Pampa,20 a 29,Mujer,0,0,98676.96,5721835.44,57.98,0
2013,42,La Pampa,20 a 29,Varón,0,0,97988.53,5129326.1,52.34,0
2013,42,La Pampa,30 a 39,Mujer,5,0.83,98073.65,4737959.6,48.31,40.25
2013,42,La Pampa,30 a 39,Varón,0,0,96648.18,4156118.88,42.99,0
2013,42,La Pampa,40 a 49,Mujer,2,0.33,96966.42,3762283.1,38.79,12.93
2013,42,La Pampa,40 a 49,Varón,2,0.33,94807.19,3198267.55,33.72,11.24
2013,42,La Pampa,50 a 59,Mujer,4,0.67,94611.04,2803255.32,29.61,19.74
2013,42,La Pampa,50 a 59,Varón,7,1.17,91004.18,2267126.11,24.88,29.03
2013,42,La Pampa,60 a 69,Mujer,12,2,89138.12,1881505.15,21.06,42.12
2013,42,La Pampa,60 a 69,Varón,14,2.33,81649.99,1398833.14,17.06,39.8
2013,42,La Pampa,70 a 79,Mujer,23,3.83,77039.5,1045016.18,13.47,51.63
2013,42,La Pampa,70 a 79,Varón,32,5.33,62091.13,672544.48,10.69,57
2013,42,La Pampa,80+,Mujer,29,9.67,61218.22,517455,8.45,81.71
2013,42,La Pampa,80+,Varón,26,8.67,40745.57,276362.57,6.78,58.78
2013,46,La Rioja,20 a 29,Mujer,2,0.33,98676.96,5721835.44,57.98,19.33
2013,46,La Rioja,20 a 29,Varón,0,0,97988.53,5129326.1,52.34,0
2013,46,La Rioja,30 a 39,Mujer,0,0,98073.65,4737959.6,48.31,0
2013,46,La Rioja,30 a 39,Varón,0,0,96648.18,4156118.88,42.99,0
2013,46,La Rioja,40 a 49,Mujer,1,0.17,96966.42,3762283.1,38.79,6.47
2013,46,La Rioja,40 a 49,Varón,10,1.67,94807.19,3198267.55,33.72,56.2
2013,46,La Rioja,50 a 59,Mujer,12,2,94611.04,2803255.32,29.61,59.22
2013,46,La Rioja,50 a 59,Varón,13,2.17,91004.18,2267126.11,24.88,53.91
2013,46,La Rioja,60 a 69,Mujer,26,4.33,89138.12,1881505.15,21.06,91.27
2013,46,La Rioja,60 a 69,Varón,32,5.33,81649.99,1398833.14,17.06,90.97
2013,46,La Rioja,70 a 79,Mujer,34,5.67,77039.5,1045016.18,13.47,76.32
2013,46,La Rioja,70 a 79,Varón,28,4.67,62091.13,672544.48,10.69,49.87
2013,46,La Rioja,80+,Mujer,22,7.33,61218.22,517455,8.45,61.99
2013,46,La Rioja,80+,Varón,7,2.33,40745.57,276362.57,6.78,15.83
2013,50,Mendoza,20 a 29,Mujer,7,1.17,98676.96,5721835.44,57.98,67.65
2013,50,Mendoza,20 a 29,Varón,2,0.33,97988.53,5129326.1,52.34,17.45
2013,50,Mendoza,30 a 39,Mujer,9,1.5,98073.65,4737959.6,48.31,72.46
2013,50,Mendoza,30 a 39,Varón,9,1.5,96648.18,4156118.88,42.99,64.49
2013,50,Mendoza,40 a 49,Mujer,22,3.67,96966.42,3762283.1,38.79,142.23
2013,50,Mendoza,40 a 49,Varón,19,3.17,94807.19,3198267.55,33.72,106.78
2013,50,Mendoza,50 a 59,Mujer,72,12,94611.04,2803255.32,29.61,355.32
2013,50,Mendoza,50 a 59,Varón,115,19.17,91004.18,2267126.11,24.88,476.86
2013,50,Mendoza,60 a 69,Mujer,227,37.83,89138.12,1881505.15,21.06,796.83
2013,50,Mendoza,60 a 69,Varón,301,50.17,81649.99,1398833.14,17.06,855.71
2013,50,Mendoza,70 a 79,Mujer,281,46.83,77039.5,1045016.18,13.47,630.73
2013,50,Mendoza,70 a 79,Varón,318,53,62091.13,672544.48,10.69,566.42
2013,50,Mendoza,80+,Mujer,340,113.33,61218.22,517455,8.45,957.96
2013,50,Mendoza,80+,Varón,241,80.33,40745.57,276362.57,6.78,544.87
2013,54,Misiones,20 a 29,Mujer,3,0.5,98676.96,5721835.44,57.98,28.99
2013,54,Misiones,20 a 29,Varón,4,0.67,97988.53,5129326.1,52.34,34.89
2013,54,Misiones,30 a 39,Mujer,5,0.83,98073.65,4737959.6,48.31,40.25
2013,54,Misiones,30 a 39,Varón,3,0.5,96648.18,4156118.88,42.99,21.5
2013,54,Misiones,40 a 49,Mujer,16,2.67,96966.42,3762283.1,38.79,103.44
2013,54,Misiones,40 a 49,Varón,15,2.5,94807.19,3198267.55,33.72,84.3
2013,54,Misiones,50 a 59,Mujer,42,7,94611.04,2803255.32,29.61,207.27
2013,54,Misiones,50 a 59,Varón,57,9.5,91004.18,2267126.11,24.88,236.36
2013,54,Misiones,60 a 69,Mujer,88,14.67,89138.12,1881505.15,21.06,308.9
2013,54,Misiones,60 a 69,Varón,112,18.67,81649.99,1398833.14,17.06,318.4
2013,54,Misiones,70 a 79,Mujer,146,24.33,77039.5,1045016.18,13.47,327.71
2013,54,Misiones,70 a 79,Varón,129,21.5,62091.13,672544.48,10.69,229.77
2013,54,Misiones,80+,Mujer,136,45.33,61218.22,517455,8.45,383.19
2013,54,Misiones,80+,Varón,94,31.33,40745.57,276362.57,6.78,212.52
2013,58,Neuquén,20 a 29,Mujer,0,0,98676.96,5721835.44,57.98,0
2013,58,Neuquén,20 a 29,Varón,2,0.33,97988.53,5129326.1,52.34,17.45
2013,58,Neuquén,30 a 39,Mujer,0,0,98073.65,4737959.6,48.31,0
2013,58,Neuquén,30 a 39,Varón,1,0.17,96648.18,4156118.88,42.99,7.17
2013,58,Neuquén,40 a 49,Mujer,8,1.33,96966.42,3762283.1,38.79,51.72
2013,58,Neuquén,40 a 49,Varón,15,2.5,94807.19,3198267.55,33.72,84.3
2013,58,Neuquén,50 a 59,Mujer,21,3.5,94611.04,2803255.32,29.61,103.63
2013,58,Neuquén,50 a 59,Varón,41,6.83,91004.18,2267126.11,24.88,170.01
2013,58,Neuquén,60 a 69,Mujer,50,8.33,89138.12,1881505.15,21.06,175.51
2013,58,Neuquén,60 a 69,Varón,88,14.67,81649.99,1398833.14,17.06,250.17
2013,58,Neuquén,70 a 79,Mujer,76,12.67,77039.5,1045016.18,13.47,170.59
2013,58,Neuquén,70 a 79,Varón,105,17.5,62091.13,672544.48,10.69,187.03
2013,58,Neuquén,80+,Mujer,108,36,61218.22,517455,8.45,304.29
2013,58,Neuquén,80+,Varón,84,28,40745.57,276362.57,6.78,189.91
2013,62,Río Negro,20 a 29,Mujer,0,0,98676.96,5721835.44,57.98,0
2013,62,Río Negro,20 a 29,Varón,1,0.17,97988.53,5129326.1,52.34,8.72
2013,62,Río Negro,30 a 39,Mujer,1,0.17,98073.65,4737959.6,48.31,8.05
2013,62,Río Negro,30 a 39,Varón,0,0,96648.18,4156118.88,42.99,0
2013,62,Río Negro,40 a 49,Mujer,5,0.83,96966.42,3762283.1,38.79,32.33
2013,62,Río Negro,40 a 49,Varón,6,1,94807.19,3198267.55,33.72,33.72
2013,62,Río Negro,50 a 59,Mujer,9,1.5,94611.04,2803255.32,29.61,44.41
2013,62,Río Negro,50 a 59,Varón,24,4,91004.18,2267126.11,24.88,99.52
2013,62,Río Negro,60 a 69,Mujer,26,4.33,89138.12,1881505.15,21.06,91.27
2013,62,Río Negro,60 a 69,Varón,41,6.83,81649.99,1398833.14,17.06,116.56
2013,62,Río Negro,70 a 79,Mujer,38,6.33,77039.5,1045016.18,13.47,85.29
2013,62,Río Negro,70 a 79,Varón,60,10,62091.13,672544.48,10.69,106.87
2013,62,Río Negro,80+,Mujer,49,16.33,61218.22,517455,8.45,138.06
2013,62,Río Negro,80+,Varón,53,17.67,40745.57,276362.57,6.78,119.83
2013,66,Salta,20 a 29,Mujer,3,0.5,98676.96,5721835.44,57.98,28.99
2013,66,Salta,20 a 29,Varón,3,0.5,97988.53,5129326.1,52.34,26.17
2013,66,Salta,30 a 39,Mujer,6,1,98073.65,4737959.6,48.31,48.31
2013,66,Salta,30 a 39,Varón,5,0.83,96648.18,4156118.88,42.99,35.83
2013,66,Salta,40 a 49,Mujer,13,2.17,96966.42,3762283.1,38.79,84.05
2013,66,Salta,40 a 49,Varón,20,3.33,94807.19,3198267.55,33.72,112.4
2013,66,Salta,50 a 59,Mujer,34,5.67,94611.04,2803255.32,29.61,167.79
2013,66,Salta,50 a 59,Varón,66,11,91004.18,2267126.11,24.88,273.67
2013,66,Salta,60 a 69,Mujer,87,14.5,89138.12,1881505.15,21.06,305.39
2013,66,Salta,60 a 69,Varón,92,15.33,81649.99,1398833.14,17.06,261.54
2013,66,Salta,70 a 79,Mujer,105,17.5,77039.5,1045016.18,13.47,235.68
2013,66,Salta,70 a 79,Varón,120,20,62091.13,672544.48,10.69,213.74
2013,66,Salta,80+,Mujer,87,29,61218.22,517455,8.45,245.13
2013,66,Salta,80+,Varón,84,28,40745.57,276362.57,6.78,189.91
2013,70,San Juan,20 a 29,Mujer,5,0.83,98676.96,5721835.44,57.98,48.32
2013,70,San Juan,20 a 29,Varón,3,0.5,97988.53,5129326.1,52.34,26.17
2013,70,San Juan,30 a 39,Mujer,3,0.5,98073.65,4737959.6,48.31,24.15
2013,70,San Juan,30 a 39,Varón,3,0.5,96648.18,4156118.88,42.99,21.5
2013,70,San Juan,40 a 49,Mujer,7,1.17,96966.42,3762283.1,38.79,45.26
2013,70,San Juan,40 a 49,Varón,17,2.83,94807.19,3198267.55,33.72,95.54
2013,70,San Juan,50 a 59,Mujer,31,5.17,94611.04,2803255.32,29.61,152.98
2013,70,San Juan,50 a 59,Varón,54,9,91004.18,2267126.11,24.88,223.92
2013,70,San Juan,60 a 69,Mujer,89,14.83,89138.12,1881505.15,21.06,312.42
2013,70,San Juan,60 a 69,Varón,121,20.17,81649.99,1398833.14,17.06,343.99
2013,70,San Juan,70 a 79,Mujer,121,20.17,77039.5,1045016.18,13.47,271.59
2013,70,San Juan,70 a 79,Varón,147,24.5,62091.13,672544.48,10.69,261.84
2013,70,San Juan,80+,Mujer,117,39,61218.22,517455,8.45,329.65
2013,70,San Juan,80+,Varón,85,28.33,40745.57,276362.57,6.78,192.17
2013,74,San Luis,20 a 29,Mujer,0,0,98676.96,5721835.44,57.98,0
2013,74,San Luis,20 a 29,Varón,0,0,97988.53,5129326.1,52.34,0
2013,74,San Luis,30 a 39,Mujer,3,0.5,98073.65,4737959.6,48.31,24.15
2013,74,San Luis,30 a 39,Varón,0,0,96648.18,4156118.88,42.99,0
2013,74,San Luis,40 a 49,Mujer,6,1,96966.42,3762283.1,38.79,38.79
2013,74,San Luis,40 a 49,Varón,5,0.83,94807.19,3198267.55,33.72,28.1
2013,74,San Luis,50 a 59,Mujer,13,2.17,94611.04,2803255.32,29.61,64.15
2013,74,San Luis,50 a 59,Varón,22,3.67,91004.18,2267126.11,24.88,91.22
2013,74,San Luis,60 a 69,Mujer,39,6.5,89138.12,1881505.15,21.06,136.9
2013,74,San Luis,60 a 69,Varón,49,8.17,81649.99,1398833.14,17.06,139.3
2013,74,San Luis,70 a 79,Mujer,51,8.5,77039.5,1045016.18,13.47,114.47
2013,74,San Luis,70 a 79,Varón,56,9.33,62091.13,672544.48,10.69,99.75
2013,74,San Luis,80+,Mujer,58,19.33,61218.22,517455,8.45,163.42
2013,74,San Luis,80+,Varón,41,13.67,40745.57,276362.57,6.78,92.7
2013,78,Santa Cruz,20 a 29,Mujer,1,0.17,98676.96,5721835.44,57.98,9.66
2013,78,Santa Cruz,20 a 29,Varón,1,0.17,97988.53,5129326.1,52.34,8.72
2013,78,Santa Cruz,30 a 39,Mujer,1,0.17,98073.65,4737959.6,48.31,8.05
2013,78,Santa Cruz,30 a 39,Varón,2,0.33,96648.18,4156118.88,42.99,14.33
2013,78,Santa Cruz,40 a 49,Mujer,4,0.67,96966.42,3762283.1,38.79,25.86
2013,78,Santa Cruz,40 a 49,Varón,2,0.33,94807.19,3198267.55,33.72,11.24
2013,78,Santa Cruz,50 a 59,Mujer,3,0.5,94611.04,2803255.32,29.61,14.8
2013,78,Santa Cruz,50 a 59,Varón,13,2.17,91004.18,2267126.11,24.88,53.91
2013,78,Santa Cruz,60 a 69,Mujer,21,3.5,89138.12,1881505.15,21.06,73.72
2013,78,Santa Cruz,60 a 69,Varón,17,2.83,81649.99,1398833.14,17.06,48.33
2013,78,Santa Cruz,70 a 79,Mujer,25,4.17,77039.5,1045016.18,13.47,56.11
2013,78,Santa Cruz,70 a 79,Varón,28,4.67,62091.13,672544.48,10.69,49.87
2013,78,Santa Cruz,80+,Mujer,22,7.33,61218.22,517455,8.45,61.99
2013,78,Santa Cruz,80+,Varón,23,7.67,40745.57,276362.57,6.78,52
2013,82,Santa Fe,20 a 29,Mujer,6,1,98676.96,5721835.44,57.98,57.98
2013,82,Santa Fe,20 a 29,Varón,2,0.33,97988.53,5129326.1,52.34,17.45
2013,82,Santa Fe,30 a 39,Mujer,10,1.67,98073.65,4737959.6,48.31,80.51
2013,82,Santa Fe,30 a 39,Varón,9,1.5,96648.18,4156118.88,42.99,64.49
2013,82,Santa Fe,40 a 49,Mujer,15,2.5,96966.42,3762283.1,38.79,96.98
2013,82,Santa Fe,40 a 49,Varón,34,5.67,94807.19,3198267.55,33.72,191.08
2013,82,Santa Fe,50 a 59,Mujer,64,10.67,94611.04,2803255.32,29.61,315.84
2013,82,Santa Fe,50 a 59,Varón,124,20.67,91004.18,2267126.11,24.88,514.18
2013,82,Santa Fe,60 a 69,Mujer,216,36,89138.12,1881505.15,21.06,758.22
2013,82,Santa Fe,60 a 69,Varón,312,52,81649.99,1398833.14,17.06,886.98
2013,82,Santa Fe,70 a 79,Mujer,311,51.83,77039.5,1045016.18,13.47,698.06
2013,82,Santa Fe,70 a 79,Varón,401,66.83,62091.13,672544.48,10.69,714.26
2013,82,Santa Fe,80+,Mujer,455,151.67,61218.22,517455,8.45,1281.98
2013,82,Santa Fe,80+,Varón,310,103.33,40745.57,276362.57,6.78,700.87
2013,86,Santiago del Estero,20 a 29,Mujer,3,0.5,98676.96,5721835.44,57.98,28.99
2013,86,Santiago del Estero,20 a 29,Varón,1,0.17,97988.53,5129326.1,52.34,8.72
2013,86,Santiago del Estero,30 a 39,Mujer,1,0.17,98073.65,4737959.6,48.31,8.05
2013,86,Santiago del Estero,30 a 39,Varón,3,0.5,96648.18,4156118.88,42.99,21.5
2013,86,Santiago del Estero,40 a 49,Mujer,6,1,96966.42,3762283.1,38.79,38.79
2013,86,Santiago del Estero,40 a 49,Varón,10,1.67,94807.19,3198267.55,33.72,56.2
2013,86,Santiago del Estero,50 a 59,Mujer,15,2.5,94611.04,2803255.32,29.61,74.02
2013,86,Santiago del Estero,50 a 59,Varón,30,5,91004.18,2267126.11,24.88,124.4
2013,86,Santiago del Estero,60 a 69,Mujer,39,6.5,89138.12,1881505.15,21.06,136.9
2013,86,Santiago del Estero,60 a 69,Varón,45,7.5,81649.99,1398833.14,17.06,127.93
2013,86,Santiago del Estero,70 a 79,Mujer,54,9,77039.5,1045016.18,13.47,121.21
2013,86,Santiago del Estero,70 a 79,Varón,45,7.5,62091.13,672544.48,10.69,80.15
2013,86,Santiago del Estero,80+,Mujer,37,12.33,61218.22,517455,8.45,104.25
2013,86,Santiago del Estero,80+,Varón,24,8,40745.57,276362.57,6.78,54.26
2013,90,Tucumán,20 a 29,Mujer,3,0.5,98676.96,5721835.44,57.98,28.99
2013,90,Tucumán,20 a 29,Varón,4,0.67,97988.53,5129326.1,52.34,34.89
2013,90,Tucumán,30 a 39,Mujer,8,1.33,98073.65,4737959.6,48.31,64.41
2013,90,Tucumán,30 a 39,Varón,7,1.17,96648.18,4156118.88,42.99,50.16
2013,90,Tucumán,40 a 49,Mujer,13,2.17,96966.42,3762283.1,38.79,84.05
2013,90,Tucumán,40 a 49,Varón,20,3.33,94807.19,3198267.55,33.72,112.4
2013,90,Tucumán,50 a 59,Mujer,62,10.33,94611.04,2803255.32,29.61,305.97
2013,90,Tucumán,50 a 59,Varón,88,14.67,91004.18,2267126.11,24.88,364.9
2013,90,Tucumán,60 a 69,Mujer,148,24.67,89138.12,1881505.15,21.06,519.52
2013,90,Tucumán,60 a 69,Varón,175,29.17,81649.99,1398833.14,17.06,497.5
2013,90,Tucumán,70 a 79,Mujer,175,29.17,77039.5,1045016.18,13.47,392.8
2013,90,Tucumán,70 a 79,Varón,188,31.33,62091.13,672544.48,10.69,334.86
2013,90,Tucumán,80+,Mujer,227,75.67,61218.22,517455,8.45,639.58
2013,90,Tucumán,80+,Varón,131,43.67,40745.57,276362.57,6.78,296.18
2013,94,Tierra del Fuego,20 a 29,Mujer,0,0,98676.96,5721835.44,57.98,0
2013,94,Tierra del Fuego,20 a 29,Varón,0,0,97988.53,5129326.1,52.34,0
2013,94,Tierra del Fuego,30 a 39,Mujer,0,0,98073.65,4737959.6,48.31,0
2013,94,Tierra del Fuego,30 a 39,Varón,0,0,96648.18,4156118.88,42.99,0
2013,94,Tierra del Fuego,40 a 49,Mujer,0,0,96966.42,3762283.1,38.79,0
2013,94,Tierra del Fuego,40 a 49,Varón,0,0,94807.19,3198267.55,33.72,0
2013,94,Tierra del Fuego,50 a 59,Mujer,2,0.33,94611.04,2803255.32,29.61,9.87
2013,94,Tierra del Fuego,50 a 59,Varón,2,0.33,91004.18,2267126.11,24.88,8.29
2013,94,Tierra del Fuego,60 a 69,Mujer,2,0.33,89138.12,1881505.15,21.06,7.02
2013,94,Tierra del Fuego,60 a 69,Varón,9,1.5,81649.99,1398833.14,17.06,25.59
2013,94,Tierra del Fuego,70 a 79,Mujer,6,1,77039.5,1045016.18,13.47,13.47
2013,94,Tierra del Fuego,70 a 79,Varón,3,0.5,62091.13,672544.48,10.69,5.34
2013,94,Tierra del Fuego,80+,Mujer,6,2,61218.22,517455,8.45,16.91
2013,94,Tierra del Fuego,80+,Varón,3,1,40745.57,276362.57,6.78,6.78
2018,2,CABA,20 a 29,Mujer,3,0.5,98676.96,5721835.44,57.98,28.99
2018,2,CABA,20 a 29,Varón,4,0.67,97988.53,5129326.1,52.34,34.89
2018,2,CABA,30 a 39,Mujer,3,0.5,98073.65,4737959.6,48.31,24.15
2018,2,CABA,30 a 39,Varón,6,1,96648.18,4156118.88,42.99,42.99
2018,2,CABA,40 a 49,Mujer,12,2,96966.42,3762283.1,38.79,77.58
2018,2,CABA,40 a 49,Varón,12,2,94807.19,3198267.55,33.72,67.44
2018,2,CABA,50 a 59,Mujer,21,3.5,94611.04,2803255.32,29.61,103.63
2018,2,CABA,50 a 59,Varón,51,8.5,91004.18,2267126.11,24.88,211.48
2018,2,CABA,60 a 69,Mujer,43,7.17,89138.12,1881505.15,21.06,150.94
2018,2,CABA,60 a 69,Varón,114,19,81649.99,1398833.14,17.06,324.09
2018,2,CABA,70 a 79,Mujer,93,15.5,77039.5,1045016.18,13.47,208.75
2018,2,CABA,70 a 79,Varón,141,23.5,62091.13,672544.48,10.69,251.15
2018,2,CABA,80+,Mujer,245,81.67,61218.22,517455,8.45,690.3
2018,2,CABA,80+,Varón,165,55,40745.57,276362.57,6.78,373.05
2018,6,Buenos Aires,20 a 29,Mujer,26,4.33,98676.96,5721835.44,57.98,251.26
2018,6,Buenos Aires,20 a 29,Varón,21,3.5,97988.53,5129326.1,52.34,183.18
2018,6,Buenos Aires,30 a 39,Mujer,46,7.67,98073.65,4737959.6,48.31,370.34
2018,6,Buenos Aires,30 a 39,Varón,51,8.5,96648.18,4156118.88,42.99,365.45
2018,6,Buenos Aires,40 a 49,Mujer,121,20.17,96966.42,3762283.1,38.79,782.28
2018,6,Buenos Aires,40 a 49,Varón,147,24.5,94807.19,3198267.55,33.72,826.15
2018,6,Buenos Aires,50 a 59,Mujer,306,51,94611.04,2803255.32,29.61,1510.09
2018,6,Buenos Aires,50 a 59,Varón,517,86.17,91004.18,2267126.11,24.88,2143.78
2018,6,Buenos Aires,60 a 69,Mujer,658,109.67,89138.12,1881505.15,21.06,2309.77
2018,6,Buenos Aires,60 a 69,Varón,1179,196.5,81649.99,1398833.14,17.06,3351.75
2018,6,Buenos Aires,70 a 79,Mujer,1058,176.33,77039.5,1045016.18,13.47,2374.76
2018,6,Buenos Aires,70 a 79,Varón,1431,238.5,62091.13,672544.48,10.69,2548.89
2018,6,Buenos Aires,80+,Mujer,1510,503.33,61218.22,517455,8.45,4254.49
2018,6,Buenos Aires,80+,Varón,1103,367.67,40745.57,276362.57,6.78,2493.75
2018,10,Catamarca,20 a 29,Mujer,1,0.17,98676.96,5721835.44,57.98,9.66
2018,10,Catamarca,20 a 29,Varón,2,0.33,97988.53,5129326.1,52.34,17.45
2018,10,Catamarca,30 a 39,Mujer,3,0.5,98073.65,4737959.6,48.31,24.15
2018,10,Catamarca,30 a 39,Varón,1,0.17,96648.18,4156118.88,42.99,7.17
2018,10,Catamarca,40 a 49,Mujer,5,0.83,96966.42,3762283.1,38.79,32.33
2018,10,Catamarca,40 a 49,Varón,12,2,94807.19,3198267.55,33.72,67.44
2018,10,Catamarca,50 a 59,Mujer,12,2,94611.04,2803255.32,29.61,59.22
2018,10,Catamarca,50 a 59,Varón,30,5,91004.18,2267126.11,24.88,124.4
2018,10,Catamarca,60 a 69,Mujer,25,4.17,89138.12,1881505.15,21.06,87.76
2018,10,Catamarca,60 a 69,Varón,60,10,81649.99,1398833.14,17.06,170.57
2018,10,Catamarca,70 a 79,Mujer,46,7.67,77039.5,1045016.18,13.47,103.25
2018,10,Catamarca,70 a 79,Varón,48,8,62091.13,672544.48,10.69,85.5
2018,10,Catamarca,80+,Mujer,35,11.67,61218.22,517455,8.45,98.61
2018,10,Catamarca,80+,Varón,27,9,40745.57,276362.57,6.78,61.04
2018,14,Córdoba,20 a 29,Mujer,6,1,98676.96,5721835.44,57.98,57.98
2018,14,Córdoba,20 a 29,Varón,7,1.17,97988.53,5129326.1,52.34,61.06
2018,14,Córdoba,30 a 39,Mujer,8,1.33,98073.65,4737959.6,48.31,64.41
2018,14,Córdoba,30 a 39,Varón,27,4.5,96648.18,4156118.88,42.99,193.47
2018,14,Córdoba,40 a 49,Mujer,48,8,96966.42,3762283.1,38.79,310.33
2018,14,Córdoba,40 a 49,Varón,62,10.33,94807.19,3198267.55,33.72,348.44
2018,14,Córdoba,50 a 59,Mujer,94,15.67,94611.04,2803255.32,29.61,463.88
2018,14,Córdoba,50 a 59,Varón,171,28.5,91004.18,2267126.11,24.88,709.07
2018,14,Córdoba,60 a 69,Mujer,222,37,89138.12,1881505.15,21.06,779.28
2018,14,Córdoba,60 a 69,Varón,389,64.83,81649.99,1398833.14,17.06,1105.88
2018,14,Córdoba,70 a 79,Mujer,368,61.33,77039.5,1045016.18,13.47,826
2018,14,Córdoba,70 a 79,Varón,563,93.83,62091.13,672544.48,10.69,1002.81
2018,14,Córdoba,80+,Mujer,609,203,61218.22,517455,8.45,1715.88
2018,14,Córdoba,80+,Varón,398,132.67,40745.57,276362.57,6.78,899.83
2018,18,Corrientes,20 a 29,Mujer,2,0.33,98676.96,5721835.44,57.98,19.33
2018,18,Corrientes,20 a 29,Varón,0,0,97988.53,5129326.1,52.34,0
2018,18,Corrientes,30 a 39,Mujer,3,0.5,98073.65,4737959.6,48.31,24.15
2018,18,Corrientes,30 a 39,Varón,3,0.5,96648.18,4156118.88,42.99,21.5
2018,18,Corrientes,40 a 49,Mujer,17,2.83,96966.42,3762283.1,38.79,109.91
2018,18,Corrientes,40 a 49,Varón,15,2.5,94807.19,3198267.55,33.72,84.3
2018,18,Corrientes,50 a 59,Mujer,46,7.67,94611.04,2803255.32,29.61,227.01
2018,18,Corrientes,50 a 59,Varón,61,10.17,91004.18,2267126.11,24.88,252.94
2018,18,Corrientes,60 a 69,Mujer,103,17.17,89138.12,1881505.15,21.06,361.56
2018,18,Corrientes,60 a 69,Varón,152,25.33,81649.99,1398833.14,17.06,432.12
2018,18,Corrientes,70 a 79,Mujer,143,23.83,77039.5,1045016.18,13.47,320.97
2018,18,Corrientes,70 a 79,Varón,148,24.67,62091.13,672544.48,10.69,263.62
2018,18,Corrientes,80+,Mujer,155,51.67,61218.22,517455,8.45,436.72
2018,18,Corrientes,80+,Varón,68,22.67,40745.57,276362.57,6.78,153.74
2018,22,Chaco,20 a 29,Mujer,2,0.33,98676.96,5721835.44,57.98,19.33
2018,22,Chaco,20 a 29,Varón,3,0.5,97988.53,5129326.1,52.34,26.17
2018,22,Chaco,30 a 39,Mujer,14,2.33,98073.65,4737959.6,48.31,112.71
2018,22,Chaco,30 a 39,Varón,13,2.17,96648.18,4156118.88,42.99,93.15
2018,22,Chaco,40 a 49,Mujer,17,2.83,96966.42,3762283.1,38.79,109.91
2018,22,Chaco,40 a 49,Varón,26,4.33,94807.19,3198267.55,33.72,146.12
2018,22,Chaco,50 a 59,Mujer,71,11.83,94611.04,2803255.32,29.61,350.38
2018,22,Chaco,50 a 59,Varón,83,13.83,91004.18,2267126.11,24.88,344.17
2018,22,Chaco,60 a 69,Mujer,98,16.33,89138.12,1881505.15,21.06,344.01
2018,22,Chaco,60 a 69,Varón,160,26.67,81649.99,1398833.14,17.06,454.86
2018,22,Chaco,70 a 79,Mujer,109,18.17,77039.5,1045016.18,13.47,244.66
2018,22,Chaco,70 a 79,Varón,130,21.67,62091.13,672544.48,10.69,231.56
2018,22,Chaco,80+,Mujer,98,32.67,61218.22,517455,8.45,276.12
2018,22,Chaco,80+,Varón,64,21.33,40745.57,276362.57,6.78,144.7
2018,26,Chubut,20 a 29,Mujer,0,0,98676.96,5721835.44,57.98,0
2018,26,Chubut,20 a 29,Varón,2,0.33,97988.53,5129326.1,52.34,17.45
2018,26,Chubut,30 a 39,Mujer,0,0,98073.65,4737959.6,48.31,0
2018,26,Chubut,30 a 39,Varón,3,0.5,96648.18,4156118.88,42.99,21.5
2018,26,Chubut,40 a 49,Mujer,6,1,96966.42,3762283.1,38.79,38.79
2018,26,Chubut,40 a 49,Varón,9,1.5,94807.19,3198267.55,33.72,50.58
2018,26,Chubut,50 a 59,Mujer,6,1,94611.04,2803255.32,29.61,29.61
2018,26,Chubut,50 a 59,Varón,25,4.17,91004.18,2267126.11,24.88,103.66
2018,26,Chubut,60 a 69,Mujer,20,3.33,89138.12,1881505.15,21.06,70.21
2018,26,Chubut,60 a 69,Varón,42,7,81649.99,1398833.14,17.06,119.4
2018,26,Chubut,70 a 79,Mujer,43,7.17,77039.5,1045016.18,13.47,96.52
2018,26,Chubut,70 a 79,Varón,43,7.17,62091.13,672544.48,10.69,76.59
2018,26,Chubut,80+,Mujer,54,18,61218.22,517455,8.45,152.15
2018,26,Chubut,80+,Varón,46,15.33,40745.57,276362.57,6.78,104
2018,30,Entre Ríos,20 a 29,Mujer,3,0.5,98676.96,5721835.44,57.98,28.99
2018,30,Entre Ríos,20 a 29,Varón,1,0.17,97988.53,5129326.1,52.34,8.72
2018,30,Entre Ríos,30 a 39,Mujer,2,0.33,98073.65,4737959.6,48.31,16.1
2018,30,Entre Ríos,30 a 39,Varón,1,0.17,96648.18,4156118.88,42.99,7.17
2018,30,Entre Ríos,40 a 49,Mujer,17,2.83,96966.42,3762283.1,38.79,109.91
2018,30,Entre Ríos,40 a 49,Varón,15,2.5,94807.19,3198267.55,33.72,84.3
2018,30,Entre Ríos,50 a 59,Mujer,34,5.67,94611.04,2803255.32,29.61,167.79
2018,30,Entre Ríos,50 a 59,Varón,37,6.17,91004.18,2267126.11,24.88,153.42
2018,30,Entre Ríos,60 a 69,Mujer,91,15.17,89138.12,1881505.15,21.06,319.44
2018,30,Entre Ríos,60 a 69,Varón,165,27.5,81649.99,1398833.14,17.06,469.07
2018,30,Entre Ríos,70 a 79,Mujer,126,21,77039.5,1045016.18,13.47,282.82
2018,30,Entre Ríos,70 a 79,Varón,173,28.83,62091.13,672544.48,10.69,308.15
2018,30,Entre Ríos,80+,Mujer,164,54.67,61218.22,517455,8.45,462.08
2018,30,Entre Ríos,80+,Varón,96,32,40745.57,276362.57,6.78,217.04
2018,34,Formosa,20 a 29,Mujer,6,1,98676.96,5721835.44,57.98,57.98
2018,34,Formosa,20 a 29,Varón,0,0,97988.53,5129326.1,52.34,0
2018,34,Formosa,30 a 39,Mujer,4,0.67,98073.65,4737959.6,48.31,32.2
2018,34,Formosa,30 a 39,Varón,11,1.83,96648.18,4156118.88,42.99,78.82
2018,34,Formosa,40 a 49,Mujer,19,3.17,96966.42,3762283.1,38.79,122.84
2018,34,Formosa,40 a 49,Varón,31,5.17,94807.19,3198267.55,33.72,174.22
2018,34,Formosa,50 a 59,Mujer,42,7,94611.04,2803255.32,29.61,207.27
2018,34,Formosa,50 a 59,Varón,69,11.5,91004.18,2267126.11,24.88,286.11
2018,34,Formosa,60 a 69,Mujer,109,18.17,89138.12,1881505.15,21.06,382.62
2018,34,Formosa,60 a 69,Varón,131,21.83,81649.99,1398833.14,17.06,372.42
2018,34,Formosa,70 a 79,Mujer,107,17.83,77039.5,1045016.18,13.47,240.17
2018,34,Formosa,70 a 79,Varón,116,19.33,62091.13,672544.48,10.69,206.62
2018,34,Formosa,80+,Mujer,90,30,61218.22,517455,8.45,253.58
2018,34,Formosa,80+,Varón,60,20,40745.57,276362.57,6.78,135.65
2018,38,Jujuy,20 a 29,Mujer,1,0.17,98676.96,5721835.44,57.98,9.66
2018,38,Jujuy,20 a 29,Varón,0,0,97988.53,5129326.1,52.34,0
2018,38,Jujuy,30 a 39,Mujer,1,0.17,98073.65,4737959.6,48.31,8.05
2018,38,Jujuy,30 a 39,Varón,3,0.5,96648.18,4156118.88,42.99,21.5
2018,38,Jujuy,40 a 49,Mujer,2,0.33,96966.42,3762283.1,38.79,12.93
2018,38,Jujuy,40 a 49,Varón,10,1.67,94807.19,3198267.55,33.72,56.2
2018,38,Jujuy,50 a 59,Mujer,14,2.33,94611.04,2803255.32,29.61,69.09
2018,38,Jujuy,50 a 59,Varón,31,5.17,91004.18,2267126.11,24.88,128.54
2018,38,Jujuy,60 a 69,Mujer,36,6,89138.12,1881505.15,21.06,126.37
2018,38,Jujuy,60 a 69,Varón,50,8.33,81649.99,1398833.14,17.06,142.14
2018,38,Jujuy,70 a 79,Mujer,52,8.67,77039.5,1045016.18,13.47,116.72
2018,38,Jujuy,70 a 79,Varón,46,7.67,62091.13,672544.48,10.69,81.93
2018,38,Jujuy,80+,Mujer,48,16,61218.22,517455,8.45,135.24
2018,38,Jujuy,80+,Varón,27,9,40745.57,276362.57,6.78,61.04
2018,42,La Pampa,20 a 29,Mujer,0,0,98676.96,5721835.44,57.98,0
2018,42,La Pampa,20 a 29,Varón,0,0,97988.53,5129326.1,52.34,0
2018,42,La Pampa,30 a 39,Mujer,0,0,98073.65,4737959.6,48.31,0
2018,42,La Pampa,30 a 39,Varón,2,0.33,96648.18,4156118.88,42.99,14.33
2018,42,La Pampa,40 a 49,Mujer,4,0.67,96966.42,3762283.1,38.79,25.86
2018,42,La Pampa,40 a 49,Varón,2,0.33,94807.19,3198267.55,33.72,11.24
2018,42,La Pampa,50 a 59,Mujer,4,0.67,94611.04,2803255.32,29.61,19.74
2018,42,La Pampa,50 a 59,Varón,9,1.5,91004.18,2267126.11,24.88,37.32
2018,42,La Pampa,60 a 69,Mujer,12,2,89138.12,1881505.15,21.06,42.12
2018,42,La Pampa,60 a 69,Varón,19,3.17,81649.99,1398833.14,17.06,54.01
2018,42,La Pampa,70 a 79,Mujer,27,4.5,77039.5,1045016.18,13.47,60.6
2018,42,La Pampa,70 a 79,Varón,35,5.83,62091.13,672544.48,10.69,62.34
2018,42,La Pampa,80+,Mujer,40,13.33,61218.22,517455,8.45,112.7
2018,42,La Pampa,80+,Varón,32,10.67,40745.57,276362.57,6.78,72.35
2018,46,La Rioja,20 a 29,Mujer,1,0.17,98676.96,5721835.44,57.98,9.66
2018,46,La Rioja,20 a 29,Varón,0,0,97988.53,5129326.1,52.34,0
2018,46,La Rioja,30 a 39,Mujer,3,0.5,98073.65,4737959.6,48.31,24.15
2018,46,La Rioja,30 a 39,Varón,2,0.33,96648.18,4156118.88,42.99,14.33
2018,46,La Rioja,40 a 49,Mujer,4,0.67,96966.42,3762283.1,38.79,25.86
2018,46,La Rioja,40 a 49,Varón,12,2,94807.19,3198267.55,33.72,67.44
2018,46,La Rioja,50 a 59,Mujer,21,3.5,94611.04,2803255.32,29.61,103.63
2018,46,La Rioja,50 a 59,Varón,40,6.67,91004.18,2267126.11,24.88,165.86
2018,46,La Rioja,60 a 69,Mujer,25,4.17,89138.12,1881505.15,21.06,87.76
2018,46,La Rioja,60 a 69,Varón,63,10.5,81649.99,1398833.14,17.06,179.1
2018,46,La Rioja,70 a 79,Mujer,44,7.33,77039.5,1045016.18,13.47,98.76
2018,46,La Rioja,70 a 79,Varón,55,9.17,62091.13,672544.48,10.69,97.97
2018,46,La Rioja,80+,Mujer,50,16.67,61218.22,517455,8.45,140.88
2018,46,La Rioja,80+,Varón,32,10.67,40745.57,276362.57,6.78,72.35
2018,50,Mendoza,20 a 29,Mujer,5,0.83,98676.96,5721835.44,57.98,48.32
2018,50,Mendoza,20 a 29,Varón,2,0.33,97988.53,5129326.1,52.34,17.45
2018,50,Mendoza,30 a 39,Mujer,6,1,98073.65,4737959.6,48.31,48.31
2018,50,Mendoza,30 a 39,Varón,10,1.67,96648.18,4156118.88,42.99,71.66
2018,50,Mendoza,40 a 49,Mujer,13,2.17,96966.42,3762283.1,38.79,84.05
2018,50,Mendoza,40 a 49,Varón,33,5.5,94807.19,3198267.55,33.72,185.46
2018,50,Mendoza,50 a 59,Mujer,51,8.5,94611.04,2803255.32,29.61,251.68
2018,50,Mendoza,50 a 59,Varón,67,11.17,91004.18,2267126.11,24.88,277.82
2018,50,Mendoza,60 a 69,Mujer,162,27,89138.12,1881505.15,21.06,568.67
2018,50,Mendoza,60 a 69,Varón,214,35.67,81649.99,1398833.14,17.06,608.38
2018,50,Mendoza,70 a 79,Mujer,245,40.83,77039.5,1045016.18,13.47,549.92
2018,50,Mendoza,70 a 79,Varón,287,47.83,62091.13,672544.48,10.69,511.2
2018,50,Mendoza,80+,Mujer,362,120.67,61218.22,517455,8.45,1019.95
2018,50,Mendoza,80+,Varón,257,85.67,40745.57,276362.57,6.78,581.05
2018,54,Misiones,20 a 29,Mujer,5,0.83,98676.96,5721835.44,57.98,48.32
2018,54,Misiones,20 a 29,Varón,3,0.5,97988.53,5129326.1,52.34,26.17
2018,54,Misiones,30 a 39,Mujer,7,1.17,98073.65,4737959.6,48.31,56.36
2018,54,Misiones,30 a 39,Varón,5,0.83,96648.18,4156118.88,42.99,35.83
2018,54,Misiones,40 a 49,Mujer,14,2.33,96966.42,3762283.1,38.79,90.51
2018,54,Misiones,40 a 49,Varón,26,4.33,94807.19,3198267.55,33.72,146.12
2018,54,Misiones,50 a 59,Mujer,57,9.5,94611.04,2803255.32,29.61,281.29
2018,54,Misiones,50 a 59,Varón,92,15.33,91004.18,2267126.11,24.88,381.49
2018,54,Misiones,60 a 69,Mujer,132,22,89138.12,1881505.15,21.06,463.36
2018,54,Misiones,60 a 69,Varón,178,29.67,81649.99,1398833.14,17.06,506.03
2018,54,Misiones,70 a 79,Mujer,152,25.33,77039.5,1045016.18,13.47,341.18
2018,54,Misiones,70 a 79,Varón,143,23.83,62091.13,672544.48,10.69,254.71
2018,54,Misiones,80+,Mujer,148,49.33,61218.22,517455,8.45,417
2018,54,Misiones,80+,Varón,101,33.67,40745.57,276362.57,6.78,228.35
2018,58,Neuquén,20 a 29,Mujer,2,0.33,98676.96,5721835.44,57.98,19.33
2018,58,Neuquén,20 a 29,Varón,1,0.17,97988.53,5129326.1,52.34,8.72
2018,58,Neuquén,30 a 39,Mujer,1,0.17,98073.65,4737959.6,48.31,8.05
2018,58,Neuquén,30 a 39,Varón,3,0.5,96648.18,4156118.88,42.99,21.5
2018,58,Neuquén,40 a 49,Mujer,11,1.83,96966.42,3762283.1,38.79,71.12
2018,58,Neuquén,40 a 49,Varón,15,2.5,94807.19,3198267.55,33.72,84.3
2018,58,Neuquén,50 a 59,Mujer,33,5.5,94611.04,2803255.32,29.61,162.85
2018,58,Neuquén,50 a 59,Varón,42,7,91004.18,2267126.11,24.88,174.16
2018,58,Neuquén,60 a 69,Mujer,75,12.5,89138.12,1881505.15,21.06,263.27
2018,58,Neuquén,60 a 69,Varón,107,17.83,81649.99,1398833.14,17.06,304.19
2018,58,Neuquén,70 a 79,Mujer,111,18.5,77039.5,1045016.18,13.47,249.15
2018,58,Neuquén,70 a 79,Varón,154,25.67,62091.13,672544.48,10.69,274.3
2018,58,Neuquén,80+,Mujer,145,48.33,61218.22,517455,8.45,408.54
2018,58,Neuquén,80+,Varón,131,43.67,40745.57,276362.57,6.78,296.18
2018,62,Río Negro,20 a 29,Mujer,0,0,98676.96,5721835.44,57.98,0
2018,62,Río Negro,20 a 29,Varón,0,0,97988.53,5129326.1,52.34,0
2018,62,Río Negro,30 a 39,Mujer,0,0,98073.65,4737959.6,48.31,0
2018,62,Río Negro,30 a 39,Varón,3,0.5,96648.18,4156118.88,42.99,21.5
2018,62,Río Negro,40 a 49,Mujer,5,0.83,96966.42,3762283.1,38.79,32.33
2018,62,Río Negro,40 a 49,Varón,5,0.83,94807.19,3198267.55,33.72,28.1
2018,62,Río Negro,50 a 59,Mujer,7,1.17,94611.04,2803255.32,29.61,34.54
2018,62,Río Negro,50 a 59,Varón,34,5.67,91004.18,2267126.11,24.88,140.98
2018,62,Río Negro,60 a 69,Mujer,34,5.67,89138.12,1881505.15,21.06,119.35
2018,62,Río Negro,60 a 69,Varón,50,8.33,81649.99,1398833.14,17.06,142.14
2018,62,Río Negro,70 a 79,Mujer,47,7.83,77039.5,1045016.18,13.47,105.5
2018,62,Río Negro,70 a 79,Varón,81,13.5,62091.13,672544.48,10.69,144.28
2018,62,Río Negro,80+,Mujer,80,26.67,61218.22,517455,8.45,225.4
2018,62,Río Negro,80+,Varón,47,15.67,40745.57,276362.57,6.78,106.26
2018,66,Salta,20 a 29,Mujer,5,0.83,98676.96,5721835.44,57.98,48.32
2018,66,Salta,20 a 29,Varón,6,1,97988.53,5129326.1,52.34,52.34
2018,66,Salta,30 a 39,Mujer,3,0.5,98073.65,4737959.6,48.31,24.15
2018,66,Salta,30 a 39,Varón,6,1,96648.18,4156118.88,42.99,42.99
2018,66,Salta,40 a 49,Mujer,16,2.67,96966.42,3762283.1,38.79,103.44
2018,66,Salta,40 a 49,Varón,20,3.33,94807.19,3198267.55,33.72,112.4
2018,66,Salta,50 a 59,Mujer,63,10.5,94611.04,2803255.32,29.61,310.9
2018,66,Salta,50 a 59,Varón,72,12,91004.18,2267126.11,24.88,298.55
2018,66,Salta,60 a 69,Mujer,118,19.67,89138.12,1881505.15,21.06,414.21
2018,66,Salta,60 a 69,Varón,158,26.33,81649.99,1398833.14,17.06,449.17
2018,66,Salta,70 a 79,Mujer,111,18.5,77039.5,1045016.18,13.47,249.15
2018,66,Salta,70 a 79,Varón,148,24.67,62091.13,672544.48,10.69,263.62
2018,66,Salta,80+,Mujer,124,41.33,61218.22,517455,8.45,349.38
2018,66,Salta,80+,Varón,87,29,40745.57,276362.57,6.78,196.7
2018,70,San Juan,20 a 29,Mujer,1,0.17,98676.96,5721835.44,57.98,9.66
2018,70,San Juan,20 a 29,Varón,2,0.33,97988.53,5129326.1,52.34,17.45
2018,70,San Juan,30 a 39,Mujer,2,0.33,98073.65,4737959.6,48.31,16.1
2018,70,San Juan,30 a 39,Varón,6,1,96648.18,4156118.88,42.99,42.99
2018,70,San Juan,40 a 49,Mujer,7,1.17,96966.42,3762283.1,38.79,45.26
2018,70,San Juan,40 a 49,Varón,9,1.5,94807.19,3198267.55,33.72,50.58
2018,70,San Juan,50 a 59,Mujer,30,5,94611.04,2803255.32,29.61,148.05
2018,70,San Juan,50 a 59,Varón,36,6,91004.18,2267126.11,24.88,149.28
2018,70,San Juan,60 a 69,Mujer,74,12.33,89138.12,1881505.15,21.06,259.76
2018,70,San Juan,60 a 69,Varón,102,17,81649.99,1398833.14,17.06,289.97
2018,70,San Juan,70 a 79,Mujer,157,26.17,77039.5,1045016.18,13.47,352.4
2018,70,San Juan,70 a 79,Varón,152,25.33,62091.13,672544.48,10.69,270.74
2018,70,San Juan,80+,Mujer,161,53.67,61218.22,517455,8.45,453.62
2018,70,San Juan,80+,Varón,102,34,40745.57,276362.57,6.78,230.61
2018,74,San Luis,20 a 29,Mujer,1,0.17,98676.96,5721835.44,57.98,9.66
2018,74,San Luis,20 a 29,Varón,0,0,97988.53,5129326.1,52.34,0
2018,74,San Luis,30 a 39,Mujer,0,0,98073.65,4737959.6,48.31,0
2018,74,San Luis,30 a 39,Varón,1,0.17,96648.18,4156118.88,42.99,7.17
2018,74,San Luis,40 a 49,Mujer,3,0.5,96966.42,3762283.1,38.79,19.4
2018,74,San Luis,40 a 49,Varón,8,1.33,94807.19,3198267.55,33.72,44.96
2018,74,San Luis,50 a 59,Mujer,10,1.67,94611.04,2803255.32,29.61,49.35
2018,74,San Luis,50 a 59,Varón,15,2.5,91004.18,2267126.11,24.88,62.2
2018,74,San Luis,60 a 69,Mujer,29,4.83,89138.12,1881505.15,21.06,101.8
2018,74,San Luis,60 a 69,Varón,40,6.67,81649.99,1398833.14,17.06,113.72
2018,74,San Luis,70 a 79,Mujer,40,6.67,77039.5,1045016.18,13.47,89.78
2018,74,San Luis,70 a 79,Varón,76,12.67,62091.13,672544.48,10.69,135.37
2018,74,San Luis,80+,Mujer,63,21,61218.22,517455,8.45,177.51
2018,74,San Luis,80+,Varón,54,18,40745.57,276362.57,6.78,122.09
2018,78,Santa Cruz,20 a 29,Mujer,1,0.17,98676.96,5721835.44,57.98,9.66
2018,78,Santa Cruz,20 a 29,Varón,0,0,97988.53,5129326.1,52.34,0
2018,78,Santa Cruz,30 a 39,Mujer,0,0,98073.65,4737959.6,48.31,0
2018,78,Santa Cruz,30 a 39,Varón,0,0,96648.18,4156118.88,42.99,0
2018,78,Santa Cruz,40 a 49,Mujer,9,1.5,96966.42,3762283.1,38.79,58.19
2018,78,Santa Cruz,40 a 49,Varón,7,1.17,94807.19,3198267.55,33.72,39.34
2018,78,Santa Cruz,50 a 59,Mujer,13,2.17,94611.04,2803255.32,29.61,64.15
2018,78,Santa Cruz,50 a 59,Varón,26,4.33,91004.18,2267126.11,24.88,107.81
2018,78,Santa Cruz,60 a 69,Mujer,21,3.5,89138.12,1881505.15,21.06,73.72
2018,78,Santa Cruz,60 a 69,Varón,35,5.83,81649.99,1398833.14,17.06,99.5
2018,78,Santa Cruz,70 a 79,Mujer,41,6.83,77039.5,1045016.18,13.47,92.03
2018,78,Santa Cruz,70 a 79,Varón,44,7.33,62091.13,672544.48,10.69,78.37
2018,78,Santa Cruz,80+,Mujer,49,16.33,61218.22,517455,8.45,138.06
2018,78,Santa Cruz,80+,Varón,31,10.33,40745.57,276362.57,6.78,70.09
2018,82,Santa Fe,20 a 29,Mujer,2,0.33,98676.96,5721835.44,57.98,19.33
2018,82,Santa Fe,20 a 29,Varón,2,0.33,97988.53,5129326.1,52.34,17.45
2018,82,Santa Fe,30 a 39,Mujer,9,1.5,98073.65,4737959.6,48.31,72.46
2018,82,Santa Fe,30 a 39,Varón,8,1.33,96648.18,4156118.88,42.99,57.33
2018,82,Santa Fe,40 a 49,Mujer,22,3.67,96966.42,3762283.1,38.79,142.23
2018,82,Santa Fe,40 a 49,Varón,25,4.17,94807.19,3198267.55,33.72,140.5
2018,82,Santa Fe,50 a 59,Mujer,62,10.33,94611.04,2803255.32,29.61,305.97
2018,82,Santa Fe,50 a 59,Varón,116,19.33,91004.18,2267126.11,24.88,481
2018,82,Santa Fe,60 a 69,Mujer,164,27.33,89138.12,1881505.15,21.06,575.69
2018,82,Santa Fe,60 a 69,Varón,254,42.33,81649.99,1398833.14,17.06,722.09
2018,82,Santa Fe,70 a 79,Mujer,261,43.5,77039.5,1045016.18,13.47,585.83
2018,82,Santa Fe,70 a 79,Varón,321,53.5,62091.13,672544.48,10.69,571.76
2018,82,Santa Fe,80+,Mujer,368,122.67,61218.22,517455,8.45,1036.86
2018,82,Santa Fe,80+,Varón,275,91.67,40745.57,276362.57,6.78,621.74
2018,86,Santiago del Estero,20 a 29,Mujer,2,0.33,98676.96,5721835.44,57.98,19.33
2018,86,Santiago del Estero,20 a 29,Varón,1,0.17,97988.53,5129326.1,52.34,8.72
2018,86,Santiago del Estero,30 a 39,Mujer,7,1.17,98073.65,4737959.6,48.31,56.36
2018,86,Santiago del Estero,30 a 39,Varón,3,0.5,96648.18,4156118.88,42.99,21.5
2018,86,Santiago del Estero,40 a 49,Mujer,7,1.17,96966.42,3762283.1,38.79,45.26
2018,86,Santiago del Estero,40 a 49,Varón,15,2.5,94807.19,3198267.55,33.72,84.3
2018,86,Santiago del Estero,50 a 59,Mujer,27,4.5,94611.04,2803255.32,29.61,133.24
2018,86,Santiago del Estero,50 a 59,Varón,40,6.67,91004.18,2267126.11,24.88,165.86
2018,86,Santiago del Estero,60 a 69,Mujer,52,8.67,89138.12,1881505.15,21.06,182.53
2018,86,Santiago del Estero,60 a 69,Varón,70,11.67,81649.99,1398833.14,17.06,199
2018,86,Santiago del Estero,70 a 79,Mujer,74,12.33,77039.5,1045016.18,13.47,166.1
2018,86,Santiago del Estero,70 a 79,Varón,68,11.33,62091.13,672544.48,10.69,121.12
2018,86,Santiago del Estero,80+,Mujer,44,14.67,61218.22,517455,8.45,123.97
2018,86,Santiago del Estero,80+,Varón,39,13,40745.57,276362.57,6.78,88.17
2018,90,Tucumán,20 a 29,Mujer,5,0.83,98676.96,5721835.44,57.98,48.32
2018,90,Tucumán,20 a 29,Varón,4,0.67,97988.53,5129326.1,52.34,34.89
2018,90,Tucumán,30 a 39,Mujer,6,1,98073.65,4737959.6,48.31,48.31
2018,90,Tucumán,30 a 39,Varón,11,1.83,96648.18,4156118.88,42.99,78.82
2018,90,Tucumán,40 a 49,Mujer,20,3.33,96966.42,3762283.1,38.79,129.3
2018,90,Tucumán,40 a 49,Varón,24,4,94807.19,3198267.55,33.72,134.88
2018,90,Tucumán,50 a 59,Mujer,47,7.83,94611.04,2803255.32,29.61,231.94
2018,90,Tucumán,50 a 59,Varón,70,11.67,91004.18,2267126.11,24.88,290.26
2018,90,Tucumán,60 a 69,Mujer,140,23.33,89138.12,1881505.15,21.06,491.44
2018,90,Tucumán,60 a 69,Varón,168,28,81649.99,1398833.14,17.06,477.6
2018,90,Tucumán,70 a 79,Mujer,148,24.67,77039.5,1045016.18,13.47,332.2
2018,90,Tucumán,70 a 79,Varón,183,30.5,62091.13,672544.48,10.69,325.96
2018,90,Tucumán,80+,Mujer,151,50.33,61218.22,517455,8.45,425.45
2018,90,Tucumán,80+,Varón,120,40,40745.57,276362.57,6.78,271.31
2018,94,Tierra del Fuego,20 a 29,Mujer,0,0,98676.96,5721835.44,57.98,0
2018,94,Tierra del Fuego,20 a 29,Varón,0,0,97988.53,5129326.1,52.34,0
2018,94,Tierra del Fuego,30 a 39,Mujer,0,0,98073.65,4737959.6,48.31,0
2018,94,Tierra del Fuego,30 a 39,Varón,0,0,96648.18,4156118.88,42.99,0
2018,94,Tierra del Fuego,40 a 49,Mujer,0,0,96966.42,3762283.1,38.79,0
2018,94,Tierra del Fuego,40 a 49,Varón,1,0.17,94807.19,3198267.55,33.72,5.62
2018,94,Tierra del Fuego,50 a 59,Mujer,2,0.33,94611.04,2803255.32,29.61,9.87
2018,94,Tierra del Fuego,50 a 59,Varón,8,1.33,91004.18,2267126.11,24.88,33.17
2018,94,Tierra del Fuego,60 a 69,Mujer,9,1.5,89138.12,1881505.15,21.06,31.59
2018,94,Tierra del Fuego,60 a 69,Varón,25,4.17,81649.99,1398833.14,17.06,71.07
2018,94,Tierra del Fuego,70 a 79,Mujer,10,1.67,77039.5,1045016.18,13.47,22.45
2018,94,Tierra del Fuego,70 a 79,Varón,12,2,62091.13,672544.48,10.69,21.37
2018,94,Tierra del Fuego,80+,Mujer,6,2,61218.22,517455,8.45,16.91
2018,94,Tierra del Fuego,80+,Varón,9,3,40745.57,276362.57,6.78,20.35
