anio,region,grupo_edad_10,sexo,proy_pob,pob_est_2010
2005,Centro,30-39,Mujer,1743701,2948351
2005,Centro,30-39,Varón,1745931,2875168
2005,Centro,40-49,Mujer,1531577,2333346
2005,Centro,40-49,Varón,1449919,2226600
2005,Centro,50-59,Mujer,1367619,2043266
2005,Centro,50-59,Varón,1230611,1896227
2005,Centro,60-69,Mujer,1068602,1572788
2005,Centro,60-69,Varón,887810,1360347
2005,Centro,70-79,Mujer,844627,1067525
2005,Centro,70-79,Varón,562451,769536
2005,Centro,80+,Mujer,438009,671649
2005,Centro,80+,Varón,201873,329851
2005,Cuyo,30-39,Mujer,179300,2948351
2005,Cuyo,30-39,Varón,176442,2875168
2005,Cuyo,40-49,Mujer,154218,2333346
2005,Cuyo,40-49,Varón,144167,2226600
2005,Cuyo,50-59,Mujer,136954,2043266
2005,Cuyo,50-59,Varón,125729,1896227
2005,Cuyo,60-69,Mujer,97759,1572788
2005,Cuyo,60-69,Varón,85223,1360347
2005,Cuyo,70-79,Mujer,68525,1067525
2005,Cuyo,70-79,Varón,51782,769536
2005,Cuyo,80+,Mujer,30223,671649
2005,Cuyo,80+,Varón,17815,329851
2005,Noreste,30-39,Mujer,213078,2948351
2005,Noreste,30-39,Varón,209149,2875168
2005,Noreste,40-49,Mujer,189266,2333346
2005,Noreste,40-49,Varón,189232,2226600
2005,Noreste,50-59,Mujer,135724,2043266
2005,Noreste,50-59,Varón,141055,1896227
2005,Noreste,60-69,Mujer,92279,1572788
2005,Noreste,60-69,Varón,85841,1360347
2005,Noreste,70-79,Mujer,58784,1067525
2005,Noreste,70-79,Varón,47853,769536
2005,Noreste,80+,Mujer,22691,671649
2005,Noreste,80+,Varón,14694,329851
2005,Noroeste,30-39,Mujer,297625,2948351
2005,Noroeste,30-39,Varón,298714,2875168
2005,Noroeste,40-49,Mujer,248130,2333346
2005,Noroeste,40-49,Varón,241830,2226600
2005,Noroeste,50-59,Mujer,197843,2043266
2005,Noroeste,50-59,Varón,194773,1896227
2005,Noroeste,60-69,Mujer,130299,1572788
2005,Noroeste,60-69,Varón,119535,1360347
2005,Noroeste,70-79,Mujer,87786,1067525
2005,Noroeste,70-79,Varón,69640,769536
2005,Noroeste,80+,Mujer,35046,671649
2005,Noroeste,80+,Varón,21712,329851
2005,Patagonia,30-39,Mujer,134119,2948351
2005,Patagonia,30-39,Varón,133610,2875168
2005,Patagonia,40-49,Mujer,115557,2333346
2005,Patagonia,40-49,Varón,116417,2226600
2005,Patagonia,50-59,Mujer,83320,2043266
2005,Patagonia,50-59,Varón,84369,1896227
2005,Patagonia,60-69,Mujer,52184,1572788
2005,Patagonia,60-69,Varón,51068,1360347
2005,Patagonia,70-79,Mujer,31676,1067525
2005,Patagonia,70-79,Varón,26004,769536
2005,Patagonia,80+,Mujer,12807,671649
2005,Patagonia,80+,Varón,7938,329851
2009,Centro,30-39,Mujer,1891343,2948351
2009,Centro,30-39,Varón,1838829,2875168
2009,Centro,40-49,Mujer,1564216,2333346
2009,Centro,40-49,Varón,1481716,2226600
2009,Centro,50-59,Mujer,1387935,2043266
2009,Centro,50-59,Varón,1264290,1896227
2009,Centro,60-69,Mujer,1105123,1572788
2009,Centro,60-69,Varón,926656,1360347
2009,Centro,70-79,Mujer,796295,1067525
2009,Centro,70-79,Varón,553326,769536
2009,Centro,80+,Mujer,501189,671649
2009,Centro,80+,Varón,232439,329851
2009,Cuyo,30-39,Mujer,196689,2948351
2009,Cuyo,30-39,Varón,189993,2875168
2009,Cuyo,40-49,Mujer,158851,2333346
2009,Cuyo,40-49,Varón,149663,2226600
2009,Cuyo,50-59,Mujer,140070,2043266
2009,Cuyo,50-59,Varón,128128,1896227
2009,Cuyo,60-69,Mujer,106743,1572788
2009,Cuyo,60-69,Varón,92727,1360347
2009,Cuyo,70-79,Mujer,69315,1067525
2009,Cuyo,70-79,Varón,52571,769536
2009,Cuyo,80+,Mujer,36729,671649
2009,Cuyo,80+,Varón,20392,329851
2009,Noreste,30-39,Mujer,241300,2948351
2009,Noreste,30-39,Varón,229325,2875168
2009,Noreste,40-49,Mujer,194960,2333346
2009,Noreste,40-49,Varón,190124,2226600
2009,Noreste,50-59,Mujer,151421,2043266
2009,Noreste,50-59,Varón,152109,1896227
2009,Noreste,60-69,Mujer,100782,1572788
2009,Noreste,60-69,Varón,95806,1360347
2009,Noreste,70-79,Mujer,62805,1067525
2009,Noreste,70-79,Varón,51321,769536
2009,Noreste,80+,Mujer,30206,671649
2009,Noreste,80+,Varón,18934,329851
2009,Noroeste,30-39,Mujer,335203,2948351
2009,Noroeste,30-39,Varón,323395,2875168
2009,Noroeste,40-49,Mujer,254550,2333346
2009,Noroeste,40-49,Varón,246247,2226600
2009,Noroeste,50-59,Mujer,209347,2043266
2009,Noroeste,50-59,Varón,201663,1896227
2009,Noroeste,60-69,Mujer,144445,1572788
2009,Noroeste,60-69,Varón,132593,1360347
2009,Noroeste,70-79,Mujer,91061,1067525
2009,Noroeste,70-79,Varón,72472,769536
2009,Noroeste,80+,Mujer,46665,671649
2009,Noroeste,80+,Varón,27746,329851
2009,Patagonia,30-39,Mujer,155164,2948351
2009,Patagonia,30-39,Varón,153756,2875168
2009,Patagonia,40-49,Mujer,122057,2333346
2009,Patagonia,40-49,Varón,121700,2226600
2009,Patagonia,50-59,Mujer,91126,2043266
2009,Patagonia,50-59,Varón,92267,1896227
2009,Patagonia,60-69,Mujer,58299,1572788
2009,Patagonia,60-69,Varón,56209,1360347
2009,Patagonia,70-79,Mujer,33861,1067525
2009,Patagonia,70-79,Varón,28032,769536
2009,Patagonia,80+,Mujer,16856,671649
2009,Patagonia,80+,Varón,9836,329851
2013,Centro,30-39,Mujer,2058378,2948351
2013,Centro,30-39,Varón,2020937,2875168
2013,Centro,40-49,Mujer,1655713,2333346
2013,Centro,40-49,Varón,1579523,2226600
2013,Centro,50-59,Mujer,1455985,2043266
2013,Centro,50-59,Varón,1330818,1896227
2013,Centro,60-69,Mujer,1207651,1572788
2013,Centro,60-69,Varón,1017013,1360347
2013,Centro,70-79,Mujer,826761,1067525
2013,Centro,70-79,Varón,580981,769536
2013,Centro,80+,Mujer,556440,671649
2013,Centro,80+,Varón,260908,329851
2013,Cuyo,30-39,Mujer,216815,2948351
2013,Cuyo,30-39,Varón,213726,2875168
2013,Cuyo,40-49,Mujer,170258,2333346
2013,Cuyo,40-49,Varón,162329,2226600
2013,Cuyo,50-59,Mujer,147468,2043266
2013,Cuyo,50-59,Varón,134981,1896227
2013,Cuyo,60-69,Mujer,122529,1572788
2013,Cuyo,60-69,Varón,106127,1360347
2013,Cuyo,70-79,Mujer,76202,1067525
2013,Cuyo,70-79,Varón,57809,769536
2013,Cuyo,80+,Mujer,44094,671649
2013,Cuyo,80+,Varón,24555,329851
2013,Noreste,30-39,Mujer,264248,2948351
2013,Noreste,30-39,Varón,250616,2875168
2013,Noreste,40-49,Mujer,207337,2333346
2013,Noreste,40-49,Varón,197662,2226600
2013,Noreste,50-59,Mujer,174096,2043266
2013,Noreste,50-59,Varón,170630,1896227
2013,Noreste,60-69,Mujer,117768,1572788
2013,Noreste,60-69,Varón,113051,1360347
2013,Noreste,70-79,Mujer,70930,1067525
2013,Noreste,70-79,Varón,57419,769536
2013,Noreste,80+,Mujer,37366,671649
2013,Noreste,80+,Varón,22412,329851
2013,Noroeste,30-39,Mujer,378628,2948351
2013,Noroeste,30-39,Varón,365524,2875168
2013,Noroeste,40-49,Mujer,276717,2333346
2013,Noroeste,40-49,Varón,266757,2226600
2013,Noroeste,50-59,Mujer,230645,2043266
2013,Noroeste,50-59,Varón,218808,1896227
2013,Noroeste,60-69,Mujer,169841,1572788
2013,Noroeste,60-69,Varón,156708,1360347
2013,Noroeste,70-79,Mujer,100563,1067525
2013,Noroeste,70-79,Varón,80239,769536
2013,Noroeste,80+,Mujer,56995,671649
2013,Noroeste,80+,Varón,32903,329851
2013,Patagonia,30-39,Mujer,179527,2948351
2013,Patagonia,30-39,Varón,181422,2875168
2013,Patagonia,40-49,Mujer,136473,2333346
2013,Patagonia,40-49,Varón,135141,2226600
2013,Patagonia,50-59,Mujer,108256,2043266
2013,Patagonia,50-59,Varón,107382,1896227
2013,Patagonia,60-69,Mujer,72948,1572788
2013,Patagonia,60-69,Varón,69566,1360347
2013,Patagonia,70-79,Mujer,40506,1067525
2013,Patagonia,70-79,Varón,33370,769536
2013,Patagonia,80+,Mujer,21927,671649
2013,Patagonia,80+,Varón,12847,329851
2018,Centro,30-39,Mujer,2128993,2948351
2018,Centro,30-39,Varón,2106742,2875168
2018,Centro,40-49,Mujer,1862586,2333346
2018,Centro,40-49,Varón,1793891,2226600
2018,Centro,50-59,Mujer,1513033,2043266
2018,Centro,50-59,Varón,1392676,1896227
2018,Centro,60-69,Mujer,1295937,1572788
2018,Centro,60-69,Varón,1095761,1360347
2018,Centro,70-79,Mujer,920063,1067525
2018,Centro,70-79,Varón,657153,769536
2018,Centro,80+,Mujer,601792,671649
2018,Centro,80+,Varón,285959,329851
2018,Cuyo,30-39,Mujer,226543,2948351
2018,Cuyo,30-39,Varón,226175,2875168
2018,Cuyo,40-49,Mujer,195381,2333346
2018,Cuyo,40-49,Varón,188793,2226600
2018,Cuyo,50-59,Mujer,153536,2043266
2018,Cuyo,50-59,Varón,142136,1896227
2018,Cuyo,60-69,Mujer,133128,1572788
2018,Cuyo,60-69,Varón,114558,1360347
2018,Cuyo,70-79,Mujer,90096,1067525
2018,Cuyo,70-79,Varón,68782,769536
2018,Cuyo,80+,Mujer,50859,671649
2018,Cuyo,80+,Varón,28306,329851
2018,Noreste,30-39,Mujer,277078,2948351
2018,Noreste,30-39,Varón,261848,2875168
2018,Noreste,40-49,Mujer,231029,2333346
2018,Noreste,40-49,Varón,217530,2226600
2018,Noreste,50-59,Mujer,186819,2043266
2018,Noreste,50-59,Varón,178906,1896227
2018,Noreste,60-69,Mujer,140618,1572788
2018,Noreste,60-69,Varón,132753,1360347
2018,Noreste,70-79,Mujer,81417,1067525
2018,Noreste,70-79,Varón,67091,769536
2018,Noreste,80+,Mujer,45745,671649
2018,Noreste,80+,Varón,26627,329851
2018,Noroeste,30-39,Mujer,392125,2948351
2018,Noroeste,30-39,Varón,378332,2875168
2018,Noroeste,40-49,Mujer,328725,2333346
2018,Noroeste,40-49,Varón,315383,2226600
2018,Noroeste,50-59,Mujer,243825,2043266
2018,Noroeste,50-59,Varón,230181,1896227
2018,Noroeste,60-69,Mujer,196321,1572788
2018,Noroeste,60-69,Varón,179015,1360347
2018,Noroeste,70-79,Mujer,118180,1067525
2018,Noroeste,70-79,Varón,95541,769536
2018,Noroeste,80+,Mujer,67481,671649
2018,Noroeste,80+,Varón,38616,329851
2018,Patagonia,30-39,Mujer,192183,2948351
2018,Patagonia,30-39,Varón,196307,2875168
2018,Patagonia,40-49,Mujer,161595,2333346
2018,Patagonia,40-49,Varón,161783,2226600
2018,Patagonia,50-59,Mujer,121059,2043266
2018,Patagonia,50-59,Varón,118209,1896227
2018,Patagonia,60-69,Mujer,87919,1572788
2018,Patagonia,60-69,Varón,83301,1360347
2018,Patagonia,70-79,Mujer,50487,1067525
2018,Patagonia,70-79,Varón,41830,769536
2018,Patagonia,80+,Mujer,27226,671649
2018,Patagonia,80+,Varón,15971,329851
