anio_enfr,region,grupo_edad_10,sexo,dm_total,dm_total_se,dm_total_cv,dm_prev,dm_prev_se,dm_prev_cv,dm2_total,dm2_prev
2005,Centro,30-39,Mujer,117806,21243.51,0.18,0.07,0.01,0.17,106025.4,0.06
2005,Centro,30-39,Varón,56720,13195.47,0.23,0.04,0.01,0.23,51048,0.04
2005,Centro,40-49,Mujer,71746,14918.62,0.21,0.05,0.01,0.2,64571.4,0.04
2005,Centro,40-49,Varón,79440,19521.43,0.25,0.06,0.01,0.24,71496,0.05
2005,Centro,50-59,Mujer,149224,24366.73,0.16,0.12,0.02,0.15,134301.6,0.11
2005,Centro,50-59,Varón,155504,24544.61,0.16,0.13,0.02,0.15,139953.6,0.12
2005,Centro,60-69,Mujer,205680,28385.7,0.14,0.21,0.02,0.12,185112,0.19
2005,Centro,60-69,Varón,186418,25509.62,0.14,0.21,0.03,0.12,167776.2,0.19
2005,Centro,70-79,Mujer,118786,19568.95,0.16,0.16,0.02,0.15,106907.4,0.14
2005,Centro,70-79,Varón,104985,19606.5,0.19,0.18,0.03,0.17,94486.5,0.16
2005,Centro,80+,Mujer,45661,11123.88,0.24,0.13,0.03,0.23,41094.9,0.12
2005,Centro,80+,Varón,47238,15402.03,0.33,0.25,0.07,0.28,42514.2,0.22
2005,Cuyo,30-39,Mujer,8689,1610.17,0.19,0.05,0.01,0.18,7820.1,0.05
2005,Cuyo,30-39,Varón,3053,907.75,0.3,0.02,0.01,0.3,2747.7,0.02
2005,Cuyo,40-49,Mujer,10866,1863.24,0.17,0.09,0.01,0.17,9779.4,0.08
2005,Cuyo,40-49,Varón,5196,1448.15,0.28,0.05,0.01,0.28,4676.4,0.04
2005,Cuyo,50-59,Mujer,13092,2417.33,0.18,0.12,0.02,0.17,11782.8,0.11
2005,Cuyo,50-59,Varón,13458,3272.25,0.24,0.12,0.03,0.23,12112.2,0.11
2005,Cuyo,60-69,Mujer,12531,2751.68,0.22,0.14,0.03,0.2,11277.9,0.13
2005,Cuyo,60-69,Varón,8102,1672.49,0.21,0.14,0.03,0.2,7291.8,0.13
2005,Cuyo,70-79,Mujer,8629,1702.67,0.2,0.13,0.03,0.19,7766.1,0.12
2005,Cuyo,70-79,Varón,8678,1923.15,0.22,0.23,0.05,0.2,7810.2,0.21
2005,Cuyo,80+,Mujer,4497,1464.1,0.33,0.18,0.05,0.29,4047.3,0.17
2005,Cuyo,80+,Varón,4770,1519.11,0.32,0.29,0.08,0.26,4293,0.26
2005,Noreste,30-39,Mujer,12210,2009.67,0.16,0.07,0.01,0.16,10989,0.06
2005,Noreste,30-39,Varón,4037,996.52,0.25,0.03,0.01,0.25,3633.3,0.02
2005,Noreste,40-49,Mujer,9945,1529.06,0.15,0.08,0.01,0.15,8950.5,0.07
2005,Noreste,40-49,Varón,8584,1596.64,0.19,0.06,0.01,0.18,7725.6,0.06
2005,Noreste,50-59,Mujer,16206,2720.73,0.17,0.15,0.02,0.15,14585.4,0.13
2005,Noreste,50-59,Varón,14999,2592.43,0.17,0.13,0.02,0.16,13499.1,0.12
2005,Noreste,60-69,Mujer,15442,2267.92,0.15,0.22,0.03,0.13,13897.8,0.2
2005,Noreste,60-69,Varón,8596,1587.2,0.18,0.16,0.03,0.17,7736.4,0.15
2005,Noreste,70-79,Mujer,9311,1868.44,0.2,0.19,0.03,0.18,8379.9,0.17
2005,Noreste,70-79,Varón,7306,1486.85,0.2,0.19,0.04,0.19,6575.4,0.18
2005,Noreste,80+,Mujer,1498,493.87,0.33,0.08,0.03,0.33,1348.2,0.07
2005,Noreste,80+,Varón,1519,514.28,0.34,0.12,0.04,0.33,1367.1,0.11
2005,Noroeste,30-39,Mujer,16113,2594.3,0.16,0.06,0.01,0.16,14501.7,0.05
2005,Noroeste,30-39,Varón,4842,947.29,0.2,0.02,0,0.2,4357.8,0.02
2005,Noroeste,40-49,Mujer,12412,1695.43,0.14,0.07,0.01,0.13,11170.8,0.06
2005,Noroeste,40-49,Varón,9051,1675.4,0.19,0.05,0.01,0.18,8145.9,0.05
2005,Noroeste,50-59,Mujer,21742,2751.61,0.13,0.13,0.02,0.12,19567.8,0.12
2005,Noroeste,50-59,Varón,13901,2069.18,0.15,0.09,0.01,0.15,12510.9,0.08
2005,Noroeste,60-69,Mujer,16897,2544.83,0.15,0.19,0.03,0.13,15207.3,0.17
2005,Noroeste,60-69,Varón,17678,2496.85,0.14,0.2,0.03,0.13,15910.2,0.18
2005,Noroeste,70-79,Mujer,8586,1640.37,0.19,0.13,0.02,0.18,7727.4,0.12
2005,Noroeste,70-79,Varón,7760,1616.84,0.21,0.14,0.03,0.2,6984,0.13
2005,Noroeste,80+,Mujer,3541,1064.6,0.3,0.12,0.03,0.29,3186.9,0.1
2005,Noroeste,80+,Varón,2352,1063.61,0.45,0.13,0.06,0.42,2116.8,0.12
2005,Patagonia,30-39,Mujer,12033,1614.37,0.13,0.09,0.01,0.13,10829.7,0.08
2005,Patagonia,30-39,Varón,4301,933.58,0.22,0.04,0.01,0.21,3870.9,0.04
2005,Patagonia,40-49,Mujer,9514,1236.69,0.13,0.11,0.01,0.12,8562.6,0.1
2005,Patagonia,40-49,Varón,6260,1184.77,0.19,0.07,0.01,0.18,5634,0.06
2005,Patagonia,50-59,Mujer,11478,1425.31,0.12,0.15,0.02,0.12,10330.2,0.13
2005,Patagonia,50-59,Varón,10184,1523.76,0.15,0.13,0.02,0.14,9165.6,0.12
2005,Patagonia,60-69,Mujer,7452,1288.73,0.17,0.17,0.03,0.16,6706.8,0.15
2005,Patagonia,60-69,Varón,8725,1584.16,0.18,0.19,0.03,0.16,7852.5,0.17
2005,Patagonia,70-79,Mujer,7106,1135.07,0.16,0.24,0.03,0.14,6395.4,0.22
2005,Patagonia,70-79,Varón,4346,792.36,0.18,0.22,0.04,0.17,3911.4,0.2
2005,Patagonia,80+,Mujer,2489,722,0.29,0.21,0.05,0.25,2240.1,0.19
2005,Patagonia,80+,Varón,1027,834.42,0.81,0.16,0.11,0.71,924.3,0.14
2009,Centro,30-39,Mujer,135580,17462.44,0.13,0.08,0.01,0.12,122022,0.07
2009,Centro,30-39,Varón,59585,10713.67,0.18,0.04,0.01,0.18,53626.5,0.03
2009,Centro,40-49,Mujer,139804,17238.29,0.12,0.09,0.01,0.12,125823.6,0.08
2009,Centro,40-49,Varón,83629,13174.22,0.16,0.07,0.01,0.15,75266.1,0.06
2009,Centro,50-59,Mujer,152516,17970.86,0.12,0.11,0.01,0.11,137264.4,0.1
2009,Centro,50-59,Varón,148006,18624.51,0.13,0.13,0.01,0.12,133205.4,0.11
2009,Centro,60-69,Mujer,208141,20575.51,0.1,0.18,0.02,0.09,187326.9,0.16
2009,Centro,60-69,Varón,181597,21106.31,0.12,0.19,0.02,0.1,163437.3,0.17
2009,Centro,70-79,Mujer,134462,14795.49,0.11,0.18,0.02,0.1,121015.8,0.16
2009,Centro,70-79,Varón,139278,17164.48,0.12,0.24,0.03,0.11,125350.2,0.22
2009,Centro,80+,Mujer,65099,9786.46,0.15,0.17,0.02,0.14,58589.1,0.15
2009,Centro,80+,Varón,45243,8803.45,0.19,0.19,0.03,0.18,40718.7,0.18
2009,Cuyo,30-39,Mujer,9494,2025.88,0.21,0.06,0.01,0.21,8544.6,0.05
2009,Cuyo,30-39,Varón,10700,3147.12,0.29,0.07,0.02,0.28,9630,0.06
2009,Cuyo,40-49,Mujer,11688,2379.93,0.2,0.1,0.02,0.2,10519.2,0.09
2009,Cuyo,40-49,Varón,10453,2725.27,0.26,0.1,0.02,0.25,9407.7,0.09
2009,Cuyo,50-59,Mujer,12508,2990.4,0.24,0.1,0.02,0.23,11257.2,0.09
2009,Cuyo,50-59,Varón,14339,3421.51,0.24,0.14,0.03,0.22,12905.1,0.12
2009,Cuyo,60-69,Mujer,25566,3906.7,0.15,0.23,0.03,0.13,23009.4,0.21
2009,Cuyo,60-69,Varón,16579,3553.66,0.21,0.22,0.04,0.19,14921.1,0.2
2009,Cuyo,70-79,Mujer,13729,2632.65,0.19,0.21,0.04,0.17,12356.1,0.19
2009,Cuyo,70-79,Varón,11477,2422.36,0.21,0.21,0.04,0.2,10329.3,0.18
2009,Cuyo,80+,Mujer,4627,1523.5,0.33,0.19,0.06,0.3,4164.3,0.17
2009,Cuyo,80+,Varón,3530,1811.14,0.51,0.17,0.08,0.46,3177,0.15
2009,Noreste,30-39,Mujer,14838,2537.12,0.17,0.08,0.01,0.16,13354.2,0.07
2009,Noreste,30-39,Varón,5662,1439.46,0.25,0.03,0.01,0.25,5095.8,0.03
2009,Noreste,40-49,Mujer,17276,3989.19,0.23,0.1,0.02,0.21,15548.4,0.09
2009,Noreste,40-49,Varón,9177,1915.77,0.21,0.06,0.01,0.2,8259.3,0.06
2009,Noreste,50-59,Mujer,23896,3664.52,0.15,0.19,0.03,0.14,21506.4,0.17
2009,Noreste,50-59,Varón,11683,2405.6,0.21,0.1,0.02,0.2,10514.7,0.09
2009,Noreste,60-69,Mujer,17870,2697.3,0.15,0.2,0.03,0.14,16083,0.18
2009,Noreste,60-69,Varón,12608,2787.29,0.22,0.18,0.04,0.2,11347.2,0.16
2009,Noreste,70-79,Mujer,11450,2201.62,0.19,0.23,0.04,0.17,10305,0.2
2009,Noreste,70-79,Varón,10471,2129.99,0.2,0.28,0.05,0.17,9423.9,0.25
2009,Noreste,80+,Mujer,3088,1172.51,0.38,0.13,0.05,0.36,2779.2,0.12
2009,Noreste,80+,Varón,553,408.88,0.74,0.05,0.03,0.73,497.7,0.04
2009,Noroeste,30-39,Mujer,21571,2874.64,0.13,0.08,0.01,0.13,19413.9,0.07
2009,Noroeste,30-39,Varón,11560,2714.23,0.23,0.05,0.01,0.23,10404,0.04
2009,Noroeste,40-49,Mujer,24059,3518.85,0.15,0.1,0.01,0.14,21653.1,0.09
2009,Noroeste,40-49,Varón,15208,2583.62,0.17,0.08,0.01,0.16,13687.2,0.07
2009,Noroeste,50-59,Mujer,33270,4134.04,0.12,0.18,0.02,0.11,29943,0.16
2009,Noroeste,50-59,Varón,31687,4477.19,0.14,0.2,0.02,0.13,28518.3,0.18
2009,Noroeste,60-69,Mujer,28544,3731.58,0.13,0.21,0.02,0.12,25689.6,0.19
2009,Noroeste,60-69,Varón,21068,3174,0.15,0.19,0.03,0.14,18961.2,0.17
2009,Noroeste,70-79,Mujer,15198,2197.87,0.14,0.24,0.03,0.13,13678.2,0.21
2009,Noroeste,70-79,Varón,10612,2104.07,0.2,0.17,0.03,0.19,9550.8,0.15
2009,Noroeste,80+,Mujer,6305,1713.78,0.27,0.17,0.04,0.25,5674.5,0.15
2009,Noroeste,80+,Varón,4470,1728.17,0.39,0.23,0.07,0.32,4023,0.21
2009,Patagonia,30-39,Mujer,10379,1619.07,0.16,0.08,0.01,0.15,9341.1,0.07
2009,Patagonia,30-39,Varón,5706,1142.41,0.2,0.05,0.01,0.2,5135.4,0.05
2009,Patagonia,40-49,Mujer,10059,1432.17,0.14,0.09,0.01,0.14,9053.1,0.08
2009,Patagonia,40-49,Varón,9051,1763.29,0.19,0.11,0.02,0.18,8145.9,0.1
2009,Patagonia,50-59,Mujer,12639,1842.89,0.15,0.14,0.02,0.14,11375.1,0.13
2009,Patagonia,50-59,Varón,11242,1831.35,0.16,0.14,0.02,0.15,10117.8,0.12
2009,Patagonia,60-69,Mujer,11191,1583,0.14,0.19,0.02,0.13,10071.9,0.17
2009,Patagonia,60-69,Varón,9468,1448.54,0.15,0.19,0.03,0.14,8521.2,0.17
2009,Patagonia,70-79,Mujer,5837,1101.07,0.19,0.21,0.03,0.17,5253.3,0.19
2009,Patagonia,70-79,Varón,9518,1596.51,0.17,0.34,0.05,0.14,8566.2,0.3
2009,Patagonia,80+,Mujer,2109,547.01,0.26,0.19,0.05,0.25,1898.1,0.17
2009,Patagonia,80+,Varón,1846,636.64,0.34,0.2,0.06,0.32,1661.4,0.18
2013,Centro,30-39,Mujer,132996,21330.97,0.16,0.07,0.01,0.15,119696.4,0.07
2013,Centro,30-39,Varón,81851,16221.4,0.2,0.04,0.01,0.2,73665.9,0.04
2013,Centro,40-49,Mujer,152212,23639.21,0.16,0.09,0.01,0.15,136990.8,0.08
2013,Centro,40-49,Varón,123992,23029.03,0.19,0.09,0.02,0.18,111592.8,0.08
2013,Centro,50-59,Mujer,193252,27510.26,0.14,0.15,0.02,0.13,173926.8,0.13
2013,Centro,50-59,Varón,153663,22845.52,0.15,0.13,0.02,0.14,138296.7,0.12
2013,Centro,60-69,Mujer,220461,28508.17,0.13,0.18,0.02,0.12,198414.9,0.16
2013,Centro,60-69,Varón,198086,26494.52,0.13,0.2,0.02,0.12,178277.4,0.18
2013,Centro,70-79,Mujer,160266,22108.21,0.14,0.2,0.02,0.12,144239.4,0.18
2013,Centro,70-79,Varón,137803,22950.92,0.17,0.28,0.04,0.14,124022.7,0.25
2013,Centro,80+,Mujer,51062,13609.13,0.27,0.12,0.03,0.25,45955.8,0.11
2013,Centro,80+,Varón,16255,4231.22,0.26,0.07,0.02,0.27,14629.5,0.06
2013,Cuyo,30-39,Mujer,11573,3106.4,0.27,0.07,0.02,0.26,10415.7,0.06
2013,Cuyo,30-39,Varón,2680,1304.21,0.49,0.02,0.01,0.48,2412,0.02
2013,Cuyo,40-49,Mujer,13431,2951.6,0.22,0.09,0.02,0.21,12087.9,0.09
2013,Cuyo,40-49,Varón,13619,3943.96,0.29,0.1,0.03,0.27,12257.1,0.09
2013,Cuyo,50-59,Mujer,13056,3158.9,0.24,0.12,0.03,0.23,11750.4,0.1
2013,Cuyo,50-59,Varón,18187,3944.16,0.22,0.16,0.03,0.2,16368.3,0.15
2013,Cuyo,60-69,Mujer,20245,3405.95,0.17,0.17,0.03,0.16,18220.5,0.16
2013,Cuyo,60-69,Varón,15462,3355.74,0.22,0.19,0.04,0.2,13915.8,0.17
2013,Cuyo,70-79,Mujer,12796,2453.46,0.19,0.19,0.03,0.18,11516.4,0.17
2013,Cuyo,70-79,Varón,10343,2758.27,0.27,0.21,0.05,0.24,9308.7,0.19
2013,Cuyo,80+,Mujer,8083,2890.16,0.36,0.26,0.08,0.29,7274.7,0.24
2013,Cuyo,80+,Varón,5710,2322.14,0.41,0.39,0.11,0.29,5139,0.35
2013,Noreste,30-39,Mujer,19135,5326.33,0.28,0.09,0.02,0.26,17221.5,0.08
2013,Noreste,30-39,Varón,7065,2273.54,0.32,0.04,0.01,0.32,6358.5,0.04
2013,Noreste,40-49,Mujer,12682,2669.9,0.21,0.08,0.02,0.2,11413.8,0.07
2013,Noreste,40-49,Varón,7928,2491.56,0.31,0.05,0.02,0.31,7135.2,0.05
2013,Noreste,50-59,Mujer,16872,3219.49,0.19,0.12,0.02,0.18,15184.8,0.11
2013,Noreste,50-59,Varón,15326,4029.64,0.26,0.12,0.03,0.24,13793.4,0.11
2013,Noreste,60-69,Mujer,19289,3605.22,0.19,0.21,0.03,0.16,17360.1,0.19
2013,Noreste,60-69,Varón,13256,2705.84,0.2,0.16,0.03,0.19,11930.4,0.14
2013,Noreste,70-79,Mujer,11671,2671.63,0.23,0.19,0.04,0.21,10503.9,0.17
2013,Noreste,70-79,Varón,11656,2571.7,0.22,0.27,0.05,0.2,10490.4,0.24
2013,Noreste,80+,Mujer,4433,1565.31,0.35,0.19,0.06,0.32,3989.7,0.17
2013,Noreste,80+,Varón,1864,1051.72,0.56,0.14,0.07,0.52,1677.6,0.13
2013,Noroeste,30-39,Mujer,26450,3522.46,0.13,0.09,0.01,0.13,23805,0.08
2013,Noroeste,30-39,Varón,18587,3357.95,0.18,0.07,0.01,0.17,16728.3,0.06
2013,Noroeste,40-49,Mujer,34592,4989.37,0.14,0.15,0.02,0.13,31132.8,0.14
2013,Noroeste,40-49,Varón,22809,3479.08,0.15,0.1,0.02,0.15,20528.1,0.09
2013,Noroeste,50-59,Mujer,29927,4550.22,0.15,0.16,0.02,0.14,26934.3,0.15
2013,Noroeste,50-59,Varón,25853,4364.71,0.17,0.15,0.02,0.15,23267.7,0.13
2013,Noroeste,60-69,Mujer,29694,3868.05,0.13,0.21,0.02,0.12,26724.6,0.19
2013,Noroeste,60-69,Varón,20555,3321.09,0.16,0.19,0.03,0.15,18499.5,0.17
2013,Noroeste,70-79,Mujer,12410,2503.66,0.2,0.16,0.03,0.19,11169,0.15
2013,Noroeste,70-79,Varón,11201,2636.72,0.24,0.18,0.04,0.21,10080.9,0.16
2013,Noroeste,80+,Mujer,10210,2656.37,0.26,0.24,0.05,0.22,9189,0.22
2013,Noroeste,80+,Varón,2435,1018.66,0.42,0.12,0.05,0.4,2191.5,0.11
2013,Patagonia,30-39,Mujer,12993,2075.68,0.16,0.08,0.01,0.15,11693.7,0.08
2013,Patagonia,30-39,Varón,8836,1710.29,0.19,0.06,0.01,0.19,7952.4,0.05
2013,Patagonia,40-49,Mujer,14853,2557.45,0.17,0.12,0.02,0.16,13367.7,0.11
2013,Patagonia,40-49,Varón,10679,2199,0.21,0.09,0.02,0.2,9611.1,0.08
2013,Patagonia,50-59,Mujer,15249,2124.87,0.14,0.15,0.02,0.13,13724.1,0.14
2013,Patagonia,50-59,Varón,10386,1734.14,0.17,0.12,0.02,0.16,9347.4,0.11
2013,Patagonia,60-69,Mujer,11746,1780.66,0.15,0.19,0.03,0.14,10571.4,0.17
2013,Patagonia,60-69,Varón,13116,2319.39,0.18,0.22,0.03,0.15,11804.4,0.19
2013,Patagonia,70-79,Mujer,8615,1529.62,0.18,0.25,0.04,0.15,7753.5,0.22
2013,Patagonia,70-79,Varón,7017,1364.4,0.19,0.27,0.04,0.16,6315.3,0.24
2013,Patagonia,80+,Mujer,3531,884.69,0.25,0.19,0.05,0.23,3177.9,0.17
2013,Patagonia,80+,Varón,1930,648.62,0.34,0.16,0.05,0.32,1737,0.14
2018,Centro,30-39,Mujer,221581,30169.7,0.14,0.11,0.01,0.13,199422.9,0.1
2018,Centro,30-39,Varón,66706,13576.59,0.2,0.04,0.01,0.2,60035.4,0.03
2018,Centro,40-49,Mujer,231817,29269.07,0.13,0.12,0.01,0.12,208635.3,0.11
2018,Centro,40-49,Varón,229447,34885.65,0.15,0.14,0.02,0.14,206502.3,0.13
2018,Centro,50-59,Mujer,212938,26348.44,0.12,0.16,0.02,0.11,191644.2,0.14
2018,Centro,50-59,Varón,258302,31974.99,0.12,0.2,0.02,0.11,232471.8,0.18
2018,Centro,60-69,Mujer,275444,27067.36,0.1,0.22,0.02,0.09,247899.6,0.2
2018,Centro,60-69,Varón,241181,23808.73,0.1,0.21,0.02,0.1,217062.9,0.19
2018,Centro,70-79,Mujer,137273,17860.9,0.13,0.18,0.02,0.11,123545.7,0.16
2018,Centro,70-79,Varón,180265,24749.38,0.14,0.24,0.03,0.12,162238.5,0.22
2018,Centro,80+,Mujer,68954,9820.33,0.14,0.17,0.03,0.14,62058.6,0.16
2018,Centro,80+,Varón,51154,12053.82,0.24,0.22,0.05,0.22,46038.6,0.2
2018,Cuyo,30-39,Mujer,30841,8834.44,0.29,0.14,0.04,0.29,27756.9,0.13
2018,Cuyo,30-39,Varón,8516,3314.01,0.39,0.05,0.02,0.39,7664.4,0.05
2018,Cuyo,40-49,Mujer,34604,6319.14,0.18,0.21,0.04,0.18,31143.6,0.19
2018,Cuyo,40-49,Varón,13898,3925.35,0.28,0.08,0.02,0.28,12508.2,0.08
2018,Cuyo,50-59,Mujer,19903,4731.41,0.24,0.15,0.03,0.21,17912.7,0.14
2018,Cuyo,50-59,Varón,21589,4984.03,0.23,0.18,0.04,0.22,19430.1,0.16
2018,Cuyo,60-69,Mujer,19800,2930.68,0.15,0.2,0.03,0.15,17820,0.18
2018,Cuyo,60-69,Varón,35074,6092.66,0.17,0.34,0.05,0.15,31566.6,0.31
2018,Cuyo,70-79,Mujer,17383,3033.99,0.17,0.24,0.04,0.16,15644.7,0.21
2018,Cuyo,70-79,Varón,23069,5158.86,0.22,0.33,0.06,0.19,20762.1,0.3
2018,Cuyo,80+,Mujer,4015,1681.16,0.42,0.12,0.05,0.4,3613.5,0.1
2018,Cuyo,80+,Varón,3984,1403.69,0.35,0.18,0.07,0.38,3585.6,0.16
2018,Noreste,30-39,Mujer,27044,4811.09,0.18,0.11,0.02,0.16,24339.6,0.1
2018,Noreste,30-39,Varón,11718,3156.46,0.27,0.06,0.02,0.26,10546.2,0.06
2018,Noreste,40-49,Mujer,22608,5060.31,0.22,0.13,0.03,0.21,20347.2,0.12
2018,Noreste,40-49,Varón,19051,3684.56,0.19,0.11,0.02,0.2,17145.9,0.1
2018,Noreste,50-59,Mujer,35345,4833.81,0.14,0.23,0.03,0.12,31810.5,0.2
2018,Noreste,50-59,Varón,16700,3390.72,0.2,0.14,0.03,0.2,15030,0.12
2018,Noreste,60-69,Mujer,23726,3924.97,0.17,0.21,0.03,0.15,21353.4,0.19
2018,Noreste,60-69,Varón,27085,4028.04,0.15,0.21,0.03,0.15,24376.5,0.19
2018,Noreste,70-79,Mujer,16530,3282.56,0.2,0.24,0.04,0.18,14877,0.21
2018,Noreste,70-79,Varón,9064,2406.41,0.27,0.21,0.04,0.22,8157.6,0.19
2018,Noreste,80+,Mujer,12064,3296.21,0.27,0.37,0.07,0.2,10857.6,0.33
2018,Noreste,80+,Varón,2648,885.47,0.33,0.13,0.05,0.36,2383.2,0.12
2018,Noroeste,30-39,Mujer,37618,5348.92,0.14,0.11,0.02,0.13,33856.2,0.1
2018,Noroeste,30-39,Varón,17534,3808,0.22,0.06,0.01,0.22,15780.6,0.05
2018,Noroeste,40-49,Mujer,45114,6523.16,0.14,0.17,0.02,0.14,40602.6,0.15
2018,Noroeste,40-49,Varón,27783,4979.79,0.18,0.11,0.02,0.17,25004.7,0.1
2018,Noroeste,50-59,Mujer,37030,4797.18,0.13,0.19,0.02,0.12,33327,0.17
2018,Noroeste,50-59,Varón,40640,5635.72,0.14,0.21,0.03,0.14,36576,0.19
2018,Noroeste,60-69,Mujer,34572,4314.89,0.12,0.21,0.03,0.12,31114.8,0.19
2018,Noroeste,60-69,Varón,34985,5658.95,0.16,0.23,0.03,0.14,31486.5,0.2
2018,Noroeste,70-79,Mujer,20566,3804.12,0.18,0.2,0.03,0.17,18509.4,0.18
2018,Noroeste,70-79,Varón,8746,2406.22,0.28,0.12,0.03,0.27,7871.4,0.11
2018,Noroeste,80+,Mujer,3787,1253.02,0.33,0.1,0.03,0.32,3408.3,0.09
2018,Noroeste,80+,Varón,5638,2140.95,0.38,0.19,0.07,0.39,5074.2,0.17
2018,Patagonia,30-39,Mujer,22713,3170.43,0.14,0.13,0.02,0.14,20441.7,0.11
2018,Patagonia,30-39,Varón,7594,1582.11,0.21,0.05,0.01,0.21,6834.6,0.04
2018,Patagonia,40-49,Mujer,21733,2958.91,0.14,0.15,0.02,0.14,19559.7,0.14
2018,Patagonia,40-49,Varón,13531,2315.5,0.17,0.09,0.02,0.17,12177.9,0.08
2018,Patagonia,50-59,Mujer,21590,3644.05,0.17,0.2,0.03,0.16,19431,0.18
2018,Patagonia,50-59,Varón,15915,2522.4,0.16,0.17,0.03,0.16,14323.5,0.15
2018,Patagonia,60-69,Mujer,22748,3478.21,0.15,0.28,0.03,0.12,20473.2,0.25
2018,Patagonia,60-69,Varón,20502,3171.06,0.15,0.24,0.03,0.14,18451.8,0.21
2018,Patagonia,70-79,Mujer,6499,1357.68,0.21,0.16,0.03,0.2,5849.1,0.14
2018,Patagonia,70-79,Varón,11868,2369.81,0.2,0.28,0.05,0.17,10681.2,0.26
2018,Patagonia,80+,Mujer,5238,1425.15,0.27,0.33,0.06,0.2,4714.2,0.29
2018,Patagonia,80+,Varón,3278,1385.29,0.42,0.25,0.09,0.37,2950.2,0.23
