anio,prov_id,prov_nombre,grupo_edad_10,sexo,proy_pob,pob_est_2010
2005,2,CABA,30-39,Mujer,224243,2948351
2005,2,CABA,30-39,Varón,213307,2875168
2005,2,CABA,40-49,Mujer,194853,2333346
2005,2,CABA,40-49,Varón,176243,2226600
2005,2,CABA,50-59,Mujer,187843,2043266
2005,2,CABA,50-59,Varón,153967,1896227
2005,2,CABA,60-69,Mujer,169062,1572788
2005,2,CABA,60-69,Varón,118792,1360347
2005,2,CABA,70-79,Mujer,147823,1067525
2005,2,CABA,70-79,Varón,86161,769536
2005,2,CABA,80+,Mujer,100219,671649
2005,2,CABA,80+,Varón,39349,329851
2005,6,Buenos Aires,30-39,Mujer,1010635,2948351
2005,6,Buenos Aires,30-39,Varón,1017305,2875168
2005,6,Buenos Aires,40-49,Mujer,873313,2333346
2005,6,Buenos Aires,40-49,Varón,826228,2226600
2005,6,Buenos Aires,50-59,Mujer,771036,2043266
2005,6,Buenos Aires,50-59,Varón,694872,1896227
2005,6,Buenos Aires,60-69,Mujer,577304,1572788
2005,6,Buenos Aires,60-69,Varón,493284,1360347
2005,6,Buenos Aires,70-79,Mujer,447520,1067525
2005,6,Buenos Aires,70-79,Varón,306565,769536
2005,6,Buenos Aires,80+,Mujer,211345,671649
2005,6,Buenos Aires,80+,Varón,103959,329851
2005,10,Catamarca,30-39,Mujer,23062,2948351
2005,10,Catamarca,30-39,Varón,23915,2875168
2005,10,Catamarca,40-49,Mujer,18606,2333346
2005,10,Catamarca,40-49,Varón,19310,2226600
2005,10,Catamarca,50-59,Mujer,14919,2043266
2005,10,Catamarca,50-59,Varón,15124,1896227
2005,10,Catamarca,60-69,Mujer,10039,1572788
2005,10,Catamarca,60-69,Varón,8974,1360347
2005,10,Catamarca,70-79,Mujer,7177,1067525
2005,10,Catamarca,70-79,Varón,5396,769536
2005,10,Catamarca,80+,Mujer,3101,671649
2005,10,Catamarca,80+,Varón,1816,329851
2005,14,Córdoba,30-39,Mujer,210583,2948351
2005,14,Córdoba,30-39,Varón,213479,2875168
2005,14,Córdoba,40-49,Mujer,189098,2333346
2005,14,Córdoba,40-49,Varón,180777,2226600
2005,14,Córdoba,50-59,Mujer,170102,2043266
2005,14,Córdoba,50-59,Varón,155691,1896227
2005,14,Córdoba,60-69,Mujer,133541,1572788
2005,14,Córdoba,60-69,Varón,113005,1360347
2005,14,Córdoba,70-79,Mujer,101148,1067525
2005,14,Córdoba,70-79,Varón,70342,769536
2005,14,Córdoba,80+,Mujer,49847,671649
2005,14,Córdoba,80+,Varón,23479,329851
2005,18,Corrientes,30-39,Mujer,59154,2948351
2005,18,Corrientes,30-39,Varón,57748,2875168
2005,18,Corrientes,40-49,Mujer,53391,2333346
2005,18,Corrientes,40-49,Varón,51931,2226600
2005,18,Corrientes,50-59,Mujer,40394,2043266
2005,18,Corrientes,50-59,Varón,40887,1896227
2005,18,Corrientes,60-69,Mujer,28383,1572788
2005,18,Corrientes,60-69,Varón,24867,1360347
2005,18,Corrientes,70-79,Mujer,18634,1067525
2005,18,Corrientes,70-79,Varón,14021,769536
2005,18,Corrientes,80+,Mujer,8506,671649
2005,18,Corrientes,80+,Varón,4844,329851
2005,22,Chaco,30-39,Mujer,61165,2948351
2005,22,Chaco,30-39,Varón,60093,2875168
2005,22,Chaco,40-49,Mujer,54918,2333346
2005,22,Chaco,40-49,Varón,54752,2226600
2005,22,Chaco,50-59,Mujer,39620,2043266
2005,22,Chaco,50-59,Varón,41264,1896227
2005,22,Chaco,60-69,Mujer,27401,1572788
2005,22,Chaco,60-69,Varón,24657,1360347
2005,22,Chaco,70-79,Mujer,17748,1067525
2005,22,Chaco,70-79,Varón,13677,769536
2005,22,Chaco,80+,Mujer,5982,671649
2005,22,Chaco,80+,Varón,3833,329851
2005,26,Chubut,30-39,Mujer,30744,2948351
2005,26,Chubut,30-39,Varón,31219,2875168
2005,26,Chubut,40-49,Mujer,26677,2333346
2005,26,Chubut,40-49,Varón,27159,2226600
2005,26,Chubut,50-59,Mujer,20155,2043266
2005,26,Chubut,50-59,Varón,20202,1896227
2005,26,Chubut,60-69,Mujer,13169,1572788
2005,26,Chubut,60-69,Varón,12664,1360347
2005,26,Chubut,70-79,Mujer,8115,1067525
2005,26,Chubut,70-79,Varón,6444,769536
2005,26,Chubut,80+,Mujer,3315,671649
2005,26,Chubut,80+,Varón,1902,329851
2005,30,Entre Ríos,30-39,Mujer,76493,2948351
2005,30,Entre Ríos,30-39,Varón,77937,2875168
2005,30,Entre Ríos,40-49,Mujer,69905,2333346
2005,30,Entre Ríos,40-49,Varón,68178,2226600
2005,30,Entre Ríos,50-59,Mujer,59118,2043266
2005,30,Entre Ríos,50-59,Varón,57221,1896227
2005,30,Entre Ríos,60-69,Mujer,45222,1572788
2005,30,Entre Ríos,60-69,Varón,39595,1360347
2005,30,Entre Ríos,70-79,Mujer,33826,1067525
2005,30,Entre Ríos,70-79,Varón,22355,769536
2005,30,Entre Ríos,80+,Mujer,16969,671649
2005,30,Entre Ríos,80+,Varón,7874,329851
2005,34,Formosa,30-39,Mujer,30973,2948351
2005,34,Formosa,30-39,Varón,29878,2875168
2005,34,Formosa,40-49,Mujer,27213,2333346
2005,34,Formosa,40-49,Varón,27608,2226600
2005,34,Formosa,50-59,Mujer,19295,2043266
2005,34,Formosa,50-59,Varón,20272,1896227
2005,34,Formosa,60-69,Mujer,12300,1572788
2005,34,Formosa,60-69,Varón,12470,1360347
2005,34,Formosa,70-79,Mujer,7425,1067525
2005,34,Formosa,70-79,Varón,6778,769536
2005,34,Formosa,80+,Mujer,2635,671649
2005,34,Formosa,80+,Varón,2076,329851
2005,38,Jujuy,30-39,Mujer,41881,2948351
2005,38,Jujuy,30-39,Varón,41205,2875168
2005,38,Jujuy,40-49,Mujer,34432,2333346
2005,38,Jujuy,40-49,Varón,31750,2226600
2005,38,Jujuy,50-59,Mujer,26666,2043266
2005,38,Jujuy,50-59,Varón,24907,1896227
2005,38,Jujuy,60-69,Mujer,17746,1572788
2005,38,Jujuy,60-69,Varón,16345,1360347
2005,38,Jujuy,70-79,Mujer,10869,1067525
2005,38,Jujuy,70-79,Varón,9052,769536
2005,38,Jujuy,80+,Mujer,4110,671649
2005,38,Jujuy,80+,Varón,2679,329851
2005,42,La Pampa,30-39,Mujer,21033,2948351
2005,42,La Pampa,30-39,Varón,21551,2875168
2005,42,La Pampa,40-49,Mujer,18908,2333346
2005,42,La Pampa,40-49,Varón,19402,2226600
2005,42,La Pampa,50-59,Mujer,16015,2043266
2005,42,La Pampa,50-59,Varón,16292,1896227
2005,42,La Pampa,60-69,Mujer,12292,1572788
2005,42,La Pampa,60-69,Varón,11868,1360347
2005,42,La Pampa,70-79,Mujer,8654,1067525
2005,42,La Pampa,70-79,Varón,6778,769536
2005,42,La Pampa,80+,Mujer,4440,671649
2005,42,La Pampa,80+,Varón,2310,329851
2005,46,La Rioja,30-39,Mujer,21098,2948351
2005,46,La Rioja,30-39,Varón,21817,2875168
2005,46,La Rioja,40-49,Mujer,17179,2333346
2005,46,La Rioja,40-49,Varón,17584,2226600
2005,46,La Rioja,50-59,Mujer,12830,2043266
2005,46,La Rioja,50-59,Varón,13227,1896227
2005,46,La Rioja,60-69,Mujer,8413,1572788
2005,46,La Rioja,60-69,Varón,7850,1360347
2005,46,La Rioja,70-79,Mujer,5405,1067525
2005,46,La Rioja,70-79,Varón,4467,769536
2005,46,La Rioja,80+,Mujer,2210,671649
2005,46,La Rioja,80+,Varón,1437,329851
2005,50,Mendoza,30-39,Mujer,108918,2948351
2005,50,Mendoza,30-39,Varón,105546,2875168
2005,50,Mendoza,40-49,Mujer,94754,2333346
2005,50,Mendoza,40-49,Varón,87288,2226600
2005,50,Mendoza,50-59,Mujer,86087,2043266
2005,50,Mendoza,50-59,Varón,77716,1896227
2005,50,Mendoza,60-69,Mujer,62151,1572788
2005,50,Mendoza,60-69,Varón,53773,1360347
2005,50,Mendoza,70-79,Mujer,45065,1067525
2005,50,Mendoza,70-79,Varón,33722,769536
2005,50,Mendoza,80+,Mujer,20531,671649
2005,50,Mendoza,80+,Varón,11904,329851
2005,54,Misiones,30-39,Mujer,61786,2948351
2005,54,Misiones,30-39,Varón,61430,2875168
2005,54,Misiones,40-49,Mujer,53744,2333346
2005,54,Misiones,40-49,Varón,54941,2226600
2005,54,Misiones,50-59,Mujer,36415,2043266
2005,54,Misiones,50-59,Varón,38632,1896227
2005,54,Misiones,60-69,Mujer,24195,1572788
2005,54,Misiones,60-69,Varón,23847,1360347
2005,54,Misiones,70-79,Mujer,14977,1067525
2005,54,Misiones,70-79,Varón,13377,769536
2005,54,Misiones,80+,Mujer,5568,671649
2005,54,Misiones,80+,Varón,3941,329851
2005,58,Neuquén,30-39,Mujer,38416,2948351
2005,58,Neuquén,30-39,Varón,37854,2875168
2005,58,Neuquén,40-49,Mujer,31759,2333346
2005,58,Neuquén,40-49,Varón,31054,2226600
2005,58,Neuquén,50-59,Mujer,22650,2043266
2005,58,Neuquén,50-59,Varón,22330,1896227
2005,58,Neuquén,60-69,Mujer,13164,1572788
2005,58,Neuquén,60-69,Varón,12696,1360347
2005,58,Neuquén,70-79,Mujer,7885,1067525
2005,58,Neuquén,70-79,Varón,6188,769536
2005,58,Neuquén,80+,Mujer,3410,671649
2005,58,Neuquén,80+,Varón,1899,329851
2005,62,Río Negro,30-39,Mujer,39579,2948351
2005,62,Río Negro,30-39,Varón,38921,2875168
2005,62,Río Negro,40-49,Mujer,35740,2333346
2005,62,Río Negro,40-49,Varón,34668,2226600
2005,62,Río Negro,50-59,Mujer,27633,2043266
2005,62,Río Negro,50-59,Varón,27566,1896227
2005,62,Río Negro,60-69,Mujer,18573,1572788
2005,62,Río Negro,60-69,Varón,18249,1360347
2005,62,Río Negro,70-79,Mujer,11755,1067525
2005,62,Río Negro,70-79,Varón,9911,769536
2005,62,Río Negro,80+,Mujer,4772,671649
2005,62,Río Negro,80+,Varón,3296,329851
2005,66,Salta,30-39,Mujer,73644,2948351
2005,66,Salta,30-39,Varón,72145,2875168
2005,66,Salta,40-49,Mujer,58736,2333346
2005,66,Salta,40-49,Varón,57319,2226600
2005,66,Salta,50-59,Mujer,45513,2043266
2005,66,Salta,50-59,Varón,43711,1896227
2005,66,Salta,60-69,Mujer,29298,1572788
2005,66,Salta,60-69,Varón,27718,1360347
2005,66,Salta,70-79,Mujer,18470,1067525
2005,66,Salta,70-79,Varón,15878,769536
2005,66,Salta,80+,Mujer,7296,671649
2005,66,Salta,80+,Varón,4826,329851
2005,70,San Juan,30-39,Mujer,43847,2948351
2005,70,San Juan,30-39,Varón,43090,2875168
2005,70,San Juan,40-49,Mujer,36735,2333346
2005,70,San Juan,40-49,Varón,33961,2226600
2005,70,San Juan,50-59,Mujer,32501,2043266
2005,70,San Juan,50-59,Varón,29489,1896227
2005,70,San Juan,60-69,Mujer,22557,1572788
2005,70,San Juan,60-69,Varón,19243,1360347
2005,70,San Juan,70-79,Mujer,14949,1067525
2005,70,San Juan,70-79,Varón,11351,769536
2005,70,San Juan,80+,Mujer,6060,671649
2005,70,San Juan,80+,Varón,3745,329851
2005,74,San Luis,30-39,Mujer,26535,2948351
2005,74,San Luis,30-39,Varón,27806,2875168
2005,74,San Luis,40-49,Mujer,22729,2333346
2005,74,San Luis,40-49,Varón,22918,2226600
2005,74,San Luis,50-59,Mujer,18366,2043266
2005,74,San Luis,50-59,Varón,18524,1896227
2005,74,San Luis,60-69,Mujer,13051,1572788
2005,74,San Luis,60-69,Varón,12207,1360347
2005,74,San Luis,70-79,Mujer,8511,1067525
2005,74,San Luis,70-79,Varón,6709,769536
2005,74,San Luis,80+,Mujer,3632,671649
2005,74,San Luis,80+,Varón,2166,329851
2005,78,Santa Cruz,30-39,Mujer,16205,2948351
2005,78,Santa Cruz,30-39,Varón,16524,2875168
2005,78,Santa Cruz,40-49,Mujer,13093,2333346
2005,78,Santa Cruz,40-49,Varón,14146,2226600
2005,78,Santa Cruz,50-59,Mujer,8644,2043266
2005,78,Santa Cruz,50-59,Varón,9428,1896227
2005,78,Santa Cruz,60-69,Mujer,5276,1572788
2005,78,Santa Cruz,60-69,Varón,5480,1360347
2005,78,Santa Cruz,70-79,Mujer,2935,1067525
2005,78,Santa Cruz,70-79,Varón,2656,769536
2005,78,Santa Cruz,80+,Mujer,1024,671649
2005,78,Santa Cruz,80+,Varón,647,329851
2005,82,Santa Fe,30-39,Mujer,200714,2948351
2005,82,Santa Fe,30-39,Varón,202352,2875168
2005,82,Santa Fe,40-49,Mujer,185500,2333346
2005,82,Santa Fe,40-49,Varón,179091,2226600
2005,82,Santa Fe,50-59,Mujer,163505,2043266
2005,82,Santa Fe,50-59,Varón,152568,1896227
2005,82,Santa Fe,60-69,Mujer,131181,1572788
2005,82,Santa Fe,60-69,Varón,111266,1360347
2005,82,Santa Fe,70-79,Mujer,105656,1067525
2005,82,Santa Fe,70-79,Varón,70250,769536
2005,82,Santa Fe,80+,Mujer,55189,671649
2005,82,Santa Fe,80+,Varón,24902,329851
2005,86,Santiago del Estero,30-39,Mujer,50140,2948351
2005,86,Santiago del Estero,30-39,Varón,51946,2875168
2005,86,Santiago del Estero,40-49,Mujer,41183,2333346
2005,86,Santiago del Estero,40-49,Varón,41886,2226600
2005,86,Santiago del Estero,50-59,Mujer,32442,2043266
2005,86,Santiago del Estero,50-59,Varón,34487,1896227
2005,86,Santiago del Estero,60-69,Mujer,23191,1572788
2005,86,Santiago del Estero,60-69,Varón,21929,1360347
2005,86,Santiago del Estero,70-79,Mujer,15440,1067525
2005,86,Santiago del Estero,70-79,Varón,12566,769536
2005,86,Santiago del Estero,80+,Mujer,6247,671649
2005,86,Santiago del Estero,80+,Varón,4137,329851
2005,90,Tucumán,30-39,Mujer,87800,2948351
2005,90,Tucumán,30-39,Varón,87686,2875168
2005,90,Tucumán,40-49,Mujer,77994,2333346
2005,90,Tucumán,40-49,Varón,73981,2226600
2005,90,Tucumán,50-59,Mujer,65473,2043266
2005,90,Tucumán,50-59,Varón,63317,1896227
2005,90,Tucumán,60-69,Mujer,41612,1572788
2005,90,Tucumán,60-69,Varón,36719,1360347
2005,90,Tucumán,70-79,Mujer,30425,1067525
2005,90,Tucumán,70-79,Varón,22281,769536
2005,90,Tucumán,80+,Mujer,12082,671649
2005,90,Tucumán,80+,Varón,6817,329851
2005,94,Tierra del Fuego,30-39,Mujer,9175,2948351
2005,94,Tierra del Fuego,30-39,Varón,9092,2875168
2005,94,Tierra del Fuego,40-49,Mujer,8288,2333346
2005,94,Tierra del Fuego,40-49,Varón,9390,2226600
2005,94,Tierra del Fuego,50-59,Mujer,4238,2043266
2005,94,Tierra del Fuego,50-59,Varón,4843,1896227
2005,94,Tierra del Fuego,60-69,Mujer,2002,1572788
2005,94,Tierra del Fuego,60-69,Varón,1979,1360347
2005,94,Tierra del Fuego,70-79,Mujer,986,1067525
2005,94,Tierra del Fuego,70-79,Varón,805,769536
2005,94,Tierra del Fuego,80+,Mujer,286,671649
2005,94,Tierra del Fuego,80+,Varón,194,329851
2009,2,CABA,30-39,Mujer,229260,2948351
2009,2,CABA,30-39,Varón,214424,2875168
2009,2,CABA,40-49,Mujer,186155,2333346
2009,2,CABA,40-49,Varón,163647,2226600
2009,2,CABA,50-59,Mujer,181208,2043266
2009,2,CABA,50-59,Varón,145928,1896227
2009,2,CABA,60-69,Mujer,157838,1572788
2009,2,CABA,60-69,Varón,114965,1360347
2009,2,CABA,70-79,Mujer,122690,1067525
2009,2,CABA,70-79,Varón,75769,769536
2009,2,CABA,80+,Mujer,99770,671649
2009,2,CABA,80+,Varón,41551,329851
2009,6,Buenos Aires,30-39,Mujer,1099432,2948351
2009,6,Buenos Aires,30-39,Varón,1073231,2875168
2009,6,Buenos Aires,40-49,Mujer,910964,2333346
2009,6,Buenos Aires,40-49,Varón,870146,2226600
2009,6,Buenos Aires,50-59,Mujer,791570,2043266
2009,6,Buenos Aires,50-59,Varón,731456,1896227
2009,6,Buenos Aires,60-69,Mujer,614666,1572788
2009,6,Buenos Aires,60-69,Varón,526511,1360347
2009,6,Buenos Aires,70-79,Mujer,433594,1067525
2009,6,Buenos Aires,70-79,Varón,308583,769536
2009,6,Buenos Aires,80+,Mujer,255787,671649
2009,6,Buenos Aires,80+,Varón,122582,329851
2009,10,Catamarca,30-39,Mujer,25460,2948351
2009,10,Catamarca,30-39,Varón,25337,2875168
2009,10,Catamarca,40-49,Mujer,19394,2333346
2009,10,Catamarca,40-49,Varón,19545,2226600
2009,10,Catamarca,50-59,Mujer,15765,2043266
2009,10,Catamarca,50-59,Varón,15796,1896227
2009,10,Catamarca,60-69,Mujer,11037,1572788
2009,10,Catamarca,60-69,Varón,10179,1360347
2009,10,Catamarca,70-79,Mujer,7225,1067525
2009,10,Catamarca,70-79,Varón,5529,769536
2009,10,Catamarca,80+,Mujer,4066,671649
2009,10,Catamarca,80+,Varón,2317,329851
2009,14,Córdoba,30-39,Mujer,232230,2948351
2009,14,Córdoba,30-39,Varón,227635,2875168
2009,14,Córdoba,40-49,Mujer,192142,2333346
2009,14,Córdoba,40-49,Varón,182601,2226600
2009,14,Córdoba,50-59,Mujer,170951,2043266
2009,14,Córdoba,50-59,Varón,157009,1896227
2009,14,Córdoba,60-69,Mujer,138333,1572788
2009,14,Córdoba,60-69,Varón,117514,1360347
2009,14,Córdoba,70-79,Mujer,97088,1067525
2009,14,Córdoba,70-79,Varón,69247,769536
2009,14,Córdoba,80+,Mujer,56948,671649
2009,14,Córdoba,80+,Varón,27220,329851
2009,18,Corrientes,30-39,Mujer,66226,2948351
2009,18,Corrientes,30-39,Varón,62048,2875168
2009,18,Corrientes,40-49,Mujer,54717,2333346
2009,18,Corrientes,40-49,Varón,52248,2226600
2009,18,Corrientes,50-59,Mujer,44240,2043266
2009,18,Corrientes,50-59,Varón,43336,1896227
2009,18,Corrientes,60-69,Mujer,30673,1572788
2009,18,Corrientes,60-69,Varón,28119,1360347
2009,18,Corrientes,70-79,Mujer,19781,1067525
2009,18,Corrientes,70-79,Varón,14950,769536
2009,18,Corrientes,80+,Mujer,10294,671649
2009,18,Corrientes,80+,Varón,5899,329851
2009,22,Chaco,30-39,Mujer,69965,2948351
2009,22,Chaco,30-39,Varón,66675,2875168
2009,22,Chaco,40-49,Mujer,55929,2333346
2009,22,Chaco,40-49,Varón,54125,2226600
2009,22,Chaco,50-59,Mujer,43913,2043266
2009,22,Chaco,50-59,Varón,43937,1896227
2009,22,Chaco,60-69,Mujer,29242,1572788
2009,22,Chaco,60-69,Varón,27179,1360347
2009,22,Chaco,70-79,Mujer,18548,1067525
2009,22,Chaco,70-79,Varón,14449,769536
2009,22,Chaco,80+,Mujer,8754,671649
2009,22,Chaco,80+,Varón,5123,329851
2009,26,Chubut,30-39,Mujer,36798,2948351
2009,26,Chubut,30-39,Varón,36880,2875168
2009,26,Chubut,40-49,Mujer,28616,2333346
2009,26,Chubut,40-49,Varón,28693,2226600
2009,26,Chubut,50-59,Mujer,22131,2043266
2009,26,Chubut,50-59,Varón,22160,1896227
2009,26,Chubut,60-69,Mujer,14612,1572788
2009,26,Chubut,60-69,Varón,13825,1360347
2009,26,Chubut,70-79,Mujer,8854,1067525
2009,26,Chubut,70-79,Varón,7046,769536
2009,26,Chubut,80+,Mujer,4471,671649
2009,26,Chubut,80+,Varón,2543,329851
2009,30,Entre Ríos,30-39,Mujer,84489,2948351
2009,30,Entre Ríos,30-39,Varón,82837,2875168
2009,30,Entre Ríos,40-49,Mujer,70563,2333346
2009,30,Entre Ríos,40-49,Varón,68348,2226600
2009,30,Entre Ríos,50-59,Mujer,61258,2043266
2009,30,Entre Ríos,50-59,Varón,58256,1896227
2009,30,Entre Ríos,60-69,Mujer,47460,1572788
2009,30,Entre Ríos,60-69,Varón,41553,1360347
2009,30,Entre Ríos,70-79,Mujer,33513,1067525
2009,30,Entre Ríos,70-79,Varón,23145,769536
2009,30,Entre Ríos,80+,Mujer,19528,671649
2009,30,Entre Ríos,80+,Varón,8857,329851
2009,34,Formosa,30-39,Mujer,34814,2948351
2009,34,Formosa,30-39,Varón,32722,2875168
2009,34,Formosa,40-49,Mujer,28409,2333346
2009,34,Formosa,40-49,Varón,28073,2226600
2009,34,Formosa,50-59,Mujer,21826,2043266
2009,34,Formosa,50-59,Varón,22103,1896227
2009,34,Formosa,60-69,Mujer,14107,1572788
2009,34,Formosa,60-69,Varón,13976,1360347
2009,34,Formosa,70-79,Mujer,8458,1067525
2009,34,Formosa,70-79,Varón,7770,769536
2009,34,Formosa,80+,Mujer,3891,671649
2009,34,Formosa,80+,Varón,2916,329851
2009,38,Jujuy,30-39,Mujer,47387,2948351
2009,38,Jujuy,30-39,Varón,45188,2875168
2009,38,Jujuy,40-49,Mujer,35864,2333346
2009,38,Jujuy,40-49,Varón,33193,2226600
2009,38,Jujuy,50-59,Mujer,28745,2043266
2009,38,Jujuy,50-59,Varón,26389,1896227
2009,38,Jujuy,60-69,Mujer,19549,1572788
2009,38,Jujuy,60-69,Varón,17715,1360347
2009,38,Jujuy,70-79,Mujer,11442,1067525
2009,38,Jujuy,70-79,Varón,9688,769536
2009,38,Jujuy,80+,Mujer,5212,671649
2009,38,Jujuy,80+,Varón,3266,329851
2009,42,La Pampa,30-39,Mujer,22155,2948351
2009,42,La Pampa,30-39,Varón,21993,2875168
2009,42,La Pampa,40-49,Mujer,19038,2333346
2009,42,La Pampa,40-49,Varón,19000,2226600
2009,42,La Pampa,50-59,Mujer,16212,2043266
2009,42,La Pampa,50-59,Varón,16404,1896227
2009,42,La Pampa,60-69,Mujer,12724,1572788
2009,42,La Pampa,60-69,Varón,12188,1360347
2009,42,La Pampa,70-79,Mujer,8780,1067525
2009,42,La Pampa,70-79,Varón,6995,769536
2009,42,La Pampa,80+,Mujer,5280,671649
2009,42,La Pampa,80+,Varón,2836,329851
2009,46,La Rioja,30-39,Mujer,23518,2948351
2009,46,La Rioja,30-39,Varón,23180,2875168
2009,46,La Rioja,40-49,Mujer,17730,2333346
2009,46,La Rioja,40-49,Varón,17826,2226600
2009,46,La Rioja,50-59,Mujer,13775,2043266
2009,46,La Rioja,50-59,Varón,14008,1896227
2009,46,La Rioja,60-69,Mujer,9266,1572788
2009,46,La Rioja,60-69,Varón,8787,1360347
2009,46,La Rioja,70-79,Mujer,5832,1067525
2009,46,La Rioja,70-79,Varón,4638,769536
2009,46,La Rioja,80+,Mujer,3088,671649
2009,46,La Rioja,80+,Varón,1840,329851
2009,50,Mendoza,30-39,Mujer,119956,2948351
2009,50,Mendoza,30-39,Varón,114689,2875168
2009,50,Mendoza,40-49,Mujer,97479,2333346
2009,50,Mendoza,40-49,Varón,90725,2226600
2009,50,Mendoza,50-59,Mujer,87390,2043266
2009,50,Mendoza,50-59,Varón,79125,1896227
2009,50,Mendoza,60-69,Mujer,67736,1572788
2009,50,Mendoza,60-69,Varón,58312,1360347
2009,50,Mendoza,70-79,Mujer,45180,1067525
2009,50,Mendoza,70-79,Varón,34065,769536
2009,50,Mendoza,80+,Mujer,24629,671649
2009,50,Mendoza,80+,Varón,13636,329851
2009,54,Misiones,30-39,Mujer,70295,2948351
2009,54,Misiones,30-39,Varón,67880,2875168
2009,54,Misiones,40-49,Mujer,55905,2333346
2009,54,Misiones,40-49,Varón,55678,2226600
2009,54,Misiones,50-59,Mujer,41442,2043266
2009,54,Misiones,50-59,Varón,42733,1896227
2009,54,Misiones,60-69,Mujer,26760,1572788
2009,54,Misiones,60-69,Varón,26532,1360347
2009,54,Misiones,70-79,Mujer,16018,1067525
2009,54,Misiones,70-79,Varón,14152,769536
2009,54,Misiones,80+,Mujer,7267,671649
2009,54,Misiones,80+,Varón,4996,329851
2009,58,Neuquén,30-39,Mujer,42661,2948351
2009,58,Neuquén,30-39,Varón,41321,2875168
2009,58,Neuquén,40-49,Mujer,33317,2333346
2009,58,Neuquén,40-49,Varón,32198,2226600
2009,58,Neuquén,50-59,Mujer,24349,2043266
2009,58,Neuquén,50-59,Varón,24079,1896227
2009,58,Neuquén,60-69,Mujer,14816,1572788
2009,58,Neuquén,60-69,Varón,14243,1360347
2009,58,Neuquén,70-79,Mujer,8305,1067525
2009,58,Neuquén,70-79,Varón,6756,769536
2009,58,Neuquén,80+,Mujer,4126,671649
2009,58,Neuquén,80+,Varón,2334,329851
2009,62,Río Negro,30-39,Mujer,45906,2948351
2009,62,Río Negro,30-39,Varón,44357,2875168
2009,62,Río Negro,40-49,Mujer,37590,2333346
2009,62,Río Negro,40-49,Varón,36498,2226600
2009,62,Río Negro,50-59,Mujer,29894,2043266
2009,62,Río Negro,50-59,Varón,29491,1896227
2009,62,Río Negro,60-69,Mujer,20560,1572788
2009,62,Río Negro,60-69,Varón,19736,1360347
2009,62,Río Negro,70-79,Mujer,12448,1067525
2009,62,Río Negro,70-79,Varón,10490,769536
2009,62,Río Negro,80+,Mujer,6548,671649
2009,62,Río Negro,80+,Varón,3889,329851
2009,66,Salta,30-39,Mujer,81980,2948351
2009,66,Salta,30-39,Varón,77664,2875168
2009,66,Salta,40-49,Mujer,61978,2333346
2009,66,Salta,40-49,Varón,59527,2226600
2009,66,Salta,50-59,Mujer,48558,2043266
2009,66,Salta,50-59,Varón,46076,1896227
2009,66,Salta,60-69,Mujer,33093,1572788
2009,66,Salta,60-69,Varón,30521,1360347
2009,66,Salta,70-79,Mujer,20080,1067525
2009,66,Salta,70-79,Varón,17035,769536
2009,66,Salta,80+,Mujer,9820,671649
2009,66,Salta,80+,Varón,6245,329851
2009,70,San Juan,30-39,Mujer,46705,2948351
2009,70,San Juan,30-39,Varón,45318,2875168
2009,70,San Juan,40-49,Mujer,37396,2333346
2009,70,San Juan,40-49,Varón,34858,2226600
2009,70,San Juan,50-59,Mujer,32800,2043266
2009,70,San Juan,50-59,Varón,29418,1896227
2009,70,San Juan,60-69,Mujer,24523,1572788
2009,70,San Juan,60-69,Varón,20924,1360347
2009,70,San Juan,70-79,Mujer,15068,1067525
2009,70,San Juan,70-79,Varón,11360,769536
2009,70,San Juan,80+,Mujer,7218,671649
2009,70,San Juan,80+,Varón,4141,329851
2009,74,San Luis,30-39,Mujer,30028,2948351
2009,74,San Luis,30-39,Varón,29986,2875168
2009,74,San Luis,40-49,Mujer,23976,2333346
2009,74,San Luis,40-49,Varón,24080,2226600
2009,74,San Luis,50-59,Mujer,19880,2043266
2009,74,San Luis,50-59,Varón,19585,1896227
2009,74,San Luis,60-69,Mujer,14484,1572788
2009,74,San Luis,60-69,Varón,13491,1360347
2009,74,San Luis,70-79,Mujer,9067,1067525
2009,74,San Luis,70-79,Varón,7146,769536
2009,74,San Luis,80+,Mujer,4882,671649
2009,74,San Luis,80+,Varón,2615,329851
2009,78,Santa Cruz,30-39,Mujer,19689,2948351
2009,78,Santa Cruz,30-39,Varón,20833,2875168
2009,78,Santa Cruz,40-49,Mujer,14419,2333346
2009,78,Santa Cruz,40-49,Varón,15748,2226600
2009,78,Santa Cruz,50-59,Mujer,9901,2043266
2009,78,Santa Cruz,50-59,Varón,10993,1896227
2009,78,Santa Cruz,60-69,Mujer,6027,1572788
2009,78,Santa Cruz,60-69,Varón,6087,1360347
2009,78,Santa Cruz,70-79,Mujer,3189,1067525
2009,78,Santa Cruz,70-79,Varón,2863,769536
2009,78,Santa Cruz,80+,Mujer,1330,671649
2009,78,Santa Cruz,80+,Varón,853,329851
2009,82,Santa Fe,30-39,Mujer,223777,2948351
2009,82,Santa Fe,30-39,Varón,218709,2875168
2009,82,Santa Fe,40-49,Mujer,185354,2333346
2009,82,Santa Fe,40-49,Varón,177974,2226600
2009,82,Santa Fe,50-59,Mujer,166736,2043266
2009,82,Santa Fe,50-59,Varón,155237,1896227
2009,82,Santa Fe,60-69,Mujer,134102,1572788
2009,82,Santa Fe,60-69,Varón,113925,1360347
2009,82,Santa Fe,70-79,Mujer,100630,1067525
2009,82,Santa Fe,70-79,Varón,69587,769536
2009,82,Santa Fe,80+,Mujer,63876,671649
2009,82,Santa Fe,80+,Varón,29393,329851
2009,86,Santiago del Estero,30-39,Mujer,56323,2948351
2009,86,Santiago del Estero,30-39,Varón,55266,2875168
2009,86,Santiago del Estero,40-49,Mujer,41977,2333346
2009,86,Santiago del Estero,40-49,Varón,42710,2226600
2009,86,Santiago del Estero,50-59,Mujer,34773,2043266
2009,86,Santiago del Estero,50-59,Varón,35453,1896227
2009,86,Santiago del Estero,60-69,Mujer,24928,1572788
2009,86,Santiago del Estero,60-69,Varón,23896,1360347
2009,86,Santiago del Estero,70-79,Mujer,16422,1067525
2009,86,Santiago del Estero,70-79,Varón,13239,769536
2009,86,Santiago del Estero,80+,Mujer,8978,671649
2009,86,Santiago del Estero,80+,Varón,5325,329851
2009,90,Tucumán,30-39,Mujer,100535,2948351
2009,90,Tucumán,30-39,Varón,96760,2875168
2009,90,Tucumán,40-49,Mujer,77607,2333346
2009,90,Tucumán,40-49,Varón,73446,2226600
2009,90,Tucumán,50-59,Mujer,67731,2043266
2009,90,Tucumán,50-59,Varón,63941,1896227
2009,90,Tucumán,60-69,Mujer,46572,1572788
2009,90,Tucumán,60-69,Varón,41495,1360347
2009,90,Tucumán,70-79,Mujer,30060,1067525
2009,90,Tucumán,70-79,Varón,22343,769536
2009,90,Tucumán,80+,Mujer,15501,671649
2009,90,Tucumán,80+,Varón,8753,329851
2009,94,Tierra del Fuego,30-39,Mujer,10110,2948351
2009,94,Tierra del Fuego,30-39,Varón,10365,2875168
2009,94,Tierra del Fuego,40-49,Mujer,8115,2333346
2009,94,Tierra del Fuego,40-49,Varón,8563,2226600
2009,94,Tierra del Fuego,50-59,Mujer,4851,2043266
2009,94,Tierra del Fuego,50-59,Varón,5544,1896227
2009,94,Tierra del Fuego,60-69,Mujer,2284,1572788
2009,94,Tierra del Fuego,60-69,Varón,2318,1360347
2009,94,Tierra del Fuego,70-79,Mujer,1065,1067525
2009,94,Tierra del Fuego,70-79,Varón,877,769536
2009,94,Tierra del Fuego,80+,Mujer,381,671649
2009,94,Tierra del Fuego,80+,Varón,217,329851
2013,2,CABA,30-39,Mujer,240272,2948351
2013,2,CABA,30-39,Varón,227679,2875168
2013,2,CABA,40-49,Mujer,193684,2333346
2013,2,CABA,40-49,Varón,174137,2226600
2013,2,CABA,50-59,Mujer,179975,2043266
2013,2,CABA,50-59,Varón,147560,1896227
2013,2,CABA,60-69,Mujer,162666,1572788
2013,2,CABA,60-69,Varón,119715,1360347
2013,2,CABA,70-79,Mujer,123707,1067525
2013,2,CABA,70-79,Varón,76815,769536
2013,2,CABA,80+,Mujer,101073,671649
2013,2,CABA,80+,Varón,43536,329851
2013,6,Buenos Aires,30-39,Mujer,1195875,2948351
2013,6,Buenos Aires,30-39,Varón,1178324,2875168
2013,6,Buenos Aires,40-49,Mujer,973006,2333346
2013,6,Buenos Aires,40-49,Varón,935008,2226600
2013,6,Buenos Aires,50-59,Mujer,838831,2043266
2013,6,Buenos Aires,50-59,Varón,776431,1896227
2013,6,Buenos Aires,60-69,Mujer,681622,1572788
2013,6,Buenos Aires,60-69,Varón,584922,1360347
2013,6,Buenos Aires,70-79,Mujer,452370,1067525
2013,6,Buenos Aires,70-79,Varón,324992,769536
2013,6,Buenos Aires,80+,Mujer,291747,671649
2013,6,Buenos Aires,80+,Varón,140751,329851
2013,10,Catamarca,30-39,Mujer,28335,2948351
2013,10,Catamarca,30-39,Varón,28197,2875168
2013,10,Catamarca,40-49,Mujer,21393,2333346
2013,10,Catamarca,40-49,Varón,21345,2226600
2013,10,Catamarca,50-59,Mujer,17440,2043266
2013,10,Catamarca,50-59,Varón,17425,1896227
2013,10,Catamarca,60-69,Mujer,12992,1572788
2013,10,Catamarca,60-69,Varón,12349,1360347
2013,10,Catamarca,70-79,Mujer,7841,1067525
2013,10,Catamarca,70-79,Varón,6234,769536
2013,10,Catamarca,80+,Mujer,4901,671649
2013,10,Catamarca,80+,Varón,2645,329851
2013,14,Córdoba,30-39,Mujer,256118,2948351
2013,14,Córdoba,30-39,Varón,253675,2875168
2013,14,Córdoba,40-49,Mujer,202309,2333346
2013,14,Córdoba,40-49,Varón,193242,2226600
2013,14,Córdoba,50-59,Mujer,179037,2043266
2013,14,Córdoba,50-59,Varón,165564,1896227
2013,14,Córdoba,60-69,Mujer,151861,1572788
2013,14,Córdoba,60-69,Varón,128943,1360347
2013,14,Córdoba,70-79,Mujer,102568,1067525
2013,14,Córdoba,70-79,Varón,73885,769536
2013,14,Córdoba,80+,Mujer,64509,671649
2013,14,Córdoba,80+,Varón,31092,329851
2013,18,Corrientes,30-39,Mujer,71365,2948351
2013,18,Corrientes,30-39,Varón,67171,2875168
2013,18,Corrientes,40-49,Mujer,57420,2333346
2013,18,Corrientes,40-49,Varón,53819,2226600
2013,18,Corrientes,50-59,Mujer,49565,2043266
2013,18,Corrientes,50-59,Varón,47477,1896227
2013,18,Corrientes,60-69,Mujer,35313,1572788
2013,18,Corrientes,60-69,Varón,33477,1360347
2013,18,Corrientes,70-79,Mujer,21816,1067525
2013,18,Corrientes,70-79,Varón,16804,769536
2013,18,Corrientes,80+,Mujer,12227,671649
2013,18,Corrientes,80+,Varón,6752,329851
2013,22,Chaco,30-39,Mujer,77820,2948351
2013,22,Chaco,30-39,Varón,73770,2875168
2013,22,Chaco,40-49,Mujer,59051,2333346
2013,22,Chaco,40-49,Varón,55914,2226600
2013,22,Chaco,50-59,Mujer,50000,2043266
2013,22,Chaco,50-59,Varón,48480,1896227
2013,22,Chaco,60-69,Mujer,33439,1572788
2013,22,Chaco,60-69,Varón,31563,1360347
2013,22,Chaco,70-79,Mujer,20485,1067525
2013,22,Chaco,70-79,Varón,15671,769536
2013,22,Chaco,80+,Mujer,10725,671649
2013,22,Chaco,80+,Varón,5918,329851
2013,26,Chubut,30-39,Mujer,43662,2948351
2013,26,Chubut,30-39,Varón,44829,2875168
2013,26,Chubut,40-49,Mujer,32164,2333346
2013,26,Chubut,40-49,Varón,32068,2226600
2013,26,Chubut,50-59,Mujer,25845,2043266
2013,26,Chubut,50-59,Varón,25531,1896227
2013,26,Chubut,60-69,Mujer,17917,1572788
2013,26,Chubut,60-69,Varón,16698,1360347
2013,26,Chubut,70-79,Mujer,10453,1067525
2013,26,Chubut,70-79,Varón,8181,769536
2013,26,Chubut,80+,Mujer,5789,671649
2013,26,Chubut,80+,Varón,3249,329851
2013,30,Entre Ríos,30-39,Mujer,92169,2948351
2013,30,Entre Ríos,30-39,Varón,90355,2875168
2013,30,Entre Ríos,40-49,Mujer,74200,2333346
2013,30,Entre Ríos,40-49,Varón,72242,2226600
2013,30,Entre Ríos,50-59,Mujer,65666,2043266
2013,30,Entre Ríos,50-59,Varón,61378,1896227
2013,30,Entre Ríos,60-69,Mujer,52422,1572788
2013,30,Entre Ríos,60-69,Varón,46318,1360347
2013,30,Entre Ríos,70-79,Mujer,35680,1067525
2013,30,Entre Ríos,70-79,Varón,25621,769536
2013,30,Entre Ríos,80+,Mujer,22085,671649
2013,30,Entre Ríos,80+,Varón,9807,329851
2013,34,Formosa,30-39,Mujer,37394,2948351
2013,34,Formosa,30-39,Varón,34757,2875168
2013,34,Formosa,40-49,Mujer,30478,2333346
2013,34,Formosa,40-49,Varón,29269,2226600
2013,34,Formosa,50-59,Mujer,25412,2043266
2013,34,Formosa,50-59,Varón,25121,1896227
2013,34,Formosa,60-69,Mujer,17097,1572788
2013,34,Formosa,60-69,Varón,16607,1360347
2013,34,Formosa,70-79,Mujer,10055,1067525
2013,34,Formosa,70-79,Varón,8959,769536
2013,34,Formosa,80+,Mujer,5024,671649
2013,34,Formosa,80+,Varón,3646,329851
2013,38,Jujuy,30-39,Mujer,53290,2948351
2013,38,Jujuy,30-39,Varón,51539,2875168
2013,38,Jujuy,40-49,Mujer,39613,2333346
2013,38,Jujuy,40-49,Varón,36985,2226600
2013,38,Jujuy,50-59,Mujer,31923,2043266
2013,38,Jujuy,50-59,Varón,28689,1896227
2013,38,Jujuy,60-69,Mujer,23210,1572788
2013,38,Jujuy,60-69,Varón,20581,1360347
2013,38,Jujuy,70-79,Mujer,13364,1067525
2013,38,Jujuy,70-79,Varón,11011,769536
2013,38,Jujuy,80+,Mujer,6693,671649
2013,38,Jujuy,80+,Varón,4229,329851
2013,42,La Pampa,30-39,Mujer,23819,2948351
2013,42,La Pampa,30-39,Varón,23764,2875168
2013,42,La Pampa,40-49,Mujer,20131,2333346
2013,42,La Pampa,40-49,Varón,19749,2226600
2013,42,La Pampa,50-59,Mujer,17373,2043266
2013,42,La Pampa,50-59,Varón,17304,1896227
2013,42,La Pampa,60-69,Mujer,14073,1572788
2013,42,La Pampa,60-69,Varón,13471,1360347
2013,42,La Pampa,70-79,Mujer,9612,1067525
2013,42,La Pampa,70-79,Varón,7774,769536
2013,42,La Pampa,80+,Mujer,6036,671649
2013,42,La Pampa,80+,Varón,3313,329851
2013,46,La Rioja,30-39,Mujer,27063,2948351
2013,46,La Rioja,30-39,Varón,26646,2875168
2013,46,La Rioja,40-49,Mujer,19653,2333346
2013,46,La Rioja,40-49,Varón,19463,2226600
2013,46,La Rioja,50-59,Mujer,15865,2043266
2013,46,La Rioja,50-59,Varón,15908,1896227
2013,46,La Rioja,60-69,Mujer,11200,1572788
2013,46,La Rioja,60-69,Varón,10813,1360347
2013,46,La Rioja,70-79,Mujer,6565,1067525
2013,46,La Rioja,70-79,Varón,5270,769536
2013,46,La Rioja,80+,Mujer,3825,671649
2013,46,La Rioja,80+,Varón,2150,329851
2013,50,Mendoza,30-39,Mujer,131942,2948351
2013,50,Mendoza,30-39,Varón,129472,2875168
2013,50,Mendoza,40-49,Mujer,103781,2333346
2013,50,Mendoza,40-49,Varón,97622,2226600
2013,50,Mendoza,50-59,Mujer,90875,2043266
2013,50,Mendoza,50-59,Varón,82472,1896227
2013,50,Mendoza,60-69,Mujer,77034,1572788
2013,50,Mendoza,60-69,Varón,66004,1360347
2013,50,Mendoza,70-79,Mujer,48940,1067525
2013,50,Mendoza,70-79,Varón,36907,769536
2013,50,Mendoza,80+,Mujer,29364,671649
2013,50,Mendoza,80+,Varón,16331,329851
2013,54,Misiones,30-39,Mujer,77669,2948351
2013,54,Misiones,30-39,Varón,74918,2875168
2013,54,Misiones,40-49,Mujer,60388,2333346
2013,54,Misiones,40-49,Varón,58660,2226600
2013,54,Misiones,50-59,Mujer,49119,2043266
2013,54,Misiones,50-59,Varón,49552,1896227
2013,54,Misiones,60-69,Mujer,31919,1572788
2013,54,Misiones,60-69,Varón,31404,1360347
2013,54,Misiones,70-79,Mujer,18574,1067525
2013,54,Misiones,70-79,Varón,15985,769536
2013,54,Misiones,80+,Mujer,9390,671649
2013,54,Misiones,80+,Varón,6096,329851
2013,58,Neuquén,30-39,Mujer,47340,2948351
2013,58,Neuquén,30-39,Varón,46210,2875168
2013,58,Neuquén,40-49,Mujer,37299,2333346
2013,58,Neuquén,40-49,Varón,35632,2226600
2013,58,Neuquén,50-59,Mujer,29166,2043266
2013,58,Neuquén,50-59,Varón,27872,1896227
2013,58,Neuquén,60-69,Mujer,19280,1572788
2013,58,Neuquén,60-69,Varón,18188,1360347
2013,58,Neuquén,70-79,Mujer,10220,1067525
2013,58,Neuquén,70-79,Varón,8416,769536
2013,58,Neuquén,80+,Mujer,5424,671649
2013,58,Neuquén,80+,Varón,3096,329851
2013,62,Río Negro,30-39,Mujer,51577,2948351
2013,62,Río Negro,30-39,Varón,50384,2875168
2013,62,Río Negro,40-49,Mujer,40844,2333346
2013,62,Río Negro,40-49,Varón,39743,2226600
2013,62,Río Negro,50-59,Mujer,33839,2043266
2013,62,Río Negro,50-59,Varón,32649,1896227
2013,62,Río Negro,60-69,Mujer,24811,1572788
2013,62,Río Negro,60-69,Varón,23591,1360347
2013,62,Río Negro,70-79,Mujer,14447,1067525
2013,62,Río Negro,70-79,Varón,12251,769536
2013,62,Río Negro,80+,Mujer,8250,671649
2013,62,Río Negro,80+,Varón,5005,329851
2013,66,Salta,30-39,Mujer,91800,2948351
2013,66,Salta,30-39,Varón,86879,2875168
2013,66,Salta,40-49,Mujer,68616,2333346
2013,66,Salta,40-49,Varón,65223,2226600
2013,66,Salta,50-59,Mujer,54109,2043266
2013,66,Salta,50-59,Varón,50921,1896227
2013,66,Salta,60-69,Mujer,39277,1572788
2013,66,Salta,60-69,Varón,35492,1360347
2013,66,Salta,70-79,Mujer,23019,1067525
2013,66,Salta,70-79,Varón,19212,769536
2013,66,Salta,80+,Mujer,12357,671649
2013,66,Salta,80+,Varón,7703,329851
2013,70,San Juan,30-39,Mujer,50791,2948351
2013,70,San Juan,30-39,Varón,50686,2875168
2013,70,San Juan,40-49,Mujer,40179,2333346
2013,70,San Juan,40-49,Varón,38213,2226600
2013,70,San Juan,50-59,Mujer,34391,2043266
2013,70,San Juan,50-59,Varón,30850,1896227
2013,70,San Juan,60-69,Mujer,28127,1572788
2013,70,San Juan,60-69,Varón,24067,1360347
2013,70,San Juan,70-79,Mujer,16734,1067525
2013,70,San Juan,70-79,Varón,12517,769536
2013,70,San Juan,80+,Mujer,8674,671649
2013,70,San Juan,80+,Varón,4971,329851
2013,74,San Luis,30-39,Mujer,34082,2948351
2013,74,San Luis,30-39,Varón,33568,2875168
2013,74,San Luis,40-49,Mujer,26298,2333346
2013,74,San Luis,40-49,Varón,26494,2226600
2013,74,San Luis,50-59,Mujer,22202,2043266
2013,74,San Luis,50-59,Varón,21659,1896227
2013,74,San Luis,60-69,Mujer,17368,1572788
2013,74,San Luis,60-69,Varón,16056,1360347
2013,74,San Luis,70-79,Mujer,10528,1067525
2013,74,San Luis,70-79,Varón,8385,769536
2013,74,San Luis,80+,Mujer,6056,671649
2013,74,San Luis,80+,Varón,3253,329851
2013,78,Santa Cruz,30-39,Mujer,24972,2948351
2013,78,Santa Cruz,30-39,Varón,27352,2875168
2013,78,Santa Cruz,40-49,Mujer,16957,2333346
2013,78,Santa Cruz,40-49,Varón,18403,2226600
2013,78,Santa Cruz,50-59,Mujer,12367,2043266
2013,78,Santa Cruz,50-59,Varón,13654,1896227
2013,78,Santa Cruz,60-69,Mujer,7572,1572788
2013,78,Santa Cruz,60-69,Varón,7544,1360347
2013,78,Santa Cruz,70-79,Mujer,4008,1067525
2013,78,Santa Cruz,70-79,Varón,3341,769536
2013,78,Santa Cruz,80+,Mujer,1822,671649
2013,78,Santa Cruz,80+,Varón,1164,329851
2013,82,Santa Fe,30-39,Mujer,250125,2948351
2013,82,Santa Fe,30-39,Varón,247140,2875168
2013,82,Santa Fe,40-49,Mujer,192383,2333346
2013,82,Santa Fe,40-49,Varón,185145,2226600
2013,82,Santa Fe,50-59,Mujer,175103,2043266
2013,82,Santa Fe,50-59,Varón,162581,1896227
2013,82,Santa Fe,60-69,Mujer,145007,1572788
2013,82,Santa Fe,60-69,Varón,123644,1360347
2013,82,Santa Fe,70-79,Mujer,102824,1067525
2013,82,Santa Fe,70-79,Varón,71894,769536
2013,82,Santa Fe,80+,Mujer,70990,671649
2013,82,Santa Fe,80+,Varón,32409,329851
2013,86,Santiago del Estero,30-39,Mujer,64115,2948351
2013,86,Santiago del Estero,30-39,Varón,61286,2875168
2013,86,Santiago del Estero,40-49,Mujer,45743,2333346
2013,86,Santiago del Estero,40-49,Varón,45999,2226600
2013,86,Santiago del Estero,50-59,Mujer,37700,2043266
2013,86,Santiago del Estero,50-59,Varón,37800,1896227
2013,86,Santiago del Estero,60-69,Mujer,28116,1572788
2013,86,Santiago del Estero,60-69,Varón,27428,1360347
2013,86,Santiago del Estero,70-79,Mujer,17772,1067525
2013,86,Santiago del Estero,70-79,Varón,14470,769536
2013,86,Santiago del Estero,80+,Mujer,10276,671649
2013,86,Santiago del Estero,80+,Varón,5840,329851
2013,90,Tucumán,30-39,Mujer,114025,2948351
2013,90,Tucumán,30-39,Varón,110977,2875168
2013,90,Tucumán,40-49,Mujer,81699,2333346
2013,90,Tucumán,40-49,Varón,77742,2226600
2013,90,Tucumán,50-59,Mujer,73608,2043266
2013,90,Tucumán,50-59,Varón,68065,1896227
2013,90,Tucumán,60-69,Mujer,55046,1572788
2013,90,Tucumán,60-69,Varón,50045,1360347
2013,90,Tucumán,70-79,Mujer,32002,1067525
2013,90,Tucumán,70-79,Varón,24042,769536
2013,90,Tucumán,80+,Mujer,18943,671649
2013,90,Tucumán,80+,Varón,10336,329851
2013,94,Tierra del Fuego,30-39,Mujer,11976,2948351
2013,94,Tierra del Fuego,30-39,Varón,12647,2875168
2013,94,Tierra del Fuego,40-49,Mujer,9209,2333346
2013,94,Tierra del Fuego,40-49,Varón,9295,2226600
2013,94,Tierra del Fuego,50-59,Mujer,7039,2043266
2013,94,Tierra del Fuego,50-59,Varón,7676,1896227
2013,94,Tierra del Fuego,60-69,Mujer,3368,1572788
2013,94,Tierra del Fuego,60-69,Varón,3545,1360347
2013,94,Tierra del Fuego,70-79,Mujer,1378,1067525
2013,94,Tierra del Fuego,70-79,Varón,1181,769536
2013,94,Tierra del Fuego,80+,Mujer,642,671649
2013,94,Tierra del Fuego,80+,Varón,333,329851
2018,2,CABA,30-39,Mujer,240524,2948351
2018,2,CABA,30-39,Varón,228605,2875168
2018,2,CABA,40-49,Mujer,214839,2333346
2018,2,CABA,40-49,Varón,197434,2226600
2018,2,CABA,50-59,Mujer,175535,2043266
2018,2,CABA,50-59,Varón,147816,1896227
2018,2,CABA,60-69,Mujer,166249,1572788
2018,2,CABA,60-69,Varón,123952,1360347
2018,2,CABA,70-79,Mujer,131497,1067525
2018,2,CABA,70-79,Varón,82529,769536
2018,2,CABA,80+,Mujer,100797,671649
2018,2,CABA,80+,Varón,44205,329851
2018,6,Buenos Aires,30-39,Mujer,1237236,2948351
2018,6,Buenos Aires,30-39,Varón,1231019,2875168
2018,6,Buenos Aires,40-49,Mujer,1095319,2333346
2018,6,Buenos Aires,40-49,Varón,1060397,2226600
2018,6,Buenos Aires,50-59,Mujer,882368,2043266
2018,6,Buenos Aires,50-59,Varón,820489,1896227
2018,6,Buenos Aires,60-69,Mujer,739724,1572788
2018,6,Buenos Aires,60-69,Varón,635652,1360347
2018,6,Buenos Aires,70-79,Mujer,510071,1067525
2018,6,Buenos Aires,70-79,Varón,372278,769536
2018,6,Buenos Aires,80+,Mujer,320908,671649
2018,6,Buenos Aires,80+,Varón,156238,329851
2018,10,Catamarca,30-39,Mujer,28089,2948351
2018,10,Catamarca,30-39,Varón,28145,2875168
2018,10,Catamarca,40-49,Mujer,25373,2333346
2018,10,Catamarca,40-49,Varón,25006,2226600
2018,10,Catamarca,50-59,Mujer,18763,2043266
2018,10,Catamarca,50-59,Varón,18532,1896227
2018,10,Catamarca,60-69,Mujer,14986,1572788
2018,10,Catamarca,60-69,Varón,14316,1360347
2018,10,Catamarca,70-79,Mujer,9226,1067525
2018,10,Catamarca,70-79,Varón,7622,769536
2018,10,Catamarca,80+,Mujer,5643,671649
2018,10,Catamarca,80+,Varón,3096,329851
2018,14,Córdoba,30-39,Mujer,268490,2948351
2018,14,Córdoba,30-39,Varón,267085,2875168
2018,14,Córdoba,40-49,Mujer,228781,2333346
2018,14,Córdoba,40-49,Varón,221757,2226600
2018,14,Córdoba,50-59,Mujer,187619,2043266
2018,14,Córdoba,50-59,Varón,174531,1896227
2018,14,Córdoba,60-69,Mujer,161600,1572788
2018,14,Córdoba,60-69,Varón,137755,1360347
2018,14,Córdoba,70-79,Mujer,116245,1067525
2018,14,Córdoba,70-79,Varón,84584,769536
2018,14,Córdoba,80+,Mujer,71435,671649
2018,14,Córdoba,80+,Varón,34923,329851
2018,18,Corrientes,30-39,Mujer,74564,2948351
2018,18,Corrientes,30-39,Varón,70590,2875168
2018,18,Corrientes,40-49,Mujer,63019,2333346
2018,18,Corrientes,40-49,Varón,58348,2226600
2018,18,Corrientes,50-59,Mujer,52513,2043266
2018,18,Corrientes,50-59,Varón,49258,1896227
2018,18,Corrientes,60-69,Mujer,40963,1572788
2018,18,Corrientes,60-69,Varón,38103,1360347
2018,18,Corrientes,70-79,Mujer,24843,1067525
2018,18,Corrientes,70-79,Varón,20227,769536
2018,18,Corrientes,80+,Mujer,14557,671649
2018,18,Corrientes,80+,Varón,7859,329851
2018,22,Chaco,30-39,Mujer,82381,2948351
2018,22,Chaco,30-39,Varón,77666,2875168
2018,22,Chaco,40-49,Mujer,66610,2333346
2018,22,Chaco,40-49,Varón,62525,2226600
2018,22,Chaco,50-59,Mujer,53131,2043266
2018,22,Chaco,50-59,Varón,50125,1896227
2018,22,Chaco,60-69,Mujer,40065,1572788
2018,22,Chaco,60-69,Varón,37282,1360347
2018,22,Chaco,70-79,Mujer,22895,1067525
2018,22,Chaco,70-79,Varón,18008,769536
2018,22,Chaco,80+,Mujer,12940,671649
2018,22,Chaco,80+,Varón,6892,329851
2018,26,Chubut,30-39,Mujer,46928,2948351
2018,26,Chubut,30-39,Varón,48602,2875168
2018,26,Chubut,40-49,Mujer,38922,2333346
2018,26,Chubut,40-49,Varón,39497,2226600
2018,26,Chubut,50-59,Mujer,28568,2043266
2018,26,Chubut,50-59,Varón,27973,1896227
2018,26,Chubut,60-69,Mujer,21495,1572788
2018,26,Chubut,60-69,Varón,19928,1360347
2018,26,Chubut,70-79,Mujer,12731,1067525
2018,26,Chubut,70-79,Varón,10105,769536
2018,26,Chubut,80+,Mujer,7156,671649
2018,26,Chubut,80+,Varón,3909,329851
2018,30,Entre Ríos,30-39,Mujer,95330,2948351
2018,30,Entre Ríos,30-39,Varón,93537,2875168
2018,30,Entre Ríos,40-49,Mujer,83518,2333346
2018,30,Entre Ríos,40-49,Varón,81478,2226600
2018,30,Entre Ríos,50-59,Mujer,68725,2043266
2018,30,Entre Ríos,50-59,Varón,64504,1896227
2018,30,Entre Ríos,60-69,Mujer,57413,1572788
2018,30,Entre Ríos,60-69,Varón,50246,1360347
2018,30,Entre Ríos,70-79,Mujer,40017,1067525
2018,30,Entre Ríos,70-79,Varón,29822,769536
2018,30,Entre Ríos,80+,Mujer,24977,671649
2018,30,Entre Ríos,80+,Varón,11458,329851
2018,34,Formosa,30-39,Mujer,37873,2948351
2018,34,Formosa,30-39,Varón,34820,2875168
2018,34,Formosa,40-49,Mujer,33475,2333346
2018,34,Formosa,40-49,Varón,31324,2226600
2018,34,Formosa,50-59,Mujer,27204,2043266
2018,34,Formosa,50-59,Varón,26637,1896227
2018,34,Formosa,60-69,Mujer,20773,1572788
2018,34,Formosa,60-69,Varón,19544,1360347
2018,34,Formosa,70-79,Mujer,11930,1067525
2018,34,Formosa,70-79,Varón,10288,769536
2018,34,Formosa,80+,Mujer,6274,671649
2018,34,Formosa,80+,Varón,4526,329851
2018,38,Jujuy,30-39,Mujer,54002,2948351
2018,38,Jujuy,30-39,Varón,52041,2875168
2018,38,Jujuy,40-49,Mujer,47212,2333346
2018,38,Jujuy,40-49,Varón,44928,2226600
2018,38,Jujuy,50-59,Mujer,34428,2043266
2018,38,Jujuy,50-59,Varón,30901,1896227
2018,38,Jujuy,60-69,Mujer,26764,1572788
2018,38,Jujuy,60-69,Varón,23288,1360347
2018,38,Jujuy,70-79,Mujer,16140,1067525
2018,38,Jujuy,70-79,Varón,12892,769536
2018,38,Jujuy,80+,Mujer,8412,671649
2018,38,Jujuy,80+,Varón,5309,329851
2018,42,La Pampa,30-39,Mujer,24727,2948351
2018,42,La Pampa,30-39,Varón,24573,2875168
2018,42,La Pampa,40-49,Mujer,22103,2333346
2018,42,La Pampa,40-49,Varón,21707,2226600
2018,42,La Pampa,50-59,Mujer,18601,2043266
2018,42,La Pampa,50-59,Varón,18149,1896227
2018,42,La Pampa,60-69,Mujer,15085,1572788
2018,42,La Pampa,60-69,Varón,14468,1360347
2018,42,La Pampa,70-79,Mujer,10870,1067525
2018,42,La Pampa,70-79,Varón,8969,769536
2018,42,La Pampa,80+,Mujer,6843,671649
2018,42,La Pampa,80+,Varón,3858,329851
2018,46,La Rioja,30-39,Mujer,28823,2948351
2018,46,La Rioja,30-39,Varón,28443,2875168
2018,46,La Rioja,40-49,Mujer,23415,2333346
2018,46,La Rioja,40-49,Varón,23004,2226600
2018,46,La Rioja,50-59,Mujer,17443,2043266
2018,46,La Rioja,50-59,Varón,17131,1896227
2018,46,La Rioja,60-69,Mujer,13281,1572788
2018,46,La Rioja,60-69,Varón,12712,1360347
2018,46,La Rioja,70-79,Mujer,7771,1067525
2018,46,La Rioja,70-79,Varón,6541,769536
2018,46,La Rioja,80+,Mujer,4596,671649
2018,46,La Rioja,80+,Varón,2505,329851
2018,50,Mendoza,30-39,Mujer,139164,2948351
2018,50,Mendoza,30-39,Varón,138931,2875168
2018,50,Mendoza,40-49,Mujer,118693,2333346
2018,50,Mendoza,40-49,Varón,113304,2226600
2018,50,Mendoza,50-59,Mujer,93851,2043266
2018,50,Mendoza,50-59,Varón,85866,1896227
2018,50,Mendoza,60-69,Mujer,82836,1572788
2018,50,Mendoza,60-69,Varón,70596,1360347
2018,50,Mendoza,70-79,Mujer,57128,1067525
2018,50,Mendoza,70-79,Varón,43168,769536
2018,50,Mendoza,80+,Mujer,33473,671649
2018,50,Mendoza,80+,Varón,18606,329851
2018,54,Misiones,30-39,Mujer,82260,2948351
2018,54,Misiones,30-39,Varón,78772,2875168
2018,54,Misiones,40-49,Mujer,67925,2333346
2018,54,Misiones,40-49,Varón,65333,2226600
2018,54,Misiones,50-59,Mujer,53971,2043266
2018,54,Misiones,50-59,Varón,52886,1896227
2018,54,Misiones,60-69,Mujer,38817,1572788
2018,54,Misiones,60-69,Varón,37824,1360347
2018,54,Misiones,70-79,Mujer,21749,1067525
2018,54,Misiones,70-79,Varón,18568,769536
2018,54,Misiones,80+,Mujer,11974,671649
2018,54,Misiones,80+,Varón,7350,329851
2018,58,Neuquén,30-39,Mujer,48868,2948351
2018,58,Neuquén,30-39,Varón,48132,2875168
2018,58,Neuquén,40-49,Mujer,43005,2333346
2018,58,Neuquén,40-49,Varón,41372,2226600
2018,58,Neuquén,50-59,Mujer,32778,2043266
2018,58,Neuquén,50-59,Varón,30577,1896227
2018,58,Neuquén,60-69,Mujer,23529,1572788
2018,58,Neuquén,60-69,Varón,21678,1360347
2018,58,Neuquén,70-79,Mujer,13144,1067525
2018,58,Neuquén,70-79,Varón,10855,769536
2018,58,Neuquén,80+,Mujer,6901,671649
2018,58,Neuquén,80+,Varón,3952,329851
2018,62,Río Negro,30-39,Mujer,53887,2948351
2018,62,Río Negro,30-39,Varón,53437,2875168
2018,62,Río Negro,40-49,Mujer,47056,2333346
2018,62,Río Negro,40-49,Varón,45976,2226600
2018,62,Río Negro,50-59,Mujer,36850,2043266
2018,62,Río Negro,50-59,Varón,35229,1896227
2018,62,Río Negro,60-69,Mujer,28578,1572788
2018,62,Río Negro,60-69,Varón,26777,1360347
2018,62,Río Negro,70-79,Mujer,17649,1067525
2018,62,Río Negro,70-79,Varón,15028,769536
2018,62,Río Negro,80+,Mujer,9890,671649
2018,62,Río Negro,80+,Varón,6131,329851
2018,66,Salta,30-39,Mujer,96164,2948351
2018,66,Salta,30-39,Varón,91348,2875168
2018,66,Salta,40-49,Mujer,80251,2333346
2018,66,Salta,40-49,Varón,75640,2226600
2018,66,Salta,50-59,Mujer,59241,2043266
2018,66,Salta,50-59,Varón,55530,1896227
2018,66,Salta,60-69,Mujer,45139,1572788
2018,66,Salta,60-69,Varón,40388,1360347
2018,66,Salta,70-79,Mujer,27492,1067525
2018,66,Salta,70-79,Varón,22427,769536
2018,66,Salta,80+,Mujer,15127,671649
2018,66,Salta,80+,Varón,9310,329851
2018,70,San Juan,30-39,Mujer,52254,2948351
2018,70,San Juan,30-39,Varón,52679,2875168
2018,70,San Juan,40-49,Mujer,46126,2333346
2018,70,San Juan,40-49,Varón,44972,2226600
2018,70,San Juan,50-59,Mujer,35746,2043266
2018,70,San Juan,50-59,Varón,32686,1896227
2018,70,San Juan,60-69,Mujer,30610,1572788
2018,70,San Juan,60-69,Varón,25929,1360347
2018,70,San Juan,70-79,Mujer,20132,1067525
2018,70,San Juan,70-79,Varón,15201,769536
2018,70,San Juan,80+,Mujer,10127,671649
2018,70,San Juan,80+,Varón,5744,329851
2018,74,San Luis,30-39,Mujer,35125,2948351
2018,74,San Luis,30-39,Varón,34565,2875168
2018,74,San Luis,40-49,Mujer,30562,2333346
2018,74,San Luis,40-49,Varón,30517,2226600
2018,74,San Luis,50-59,Mujer,23939,2043266
2018,74,San Luis,50-59,Varón,23584,1896227
2018,74,San Luis,60-69,Mujer,19682,1572788
2018,74,San Luis,60-69,Varón,18033,1360347
2018,74,San Luis,70-79,Mujer,12836,1067525
2018,74,San Luis,70-79,Varón,10413,769536
2018,74,San Luis,80+,Mujer,7259,671649
2018,74,San Luis,80+,Varón,3956,329851
2018,78,Santa Cruz,30-39,Mujer,28793,2948351
2018,78,Santa Cruz,30-39,Varón,31421,2875168
2018,78,Santa Cruz,40-49,Mujer,21604,2333346
2018,78,Santa Cruz,40-49,Varón,23742,2226600
2018,78,Santa Cruz,50-59,Mujer,14496,2043266
2018,78,Santa Cruz,50-59,Varón,15826,1896227
2018,78,Santa Cruz,60-69,Mujer,9490,1572788
2018,78,Santa Cruz,60-69,Varón,9736,1360347
2018,78,Santa Cruz,70-79,Mujer,5038,1067525
2018,78,Santa Cruz,70-79,Varón,4097,769536
2018,78,Santa Cruz,80+,Mujer,2432,671649
2018,78,Santa Cruz,80+,Varón,1499,329851
2018,82,Santa Fe,30-39,Mujer,262686,2948351
2018,82,Santa Fe,30-39,Varón,261923,2875168
2018,82,Santa Fe,40-49,Mujer,218026,2333346
2018,82,Santa Fe,40-49,Varón,211118,2226600
2018,82,Santa Fe,50-59,Mujer,180185,2043266
2018,82,Santa Fe,50-59,Varón,167187,1896227
2018,82,Santa Fe,60-69,Mujer,155866,1572788
2018,82,Santa Fe,60-69,Varón,133688,1360347
2018,82,Santa Fe,70-79,Mujer,111363,1067525
2018,82,Santa Fe,70-79,Varón,78971,769536
2018,82,Santa Fe,80+,Mujer,76832,671649
2018,82,Santa Fe,80+,Varón,35277,329851
2018,86,Santiago del Estero,30-39,Mujer,65922,2948351
2018,86,Santiago del Estero,30-39,Varón,61912,2875168
2018,86,Santiago del Estero,40-49,Mujer,55017,2333346
2018,86,Santiago del Estero,40-49,Varón,53528,2226600
2018,86,Santiago del Estero,50-59,Mujer,39527,2043266
2018,86,Santiago del Estero,50-59,Varón,39402,1896227
2018,86,Santiago del Estero,60-69,Mujer,32029,1572788
2018,86,Santiago del Estero,60-69,Varón,30874,1360347
2018,86,Santiago del Estero,70-79,Mujer,20088,1067525
2018,86,Santiago del Estero,70-79,Varón,16736,769536
2018,86,Santiago del Estero,80+,Mujer,11877,671649
2018,86,Santiago del Estero,80+,Varón,6729,329851
2018,90,Tucumán,30-39,Mujer,119125,2948351
2018,90,Tucumán,30-39,Varón,116443,2875168
2018,90,Tucumán,40-49,Mujer,97457,2333346
2018,90,Tucumán,40-49,Varón,93277,2226600
2018,90,Tucumán,50-59,Mujer,74423,2043266
2018,90,Tucumán,50-59,Varón,68685,1896227
2018,90,Tucumán,60-69,Mujer,64122,1572788
2018,90,Tucumán,60-69,Varón,57437,1360347
2018,90,Tucumán,70-79,Mujer,37463,1067525
2018,90,Tucumán,70-79,Varón,29323,769536
2018,90,Tucumán,80+,Mujer,21826,671649
2018,90,Tucumán,80+,Varón,11667,329851
2018,94,Tierra del Fuego,30-39,Mujer,13707,2948351
2018,94,Tierra del Fuego,30-39,Varón,14715,2875168
2018,94,Tierra del Fuego,40-49,Mujer,11008,2333346
2018,94,Tierra del Fuego,40-49,Varón,11196,2226600
2018,94,Tierra del Fuego,50-59,Mujer,8367,2043266
2018,94,Tierra del Fuego,50-59,Varón,8604,1896227
2018,94,Tierra del Fuego,60-69,Mujer,4827,1572788
2018,94,Tierra del Fuego,60-69,Varón,5182,1360347
2018,94,Tierra del Fuego,70-79,Mujer,1925,1067525
2018,94,Tierra del Fuego,70-79,Varón,1745,769536
2018,94,Tierra del Fuego,80+,Mujer,847,671649
2018,94,Tierra del Fuego,80+,Varón,480,329851
