anio_enfr,prov_nombre,grupo_edad_enfr,sexo,n_defun_tri,mean_defun_tri,esp_vida,AVP
2005,Buenos Aires,18 a 24,Mujer,10,5,62.84092471991092,314.2046235995546
2005,Buenos Aires,18 a 24,Varón,5,2.5,57.03405361807008,142.5851340451752
2005,Buenos Aires,25 a 34,Mujer,14,7,53.141776341559,371.992434390913
2005,Buenos Aires,25 a 34,Varón,19,9.5,47.68701113214348,453.0266057553631
2005,Buenos Aires,35 a 49,Mujer,67,33.5,41.18030810008021,1379.540321352687
2005,Buenos Aires,35 a 49,Varón,104,52,36.06351457832014,1875.302758072647
2005,Buenos Aires,50 a 64,Mujer,400,200,27.500233476052912,5500.046695210583
2005,Buenos Aires,50 a 64,Varón,620,310,22.978902604634623,7123.459807436733
2005,Buenos Aires,65+,Mujer,2120,1060,13.018686350259207,13799.807531274759
2005,Buenos Aires,65+,Varón,2011,1005.5,10.95264142135293,11012.88094917037
2005,CABA,18 a 24,Mujer,0,0,62.84092471991092,0
2005,CABA,18 a 24,Varón,0,0,57.03405361807008,0
2005,CABA,25 a 34,Mujer,2,1,53.141776341559,53.141776341559
2005,CABA,25 a 34,Varón,3,1.5,47.68701113214348,71.53051669821522
2005,CABA,35 a 49,Mujer,2,1,41.18030810008021,41.18030810008021
2005,CABA,35 a 49,Varón,5,2.5,36.06351457832014,90.15878644580035
2005,CABA,50 a 64,Mujer,31,15.5,27.500233476052912,426.25361887882013
2005,CABA,50 a 64,Varón,52,26,22.978902604634623,597.4514677205002
2005,CABA,65+,Mujer,247,123.5,13.018686350259207,1607.8077642570122
2005,CABA,65+,Varón,188,94,10.95264142135293,1029.5482936071753
2005,Catamarca,18 a 24,Mujer,1,0.5,62.84092471991092,31.42046235995546
2005,Catamarca,18 a 24,Varón,0,0,57.03405361807008,0
2005,Catamarca,25 a 34,Mujer,2,1,53.141776341559,53.141776341559
2005,Catamarca,25 a 34,Varón,0,0,47.68701113214348,0
2005,Catamarca,35 a 49,Mujer,2,1,41.18030810008021,41.18030810008021
2005,Catamarca,35 a 49,Varón,2,1,36.06351457832014,36.06351457832014
2005,Catamarca,50 a 64,Mujer,19,9.5,27.500233476052912,261.2522180225027
2005,Catamarca,50 a 64,Varón,22,11,22.978902604634623,252.76792865098085
2005,Catamarca,65+,Mujer,60,30,13.018686350259207,390.5605905077762
2005,Catamarca,65+,Varón,60,30,10.95264142135293,328.5792426405879
2005,Chaco,18 a 24,Mujer,3,1.5,62.84092471991092,94.26138707986638
2005,Chaco,18 a 24,Varón,0,0,57.03405361807008,0
2005,Chaco,25 a 34,Mujer,1,0.5,53.141776341559,26.5708881707795
2005,Chaco,25 a 34,Varón,1,0.5,47.68701113214348,23.84350556607174
2005,Chaco,35 a 49,Mujer,8,4,41.18030810008021,164.72123240032084
2005,Chaco,35 a 49,Varón,5,2.5,36.06351457832014,90.15878644580035
2005,Chaco,50 a 64,Mujer,39,19.5,27.500233476052912,536.2545527830318
2005,Chaco,50 a 64,Varón,62,31,22.978902604634623,712.3459807436733
2005,Chaco,65+,Mujer,160,80,13.018686350259207,1041.4949080207366
2005,Chaco,65+,Varón,125,62.5,10.95264142135293,684.5400888345581
2005,Chubut,18 a 24,Mujer,0,0,62.84092471991092,0
2005,Chubut,18 a 24,Varón,0,0,57.03405361807008,0
2005,Chubut,25 a 34,Mujer,1,0.5,53.141776341559,26.5708881707795
2005,Chubut,25 a 34,Varón,1,0.5,47.68701113214348,23.84350556607174
2005,Chubut,35 a 49,Mujer,2,1,41.18030810008021,41.18030810008021
2005,Chubut,35 a 49,Varón,2,1,36.06351457832014,36.06351457832014
2005,Chubut,50 a 64,Mujer,7,3.5,27.500233476052912,96.25081716618519
2005,Chubut,50 a 64,Varón,22,11,22.978902604634623,252.76792865098085
2005,Chubut,65+,Mujer,47,23.5,13.018686350259207,305.9391292310914
2005,Chubut,65+,Varón,52,26,10.95264142135293,284.76867695517615
2005,Corrientes,18 a 24,Mujer,1,0.5,62.84092471991092,31.42046235995546
2005,Corrientes,18 a 24,Varón,0,0,57.03405361807008,0
2005,Corrientes,25 a 34,Mujer,0,0,53.141776341559,0
2005,Corrientes,25 a 34,Varón,1,0.5,47.68701113214348,23.84350556607174
2005,Corrientes,35 a 49,Mujer,7,3.5,41.18030810008021,144.13107835028075
2005,Corrientes,35 a 49,Varón,8,4,36.06351457832014,144.25405831328055
2005,Corrientes,50 a 64,Mujer,37,18.5,27.500233476052912,508.75431930697886
2005,Corrientes,50 a 64,Varón,55,27.5,22.978902604634623,631.9198216274522
2005,Corrientes,65+,Mujer,143,71.5,13.018686350259207,930.8360740435334
2005,Corrientes,65+,Varón,130,65,10.95264142135293,711.9216923879404
2005,Córdoba,18 a 24,Mujer,2,1,62.84092471991092,62.84092471991092
2005,Córdoba,18 a 24,Varón,0,0,57.03405361807008,0
2005,Córdoba,25 a 34,Mujer,5,2.5,53.141776341559,132.8544408538975
2005,Córdoba,25 a 34,Varón,4,2,47.68701113214348,95.37402226428696
2005,Córdoba,35 a 49,Mujer,23,11.5,41.18030810008021,473.57354315092243
2005,Córdoba,35 a 49,Varón,36,18,36.06351457832014,649.1432624097624
2005,Córdoba,50 a 64,Mujer,154,77,27.500233476052912,2117.5179776560744
2005,Córdoba,50 a 64,Varón,290,145,22.978902604634623,3331.94087767202
2005,Córdoba,65+,Mujer,806,403,13.018686350259207,5246.53059915446
2005,Córdoba,65+,Varón,698,349,10.95264142135293,3822.4718560521724
2005,Entre Ríos,18 a 24,Mujer,0,0,62.84092471991092,0
2005,Entre Ríos,18 a 24,Varón,3,1.5,57.03405361807008,85.55108042710512
2005,Entre Ríos,25 a 34,Mujer,2,1,53.141776341559,53.141776341559
2005,Entre Ríos,25 a 34,Varón,0,0,47.68701113214348,0
2005,Entre Ríos,35 a 49,Mujer,12,6,41.18030810008021,247.08184860048127
2005,Entre Ríos,35 a 49,Varón,10,5,36.06351457832014,180.3175728916007
2005,Entre Ríos,50 a 64,Mujer,51,25.5,27.500233476052912,701.2559536393493
2005,Entre Ríos,50 a 64,Varón,66,33,22.978902604634623,758.3037859529426
2005,Entre Ríos,65+,Mujer,249,124.5,13.018686350259207,1620.8264506072712
2005,Entre Ríos,65+,Varón,207,103.5,10.95264142135293,1133.5983871100282
2005,Formosa,18 a 24,Mujer,1,0.5,62.84092471991092,31.42046235995546
2005,Formosa,18 a 24,Varón,0,0,57.03405361807008,0
2005,Formosa,25 a 34,Mujer,2,1,53.141776341559,53.141776341559
2005,Formosa,25 a 34,Varón,1,0.5,47.68701113214348,23.84350556607174
2005,Formosa,35 a 49,Mujer,9,4.5,41.18030810008021,185.31138645036094
2005,Formosa,35 a 49,Varón,1,0.5,36.06351457832014,18.03175728916007
2005,Formosa,50 a 64,Mujer,39,19.5,27.500233476052912,536.2545527830318
2005,Formosa,50 a 64,Varón,35,17.5,22.978902604634623,402.13079558110593
2005,Formosa,65+,Mujer,92,46,13.018686350259207,598.8595721119235
2005,Formosa,65+,Varón,65,32.5,10.95264142135293,355.9608461939702
2005,Jujuy,18 a 24,Mujer,0,0,62.84092471991092,0
2005,Jujuy,18 a 24,Varón,0,0,57.03405361807008,0
2005,Jujuy,25 a 34,Mujer,0,0,53.141776341559,0
2005,Jujuy,25 a 34,Varón,0,0,47.68701113214348,0
2005,Jujuy,35 a 49,Mujer,2,1,41.18030810008021,41.18030810008021
2005,Jujuy,35 a 49,Varón,6,3,36.06351457832014,108.19054373496041
2005,Jujuy,50 a 64,Mujer,24,12,27.500233476052912,330.00280171263495
2005,Jujuy,50 a 64,Varón,30,15,22.978902604634623,344.6835390695193
2005,Jujuy,65+,Mujer,61,30.5,13.018686350259207,397.0699336829058
2005,Jujuy,65+,Varón,48,24,10.95264142135293,262.8633941124703
2005,La Pampa,18 a 24,Mujer,0,0,62.84092471991092,0
2005,La Pampa,18 a 24,Varón,0,0,57.03405361807008,0
2005,La Pampa,25 a 34,Mujer,1,0.5,53.141776341559,26.5708881707795
2005,La Pampa,25 a 34,Varón,0,0,47.68701113214348,0
2005,La Pampa,35 a 49,Mujer,2,1,41.18030810008021,41.18030810008021
2005,La Pampa,35 a 49,Varón,1,0.5,36.06351457832014,18.03175728916007
2005,La Pampa,50 a 64,Mujer,6,3,27.500233476052912,82.50070042815874
2005,La Pampa,50 a 64,Varón,11,5.5,22.978902604634623,126.38396432549042
2005,La Pampa,65+,Mujer,41,20.5,13.018686350259207,266.8830701803137
2005,La Pampa,65+,Varón,46,23,10.95264142135293,251.91075269111738
2005,La Rioja,18 a 24,Mujer,0,0,62.84092471991092,0
2005,La Rioja,18 a 24,Varón,0,0,57.03405361807008,0
2005,La Rioja,25 a 34,Mujer,1,0.5,53.141776341559,26.5708881707795
2005,La Rioja,25 a 34,Varón,0,0,47.68701113214348,0
2005,La Rioja,35 a 49,Mujer,4,2,41.18030810008021,82.36061620016042
2005,La Rioja,35 a 49,Varón,2,1,36.06351457832014,36.06351457832014
2005,La Rioja,50 a 64,Mujer,11,5.5,27.500233476052912,151.251284118291
2005,La Rioja,50 a 64,Varón,22,11,22.978902604634623,252.76792865098085
2005,La Rioja,65+,Mujer,39,19.5,13.018686350259207,253.86438383005455
2005,La Rioja,65+,Varón,27,13.5,10.95264142135293,147.86065918826455
2005,Mendoza,18 a 24,Mujer,0,0,62.84092471991092,0
2005,Mendoza,18 a 24,Varón,0,0,57.03405361807008,0
2005,Mendoza,25 a 34,Mujer,3,1.5,53.141776341559,79.7126645123385
2005,Mendoza,25 a 34,Varón,3,1.5,47.68701113214348,71.53051669821522
2005,Mendoza,35 a 49,Mujer,16,8,41.18030810008021,329.4424648006417
2005,Mendoza,35 a 49,Varón,22,11,36.06351457832014,396.69866036152155
2005,Mendoza,50 a 64,Mujer,118,59,27.500233476052912,1622.5137750871218
2005,Mendoza,50 a 64,Varón,191,95.5,22.978902604634623,2194.4851987426064
2005,Mendoza,65+,Mujer,503,251.5,13.018686350259207,3274.1996170901907
2005,Mendoza,65+,Varón,478,239,10.95264142135293,2617.6812997033503
2005,Misiones,18 a 24,Mujer,1,0.5,62.84092471991092,31.42046235995546
2005,Misiones,18 a 24,Varón,1,0.5,57.03405361807008,28.51702680903504
2005,Misiones,25 a 34,Mujer,1,0.5,53.141776341559,26.5708881707795
2005,Misiones,25 a 34,Varón,1,0.5,47.68701113214348,23.84350556607174
2005,Misiones,35 a 49,Mujer,12,6,41.18030810008021,247.08184860048127
2005,Misiones,35 a 49,Varón,7,3.5,36.06351457832014,126.22230102412048
2005,Misiones,50 a 64,Mujer,48,24,27.500233476052912,660.0056034252699
2005,Misiones,50 a 64,Varón,53,26.5,22.978902604634623,608.9409190228175
2005,Misiones,65+,Mujer,169,84.5,13.018686350259207,1100.078996596903
2005,Misiones,65+,Varón,139,69.5,10.95264142135293,761.2085787840285
2005,Neuquén,18 a 24,Mujer,0,0,62.84092471991092,0
2005,Neuquén,18 a 24,Varón,0,0,57.03405361807008,0
2005,Neuquén,25 a 34,Mujer,1,0.5,53.141776341559,26.5708881707795
2005,Neuquén,25 a 34,Varón,1,0.5,47.68701113214348,23.84350556607174
2005,Neuquén,35 a 49,Mujer,3,1.5,41.18030810008021,61.770462150120316
2005,Neuquén,35 a 49,Varón,5,2.5,36.06351457832014,90.15878644580035
2005,Neuquén,50 a 64,Mujer,28,14,27.500233476052912,385.00326866474074
2005,Neuquén,50 a 64,Varón,50,25,22.978902604634623,574.4725651158656
2005,Neuquén,65+,Mujer,115,57.5,13.018686350259207,748.5744651399044
2005,Neuquén,65+,Varón,118,59,10.95264142135293,646.2058438598228
2005,Río Negro,18 a 24,Mujer,0,0,62.84092471991092,0
2005,Río Negro,18 a 24,Varón,0,0,57.03405361807008,0
2005,Río Negro,25 a 34,Mujer,1,0.5,53.141776341559,26.5708881707795
2005,Río Negro,25 a 34,Varón,0,0,47.68701113214348,0
2005,Río Negro,35 a 49,Mujer,3,1.5,41.18030810008021,61.770462150120316
2005,Río Negro,35 a 49,Varón,1,0.5,36.06351457832014,18.03175728916007
2005,Río Negro,50 a 64,Mujer,15,7.5,27.500233476052912,206.25175107039684
2005,Río Negro,50 a 64,Varón,19,9.5,22.978902604634623,218.29957474402892
2005,Río Negro,65+,Mujer,75,37.5,13.018686350259207,488.20073813472027
2005,Río Negro,65+,Varón,64,32,10.95264142135293,350.48452548329374
2005,Salta,18 a 24,Mujer,3,1.5,62.84092471991092,94.26138707986638
2005,Salta,18 a 24,Varón,1,0.5,57.03405361807008,28.51702680903504
2005,Salta,25 a 34,Mujer,1,0.5,53.141776341559,26.5708881707795
2005,Salta,25 a 34,Varón,2,1,47.68701113214348,47.68701113214348
2005,Salta,35 a 49,Mujer,3,1.5,41.18030810008021,61.770462150120316
2005,Salta,35 a 49,Varón,12,6,36.06351457832014,216.38108746992083
2005,Salta,50 a 64,Mujer,27,13.5,27.500233476052912,371.25315192671434
2005,Salta,50 a 64,Varón,32,16,22.978902604634623,367.66244167415397
2005,Salta,65+,Mujer,93,46.5,13.018686350259207,605.3689152870531
2005,Salta,65+,Varón,85,42.5,10.95264142135293,465.4872604074995
2005,San Juan,18 a 24,Mujer,2,1,62.84092471991092,62.84092471991092
2005,San Juan,18 a 24,Varón,2,1,57.03405361807008,57.03405361807008
2005,San Juan,25 a 34,Mujer,3,1.5,53.141776341559,79.7126645123385
2005,San Juan,25 a 34,Varón,2,1,47.68701113214348,47.68701113214348
2005,San Juan,35 a 49,Mujer,7,3.5,41.18030810008021,144.13107835028075
2005,San Juan,35 a 49,Varón,8,4,36.06351457832014,144.25405831328055
2005,San Juan,50 a 64,Mujer,59,29.5,27.500233476052912,811.2568875435609
2005,San Juan,50 a 64,Varón,71,35.5,22.978902604634623,815.7510424645291
2005,San Juan,65+,Mujer,235,117.5,13.018686350259207,1529.6956461554569
2005,San Juan,65+,Varón,218,109,10.95264142135293,1193.8379149274692
2005,San Luis,18 a 24,Mujer,0,0,62.84092471991092,0
2005,San Luis,18 a 24,Varón,0,0,57.03405361807008,0
2005,San Luis,25 a 34,Mujer,1,0.5,53.141776341559,26.5708881707795
2005,San Luis,25 a 34,Varón,1,0.5,47.68701113214348,23.84350556607174
2005,San Luis,35 a 49,Mujer,3,1.5,41.18030810008021,61.770462150120316
2005,San Luis,35 a 49,Varón,9,4.5,36.06351457832014,162.2858156024406
2005,San Luis,50 a 64,Mujer,21,10.5,27.500233476052912,288.75245149855556
2005,San Luis,50 a 64,Varón,47,23.5,22.978902604634623,540.0042112089136
2005,San Luis,65+,Mujer,92,46,13.018686350259207,598.8595721119235
2005,San Luis,65+,Varón,91,45.5,10.95264142135293,498.3451846715583
2005,Santa Cruz,18 a 24,Mujer,1,0.5,62.84092471991092,31.42046235995546
2005,Santa Cruz,18 a 24,Varón,0,0,57.03405361807008,0
2005,Santa Cruz,25 a 34,Mujer,0,0,53.141776341559,0
2005,Santa Cruz,25 a 34,Varón,0,0,47.68701113214348,0
2005,Santa Cruz,35 a 49,Mujer,1,0.5,41.18030810008021,20.590154050040105
2005,Santa Cruz,35 a 49,Varón,2,1,36.06351457832014,36.06351457832014
2005,Santa Cruz,50 a 64,Mujer,11,5.5,27.500233476052912,151.251284118291
2005,Santa Cruz,50 a 64,Varón,11,5.5,22.978902604634623,126.38396432549042
2005,Santa Cruz,65+,Mujer,26,13,13.018686350259207,169.24292255336968
2005,Santa Cruz,65+,Varón,32,16,10.95264142135293,175.24226274164687
2005,Santa Fe,18 a 24,Mujer,1,0.5,62.84092471991092,31.42046235995546
2005,Santa Fe,18 a 24,Varón,0,0,57.03405361807008,0
2005,Santa Fe,25 a 34,Mujer,2,1,53.141776341559,53.141776341559
2005,Santa Fe,25 a 34,Varón,4,2,47.68701113214348,95.37402226428696
2005,Santa Fe,35 a 49,Mujer,27,13.5,41.18030810008021,555.9341593510828
2005,Santa Fe,35 a 49,Varón,42,21,36.06351457832014,757.3338061447229
2005,Santa Fe,50 a 64,Mujer,147,73.5,27.500233476052912,2021.267160489889
2005,Santa Fe,50 a 64,Varón,278,139,22.978902604634623,3194.067462044213
2005,Santa Fe,65+,Mujer,959,479.5,13.018686350259207,6242.460104949289
2005,Santa Fe,65+,Varón,909,454.5,10.95264142135293,4977.975526004906
2005,Santiago del Estero,18 a 24,Mujer,1,0.5,62.84092471991092,31.42046235995546
2005,Santiago del Estero,18 a 24,Varón,0,0,57.03405361807008,0
2005,Santiago del Estero,25 a 34,Mujer,0,0,53.141776341559,0
2005,Santiago del Estero,25 a 34,Varón,0,0,47.68701113214348,0
2005,Santiago del Estero,35 a 49,Mujer,6,3,41.18030810008021,123.54092430024063
2005,Santiago del Estero,35 a 49,Varón,11,5.5,36.06351457832014,198.34933018076077
2005,Santiago del Estero,50 a 64,Mujer,37,18.5,27.500233476052912,508.75431930697886
2005,Santiago del Estero,50 a 64,Varón,48,24,22.978902604634623,551.4936625112309
2005,Santiago del Estero,65+,Mujer,116,58,13.018686350259207,755.083808315034
2005,Santiago del Estero,65+,Varón,110,55,10.95264142135293,602.3952781744111
2005,Tierra del Fuego,18 a 24,Mujer,0,0,62.84092471991092,0
2005,Tierra del Fuego,18 a 24,Varón,0,0,57.03405361807008,0
2005,Tierra del Fuego,25 a 34,Mujer,0,0,53.141776341559,0
2005,Tierra del Fuego,25 a 34,Varón,0,0,47.68701113214348,0
2005,Tierra del Fuego,35 a 49,Mujer,1,0.5,41.18030810008021,20.590154050040105
2005,Tierra del Fuego,35 a 49,Varón,1,0.5,36.06351457832014,18.03175728916007
2005,Tierra del Fuego,50 a 64,Mujer,2,1,27.500233476052912,27.500233476052912
2005,Tierra del Fuego,50 a 64,Varón,3,1.5,22.978902604634623,34.46835390695193
2005,Tierra del Fuego,65+,Mujer,10,5,13.018686350259207,65.09343175129604
2005,Tierra del Fuego,65+,Varón,8,4,10.95264142135293,43.81056568541172
2005,Tucumán,18 a 24,Mujer,4,2,62.84092471991092,125.68184943982185
2005,Tucumán,18 a 24,Varón,1,0.5,57.03405361807008,28.51702680903504
2005,Tucumán,25 a 34,Mujer,2,1,53.141776341559,53.141776341559
2005,Tucumán,25 a 34,Varón,5,2.5,47.68701113214348,119.2175278303587
2005,Tucumán,35 a 49,Mujer,15,7.5,41.18030810008021,308.8523107506016
2005,Tucumán,35 a 49,Varón,9,4.5,36.06351457832014,162.2858156024406
2005,Tucumán,50 a 64,Mujer,84,42,27.500233476052912,1155.0098059942222
2005,Tucumán,50 a 64,Varón,104,52,22.978902604634623,1194.9029354410004
2005,Tucumán,65+,Mujer,279,139.5,13.018686350259207,1816.1067458611594
2005,Tucumán,65+,Varón,256,128,10.95264142135293,1401.938101933175
2009,Buenos Aires,18 a 24,Mujer,14,4.666666666666667,62.84092471991092,293.25764869291766
2009,Buenos Aires,18 a 24,Varón,9,3,57.03405361807008,171.10216085421024
2009,Buenos Aires,25 a 34,Mujer,28,9.333333333333334,53.141776341559,495.9899125212174
2009,Buenos Aires,25 a 34,Varón,33,11,47.68701113214348,524.5571224535784
2009,Buenos Aires,35 a 49,Mujer,114,38,41.18030810008021,1564.851707803048
2009,Buenos Aires,35 a 49,Varón,125,41.666666666666664,36.06351457832014,1502.646440763339
2009,Buenos Aires,50 a 64,Mujer,529,176.33333333333334,27.500233476052912,4849.207836277331
2009,Buenos Aires,50 a 64,Varón,844,281.3333333333333,22.978902604634623,6464.731266103873
2009,Buenos Aires,65+,Mujer,2802,934,13.018686350259207,12159.4530511421
2009,Buenos Aires,65+,Varón,2580,860,10.95264142135293,9419.27162236352
2009,CABA,18 a 24,Mujer,1,0.3333333333333333,62.84092471991092,20.946974906636974
2009,CABA,18 a 24,Varón,0,0,57.03405361807008,0
2009,CABA,25 a 34,Mujer,3,1,53.141776341559,53.141776341559
2009,CABA,25 a 34,Varón,3,1,47.68701113214348,47.68701113214348
2009,CABA,35 a 49,Mujer,12,4,41.18030810008021,164.72123240032084
2009,CABA,35 a 49,Varón,15,5,36.06351457832014,180.3175728916007
2009,CABA,50 a 64,Mujer,48,16,27.500233476052912,440.0037356168466
2009,CABA,50 a 64,Varón,75,25,22.978902604634623,574.4725651158656
2009,CABA,65+,Mujer,403,134.33333333333334,13.018686350259207,1748.843533051487
2009,CABA,65+,Varón,339,113,10.95264142135293,1237.648480612881
2009,Catamarca,18 a 24,Mujer,0,0,62.84092471991092,0
2009,Catamarca,18 a 24,Varón,0,0,57.03405361807008,0
2009,Catamarca,25 a 34,Mujer,1,0.3333333333333333,53.141776341559,17.713925447186334
2009,Catamarca,25 a 34,Varón,0,0,47.68701113214348,0
2009,Catamarca,35 a 49,Mujer,0,0,41.18030810008021,0
2009,Catamarca,35 a 49,Varón,5,1.6666666666666667,36.06351457832014,60.10585763053356
2009,Catamarca,50 a 64,Mujer,22,7.333333333333333,27.500233476052912,201.66837882438801
2009,Catamarca,50 a 64,Varón,31,10.333333333333334,22.978902604634623,237.44866024789113
2009,Catamarca,65+,Mujer,70,23.333333333333332,13.018686350259207,303.76934817271484
2009,Catamarca,65+,Varón,75,25,10.95264142135293,273.81603553382325
2009,Chaco,18 a 24,Mujer,2,0.6666666666666666,62.84092471991092,41.89394981327395
2009,Chaco,18 a 24,Varón,1,0.3333333333333333,57.03405361807008,19.01135120602336
2009,Chaco,25 a 34,Mujer,1,0.3333333333333333,53.141776341559,17.713925447186334
2009,Chaco,25 a 34,Varón,2,0.6666666666666666,47.68701113214348,31.79134075476232
2009,Chaco,35 a 49,Mujer,15,5,41.18030810008021,205.90154050040104
2009,Chaco,35 a 49,Varón,13,4.333333333333333,36.06351457832014,156.27522983938726
2009,Chaco,50 a 64,Mujer,76,25.333333333333332,27.500233476052912,696.6725813933405
2009,Chaco,50 a 64,Varón,92,30.666666666666668,22.978902604634623,704.6863465421285
2009,Chaco,65+,Mujer,244,81.33333333333333,13.018686350259207,1058.8531564877487
2009,Chaco,65+,Varón,182,60.666666666666664,10.95264142135293,664.4602462287444
2009,Chubut,18 a 24,Mujer,0,0,62.84092471991092,0
2009,Chubut,18 a 24,Varón,1,0.3333333333333333,57.03405361807008,19.01135120602336
2009,Chubut,25 a 34,Mujer,0,0,53.141776341559,0
2009,Chubut,25 a 34,Varón,1,0.3333333333333333,47.68701113214348,15.89567037738116
2009,Chubut,35 a 49,Mujer,4,1.3333333333333333,41.18030810008021,54.907077466773615
2009,Chubut,35 a 49,Varón,5,1.6666666666666667,36.06351457832014,60.10585763053356
2009,Chubut,50 a 64,Mujer,17,5.666666666666667,27.500233476052912,155.83465636429983
2009,Chubut,50 a 64,Varón,28,9.333333333333334,22.978902604634623,214.4697576432565
2009,Chubut,65+,Mujer,82,27.333333333333332,13.018686350259207,355.84409357375165
2009,Chubut,65+,Varón,92,30.666666666666668,10.95264142135293,335.8810035881565
2009,Corrientes,18 a 24,Mujer,1,0.3333333333333333,62.84092471991092,20.946974906636974
2009,Corrientes,18 a 24,Varón,0,0,57.03405361807008,0
2009,Corrientes,25 a 34,Mujer,1,0.3333333333333333,53.141776341559,17.713925447186334
2009,Corrientes,25 a 34,Varón,1,0.3333333333333333,47.68701113214348,15.89567037738116
2009,Corrientes,35 a 49,Mujer,15,5,41.18030810008021,205.90154050040104
2009,Corrientes,35 a 49,Varón,13,4.333333333333333,36.06351457832014,156.27522983938726
2009,Corrientes,50 a 64,Mujer,46,15.333333333333334,27.500233476052912,421.6702466328113
2009,Corrientes,50 a 64,Varón,82,27.333333333333332,22.978902604634623,628.0900045266796
2009,Corrientes,65+,Mujer,267,89,13.018686350259207,1158.6630851730695
2009,Corrientes,65+,Varón,175,58.333333333333336,10.95264142135293,638.9040829122542
2009,Córdoba,18 a 24,Mujer,1,0.3333333333333333,62.84092471991092,20.946974906636974
2009,Córdoba,18 a 24,Varón,1,0.3333333333333333,57.03405361807008,19.01135120602336
2009,Córdoba,25 a 34,Mujer,4,1.3333333333333333,53.141776341559,70.85570178874534
2009,Córdoba,25 a 34,Varón,3,1,47.68701113214348,47.68701113214348
2009,Córdoba,35 a 49,Mujer,31,10.333333333333334,41.18030810008021,425.52985036749556
2009,Córdoba,35 a 49,Varón,42,14,36.06351457832014,504.88920409648193
2009,Córdoba,50 a 64,Mujer,203,67.66666666666667,27.500233476052912,1860.8491318795805
2009,Córdoba,50 a 64,Varón,330,110,22.978902604634623,2527.6792865098087
2009,Córdoba,65+,Mujer,841,280.3333333333333,13.018686350259207,3649.5717401893307
2009,Córdoba,65+,Varón,824,274.6666666666667,10.95264142135293,3008.3255103982715
2009,Entre Ríos,18 a 24,Mujer,0,0,62.84092471991092,0
2009,Entre Ríos,18 a 24,Varón,0,0,57.03405361807008,0
2009,Entre Ríos,25 a 34,Mujer,3,1,53.141776341559,53.141776341559
2009,Entre Ríos,25 a 34,Varón,1,0.3333333333333333,47.68701113214348,15.89567037738116
2009,Entre Ríos,35 a 49,Mujer,12,4,41.18030810008021,164.72123240032084
2009,Entre Ríos,35 a 49,Varón,8,2.6666666666666665,36.06351457832014,96.1693722088537
2009,Entre Ríos,50 a 64,Mujer,50,16.666666666666668,27.500233476052912,458.3372246008819
2009,Entre Ríos,50 a 64,Varón,88,29.333333333333332,22.978902604634623,674.0478097359489
2009,Entre Ríos,65+,Mujer,302,100.66666666666667,13.018686350259207,1310.5477592594268
2009,Entre Ríos,65+,Varón,251,83.66666666666667,10.95264142135293,916.3709989198618
2009,Formosa,18 a 24,Mujer,0,0,62.84092471991092,0
2009,Formosa,18 a 24,Varón,1,0.3333333333333333,57.03405361807008,19.01135120602336
2009,Formosa,25 a 34,Mujer,2,0.6666666666666666,53.141776341559,35.42785089437267
2009,Formosa,25 a 34,Varón,0,0,47.68701113214348,0
2009,Formosa,35 a 49,Mujer,19,6.333333333333333,41.18030810008021,260.80861796717465
2009,Formosa,35 a 49,Varón,12,4,36.06351457832014,144.25405831328055
2009,Formosa,50 a 64,Mujer,59,19.666666666666668,27.500233476052912,540.8379250290407
2009,Formosa,50 a 64,Varón,60,20,22.978902604634623,459.5780520926925
2009,Formosa,65+,Mujer,195,65,13.018686350259207,846.2146127668485
2009,Formosa,65+,Varón,146,48.666666666666664,10.95264142135293,533.0285491725092
2009,Jujuy,18 a 24,Mujer,0,0,62.84092471991092,0
2009,Jujuy,18 a 24,Varón,1,0.3333333333333333,57.03405361807008,19.01135120602336
2009,Jujuy,25 a 34,Mujer,0,0,53.141776341559,0
2009,Jujuy,25 a 34,Varón,1,0.3333333333333333,47.68701113214348,15.89567037738116
2009,Jujuy,35 a 49,Mujer,2,0.6666666666666666,41.18030810008021,27.453538733386807
2009,Jujuy,35 a 49,Varón,8,2.6666666666666665,36.06351457832014,96.1693722088537
2009,Jujuy,50 a 64,Mujer,30,10,27.500233476052912,275.00233476052915
2009,Jujuy,50 a 64,Varón,56,18.666666666666668,22.978902604634623,428.939515286513
2009,Jujuy,65+,Mujer,92,30.666666666666668,13.018686350259207,399.23971474128234
2009,Jujuy,65+,Varón,102,34,10.95264142135293,372.3898083259996
2009,La Pampa,18 a 24,Mujer,0,0,62.84092471991092,0
2009,La Pampa,18 a 24,Varón,0,0,57.03405361807008,0
2009,La Pampa,25 a 34,Mujer,0,0,53.141776341559,0
2009,La Pampa,25 a 34,Varón,0,0,47.68701113214348,0
2009,La Pampa,35 a 49,Mujer,1,0.3333333333333333,41.18030810008021,13.726769366693404
2009,La Pampa,35 a 49,Varón,3,1,36.06351457832014,36.06351457832014
2009,La Pampa,50 a 64,Mujer,9,3,27.500233476052912,82.50070042815874
2009,La Pampa,50 a 64,Varón,16,5.333333333333333,22.978902604634623,122.55414722471798
2009,La Pampa,65+,Mujer,49,16.333333333333332,13.018686350259207,212.63854372090037
2009,La Pampa,65+,Varón,52,17.333333333333332,10.95264142135293,189.8457846367841
2009,La Rioja,18 a 24,Mujer,2,0.6666666666666666,62.84092471991092,41.89394981327395
2009,La Rioja,18 a 24,Varón,0,0,57.03405361807008,0
2009,La Rioja,25 a 34,Mujer,0,0,53.141776341559,0
2009,La Rioja,25 a 34,Varón,0,0,47.68701113214348,0
2009,La Rioja,35 a 49,Mujer,1,0.3333333333333333,41.18030810008021,13.726769366693404
2009,La Rioja,35 a 49,Varón,12,4,36.06351457832014,144.25405831328055
2009,La Rioja,50 a 64,Mujer,25,8.333333333333334,27.500233476052912,229.16861230044094
2009,La Rioja,50 a 64,Varón,28,9.333333333333334,22.978902604634623,214.4697576432565
2009,La Rioja,65+,Mujer,47,15.666666666666666,13.018686350259207,203.95941948739423
2009,La Rioja,65+,Varón,47,15.666666666666666,10.95264142135293,171.59138226786254
2009,Mendoza,18 a 24,Mujer,2,0.6666666666666666,62.84092471991092,41.89394981327395
2009,Mendoza,18 a 24,Varón,0,0,57.03405361807008,0
2009,Mendoza,25 a 34,Mujer,7,2.3333333333333335,53.141776341559,123.99747813030434
2009,Mendoza,25 a 34,Varón,6,2,47.68701113214348,95.37402226428696
2009,Mendoza,35 a 49,Mujer,22,7.333333333333333,41.18030810008021,301.98892606725485
2009,Mendoza,35 a 49,Varón,33,11,36.06351457832014,396.69866036152155
2009,Mendoza,50 a 64,Mujer,171,57,27.500233476052912,1567.513308135016
2009,Mendoza,50 a 64,Varón,254,84.66666666666667,22.978902604634623,1945.5470871923983
2009,Mendoza,65+,Mujer,768,256,13.018686350259207,3332.783705666357
2009,Mendoza,65+,Varón,774,258,10.95264142135293,2825.7814867090556
2009,Misiones,18 a 24,Mujer,0,0,62.84092471991092,0
2009,Misiones,18 a 24,Varón,4,1.3333333333333333,57.03405361807008,76.04540482409344
2009,Misiones,25 a 34,Mujer,3,1,53.141776341559,53.141776341559
2009,Misiones,25 a 34,Varón,4,1.3333333333333333,47.68701113214348,63.58268150952464
2009,Misiones,35 a 49,Mujer,12,4,41.18030810008021,164.72123240032084
2009,Misiones,35 a 49,Varón,17,5.666666666666667,36.06351457832014,204.35991594381412
2009,Misiones,50 a 64,Mujer,73,24.333333333333332,27.500233476052912,669.1723479172875
2009,Misiones,50 a 64,Varón,88,29.333333333333332,22.978902604634623,674.0478097359489
2009,Misiones,65+,Mujer,280,93.33333333333333,13.018686350259207,1215.0773926908594
2009,Misiones,65+,Varón,243,81,10.95264142135293,887.1639551295873
2009,Neuquén,18 a 24,Mujer,1,0.3333333333333333,62.84092471991092,20.946974906636974
2009,Neuquén,18 a 24,Varón,0,0,57.03405361807008,0
2009,Neuquén,25 a 34,Mujer,1,0.3333333333333333,53.141776341559,17.713925447186334
2009,Neuquén,25 a 34,Varón,0,0,47.68701113214348,0
2009,Neuquén,35 a 49,Mujer,9,3,41.18030810008021,123.54092430024063
2009,Neuquén,35 a 49,Varón,7,2.3333333333333335,36.06351457832014,84.14820068274699
2009,Neuquén,50 a 64,Mujer,39,13,27.500233476052912,357.5030351886879
2009,Neuquén,50 a 64,Varón,65,21.666666666666668,22.978902604634623,497.87622310041684
2009,Neuquén,65+,Mujer,190,63.333333333333336,13.018686350259207,824.5168021830832
2009,Neuquén,65+,Varón,181,60.333333333333336,10.95264142135293,660.8093657549601
2009,Río Negro,18 a 24,Mujer,0,0,62.84092471991092,0
2009,Río Negro,18 a 24,Varón,0,0,57.03405361807008,0
2009,Río Negro,25 a 34,Mujer,1,0.3333333333333333,53.141776341559,17.713925447186334
2009,Río Negro,25 a 34,Varón,0,0,47.68701113214348,0
2009,Río Negro,35 a 49,Mujer,4,1.3333333333333333,41.18030810008021,54.907077466773615
2009,Río Negro,35 a 49,Varón,7,2.3333333333333335,36.06351457832014,84.14820068274699
2009,Río Negro,50 a 64,Mujer,23,7.666666666666667,27.500233476052912,210.83512331640566
2009,Río Negro,50 a 64,Varón,31,10.333333333333334,22.978902604634623,237.44866024789113
2009,Río Negro,65+,Mujer,119,39.666666666666664,13.018686350259207,516.4078918936152
2009,Río Negro,65+,Varón,128,42.666666666666664,10.95264142135293,467.3127006443916
2009,Salta,18 a 24,Mujer,0,0,62.84092471991092,0
2009,Salta,18 a 24,Varón,0,0,57.03405361807008,0
2009,Salta,25 a 34,Mujer,1,0.3333333333333333,53.141776341559,17.713925447186334
2009,Salta,25 a 34,Varón,2,0.6666666666666666,47.68701113214348,31.79134075476232
2009,Salta,35 a 49,Mujer,12,4,41.18030810008021,164.72123240032084
2009,Salta,35 a 49,Varón,12,4,36.06351457832014,144.25405831328055
2009,Salta,50 a 64,Mujer,73,24.333333333333332,27.500233476052912,669.1723479172875
2009,Salta,50 a 64,Varón,96,32,22.978902604634623,735.3248833483079
2009,Salta,65+,Mujer,253,84.33333333333333,13.018686350259207,1097.9092155385265
2009,Salta,65+,Varón,206,68.66666666666667,10.95264142135293,752.0813775995679
2009,San Juan,18 a 24,Mujer,1,0.3333333333333333,62.84092471991092,20.946974906636974
2009,San Juan,18 a 24,Varón,0,0,57.03405361807008,0
2009,San Juan,25 a 34,Mujer,3,1,53.141776341559,53.141776341559
2009,San Juan,25 a 34,Varón,4,1.3333333333333333,47.68701113214348,63.58268150952464
2009,San Juan,35 a 49,Mujer,11,3.6666666666666665,41.18030810008021,150.99446303362743
2009,San Juan,35 a 49,Varón,11,3.6666666666666665,36.06351457832014,132.23288678717384
2009,San Juan,50 a 64,Mujer,99,33,27.500233476052912,907.5077047097461
2009,San Juan,50 a 64,Varón,120,40,22.978902604634623,919.156104185385
2009,San Juan,65+,Mujer,370,123.33333333333333,13.018686350259207,1605.6379831986355
2009,San Juan,65+,Varón,323,107.66666666666667,10.95264142135293,1179.234393032332
2009,San Luis,18 a 24,Mujer,0,0,62.84092471991092,0
2009,San Luis,18 a 24,Varón,1,0.3333333333333333,57.03405361807008,19.01135120602336
2009,San Luis,25 a 34,Mujer,1,0.3333333333333333,53.141776341559,17.713925447186334
2009,San Luis,25 a 34,Varón,1,0.3333333333333333,47.68701113214348,15.89567037738116
2009,San Luis,35 a 49,Mujer,3,1,41.18030810008021,41.18030810008021
2009,San Luis,35 a 49,Varón,9,3,36.06351457832014,108.19054373496041
2009,San Luis,50 a 64,Mujer,27,9,27.500233476052912,247.50210128447623
2009,San Luis,50 a 64,Varón,46,15.333333333333334,22.978902604634623,352.34317327106425
2009,San Luis,65+,Mujer,166,55.333333333333336,13.018686350259207,720.3673113810095
2009,San Luis,65+,Varón,149,49.666666666666664,10.95264142135293,543.9811905938622
2009,Santa Cruz,18 a 24,Mujer,0,0,62.84092471991092,0
2009,Santa Cruz,18 a 24,Varón,0,0,57.03405361807008,0
2009,Santa Cruz,25 a 34,Mujer,1,0.3333333333333333,53.141776341559,17.713925447186334
2009,Santa Cruz,25 a 34,Varón,0,0,47.68701113214348,0
2009,Santa Cruz,35 a 49,Mujer,3,1,41.18030810008021,41.18030810008021
2009,Santa Cruz,35 a 49,Varón,1,0.3333333333333333,36.06351457832014,12.021171526106713
2009,Santa Cruz,50 a 64,Mujer,9,3,27.500233476052912,82.50070042815874
2009,Santa Cruz,50 a 64,Varón,17,5.666666666666667,22.978902604634623,130.21378142626287
2009,Santa Cruz,65+,Mujer,36,12,13.018686350259207,156.22423620311048
2009,Santa Cruz,65+,Varón,56,18.666666666666668,10.95264142135293,204.44930653192137
2009,Santa Fe,18 a 24,Mujer,1,0.3333333333333333,62.84092471991092,20.946974906636974
2009,Santa Fe,18 a 24,Varón,1,0.3333333333333333,57.03405361807008,19.01135120602336
2009,Santa Fe,25 a 34,Mujer,5,1.6666666666666667,53.141776341559,88.56962723593168
2009,Santa Fe,25 a 34,Varón,2,0.6666666666666666,47.68701113214348,31.79134075476232
2009,Santa Fe,35 a 49,Mujer,37,12.333333333333334,41.18030810008021,507.89046656765595
2009,Santa Fe,35 a 49,Varón,45,15,36.06351457832014,540.9527186748021
2009,Santa Fe,50 a 64,Mujer,198,66,27.500233476052912,1815.0154094194922
2009,Santa Fe,50 a 64,Varón,261,87,22.978902604634623,1999.1645266032122
2009,Santa Fe,65+,Mujer,976,325.3333333333333,13.018686350259207,4235.412625950995
2009,Santa Fe,65+,Varón,956,318.6666666666667,10.95264142135293,3490.2417329378004
2009,Santiago del Estero,18 a 24,Mujer,3,1,62.84092471991092,62.84092471991092
2009,Santiago del Estero,18 a 24,Varón,0,0,57.03405361807008,0
2009,Santiago del Estero,25 a 34,Mujer,3,1,53.141776341559,53.141776341559
2009,Santiago del Estero,25 a 34,Varón,2,0.6666666666666666,47.68701113214348,31.79134075476232
2009,Santiago del Estero,35 a 49,Mujer,7,2.3333333333333335,41.18030810008021,96.08738556685383
2009,Santiago del Estero,35 a 49,Varón,10,3.3333333333333335,36.06351457832014,120.21171526106713
2009,Santiago del Estero,50 a 64,Mujer,47,15.666666666666666,27.500233476052912,430.83699112482896
2009,Santiago del Estero,50 a 64,Varón,64,21.333333333333332,22.978902604634623,490.2165888988719
2009,Santiago del Estero,65+,Mujer,127,42.333333333333336,13.018686350259207,551.1243888276398
2009,Santiago del Estero,65+,Varón,132,44,10.95264142135293,481.9162225395289
2009,Tierra del Fuego,18 a 24,Mujer,1,0.3333333333333333,62.84092471991092,20.946974906636974
2009,Tierra del Fuego,18 a 24,Varón,0,0,57.03405361807008,0
2009,Tierra del Fuego,25 a 34,Mujer,0,0,53.141776341559,0
2009,Tierra del Fuego,25 a 34,Varón,0,0,47.68701113214348,0
2009,Tierra del Fuego,35 a 49,Mujer,0,0,41.18030810008021,0
2009,Tierra del Fuego,35 a 49,Varón,0,0,36.06351457832014,0
2009,Tierra del Fuego,50 a 64,Mujer,4,1.3333333333333333,27.500233476052912,36.66697796807055
2009,Tierra del Fuego,50 a 64,Varón,7,2.3333333333333335,22.978902604634623,53.61743941081412
2009,Tierra del Fuego,65+,Mujer,12,4,13.018686350259207,52.07474540103683
2009,Tierra del Fuego,65+,Varón,16,5.333333333333333,10.95264142135293,58.41408758054895
2009,Tucumán,18 a 24,Mujer,4,1.3333333333333333,62.84092471991092,83.7878996265479
2009,Tucumán,18 a 24,Varón,2,0.6666666666666666,57.03405361807008,38.02270241204672
2009,Tucumán,25 a 34,Mujer,3,1,53.141776341559,53.141776341559
2009,Tucumán,25 a 34,Varón,0,0,47.68701113214348,0
2009,Tucumán,35 a 49,Mujer,15,5,41.18030810008021,205.90154050040104
2009,Tucumán,35 a 49,Varón,20,6.666666666666667,36.06351457832014,240.42343052213425
2009,Tucumán,50 a 64,Mujer,111,37,27.500233476052912,1017.5086386139577
2009,Tucumán,50 a 64,Varón,153,51,22.978902604634623,1171.9240328363658
2009,Tucumán,65+,Mujer,382,127.33333333333333,13.018686350259207,1657.7127285996723
2009,Tucumán,65+,Varón,361,120.33333333333333,10.95264142135293,1317.9678510361357
2013,Buenos Aires,18 a 24,Mujer,8,2.6666666666666665,62.84092471991092,167.5757992530958
2013,Buenos Aires,18 a 24,Varón,13,4.333333333333333,57.03405361807008,247.14756567830366
2013,Buenos Aires,25 a 34,Mujer,27,9,53.141776341559,478.27598707403104
2013,Buenos Aires,25 a 34,Varón,27,9,47.68701113214348,429.18310018929134
2013,Buenos Aires,35 a 49,Mujer,118,39.333333333333336,41.18030810008021,1619.7587852698218
2013,Buenos Aires,35 a 49,Varón,178,59.333333333333336,36.06351457832014,2139.768531646995
2013,Buenos Aires,50 a 64,Mujer,593,197.66666666666666,27.500233476052912,5435.879483766459
2013,Buenos Aires,50 a 64,Varón,852,284,22.978902604634623,6526.0083397162325
2013,Buenos Aires,65+,Mujer,2863,954.3333333333334,13.018686350259207,12424.166340264037
2013,Buenos Aires,65+,Varón,2712,904,10.95264142135293,9901.187844903048
2013,CABA,18 a 24,Mujer,1,0.3333333333333333,62.84092471991092,20.946974906636974
2013,CABA,18 a 24,Varón,0,0,57.03405361807008,0
2013,CABA,25 a 34,Mujer,6,2,53.141776341559,106.283552683118
2013,CABA,25 a 34,Varón,4,1.3333333333333333,47.68701113214348,63.58268150952464
2013,CABA,35 a 49,Mujer,7,2.3333333333333335,41.18030810008021,96.08738556685383
2013,CABA,35 a 49,Varón,27,9,36.06351457832014,324.5716312048812
2013,CABA,50 a 64,Mujer,42,14,27.500233476052912,385.00326866474074
2013,CABA,50 a 64,Varón,113,37.666666666666664,22.978902604634623,865.5386647745707
2013,CABA,65+,Mujer,493,164.33333333333334,13.018686350259207,2139.404123559263
2013,CABA,65+,Varón,452,150.66666666666666,10.95264142135293,1650.197974150508
2013,Catamarca,18 a 24,Mujer,0,0,62.84092471991092,0
2013,Catamarca,18 a 24,Varón,2,0.6666666666666666,57.03405361807008,38.02270241204672
2013,Catamarca,25 a 34,Mujer,3,1,53.141776341559,53.141776341559
2013,Catamarca,25 a 34,Varón,1,0.3333333333333333,47.68701113214348,15.89567037738116
2013,Catamarca,35 a 49,Mujer,4,1.3333333333333333,41.18030810008021,54.907077466773615
2013,Catamarca,35 a 49,Varón,9,3,36.06351457832014,108.19054373496041
2013,Catamarca,50 a 64,Mujer,22,7.333333333333333,27.500233476052912,201.66837882438801
2013,Catamarca,50 a 64,Varón,34,11.333333333333334,22.978902604634623,260.42756285252574
2013,Catamarca,65+,Mujer,64,21.333333333333332,13.018686350259207,277.7319754721964
2013,Catamarca,65+,Varón,64,21.333333333333332,10.95264142135293,233.6563503221958
2013,Chaco,18 a 24,Mujer,1,0.3333333333333333,62.84092471991092,20.946974906636974
2013,Chaco,18 a 24,Varón,2,0.6666666666666666,57.03405361807008,38.02270241204672
2013,Chaco,25 a 34,Mujer,1,0.3333333333333333,53.141776341559,17.713925447186334
2013,Chaco,25 a 34,Varón,1,0.3333333333333333,47.68701113214348,15.89567037738116
2013,Chaco,35 a 49,Mujer,15,5,41.18030810008021,205.90154050040104
2013,Chaco,35 a 49,Varón,25,8.333333333333334,36.06351457832014,300.52928815266785
2013,Chaco,50 a 64,Mujer,78,26,27.500233476052912,715.0060703773757
2013,Chaco,50 a 64,Varón,108,36,22.978902604634623,827.2404937668464
2013,Chaco,65+,Mujer,210,70,13.018686350259207,911.3080445181445
2013,Chaco,65+,Varón,211,70.33333333333333,10.95264142135293,770.3357799684893
2013,Chubut,18 a 24,Mujer,0,0,62.84092471991092,0
2013,Chubut,18 a 24,Varón,0,0,57.03405361807008,0
2013,Chubut,25 a 34,Mujer,0,0,53.141776341559,0
2013,Chubut,25 a 34,Varón,2,0.6666666666666666,47.68701113214348,31.79134075476232
2013,Chubut,35 a 49,Mujer,3,1,41.18030810008021,41.18030810008021
2013,Chubut,35 a 49,Varón,9,3,36.06351457832014,108.19054373496041
2013,Chubut,50 a 64,Mujer,26,8.666666666666666,27.500233476052912,238.33535679245855
2013,Chubut,50 a 64,Varón,52,17.333333333333332,22.978902604634623,398.3009784803334
2013,Chubut,65+,Mujer,116,38.666666666666664,13.018686350259207,503.38920554335596
2013,Chubut,65+,Varón,103,34.333333333333336,10.95264142135293,376.04068879978394
2013,Corrientes,18 a 24,Mujer,1,0.3333333333333333,62.84092471991092,20.946974906636974
2013,Corrientes,18 a 24,Varón,1,0.3333333333333333,57.03405361807008,19.01135120602336
2013,Corrientes,25 a 34,Mujer,3,1,53.141776341559,53.141776341559
2013,Corrientes,25 a 34,Varón,0,0,47.68701113214348,0
2013,Corrientes,35 a 49,Mujer,14,4.666666666666667,41.18030810008021,192.17477113370765
2013,Corrientes,35 a 49,Varón,20,6.666666666666667,36.06351457832014,240.42343052213425
2013,Corrientes,50 a 64,Mujer,66,22,27.500233476052912,605.005136473164
2013,Corrientes,50 a 64,Varón,91,30.333333333333332,22.978902604634623,697.0267123405836
2013,Corrientes,65+,Mujer,234,78,13.018686350259207,1015.4575353202182
2013,Corrientes,65+,Varón,201,67,10.95264142135293,733.8269752306462
2013,Córdoba,18 a 24,Mujer,3,1,62.84092471991092,62.84092471991092
2013,Córdoba,18 a 24,Varón,2,0.6666666666666666,57.03405361807008,38.02270241204672
2013,Córdoba,25 a 34,Mujer,7,2.3333333333333335,53.141776341559,123.99747813030434
2013,Córdoba,25 a 34,Varón,2,0.6666666666666666,47.68701113214348,31.79134075476232
2013,Córdoba,35 a 49,Mujer,18,6,41.18030810008021,247.08184860048127
2013,Córdoba,35 a 49,Varón,43,14.333333333333334,36.06351457832014,516.9103756225886
2013,Córdoba,50 a 64,Mujer,153,51,27.500233476052912,1402.5119072786986
2013,Córdoba,50 a 64,Varón,282,94,22.978902604634623,2160.0168448356544
2013,Córdoba,65+,Mujer,725,241.66666666666666,13.018686350259207,3146.182534645975
2013,Córdoba,65+,Varón,754,251.33333333333334,10.95264142135293,2752.76387723337
2013,Entre Ríos,18 a 24,Mujer,3,1,62.84092471991092,62.84092471991092
2013,Entre Ríos,18 a 24,Varón,1,0.3333333333333333,57.03405361807008,19.01135120602336
2013,Entre Ríos,25 a 34,Mujer,3,1,53.141776341559,53.141776341559
2013,Entre Ríos,25 a 34,Varón,3,1,47.68701113214348,47.68701113214348
2013,Entre Ríos,35 a 49,Mujer,7,2.3333333333333335,41.18030810008021,96.08738556685383
2013,Entre Ríos,35 a 49,Varón,9,3,36.06351457832014,108.19054373496041
2013,Entre Ríos,50 a 64,Mujer,63,21,27.500233476052912,577.5049029971111
2013,Entre Ríos,50 a 64,Varón,80,26.666666666666668,22.978902604634623,612.7707361235899
2013,Entre Ríos,65+,Mujer,250,83.33333333333333,13.018686350259207,1084.8905291882672
2013,Entre Ríos,65+,Varón,235,78.33333333333333,10.95264142135293,857.9569113393128
2013,Formosa,18 a 24,Mujer,2,0.6666666666666666,62.84092471991092,41.89394981327395
2013,Formosa,18 a 24,Varón,3,1,57.03405361807008,57.03405361807008
2013,Formosa,25 a 34,Mujer,2,0.6666666666666666,53.141776341559,35.42785089437267
2013,Formosa,25 a 34,Varón,3,1,47.68701113214348,47.68701113214348
2013,Formosa,35 a 49,Mujer,23,7.666666666666667,41.18030810008021,315.71569543394827
2013,Formosa,35 a 49,Varón,20,6.666666666666667,36.06351457832014,240.42343052213425
2013,Formosa,50 a 64,Mujer,124,41.333333333333336,27.500233476052912,1136.6763170101872
2013,Formosa,50 a 64,Varón,128,42.666666666666664,22.978902604634623,980.4331777977438
2013,Formosa,65+,Mujer,286,95.33333333333333,13.018686350259207,1241.1147653913777
2013,Formosa,65+,Varón,246,82,10.95264142135293,898.1165965509402
2013,Jujuy,18 a 24,Mujer,1,0.3333333333333333,62.84092471991092,20.946974906636974
2013,Jujuy,18 a 24,Varón,0,0,57.03405361807008,0
2013,Jujuy,25 a 34,Mujer,1,0.3333333333333333,53.141776341559,17.713925447186334
2013,Jujuy,25 a 34,Varón,0,0,47.68701113214348,0
2013,Jujuy,35 a 49,Mujer,8,2.6666666666666665,41.18030810008021,109.81415493354723
2013,Jujuy,35 a 49,Varón,7,2.3333333333333335,36.06351457832014,84.14820068274699
2013,Jujuy,50 a 64,Mujer,37,12.333333333333334,27.500233476052912,339.1695462046526
2013,Jujuy,50 a 64,Varón,52,17.333333333333332,22.978902604634623,398.3009784803334
2013,Jujuy,65+,Mujer,107,35.666666666666664,13.018686350259207,464.33314649257835
2013,Jujuy,65+,Varón,101,33.666666666666664,10.95264142135293,368.7389278522153
2013,La Pampa,18 a 24,Mujer,0,0,62.84092471991092,0
2013,La Pampa,18 a 24,Varón,0,0,57.03405361807008,0
2013,La Pampa,25 a 34,Mujer,2,0.6666666666666666,53.141776341559,35.42785089437267
2013,La Pampa,25 a 34,Varón,0,0,47.68701113214348,0
2013,La Pampa,35 a 49,Mujer,5,1.6666666666666667,41.18030810008021,68.63384683346702
2013,La Pampa,35 a 49,Varón,2,0.6666666666666666,36.06351457832014,24.042343052213425
2013,La Pampa,50 a 64,Mujer,8,2.6666666666666665,27.500233476052912,73.3339559361411
2013,La Pampa,50 a 64,Varón,10,3.3333333333333335,22.978902604634623,76.59634201544874
2013,La Pampa,65+,Mujer,60,20,13.018686350259207,260.37372700518415
2013,La Pampa,65+,Varón,69,23,10.95264142135293,251.91075269111738
2013,La Rioja,18 a 24,Mujer,0,0,62.84092471991092,0
2013,La Rioja,18 a 24,Varón,0,0,57.03405361807008,0
2013,La Rioja,25 a 34,Mujer,2,0.6666666666666666,53.141776341559,35.42785089437267
2013,La Rioja,25 a 34,Varón,0,0,47.68701113214348,0
2013,La Rioja,35 a 49,Mujer,1,0.3333333333333333,41.18030810008021,13.726769366693404
2013,La Rioja,35 a 49,Varón,10,3.3333333333333335,36.06351457832014,120.21171526106713
2013,La Rioja,50 a 64,Mujer,25,8.333333333333334,27.500233476052912,229.16861230044094
2013,La Rioja,50 a 64,Varón,30,10,22.978902604634623,229.78902604634624
2013,La Rioja,65+,Mujer,69,23,13.018686350259207,299.42978605596176
2013,La Rioja,65+,Varón,50,16.666666666666668,10.95264142135293,182.5440236892155
2013,Mendoza,18 a 24,Mujer,5,1.6666666666666667,62.84092471991092,104.73487453318488
2013,Mendoza,18 a 24,Varón,2,0.6666666666666666,57.03405361807008,38.02270241204672
2013,Mendoza,25 a 34,Mujer,5,1.6666666666666667,53.141776341559,88.56962723593168
2013,Mendoza,25 a 34,Varón,1,0.3333333333333333,47.68701113214348,15.89567037738116
2013,Mendoza,35 a 49,Mujer,29,9.666666666666666,41.18030810008021,398.07631163410866
2013,Mendoza,35 a 49,Varón,27,9,36.06351457832014,324.5716312048812
2013,Mendoza,50 a 64,Mujer,178,59.333333333333336,27.500233476052912,1631.6805195791396
2013,Mendoza,50 a 64,Varón,236,78.66666666666667,22.978902604634623,1807.6736715645904
2013,Mendoza,65+,Mujer,742,247.33333333333334,13.018686350259207,3219.9550906307772
2013,Mendoza,65+,Varón,739,246.33333333333334,10.95264142135293,2698.000670126605
2013,Misiones,18 a 24,Mujer,3,1,62.84092471991092,62.84092471991092
2013,Misiones,18 a 24,Varón,3,1,57.03405361807008,57.03405361807008
2013,Misiones,25 a 34,Mujer,4,1.3333333333333333,53.141776341559,70.85570178874534
2013,Misiones,25 a 34,Varón,4,1.3333333333333333,47.68701113214348,63.58268150952464
2013,Misiones,35 a 49,Mujer,19,6.333333333333333,41.18030810008021,260.80861796717465
2013,Misiones,35 a 49,Varón,17,5.666666666666667,36.06351457832014,204.35991594381412
2013,Misiones,50 a 64,Mujer,80,26.666666666666668,27.500233476052912,733.339559361411
2013,Misiones,50 a 64,Varón,115,38.333333333333336,22.978902604634623,880.8579331776606
2013,Misiones,65+,Mujer,332,110.66666666666667,13.018686350259207,1440.734622762019
2013,Misiones,65+,Varón,277,92.33333333333333,10.95264142135293,1011.2938912382538
2013,Neuquén,18 a 24,Mujer,1,0.3333333333333333,62.84092471991092,20.946974906636974
2013,Neuquén,18 a 24,Varón,1,0.3333333333333333,57.03405361807008,19.01135120602336
2013,Neuquén,25 a 34,Mujer,0,0,53.141776341559,0
2013,Neuquén,25 a 34,Varón,1,0.3333333333333333,47.68701113214348,15.89567037738116
2013,Neuquén,35 a 49,Mujer,8,2.6666666666666665,41.18030810008021,109.81415493354723
2013,Neuquén,35 a 49,Varón,16,5.333333333333333,36.06351457832014,192.3387444177074
2013,Neuquén,50 a 64,Mujer,43,14.333333333333334,27.500233476052912,394.17001315675844
2013,Neuquén,50 a 64,Varón,81,27,22.978902604634623,620.4303703251348
2013,Neuquén,65+,Mujer,212,70.66666666666667,13.018686350259207,919.9871687516508
2013,Neuquén,65+,Varón,237,79,10.95264142135293,865.2586722868814
2013,Río Negro,18 a 24,Mujer,0,0,62.84092471991092,0
2013,Río Negro,18 a 24,Varón,0,0,57.03405361807008,0
2013,Río Negro,25 a 34,Mujer,1,0.3333333333333333,53.141776341559,17.713925447186334
2013,Río Negro,25 a 34,Varón,1,0.3333333333333333,47.68701113214348,15.89567037738116
2013,Río Negro,35 a 49,Mujer,5,1.6666666666666667,41.18030810008021,68.63384683346702
2013,Río Negro,35 a 49,Varón,6,2,36.06351457832014,72.12702915664028
2013,Río Negro,50 a 64,Mujer,20,6.666666666666667,27.500233476052912,183.33488984035276
2013,Río Negro,50 a 64,Varón,40,13.333333333333334,22.978902604634623,306.38536806179496
2013,Río Negro,65+,Mujer,102,34,13.018686350259207,442.63533590881303
2013,Río Negro,65+,Varón,138,46,10.95264142135293,503.82150538223476
2013,Salta,18 a 24,Mujer,2,0.6666666666666666,62.84092471991092,41.89394981327395
2013,Salta,18 a 24,Varón,1,0.3333333333333333,57.03405361807008,19.01135120602336
2013,Salta,25 a 34,Mujer,6,2,53.141776341559,106.283552683118
2013,Salta,25 a 34,Varón,4,1.3333333333333333,47.68701113214348,63.58268150952464
2013,Salta,35 a 49,Mujer,15,5,41.18030810008021,205.90154050040104
2013,Salta,35 a 49,Varón,23,7.666666666666667,36.06351457832014,276.4869451004544
2013,Salta,50 a 64,Mujer,76,25.333333333333332,27.500233476052912,696.6725813933405
2013,Salta,50 a 64,Varón,106,35.333333333333336,22.978902604634623,811.9212253637568
2013,Salta,65+,Mujer,237,79,13.018686350259207,1028.4762216704773
2013,Salta,65+,Varón,256,85.33333333333333,10.95264142135293,934.6254012887832
2013,San Juan,18 a 24,Mujer,2,0.6666666666666666,62.84092471991092,41.89394981327395
2013,San Juan,18 a 24,Varón,2,0.6666666666666666,57.03405361807008,38.02270241204672
2013,San Juan,25 a 34,Mujer,4,1.3333333333333333,53.141776341559,70.85570178874534
2013,San Juan,25 a 34,Varón,2,0.6666666666666666,47.68701113214348,31.79134075476232
2013,San Juan,35 a 49,Mujer,9,3,41.18030810008021,123.54092430024063
2013,San Juan,35 a 49,Varón,19,6.333333333333333,36.06351457832014,228.40225899602754
2013,San Juan,50 a 64,Mujer,75,25,27.500233476052912,687.5058369013228
2013,San Juan,50 a 64,Varón,97,32.333333333333336,22.978902604634623,742.9845175498529
2013,San Juan,65+,Mujer,283,94.33333333333333,13.018686350259207,1228.0960790411184
2013,San Juan,65+,Varón,310,103.33333333333333,10.95264142135293,1131.7729468731359
2013,San Luis,18 a 24,Mujer,0,0,62.84092471991092,0
2013,San Luis,18 a 24,Varón,1,0.3333333333333333,57.03405361807008,19.01135120602336
2013,San Luis,25 a 34,Mujer,2,0.6666666666666666,53.141776341559,35.42785089437267
2013,San Luis,25 a 34,Varón,0,0,47.68701113214348,0
2013,San Luis,35 a 49,Mujer,7,2.3333333333333335,41.18030810008021,96.08738556685383
2013,San Luis,35 a 49,Varón,5,1.6666666666666667,36.06351457832014,60.10585763053356
2013,San Luis,50 a 64,Mujer,29,9.666666666666666,27.500233476052912,265.83559026851145
2013,San Luis,50 a 64,Varón,50,16.666666666666668,22.978902604634623,382.98171007724375
2013,San Luis,65+,Mujer,132,44,13.018686350259207,572.8221994114051
2013,San Luis,65+,Varón,118,39.333333333333336,10.95264142135293,430.8038959065486
2013,Santa Cruz,18 a 24,Mujer,1,0.3333333333333333,62.84092471991092,20.946974906636974
2013,Santa Cruz,18 a 24,Varón,0,0,57.03405361807008,0
2013,Santa Cruz,25 a 34,Mujer,0,0,53.141776341559,0
2013,Santa Cruz,25 a 34,Varón,3,1,47.68701113214348,47.68701113214348
2013,Santa Cruz,35 a 49,Mujer,5,1.6666666666666667,41.18030810008021,68.63384683346702
2013,Santa Cruz,35 a 49,Varón,2,0.6666666666666666,36.06351457832014,24.042343052213425
2013,Santa Cruz,50 a 64,Mujer,13,4.333333333333333,27.500233476052912,119.16767839622928
2013,Santa Cruz,50 a 64,Varón,20,6.666666666666667,22.978902604634623,153.19268403089748
2013,Santa Cruz,65+,Mujer,58,19.333333333333332,13.018686350259207,251.69460277167798
2013,Santa Cruz,65+,Varón,61,20.333333333333332,10.95264142135293,222.70370890084288
2013,Santa Fe,18 a 24,Mujer,3,1,62.84092471991092,62.84092471991092
2013,Santa Fe,18 a 24,Varón,1,0.3333333333333333,57.03405361807008,19.01135120602336
2013,Santa Fe,25 a 34,Mujer,7,2.3333333333333335,53.141776341559,123.99747813030434
2013,Santa Fe,25 a 34,Varón,5,1.6666666666666667,47.68701113214348,79.47835188690581
2013,Santa Fe,35 a 49,Mujer,22,7.333333333333333,41.18030810008021,301.98892606725485
2013,Santa Fe,35 a 49,Varón,40,13.333333333333334,36.06351457832014,480.8468610442685
2013,Santa Fe,50 a 64,Mujer,160,53.333333333333336,27.500233476052912,1466.679118722822
2013,Santa Fe,50 a 64,Varón,249,83,22.978902604634623,1907.2489161846738
2013,Santa Fe,65+,Mujer,886,295.3333333333333,13.018686350259207,3844.852035443219
2013,Santa Fe,65+,Varón,898,299.3333333333333,10.95264142135293,3278.49066545831
2013,Santiago del Estero,18 a 24,Mujer,2,0.6666666666666666,62.84092471991092,41.89394981327395
2013,Santiago del Estero,18 a 24,Varón,0,0,57.03405361807008,0
2013,Santiago del Estero,25 a 34,Mujer,1,0.3333333333333333,53.141776341559,17.713925447186334
2013,Santiago del Estero,25 a 34,Varón,4,1.3333333333333333,47.68701113214348,63.58268150952464
2013,Santiago del Estero,35 a 49,Mujer,7,2.3333333333333335,41.18030810008021,96.08738556685383
2013,Santiago del Estero,35 a 49,Varón,10,3.3333333333333335,36.06351457832014,120.21171526106713
2013,Santiago del Estero,50 a 64,Mujer,34,11.333333333333334,27.500233476052912,311.66931272859966
2013,Santiago del Estero,50 a 64,Varón,59,19.666666666666668,22.978902604634623,451.9184178911476
2013,Santiago del Estero,65+,Mujer,111,37,13.018686350259207,481.69139495959064
2013,Santiago del Estero,65+,Varón,85,28.333333333333332,10.95264142135293,310.3248402716663
2013,Tierra del Fuego,18 a 24,Mujer,0,0,62.84092471991092,0
2013,Tierra del Fuego,18 a 24,Varón,0,0,57.03405361807008,0
2013,Tierra del Fuego,25 a 34,Mujer,0,0,53.141776341559,0
2013,Tierra del Fuego,25 a 34,Varón,0,0,47.68701113214348,0
2013,Tierra del Fuego,35 a 49,Mujer,0,0,41.18030810008021,0
2013,Tierra del Fuego,35 a 49,Varón,0,0,36.06351457832014,0
2013,Tierra del Fuego,50 a 64,Mujer,3,1,27.500233476052912,27.500233476052912
2013,Tierra del Fuego,50 a 64,Varón,6,2,22.978902604634623,45.957805209269246
2013,Tierra del Fuego,65+,Mujer,13,4.333333333333333,13.018686350259207,56.414307517789894
2013,Tierra del Fuego,65+,Varón,11,3.6666666666666665,10.95264142135293,40.159685211627405
2013,Tucumán,18 a 24,Mujer,2,0.6666666666666666,62.84092471991092,41.89394981327395
2013,Tucumán,18 a 24,Varón,2,0.6666666666666666,57.03405361807008,38.02270241204672
2013,Tucumán,25 a 34,Mujer,5,1.6666666666666667,53.141776341559,88.56962723593168
2013,Tucumán,25 a 34,Varón,2,0.6666666666666666,47.68701113214348,31.79134075476232
2013,Tucumán,35 a 49,Mujer,17,5.666666666666667,41.18030810008021,233.35507923378788
2013,Tucumán,35 a 49,Varón,27,9,36.06351457832014,324.5716312048812
2013,Tucumán,50 a 64,Mujer,129,43,27.500233476052912,1182.5100394702752
2013,Tucumán,50 a 64,Varón,169,56.333333333333336,22.978902604634623,1294.4781800610838
2013,Tucumán,65+,Mujer,483,161,13.018686350259207,2096.0085023917322
2013,Tucumán,65+,Varón,413,137.66666666666666,10.95264142135293,1507.8136356729199
2018,Buenos Aires,18 a 24,Mujer,17,4.25,62.84092471991092,267.07393005962143
2018,Buenos Aires,18 a 24,Varón,19,4.75,57.03405361807008,270.9117546858329
2018,Buenos Aires,25 a 34,Mujer,40,10,53.141776341559,531.41776341559
2018,Buenos Aires,25 a 34,Varón,44,11,47.68701113214348,524.5571224535784
2018,Buenos Aires,35 a 49,Mujer,196,49,41.18030810008021,2017.8350969039304
2018,Buenos Aires,35 a 49,Varón,223,55.75,36.06351457832014,2010.5409377413478
2018,Buenos Aires,50 a 64,Mujer,777,194.25,27.500233476052912,5341.9203527232785
2018,Buenos Aires,50 a 64,Varón,1335,333.75,22.978902604634623,7669.208744296805
2018,Buenos Aires,65+,Mujer,4081,1020.25,13.018686350259207,13282.314748851955
2018,Buenos Aires,65+,Varón,4270,1067.5,10.95264142135293,11691.944717294253
2018,CABA,18 a 24,Mujer,2,0.5,62.84092471991092,31.42046235995546
2018,CABA,18 a 24,Varón,0,0,57.03405361807008,0
2018,CABA,25 a 34,Mujer,3,0.75,53.141776341559,39.85633225616925
2018,CABA,25 a 34,Varón,7,1.75,47.68701113214348,83.4522694812511
2018,CABA,35 a 49,Mujer,18,4.5,41.18030810008021,185.31138645036094
2018,CABA,35 a 49,Varón,20,5,36.06351457832014,180.3175728916007
2018,CABA,50 a 64,Mujer,55,13.75,27.500233476052912,378.12821029572757
2018,CABA,50 a 64,Varón,140,35,22.978902604634623,804.2615911622119
2018,CABA,65+,Mujer,609,152.25,13.018686350259207,1982.0949968269642
2018,CABA,65+,Varón,550,137.5,10.95264142135293,1505.9881954360278
2018,Catamarca,18 a 24,Mujer,2,0.5,62.84092471991092,31.42046235995546
2018,Catamarca,18 a 24,Varón,1,0.25,57.03405361807008,14.25851340451752
2018,Catamarca,25 a 34,Mujer,3,0.75,53.141776341559,39.85633225616925
2018,Catamarca,25 a 34,Varón,1,0.25,47.68701113214348,11.92175278303587
2018,Catamarca,35 a 49,Mujer,9,2.25,41.18030810008021,92.65569322518047
2018,Catamarca,35 a 49,Varón,17,4.25,36.06351457832014,153.26993695786058
2018,Catamarca,50 a 64,Mujer,39,9.75,27.500233476052912,268.1272763915159
2018,Catamarca,50 a 64,Varón,70,17.5,22.978902604634623,402.13079558110593
2018,Catamarca,65+,Mujer,113,28.25,13.018686350259207,367.7778893948226
2018,Catamarca,65+,Varón,134,33.5,10.95264142135293,366.9134876153231
2018,Chaco,18 a 24,Mujer,3,0.75,62.84092471991092,47.13069353993319
2018,Chaco,18 a 24,Varón,3,0.75,57.03405361807008,42.77554021355256
2018,Chaco,25 a 34,Mujer,6,1.5,53.141776341559,79.7126645123385
2018,Chaco,25 a 34,Varón,5,1.25,47.68701113214348,59.60876391517935
2018,Chaco,35 a 49,Mujer,30,7.5,41.18030810008021,308.8523107506016
2018,Chaco,35 a 49,Varón,40,10,36.06351457832014,360.6351457832014
2018,Chaco,50 a 64,Mujer,142,35.5,27.500233476052912,976.2582883998784
2018,Chaco,50 a 64,Varón,189,47.25,22.978902604634623,1085.7531480689859
2018,Chaco,65+,Mujer,338,84.5,13.018686350259207,1100.078996596903
2018,Chaco,65+,Varón,333,83.25,10.95264142135293,911.8073983276314
2018,Chubut,18 a 24,Mujer,0,0,62.84092471991092,0
2018,Chubut,18 a 24,Varón,1,0.25,57.03405361807008,14.25851340451752
2018,Chubut,25 a 34,Mujer,1,0.25,53.141776341559,13.28544408538975
2018,Chubut,25 a 34,Varón,4,1,47.68701113214348,47.68701113214348
2018,Chubut,35 a 49,Mujer,7,1.75,41.18030810008021,72.06553917514037
2018,Chubut,35 a 49,Varón,11,2.75,36.06351457832014,99.17466509038039
2018,Chubut,50 a 64,Mujer,22,5.5,27.500233476052912,151.251284118291
2018,Chubut,50 a 64,Varón,47,11.75,22.978902604634623,270.0021056044568
2018,Chubut,65+,Mujer,126,31.5,13.018686350259207,410.088620033165
2018,Chubut,65+,Varón,144,36,10.95264142135293,394.2950911687054
2018,Corrientes,18 a 24,Mujer,1,0.25,62.84092471991092,15.71023117997773
2018,Corrientes,18 a 24,Varón,2,0.5,57.03405361807008,28.51702680903504
2018,Corrientes,25 a 34,Mujer,4,1,53.141776341559,53.141776341559
2018,Corrientes,25 a 34,Varón,2,0.5,47.68701113214348,23.84350556607174
2018,Corrientes,35 a 49,Mujer,22,5.5,41.18030810008021,226.49169455044117
2018,Corrientes,35 a 49,Varón,22,5.5,36.06351457832014,198.34933018076077
2018,Corrientes,50 a 64,Mujer,122,30.5,27.500233476052912,838.7571210196138
2018,Corrientes,50 a 64,Varón,138,34.5,22.978902604634623,792.7721398598945
2018,Corrientes,65+,Mujer,416,104,13.018686350259207,1353.9433804269574
2018,Corrientes,65+,Varón,377,94.25,10.95264142135293,1032.2864539625136
2018,Córdoba,18 a 24,Mujer,2,0.5,62.84092471991092,31.42046235995546
2018,Córdoba,18 a 24,Varón,5,1.25,57.03405361807008,71.2925670225876
2018,Córdoba,25 a 34,Mujer,13,3.25,53.141776341559,172.71077311006675
2018,Córdoba,25 a 34,Varón,16,4,47.68701113214348,190.74804452857393
2018,Córdoba,35 a 49,Mujer,61,15.25,41.18030810008021,627.9996985262233
2018,Córdoba,35 a 49,Varón,89,22.25,36.06351457832014,802.4131993676231
2018,Córdoba,50 a 64,Mujer,267,66.75,27.500233476052912,1835.640584526532
2018,Córdoba,50 a 64,Varón,463,115.75,22.978902604634623,2659.8079764864574
2018,Córdoba,65+,Mujer,1532,383,13.018686350259207,4986.156872149277
2018,Córdoba,65+,Varón,1628,407,10.95264142135293,4457.725058490642
2018,Entre Ríos,18 a 24,Mujer,0,0,62.84092471991092,0
2018,Entre Ríos,18 a 24,Varón,1,0.25,57.03405361807008,14.25851340451752
2018,Entre Ríos,25 a 34,Mujer,4,1,53.141776341559,53.141776341559
2018,Entre Ríos,25 a 34,Varón,1,0.25,47.68701113214348,11.92175278303587
2018,Entre Ríos,35 a 49,Mujer,21,5.25,41.18030810008021,216.19661752542112
2018,Entre Ríos,35 a 49,Varón,19,4.75,36.06351457832014,171.30169424702066
2018,Entre Ríos,50 a 64,Mujer,104,26,27.500233476052912,715.0060703773757
2018,Entre Ríos,50 a 64,Varón,150,37.5,22.978902604634623,861.7088476737983
2018,Entre Ríos,65+,Mujer,463,115.75,13.018686350259207,1506.9129450425032
2018,Entre Ríos,65+,Varón,495,123.75,10.95264142135293,1355.389375892425
2018,Formosa,18 a 24,Mujer,2,0.5,62.84092471991092,31.42046235995546
2018,Formosa,18 a 24,Varón,0,0,57.03405361807008,0
2018,Formosa,25 a 34,Mujer,7,1.75,53.141776341559,92.99810859772825
2018,Formosa,25 a 34,Varón,8,2,47.68701113214348,95.37402226428696
2018,Formosa,35 a 49,Mujer,22,5.5,41.18030810008021,226.49169455044117
2018,Formosa,35 a 49,Varón,37,9.25,36.06351457832014,333.5875098494613
2018,Formosa,50 a 64,Mujer,118,29.5,27.500233476052912,811.2568875435609
2018,Formosa,50 a 64,Varón,167,41.75,22.978902604634623,959.3691837434955
2018,Formosa,65+,Mujer,310,77.5,13.018686350259207,1008.9481921450886
2018,Formosa,65+,Varón,284,71,10.95264142135293,777.637540916058
2018,Jujuy,18 a 24,Mujer,1,0.25,62.84092471991092,15.71023117997773
2018,Jujuy,18 a 24,Varón,0,0,57.03405361807008,0
2018,Jujuy,25 a 34,Mujer,1,0.25,53.141776341559,13.28544408538975
2018,Jujuy,25 a 34,Varón,4,1,47.68701113214348,47.68701113214348
2018,Jujuy,35 a 49,Mujer,3,0.75,41.18030810008021,30.885231075060158
2018,Jujuy,35 a 49,Varón,14,3.5,36.06351457832014,126.22230102412048
2018,Jujuy,50 a 64,Mujer,47,11.75,27.500233476052912,323.1277433436217
2018,Jujuy,50 a 64,Varón,58,14.5,22.978902604634623,333.194087767202
2018,Jujuy,65+,Mujer,151,37.75,13.018686350259207,491.4554097222851
2018,Jujuy,65+,Varón,131,32.75,10.95264142135293,358.6990065493084
2018,La Pampa,18 a 24,Mujer,0,0,62.84092471991092,0
2018,La Pampa,18 a 24,Varón,0,0,57.03405361807008,0
2018,La Pampa,25 a 34,Mujer,0,0,53.141776341559,0
2018,La Pampa,25 a 34,Varón,2,0.5,47.68701113214348,23.84350556607174
2018,La Pampa,35 a 49,Mujer,5,1.25,41.18030810008021,51.47538512510026
2018,La Pampa,35 a 49,Varón,2,0.5,36.06351457832014,18.03175728916007
2018,La Pampa,50 a 64,Mujer,18,4.5,27.500233476052912,123.75105064223811
2018,La Pampa,50 a 64,Varón,21,5.25,22.978902604634623,120.63923867433176
2018,La Pampa,65+,Mujer,99,24.75,13.018686350259207,322.2124871689154
2018,La Pampa,65+,Varón,98,24.5,10.95264142135293,268.3397148231468
2018,La Rioja,18 a 24,Mujer,1,0.25,62.84092471991092,15.71023117997773
2018,La Rioja,18 a 24,Varón,0,0,57.03405361807008,0
2018,La Rioja,25 a 34,Mujer,3,0.75,53.141776341559,39.85633225616925
2018,La Rioja,25 a 34,Varón,0,0,47.68701113214348,0
2018,La Rioja,35 a 49,Mujer,6,1.5,41.18030810008021,61.770462150120316
2018,La Rioja,35 a 49,Varón,16,4,36.06351457832014,144.25405831328055
2018,La Rioja,50 a 64,Mujer,36,9,27.500233476052912,247.50210128447623
2018,La Rioja,50 a 64,Varón,79,19.75,22.978902604634623,453.8333264415338
2018,La Rioja,65+,Mujer,129,32.25,13.018686350259207,419.85263479585944
2018,La Rioja,65+,Varón,141,35.25,10.95264142135293,386.08061010269074
2018,Mendoza,18 a 24,Mujer,1,0.25,62.84092471991092,15.71023117997773
2018,Mendoza,18 a 24,Varón,0,0,57.03405361807008,0
2018,Mendoza,25 a 34,Mujer,9,2.25,53.141776341559,119.56899676850776
2018,Mendoza,25 a 34,Varón,5,1.25,47.68701113214348,59.60876391517935
2018,Mendoza,35 a 49,Mujer,22,5.5,41.18030810008021,226.49169455044117
2018,Mendoza,35 a 49,Varón,49,12.25,36.06351457832014,441.7780535844217
2018,Mendoza,50 a 64,Mujer,187,46.75,27.500233476052912,1285.6359150054736
2018,Mendoza,50 a 64,Varón,234,58.5,22.978902604634623,1344.2658023711253
2018,Mendoza,65+,Mujer,953,238.25,13.018686350259207,3101.702022949256
2018,Mendoza,65+,Varón,913,228.25,10.95264142135293,2499.9404044238063
2018,Misiones,18 a 24,Mujer,3,0.75,62.84092471991092,47.13069353993319
2018,Misiones,18 a 24,Varón,0,0,57.03405361807008,0
2018,Misiones,25 a 34,Mujer,7,1.75,53.141776341559,92.99810859772825
2018,Misiones,25 a 34,Varón,6,1.5,47.68701113214348,71.53051669821522
2018,Misiones,35 a 49,Mujer,24,6,41.18030810008021,247.08184860048127
2018,Misiones,35 a 49,Varón,38,9.5,36.06351457832014,342.6033884940413
2018,Misiones,50 a 64,Mujer,154,38.5,27.500233476052912,1058.7589888280372
2018,Misiones,50 a 64,Varón,203,50.75,22.978902604634623,1166.179307185207
2018,Misiones,65+,Mujer,454,113.5,13.018686350259207,1477.62090075442
2018,Misiones,65+,Varón,412,103,10.95264142135293,1128.1220663993518
2018,Neuquén,18 a 24,Mujer,2,0.5,62.84092471991092,31.42046235995546
2018,Neuquén,18 a 24,Varón,1,0.25,57.03405361807008,14.25851340451752
2018,Neuquén,25 a 34,Mujer,0,0,53.141776341559,0
2018,Neuquén,25 a 34,Varón,1,0.25,47.68701113214348,11.92175278303587
2018,Neuquén,35 a 49,Mujer,13,3.25,41.18030810008021,133.8360013252607
2018,Neuquén,35 a 49,Varón,23,5.75,36.06351457832014,207.3652088253408
2018,Neuquén,50 a 64,Mujer,82,20.5,27.500233476052912,563.7547862590847
2018,Neuquén,50 a 64,Varón,99,24.75,22.978902604634623,568.7278394647069
2018,Neuquén,65+,Mujer,329,82.25,13.018686350259207,1070.7869523088198
2018,Neuquén,65+,Varón,388,97,10.95264142135293,1062.406217871234
2018,Río Negro,18 a 24,Mujer,0,0,62.84092471991092,0
2018,Río Negro,18 a 24,Varón,0,0,57.03405361807008,0
2018,Río Negro,25 a 34,Mujer,0,0,53.141776341559,0
2018,Río Negro,25 a 34,Varón,2,0.5,47.68701113214348,23.84350556607174
2018,Río Negro,35 a 49,Mujer,9,2.25,41.18030810008021,92.65569322518047
2018,Río Negro,35 a 49,Varón,7,1.75,36.06351457832014,63.11115051206024
2018,Río Negro,50 a 64,Mujer,26,6.5,27.500233476052912,178.75151759434394
2018,Río Negro,50 a 64,Varón,69,17.25,22.978902604634623,396.38606992994727
2018,Río Negro,65+,Mujer,170,42.5,13.018686350259207,553.2941698860163
2018,Río Negro,65+,Varón,193,48.25,10.95264142135293,528.4649485802788
2018,Salta,18 a 24,Mujer,4,1,62.84092471991092,62.84092471991092
2018,Salta,18 a 24,Varón,1,0.25,57.03405361807008,14.25851340451752
2018,Salta,25 a 34,Mujer,2,0.5,53.141776341559,26.5708881707795
2018,Salta,25 a 34,Varón,6,1.5,47.68701113214348,71.53051669821522
2018,Salta,35 a 49,Mujer,19,4.75,41.18030810008021,195.606463475381
2018,Salta,35 a 49,Varón,28,7,36.06351457832014,252.44460204824097
2018,Salta,50 a 64,Mujer,121,30.25,27.500233476052912,831.8820626506006
2018,Salta,50 a 64,Varón,155,38.75,22.978902604634623,890.4324759295916
2018,Salta,65+,Mujer,335,83.75,13.018686350259207,1090.3149818342085
2018,Salta,65+,Varón,353,88.25,10.95264142135293,966.570605434396
2018,San Juan,18 a 24,Mujer,1,0.25,62.84092471991092,15.71023117997773
2018,San Juan,18 a 24,Varón,0,0,57.03405361807008,0
2018,San Juan,25 a 34,Mujer,2,0.5,53.141776341559,26.5708881707795
2018,San Juan,25 a 34,Varón,7,1.75,47.68701113214348,83.4522694812511
2018,San Juan,35 a 49,Mujer,12,3,41.18030810008021,123.54092430024063
2018,San Juan,35 a 49,Varón,15,3.75,36.06351457832014,135.23817966870052
2018,San Juan,50 a 64,Mujer,89,22.25,27.500233476052912,611.8801948421773
2018,San Juan,50 a 64,Varón,109,27.25,22.978902604634623,626.1750959762935
2018,San Juan,65+,Mujer,499,124.75,13.018686350259207,1624.081122194836
2018,San Juan,65+,Varón,430,107.5,10.95264142135293,1177.40895279544
2018,San Luis,18 a 24,Mujer,2,0.5,62.84092471991092,31.42046235995546
2018,San Luis,18 a 24,Varón,1,0.25,57.03405361807008,14.25851340451752
2018,San Luis,25 a 34,Mujer,0,0,53.141776341559,0
2018,San Luis,25 a 34,Varón,1,0.25,47.68701113214348,11.92175278303587
2018,San Luis,35 a 49,Mujer,6,1.5,41.18030810008021,61.770462150120316
2018,San Luis,35 a 49,Varón,11,2.75,36.06351457832014,99.17466509038039
2018,San Luis,50 a 64,Mujer,27,6.75,27.500233476052912,185.62657596335717
2018,San Luis,50 a 64,Varón,43,10.75,22.978902604634623,247.0232029998222
2018,San Luis,65+,Mujer,158,39.5,13.018686350259207,514.2381108352387
2018,San Luis,65+,Varón,180,45,10.95264142135293,492.8688639608818
2018,Santa Cruz,18 a 24,Mujer,0,0,62.84092471991092,0
2018,Santa Cruz,18 a 24,Varón,0,0,57.03405361807008,0
2018,Santa Cruz,25 a 34,Mujer,1,0.25,53.141776341559,13.28544408538975
2018,Santa Cruz,25 a 34,Varón,1,0.25,47.68701113214348,11.92175278303587
2018,Santa Cruz,35 a 49,Mujer,10,2.5,41.18030810008021,102.95077025020052
2018,Santa Cruz,35 a 49,Varón,7,1.75,36.06351457832014,63.11115051206024
2018,Santa Cruz,50 a 64,Mujer,24,6,27.500233476052912,165.00140085631747
2018,Santa Cruz,50 a 64,Varón,47,11.75,22.978902604634623,270.0021056044568
2018,Santa Cruz,65+,Mujer,115,28.75,13.018686350259207,374.2872325699522
2018,Santa Cruz,65+,Varón,102,25.5,10.95264142135293,279.2923562444997
2018,Santa Fe,18 a 24,Mujer,4,1,62.84092471991092,62.84092471991092
2018,Santa Fe,18 a 24,Varón,1,0.25,57.03405361807008,14.25851340451752
2018,Santa Fe,25 a 34,Mujer,8,2,53.141776341559,106.283552683118
2018,Santa Fe,25 a 34,Varón,5,1.25,47.68701113214348,59.60876391517935
2018,Santa Fe,35 a 49,Mujer,36,9,41.18030810008021,370.6227729007219
2018,Santa Fe,35 a 49,Varón,52,13,36.06351457832014,468.82568951816177
2018,Santa Fe,50 a 64,Mujer,224,56,27.500233476052912,1540.013074658963
2018,Santa Fe,50 a 64,Varón,388,97,22.978902604634623,2228.9535526495583
2018,Santa Fe,65+,Mujer,1273,318.25,13.018686350259207,4143.1969309699925
2018,Santa Fe,65+,Varón,1280,320,10.95264142135293,3504.8452548329374
2018,Santiago del Estero,18 a 24,Mujer,4,1,62.84092471991092,62.84092471991092
2018,Santiago del Estero,18 a 24,Varón,0,0,57.03405361807008,0
2018,Santiago del Estero,25 a 34,Mujer,3,0.75,53.141776341559,39.85633225616925
2018,Santiago del Estero,25 a 34,Varón,1,0.25,47.68701113214348,11.92175278303587
2018,Santiago del Estero,35 a 49,Mujer,15,3.75,41.18030810008021,154.4261553753008
2018,Santiago del Estero,35 a 49,Varón,20,5,36.06351457832014,180.3175728916007
2018,Santiago del Estero,50 a 64,Mujer,78,19.5,27.500233476052912,536.2545527830318
2018,Santiago del Estero,50 a 64,Varón,99,24.75,22.978902604634623,568.7278394647069
2018,Santiago del Estero,65+,Mujer,215,53.75,13.018686350259207,699.7543913264324
2018,Santiago del Estero,65+,Varón,185,46.25,10.95264142135293,506.55966573757297
2018,Tierra del Fuego,18 a 24,Mujer,1,0.25,62.84092471991092,15.71023117997773
2018,Tierra del Fuego,18 a 24,Varón,0,0,57.03405361807008,0
2018,Tierra del Fuego,25 a 34,Mujer,0,0,53.141776341559,0
2018,Tierra del Fuego,25 a 34,Varón,0,0,47.68701113214348,0
2018,Tierra del Fuego,35 a 49,Mujer,0,0,41.18030810008021,0
2018,Tierra del Fuego,35 a 49,Varón,2,0.5,36.06351457832014,18.03175728916007
2018,Tierra del Fuego,50 a 64,Mujer,5,1.25,27.500233476052912,34.375291845066144
2018,Tierra del Fuego,50 a 64,Varón,23,5.75,22.978902604634623,132.12868997664907
2018,Tierra del Fuego,65+,Mujer,28,7,13.018686350259207,91.13080445181446
2018,Tierra del Fuego,65+,Varón,35,8.75,10.95264142135293,95.83561243683813
2018,Tucumán,18 a 24,Mujer,4,1,62.84092471991092,62.84092471991092
2018,Tucumán,18 a 24,Varón,5,1.25,57.03405361807008,71.2925670225876
2018,Tucumán,25 a 34,Mujer,8,2,53.141776341559,106.283552683118
2018,Tucumán,25 a 34,Varón,6,1.5,47.68701113214348,71.53051669821522
2018,Tucumán,35 a 49,Mujer,28,7,41.18030810008021,288.2621567005615
2018,Tucumán,35 a 49,Varón,42,10.5,36.06351457832014,378.66690307236144
2018,Tucumán,50 a 64,Mujer,143,35.75,27.500233476052912,983.1333467688917
2018,Tucumán,50 a 64,Varón,194,48.5,22.978902604634623,1114.4767763247792
2018,Tucumán,65+,Mujer,514,128.5,13.018686350259207,1672.901196008308
2018,Tucumán,65+,Varón,525,131.25,10.95264142135293,1437.534186552572
