anio_enfr,prov_nombre,grupo_edad_10,sexo,defun_tri,defun_mean_tri,esp_vida,AVP
2005,Buenos Aires,20 a 29,Mujer,22,7.33,52.3461872453209,383.6975525082022
2005,Buenos Aires,20 a 29,Varón,14,4.67,57.98552512050548,270.7924023127606
2005,Buenos Aires,30 a 39,Mujer,27,9,43.00255580888662,387.02300227997955
2005,Buenos Aires,30 a 39,Varón,34,11.33,48.31021760118011,547.3547654213706
2005,Buenos Aires,40 a 49,Mujer,91,30.33,33.73444144969978,1023.1656091693943
2005,Buenos Aires,40 a 49,Varón,136,45.33,38.79985592938144,1758.7974692788605
2005,Buenos Aires,50 a 59,Mujer,271,90.33,24.912328939637863,2250.330673117488
2005,Buenos Aires,50 a 59,Varón,460,153.33,29.629262971095834,4543.054891358124
2005,Buenos Aires,60 a 69,Mujer,756,252,17.132067211169673,4317.280937214758
2005,Buenos Aires,60 a 69,Varón,1051,350.33,21.107751084002853,7394.678437258719
2005,Buenos Aires,70 a 79,Mujer,1301,433.67,10.831570240779218,4697.327066318724
2005,Buenos Aires,70 a 79,Varón,1551,517,13.564680967142696,7012.940060012774
2005,Buenos Aires,80+,Mujer,1518,506,5.992080760900239,3031.992865015521
2005,Buenos Aires,80+,Varón,944,314.67,7.2709457701241185,2287.9485054849565
2005,Catamarca,20 a 29,Mujer,2,0.67,52.3461872453209,35.07194545436501
2005,Catamarca,20 a 29,Varón,0,0,57.98552512050548,0
2005,Catamarca,30 a 39,Mujer,2,0.67,43.00255580888662,28.811712391954035
2005,Catamarca,30 a 39,Varón,1,0.33,48.31021760118011,15.942371808389439
2005,Catamarca,40 a 49,Mujer,4,1.33,33.73444144969978,44.86680712810071
2005,Catamarca,40 a 49,Varón,5,1.67,38.79985592938144,64.79575940206699
2005,Catamarca,50 a 59,Mujer,21,7,24.912328939637863,174.38630257746505
2005,Catamarca,50 a 59,Varón,22,7.33,29.629262971095834,217.18249757813246
2005,Catamarca,60 a 69,Mujer,20,6.67,17.132067211169673,114.27088829850172
2005,Catamarca,60 a 69,Varón,25,8.33,21.107751084002853,175.82756652974376
2005,Catamarca,70 a 79,Mujer,39,13,10.831570240779218,140.81041313012983
2005,Catamarca,70 a 79,Varón,42,14,13.564680967142696,189.90553353999775
2005,Catamarca,80+,Mujer,33,11,5.992080760900239,65.91288836990263
2005,Catamarca,80+,Varón,32,10.67,7.2709457701241185,77.58099136722434
2005,Chaco,20 a 29,Mujer,2,0.67,52.3461872453209,35.07194545436501
2005,Chaco,20 a 29,Varón,0,0,57.98552512050548,0
2005,Chaco,30 a 39,Mujer,3,1,43.00255580888662,43.00255580888662
2005,Chaco,30 a 39,Varón,3,1,48.31021760118011,48.31021760118011
2005,Chaco,40 a 49,Mujer,11,3.67,33.73444144969978,123.80540012039819
2005,Chaco,40 a 49,Varón,8,2.67,38.79985592938144,103.59561533144843
2005,Chaco,50 a 59,Mujer,32,10.67,24.912328939637863,265.814549785936
2005,Chaco,50 a 59,Varón,60,20,29.629262971095834,592.5852594219167
2005,Chaco,60 a 69,Mujer,81,27,17.132067211169673,462.5658147015812
2005,Chaco,60 a 69,Varón,72,24,21.107751084002853,506.58602601606844
2005,Chaco,70 a 79,Mujer,107,35.67,10.831570240779218,386.36211048859474
2005,Chaco,70 a 79,Varón,96,32,13.564680967142696,434.06979094856626
2005,Chaco,80+,Mujer,83,27.67,5.992080760900239,165.80087465410963
2005,Chaco,80+,Varón,44,14.67,7.2709457701241185,106.66477444772082
2005,Chubut,20 a 29,Mujer,1,0.33,52.3461872453209,17.274241790955898
2005,Chubut,20 a 29,Varón,0,0,57.98552512050548,0
2005,Chubut,30 a 39,Mujer,3,1,43.00255580888662,43.00255580888662
2005,Chubut,30 a 39,Varón,2,0.67,48.31021760118011,32.367845792790675
2005,Chubut,40 a 49,Mujer,1,0.33,33.73444144969978,11.132365678400928
2005,Chubut,40 a 49,Varón,3,1,38.79985592938144,38.79985592938144
2005,Chubut,50 a 59,Mujer,8,2.67,24.912328939637863,66.51591826883309
2005,Chubut,50 a 59,Varón,18,6,29.629262971095834,177.775577826575
2005,Chubut,60 a 69,Mujer,22,7.33,17.132067211169673,125.5780526578737
2005,Chubut,60 a 69,Varón,33,11,21.107751084002853,232.18526192403138
2005,Chubut,70 a 79,Mujer,21,7,10.831570240779218,75.82099168545453
2005,Chubut,70 a 79,Varón,42,14,13.564680967142696,189.90553353999775
2005,Chubut,80+,Mujer,28,9.33,5.992080760900239,55.906113499199236
2005,Chubut,80+,Varón,16,5.33,7.2709457701241185,38.75414095476155
2005,CABA,20 a 29,Mujer,0,0,52.3461872453209,0
2005,CABA,20 a 29,Varón,1,0.33,57.98552512050548,19.13522328976681
2005,CABA,30 a 39,Mujer,3,1,43.00255580888662,43.00255580888662
2005,CABA,30 a 39,Varón,5,1.67,48.31021760118011,80.67806339397079
2005,CABA,40 a 49,Mujer,6,2,33.73444144969978,67.46888289939956
2005,CABA,40 a 49,Varón,7,2.33,38.79985592938144,90.40366431545876
2005,CABA,50 a 59,Mujer,25,8.33,24.912328939637863,207.5197000671834
2005,CABA,50 a 59,Varón,47,15.67,29.629262971095834,464.2905507570717
2005,CABA,60 a 69,Mujer,62,20.67,17.132067211169673,354.1198292548772
2005,CABA,60 a 69,Varón,92,30.67,21.107751084002853,647.3747257463675
2005,CABA,70 a 79,Mujer,149,49.67,10.831570240779218,538.0040938595038
2005,CABA,70 a 79,Varón,171,57,13.564680967142696,773.1868151271336
2005,CABA,80+,Mujer,304,101.33,5.992080760900239,607.1775435020212
2005,CABA,80+,Varón,149,49.67,7.2709457701241185,361.147876402065
2005,Córdoba,20 a 29,Mujer,5,1.67,52.3461872453209,87.4181326996859
2005,Córdoba,20 a 29,Varón,2,0.67,57.98552512050548,38.85030183073867
2005,Córdoba,30 a 39,Mujer,12,4,43.00255580888662,172.01022323554648
2005,Córdoba,30 a 39,Varón,9,3,48.31021760118011,144.93065280354034
2005,Córdoba,40 a 49,Mujer,25,8.33,33.73444144969978,281.00789727599914
2005,Córdoba,40 a 49,Varón,40,13.33,38.79985592938144,517.2020795386545
2005,Córdoba,50 a 59,Mujer,118,39.33,24.912328939637863,979.8018971959572
2005,Córdoba,50 a 59,Varón,214,71.33,29.629262971095834,2113.4553277282657
2005,Córdoba,60 a 69,Mujer,312,104,17.132067211169673,1781.734989961646
2005,Córdoba,60 a 69,Varón,442,147.33,21.107751084002853,3109.8049672061406
2005,Córdoba,70 a 79,Mujer,475,158.33,10.831570240779218,1714.9625162225736
2005,Córdoba,70 a 79,Varón,594,198,13.564680967142696,2685.806831494254
2005,Córdoba,80+,Mujer,561,187,5.992080760900239,1120.5191022883448
2005,Córdoba,80+,Varón,308,102.67,7.2709457701241185,746.5080022186432
2005,Corrientes,20 a 29,Mujer,1,0.33,52.3461872453209,17.274241790955898
2005,Corrientes,20 a 29,Varón,1,0.33,57.98552512050548,19.13522328976681
2005,Corrientes,30 a 39,Mujer,3,1,43.00255580888662,43.00255580888662
2005,Corrientes,30 a 39,Varón,0,0,48.31021760118011,0
2005,Corrientes,40 a 49,Mujer,8,2.67,33.73444144969978,90.07095867069842
2005,Corrientes,40 a 49,Varón,13,4.33,38.79985592938144,168.00337617422161
2005,Corrientes,50 a 59,Mujer,27,9,24.912328939637863,224.21096045674076
2005,Corrientes,50 a 59,Varón,40,13.33,29.629262971095834,394.9580754047075
2005,Corrientes,60 a 69,Mujer,64,21.33,17.132067211169673,365.4269936142491
2005,Corrientes,60 a 69,Varón,89,29.67,21.107751084002853,626.2669746623646
2005,Corrientes,70 a 79,Mujer,100,33.33,10.831570240779218,361.0162361251713
2005,Corrientes,70 a 79,Varón,99,33,13.564680967142696,447.63447191570896
2005,Corrientes,80+,Mujer,80,26.67,5.992080760900239,159.80879389320938
2005,Corrientes,80+,Varón,43,14.33,7.2709457701241185,104.19265288587862
2005,Entre Ríos,20 a 29,Mujer,0,0,52.3461872453209,0
2005,Entre Ríos,20 a 29,Varón,1,0.33,57.98552512050548,19.13522328976681
2005,Entre Ríos,30 a 39,Mujer,7,2.33,43.00255580888662,100.19595503470583
2005,Entre Ríos,30 a 39,Varón,0,0,48.31021760118011,0
2005,Entre Ríos,40 a 49,Mujer,10,3.33,33.73444144969978,112.33569002750026
2005,Entre Ríos,40 a 49,Varón,13,4.33,38.79985592938144,168.00337617422161
2005,Entre Ríos,50 a 59,Mujer,42,14,24.912328939637863,348.7726051549301
2005,Entre Ríos,50 a 59,Varón,55,18.33,29.629262971095834,543.1043902601866
2005,Entre Ríos,60 a 69,Mujer,95,31.67,17.132067211169673,542.5725685777436
2005,Entre Ríos,60 a 69,Varón,137,45.67,21.107751084002853,963.9909920064104
2005,Entre Ríos,70 a 79,Mujer,145,48.33,10.831570240779218,523.4897897368596
2005,Entre Ríos,70 a 79,Varón,163,54.33,13.564680967142696,736.9691169448627
2005,Entre Ríos,80+,Mujer,170,56.67,5.992080760900239,339.57121672021657
2005,Entre Ríos,80+,Varón,92,30.67,7.2709457701241185,222.9999067697067
2005,Formosa,20 a 29,Mujer,1,0.33,52.3461872453209,17.274241790955898
2005,Formosa,20 a 29,Varón,0,0,57.98552512050548,0
2005,Formosa,30 a 39,Mujer,2,0.67,43.00255580888662,28.811712391954035
2005,Formosa,30 a 39,Varón,3,1,48.31021760118011,48.31021760118011
2005,Formosa,40 a 49,Mujer,9,3,33.73444144969978,101.20332434909935
2005,Formosa,40 a 49,Varón,2,0.67,38.79985592938144,25.995903472685566
2005,Formosa,50 a 59,Mujer,33,11,24.912328939637863,274.0356183360165
2005,Formosa,50 a 59,Varón,39,13,29.629262971095834,385.1804186242458
2005,Formosa,60 a 69,Mujer,51,17,17.132067211169673,291.24514258988444
2005,Formosa,60 a 69,Varón,54,18,21.107751084002853,379.93951951205133
2005,Formosa,70 a 79,Mujer,81,27,10.831570240779218,292.4523965010389
2005,Formosa,70 a 79,Varón,59,19.67,13.564680967142696,266.81727462369685
2005,Formosa,80+,Mujer,46,15.33,5.992080760900239,91.85859806460067
2005,Formosa,80+,Varón,23,7.67,7.2709457701241185,55.76815405685199
2005,Jujuy,20 a 29,Mujer,1,0.33,52.3461872453209,17.274241790955898
2005,Jujuy,20 a 29,Varón,0,0,57.98552512050548,0
2005,Jujuy,30 a 39,Mujer,0,0,43.00255580888662,0
2005,Jujuy,30 a 39,Varón,0,0,48.31021760118011,0
2005,Jujuy,40 a 49,Mujer,2,0.67,33.73444144969978,22.602075771298853
2005,Jujuy,40 a 49,Varón,10,3.33,38.79985592938144,129.20352024484018
2005,Jujuy,50 a 59,Mujer,15,5,24.912328939637863,124.56164469818931
2005,Jujuy,50 a 59,Varón,17,5.67,29.629262971095834,167.99792104611336
2005,Jujuy,60 a 69,Mujer,39,13,17.132067211169673,222.71687374520576
2005,Jujuy,60 a 69,Varón,42,14,21.107751084002853,295.50851517603996
2005,Jujuy,70 a 79,Mujer,51,17,10.831570240779218,184.13669409324672
2005,Jujuy,70 a 79,Varón,34,11.33,13.564680967142696,153.68783535772675
2005,Jujuy,80+,Mujer,28,9.33,5.992080760900239,55.906113499199236
2005,Jujuy,80+,Varón,20,6.67,7.2709457701241185,48.49720828672787
2005,La Pampa,20 a 29,Mujer,1,0.33,52.3461872453209,17.274241790955898
2005,La Pampa,20 a 29,Varón,0,0,57.98552512050548,0
2005,La Pampa,30 a 39,Mujer,0,0,43.00255580888662,0
2005,La Pampa,30 a 39,Varón,0,0,48.31021760118011,0
2005,La Pampa,40 a 49,Mujer,3,1,33.73444144969978,33.73444144969978
2005,La Pampa,40 a 49,Varón,1,0.33,38.79985592938144,12.803952456695875
2005,La Pampa,50 a 59,Mujer,7,2.33,24.912328939637863,58.04572642935622
2005,La Pampa,50 a 59,Varón,9,3,29.629262971095834,88.8877889132875
2005,La Pampa,60 a 69,Mujer,12,4,17.132067211169673,68.52826884467869
2005,La Pampa,60 a 69,Varón,20,6.67,21.107751084002853,140.78869973029902
2005,La Pampa,70 a 79,Mujer,17,5.67,10.831570240779218,61.41500326521817
2005,La Pampa,70 a 79,Varón,30,10,13.564680967142696,135.64680967142695
2005,La Pampa,80+,Mujer,45,15,5.992080760900239,89.88121141350359
2005,La Pampa,80+,Varón,22,7.33,7.2709457701241185,53.29603249500979
2005,La Rioja,20 a 29,Mujer,0,0,52.3461872453209,0
2005,La Rioja,20 a 29,Varón,0,0,57.98552512050548,0
2005,La Rioja,30 a 39,Mujer,1,0.33,43.00255580888662,14.190843416932585
2005,La Rioja,30 a 39,Varón,1,0.33,48.31021760118011,15.942371808389439
2005,La Rioja,40 a 49,Mujer,5,1.67,33.73444144969978,56.33651722099863
2005,La Rioja,40 a 49,Varón,3,1,38.79985592938144,38.79985592938144
2005,La Rioja,50 a 59,Mujer,11,3.67,24.912328939637863,91.42824720847095
2005,La Rioja,50 a 59,Varón,20,6.67,29.629262971095834,197.6271840172092
2005,La Rioja,60 a 69,Mujer,20,6.67,17.132067211169673,114.27088829850172
2005,La Rioja,60 a 69,Varón,26,8.67,21.107751084002853,183.00420189830473
2005,La Rioja,70 a 79,Mujer,23,7.67,10.831570240779218,83.0781437467766
2005,La Rioja,70 a 79,Varón,20,6.67,13.564680967142696,90.47642205084178
2005,La Rioja,80+,Mujer,21,7,5.992080760900239,41.94456532630168
2005,La Rioja,80+,Varón,13,4.33,7.2709457701241185,31.483195184637434
2005,Mendoza,20 a 29,Mujer,1,0.33,52.3461872453209,17.274241790955898
2005,Mendoza,20 a 29,Varón,2,0.67,57.98552512050548,38.85030183073867
2005,Mendoza,30 a 39,Mujer,3,1,43.00255580888662,43.00255580888662
2005,Mendoza,30 a 39,Varón,6,2,48.31021760118011,96.62043520236023
2005,Mendoza,40 a 49,Mujer,21,7,33.73444144969978,236.14109014789847
2005,Mendoza,40 a 49,Varón,26,8.67,38.79985592938144,336.39475090773703
2005,Mendoza,50 a 59,Mujer,91,30.33,24.912328939637863,755.5909367392163
2005,Mendoza,50 a 59,Varón,135,45,29.629262971095834,1333.3168336993126
2005,Mendoza,60 a 69,Mujer,236,78.67,17.132067211169673,1347.7797275027183
2005,Mendoza,60 a 69,Varón,336,112,21.107751084002853,2364.0681214083197
2005,Mendoza,70 a 79,Mujer,367,122.33,10.831570240779218,1325.0259875545216
2005,Mendoza,70 a 79,Varón,374,124.67,13.564680967142696,1691.1087761736799
2005,Mendoza,80+,Mujer,247,82.33,5.992080760900239,493.3280090449167
2005,Mendoza,80+,Varón,146,48.67,7.2709457701241185,353.87693063194087
2005,Misiones,20 a 29,Mujer,2,0.67,52.3461872453209,35.07194545436501
2005,Misiones,20 a 29,Varón,0,0,57.98552512050548,0
2005,Misiones,30 a 39,Mujer,2,0.67,43.00255580888662,28.811712391954035
2005,Misiones,30 a 39,Varón,4,1.33,48.31021760118011,64.25258940956955
2005,Misiones,40 a 49,Mujer,17,5.67,33.73444144969978,191.27428301979776
2005,Misiones,40 a 49,Varón,12,4,38.79985592938144,155.19942371752575
2005,Misiones,50 a 59,Mujer,48,16,24.912328939637863,398.5972630342058
2005,Misiones,50 a 59,Varón,46,15.33,29.629262971095834,454.21660134689915
2005,Misiones,60 a 69,Mujer,84,28,17.132067211169673,479.69788191275086
2005,Misiones,60 a 69,Varón,85,28.33,21.107751084002853,597.9825882098008
2005,Misiones,70 a 79,Mujer,122,40.67,10.831570240779218,440.5199616924908
2005,Misiones,70 a 79,Varón,108,36,13.564680967142696,488.32851481713703
2005,Misiones,80+,Mujer,82,27.33,5.992080760900239,163.76356719540354
2005,Misiones,80+,Varón,54,18,7.2709457701241185,130.87702386223413
2005,Neuquén,20 a 29,Mujer,0,0,52.3461872453209,0
2005,Neuquén,20 a 29,Varón,0,0,57.98552512050548,0
2005,Neuquén,30 a 39,Mujer,1,0.33,43.00255580888662,14.190843416932585
2005,Neuquén,30 a 39,Varón,1,0.33,48.31021760118011,15.942371808389439
2005,Neuquén,40 a 49,Mujer,4,1.33,33.73444144969978,44.86680712810071
2005,Neuquén,40 a 49,Varón,11,3.67,38.79985592938144,142.39547126082988
2005,Neuquén,50 a 59,Mujer,27,9,24.912328939637863,224.21096045674076
2005,Neuquén,50 a 59,Varón,31,10.33,29.629262971095834,306.07028649141995
2005,Neuquén,60 a 69,Mujer,37,12.33,17.132067211169673,211.23838871372206
2005,Neuquén,60 a 69,Varón,66,22,21.107751084002853,464.37052384806276
2005,Neuquén,70 a 79,Mujer,59,19.67,10.831570240779218,213.05698663612725
2005,Neuquén,70 a 79,Varón,82,27.33,13.564680967142696,370.72273083200986
2005,Neuquén,80+,Mujer,67,22.33,5.992080760900239,133.80316339090234
2005,Neuquén,80+,Varón,42,14,7.2709457701241185,101.79324078173767
2005,Río Negro,20 a 29,Mujer,1,0.33,52.3461872453209,17.274241790955898
2005,Río Negro,20 a 29,Varón,0,0,57.98552512050548,0
2005,Río Negro,30 a 39,Mujer,1,0.33,43.00255580888662,14.190843416932585
2005,Río Negro,30 a 39,Varón,0,0,48.31021760118011,0
2005,Río Negro,40 a 49,Mujer,6,2,33.73444144969978,67.46888289939956
2005,Río Negro,40 a 49,Varón,2,0.67,38.79985592938144,25.995903472685566
2005,Río Negro,50 a 59,Mujer,5,1.67,24.912328939637863,41.60358932919523
2005,Río Negro,50 a 59,Varón,15,5,29.629262971095834,148.14631485547918
2005,Río Negro,60 a 69,Mujer,22,7.33,17.132067211169673,125.5780526578737
2005,Río Negro,60 a 69,Varón,36,12,21.107751084002853,253.29301300803422
2005,Río Negro,70 a 79,Mujer,50,16.67,10.831570240779218,180.5622759137896
2005,Río Negro,70 a 79,Varón,58,19.33,13.564680967142696,262.20528309486826
2005,Río Negro,80+,Mujer,41,13.67,5.992080760900239,81.91174400150628
2005,Río Negro,80+,Varón,24,8,7.2709457701241185,58.16756616099295
2005,Salta,20 a 29,Mujer,4,1.33,52.3461872453209,69.6204290362768
2005,Salta,20 a 29,Varón,1,0.33,57.98552512050548,19.13522328976681
2005,Salta,30 a 39,Mujer,0,0,43.00255580888662,0
2005,Salta,30 a 39,Varón,4,1.33,48.31021760118011,64.25258940956955
2005,Salta,40 a 49,Mujer,3,1,33.73444144969978,33.73444144969978
2005,Salta,40 a 49,Varón,13,4.33,38.79985592938144,168.00337617422161
2005,Salta,50 a 59,Mujer,18,6,24.912328939637863,149.47397363782719
2005,Salta,50 a 59,Varón,32,10.67,29.629262971095834,316.14423590159254
2005,Salta,60 a 69,Mujer,41,13.67,17.132067211169673,234.19535877668943
2005,Salta,60 a 69,Varón,47,15.67,21.107751084002853,330.7584594863247
2005,Salta,70 a 79,Mujer,49,16.33,10.831570240779218,176.87954203192461
2005,Salta,70 a 79,Varón,46,15.33,13.564680967142696,207.94655922629752
2005,Salta,80+,Mujer,52,17.33,5.992080760900239,103.84275958640114
2005,Salta,80+,Varón,35,11.67,7.2709457701241185,84.85193713734846
2005,San Juan,20 a 29,Mujer,2,0.67,52.3461872453209,35.07194545436501
2005,San Juan,20 a 29,Varón,3,1,57.98552512050548,57.98552512050548
2005,San Juan,30 a 39,Mujer,3,1,43.00255580888662,43.00255580888662
2005,San Juan,30 a 39,Varón,3,1,48.31021760118011,48.31021760118011
2005,San Juan,40 a 49,Mujer,10,3.33,33.73444144969978,112.33569002750026
2005,San Juan,40 a 49,Varón,11,3.67,38.79985592938144,142.39547126082988
2005,San Juan,50 a 59,Mujer,47,15.67,24.912328939637863,390.37619448412534
2005,San Juan,50 a 59,Varón,58,19.33,29.629262971095834,572.7336532312825
2005,San Juan,60 a 69,Mujer,109,36.33,17.132067211169673,622.4080017817942
2005,San Juan,60 a 69,Varón,127,42.33,21.107751084002853,893.4911033858407
2005,San Juan,70 a 79,Mujer,181,60.33,10.831570240779218,653.4686326262103
2005,San Juan,70 a 79,Varón,164,54.67,13.564680967142696,741.5811084736912
2005,San Juan,80+,Mujer,123,41,5.992080760900239,245.6753111969098
2005,San Juan,80+,Varón,87,29,7.2709457701241185,210.85742733359945
2005,San Luis,20 a 29,Mujer,1,0.33,52.3461872453209,17.274241790955898
2005,San Luis,20 a 29,Varón,0,0,57.98552512050548,0
2005,San Luis,30 a 39,Mujer,1,0.33,43.00255580888662,14.190843416932585
2005,San Luis,30 a 39,Varón,5,1.67,48.31021760118011,80.67806339397079
2005,San Luis,40 a 49,Mujer,5,1.67,33.73444144969978,56.33651722099863
2005,San Luis,40 a 49,Varón,8,2.67,38.79985592938144,103.59561533144843
2005,San Luis,50 a 59,Mujer,17,5.67,24.912328939637863,141.25290508774668
2005,San Luis,50 a 59,Varón,33,11,29.629262971095834,325.9218926820542
2005,San Luis,60 a 69,Mujer,29,9.67,17.132067211169673,165.66708993201073
2005,San Luis,60 a 69,Varón,47,15.67,21.107751084002853,330.7584594863247
2005,San Luis,70 a 79,Mujer,63,21,10.831570240779218,227.46297505636358
2005,San Luis,70 a 79,Varón,60,20,13.564680967142696,271.2936193428539
2005,San Luis,80+,Mujer,47,15.67,5.992080760900239,93.89590552330675
2005,San Luis,80+,Varón,36,12,7.2709457701241185,87.25134924148942
2005,Santa Cruz,20 a 29,Mujer,1,0.33,52.3461872453209,17.274241790955898
2005,Santa Cruz,20 a 29,Varón,0,0,57.98552512050548,0
2005,Santa Cruz,30 a 39,Mujer,0,0,43.00255580888662,0
2005,Santa Cruz,30 a 39,Varón,2,0.67,48.31021760118011,32.367845792790675
2005,Santa Cruz,40 a 49,Mujer,2,0.67,33.73444144969978,22.602075771298853
2005,Santa Cruz,40 a 49,Varón,1,0.33,38.79985592938144,12.803952456695875
2005,Santa Cruz,50 a 59,Mujer,6,2,24.912328939637863,49.824657879275726
2005,Santa Cruz,50 a 59,Varón,6,2,29.629262971095834,59.25852594219167
2005,Santa Cruz,60 a 69,Mujer,12,4,17.132067211169673,68.52826884467869
2005,Santa Cruz,60 a 69,Varón,22,7.33,21.107751084002853,154.71981544574092
2005,Santa Cruz,70 a 79,Mujer,21,7,10.831570240779218,75.82099168545453
2005,Santa Cruz,70 a 79,Varón,17,5.67,13.564680967142696,76.91174108369908
2005,Santa Cruz,80+,Mujer,13,4.33,5.992080760900239,25.945709694698035
2005,Santa Cruz,80+,Varón,11,3.67,7.2709457701241185,26.684370976355513
2005,Santa Fe,20 a 29,Mujer,3,1,52.3461872453209,52.3461872453209
2005,Santa Fe,20 a 29,Varón,2,0.67,57.98552512050548,38.85030183073867
2005,Santa Fe,30 a 39,Mujer,8,2.67,43.00255580888662,114.81682400972727
2005,Santa Fe,30 a 39,Varón,12,4,48.31021760118011,193.24087040472045
2005,Santa Fe,40 a 49,Mujer,31,10.33,33.73444144969978,348.47678017539874
2005,Santa Fe,40 a 49,Varón,54,18,38.79985592938144,698.3974067288659
2005,Santa Fe,50 a 59,Mujer,118,39.33,24.912328939637863,979.8018971959572
2005,Santa Fe,50 a 59,Varón,225,75,29.629262971095834,2222.1947228321874
2005,Santa Fe,60 a 69,Mujer,324,108,17.132067211169673,1850.2632588063248
2005,Santa Fe,60 a 69,Varón,522,174,21.107751084002853,3672.7486886164966
2005,Santa Fe,70 a 79,Mujer,600,200,10.831570240779218,2166.3140481558435
2005,Santa Fe,70 a 79,Varón,690,230,13.564680967142696,3119.87662244282
2005,Santa Fe,80+,Mujer,706,235.33,5.992080760900239,1410.1163654626534
2005,Santa Fe,80+,Varón,452,150.67,7.2709457701241185,1095.5133991846008
2005,Santiago del Estero,20 a 29,Mujer,1,0.33,52.3461872453209,17.274241790955898
2005,Santiago del Estero,20 a 29,Varón,0,0,57.98552512050548,0
2005,Santiago del Estero,30 a 39,Mujer,1,0.33,43.00255580888662,14.190843416932585
2005,Santiago del Estero,30 a 39,Varón,2,0.67,48.31021760118011,32.367845792790675
2005,Santiago del Estero,40 a 49,Mujer,9,3,33.73444144969978,101.20332434909935
2005,Santiago del Estero,40 a 49,Varón,11,3.67,38.79985592938144,142.39547126082988
2005,Santiago del Estero,50 a 59,Mujer,28,9.33,24.912328939637863,232.43202900682127
2005,Santiago del Estero,50 a 59,Varón,48,16,29.629262971095834,474.06820753753334
2005,Santiago del Estero,60 a 69,Mujer,66,22,17.132067211169673,376.9054786457328
2005,Santiago del Estero,60 a 69,Varón,65,21.67,21.107751084002853,457.40496599034185
2005,Santiago del Estero,70 a 79,Mujer,83,27.67,10.831570240779218,299.70954856236096
2005,Santiago del Estero,70 a 79,Varón,74,24.67,13.564680967142696,334.6406794594103
2005,Santiago del Estero,80+,Mujer,72,24,5.992080760900239,143.80993826160574
2005,Santiago del Estero,80+,Varón,38,12.67,7.2709457701241185,92.12288290747259
2005,Tierra del Fuego,20 a 29,Mujer,0,0,52.3461872453209,0
2005,Tierra del Fuego,20 a 29,Varón,0,0,57.98552512050548,0
2005,Tierra del Fuego,30 a 39,Mujer,0,0,43.00255580888662,0
2005,Tierra del Fuego,30 a 39,Varón,1,0.33,48.31021760118011,15.942371808389439
2005,Tierra del Fuego,40 a 49,Mujer,1,0.33,33.73444144969978,11.132365678400928
2005,Tierra del Fuego,40 a 49,Varón,1,0.33,38.79985592938144,12.803952456695875
2005,Tierra del Fuego,50 a 59,Mujer,2,0.67,24.912328939637863,16.69126038955737
2005,Tierra del Fuego,50 a 59,Varón,4,1.33,29.629262971095834,39.40691975155746
2005,Tierra del Fuego,60 a 69,Mujer,3,1,17.132067211169673,17.132067211169673
2005,Tierra del Fuego,60 a 69,Varón,2,0.67,21.107751084002853,14.142193226281913
2005,Tierra del Fuego,70 a 79,Mujer,9,3,10.831570240779218,32.49471072233766
2005,Tierra del Fuego,70 a 79,Varón,7,2.33,13.564680967142696,31.605706653442482
2005,Tierra del Fuego,80+,Mujer,4,1.33,5.992080760900239,7.969467411997319
2005,Tierra del Fuego,80+,Varón,2,0.67,7.2709457701241185,4.87153366598316
2005,Tucumán,20 a 29,Mujer,6,2,52.3461872453209,104.6923744906418
2005,Tucumán,20 a 29,Varón,4,1.33,57.98552512050548,77.12074841027228
2005,Tucumán,30 a 39,Mujer,4,1.33,43.00255580888662,57.193399225819206
2005,Tucumán,30 a 39,Varón,6,2,48.31021760118011,96.62043520236023
2005,Tucumán,40 a 49,Mujer,17,5.67,33.73444144969978,191.27428301979776
2005,Tucumán,40 a 49,Varón,14,4.67,38.79985592938144,181.19532719021132
2005,Tucumán,50 a 59,Mujer,58,19.33,24.912328939637863,481.55531840319986
2005,Tucumán,50 a 59,Varón,96,32,29.629262971095834,948.1364150750667
2005,Tucumán,60 a 69,Mujer,136,45.33,17.132067211169673,776.5966066823213
2005,Tucumán,60 a 69,Varón,158,52.67,21.107751084002853,1111.7452495944303
2005,Tucumán,70 a 79,Mujer,188,62.67,10.831570240779218,678.8145069896336
2005,Tucumán,70 a 79,Varón,196,65.33,13.564680967142696,886.1806075834323
2005,Tucumán,80+,Mujer,152,50.67,5.992080760900239,303.6187321548151
2005,Tucumán,80+,Varón,88,29.33,7.2709457701241185,213.25683943774038
2009,Buenos Aires,20 a 29,Mujer,20,6.67,52.3461872453209,349.1490689262904
2009,Buenos Aires,20 a 29,Varón,21,7,57.98552512050548,405.89867584353834
2009,Buenos Aires,30 a 39,Mujer,45,15,43.00255580888662,645.0383371332993
2009,Buenos Aires,30 a 39,Varón,49,16.33,48.31021760118011,788.9058534272712
2009,Buenos Aires,40 a 49,Mujer,86,28.67,33.73444144969978,967.1664363628928
2009,Buenos Aires,40 a 49,Varón,96,32,38.79985592938144,1241.595389740206
2009,Buenos Aires,50 a 59,Mujer,285,95,24.912328939637863,2366.671249265597
2009,Buenos Aires,50 a 59,Varón,467,155.67,29.629262971095834,4612.387366710488
2009,Buenos Aires,60 a 69,Mujer,588,196,17.132067211169673,3357.885173389256
2009,Buenos Aires,60 a 69,Varón,867,289,21.107751084002853,6100.140063276825
2009,Buenos Aires,70 a 79,Mujer,1045,348.33,10.831570240779218,3772.960861970625
2009,Buenos Aires,70 a 79,Varón,1229,409.67,13.564680967142696,5557.042851809349
2009,Buenos Aires,80+,Mujer,1413,471,5.992080760900239,2822.270038384013
2009,Buenos Aires,80+,Varón,861,287,7.2709457701241185,2086.761436025622
2009,Catamarca,20 a 29,Mujer,0,0,52.3461872453209,0
2009,Catamarca,20 a 29,Varón,0,0,57.98552512050548,0
2009,Catamarca,30 a 39,Mujer,1,0.33,43.00255580888662,14.190843416932585
2009,Catamarca,30 a 39,Varón,1,0.33,48.31021760118011,15.942371808389439
2009,Catamarca,40 a 49,Mujer,0,0,33.73444144969978,0
2009,Catamarca,40 a 49,Varón,4,1.33,38.79985592938144,51.60380838607731
2009,Catamarca,50 a 59,Mujer,12,4,24.912328939637863,99.64931575855145
2009,Catamarca,50 a 59,Varón,16,5.33,29.629262971095834,157.9239716359408
2009,Catamarca,60 a 69,Mujer,20,6.67,17.132067211169673,114.27088829850172
2009,Catamarca,60 a 69,Varón,38,12.67,21.107751084002853,267.4352062343161
2009,Catamarca,70 a 79,Mujer,34,11.33,10.831570240779218,122.72169082802854
2009,Catamarca,70 a 79,Varón,34,11.33,13.564680967142696,153.68783535772675
2009,Catamarca,80+,Mujer,26,8.67,5.992080760900239,51.951340197005074
2009,Catamarca,80+,Varón,18,6,7.2709457701241185,43.62567462074471
2009,Chaco,20 a 29,Mujer,2,0.67,52.3461872453209,35.07194545436501
2009,Chaco,20 a 29,Varón,1,0.33,57.98552512050548,19.13522328976681
2009,Chaco,30 a 39,Mujer,6,2,43.00255580888662,86.00511161777324
2009,Chaco,30 a 39,Varón,3,1,48.31021760118011,48.31021760118011
2009,Chaco,40 a 49,Mujer,10,3.33,33.73444144969978,112.33569002750026
2009,Chaco,40 a 49,Varón,12,4,38.79985592938144,155.19942371752575
2009,Chaco,50 a 59,Mujer,47,15.67,24.912328939637863,390.37619448412534
2009,Chaco,50 a 59,Varón,55,18.33,29.629262971095834,543.1043902601866
2009,Chaco,60 a 69,Mujer,64,21.33,17.132067211169673,365.4269936142491
2009,Chaco,60 a 69,Varón,88,29.33,21.107751084002853,619.0903392938036
2009,Chaco,70 a 79,Mujer,118,39.33,10.831570240779218,426.0056575698466
2009,Chaco,70 a 79,Varón,102,34,13.564680967142696,461.19915288285165
2009,Chaco,80+,Mujer,91,30.33,5.992080760900239,181.73980947810423
2009,Chaco,80+,Varón,29,9.67,7.2709457701241185,70.31004559710023
2009,Chubut,20 a 29,Mujer,0,0,52.3461872453209,0
2009,Chubut,20 a 29,Varón,0,0,57.98552512050548,0
2009,Chubut,30 a 39,Mujer,1,0.33,43.00255580888662,14.190843416932585
2009,Chubut,30 a 39,Varón,1,0.33,48.31021760118011,15.942371808389439
2009,Chubut,40 a 49,Mujer,3,1,33.73444144969978,33.73444144969978
2009,Chubut,40 a 49,Varón,5,1.67,38.79985592938144,64.79575940206699
2009,Chubut,50 a 59,Mujer,9,3,24.912328939637863,74.73698681891359
2009,Chubut,50 a 59,Varón,14,4.67,29.629262971095834,138.36865807501755
2009,Chubut,60 a 69,Mujer,18,6,17.132067211169673,102.79240326701805
2009,Chubut,60 a 69,Varón,28,9.33,21.107751084002853,196.93531761374663
2009,Chubut,70 a 79,Mujer,31,10.33,10.831570240779218,111.89012058724933
2009,Chubut,70 a 79,Varón,52,17.33,13.564680967142696,235.0759211605829
2009,Chubut,80+,Mujer,41,13.67,5.992080760900239,81.91174400150628
2009,Chubut,80+,Varón,26,8.67,7.2709457701241185,63.039099826976106
2009,CABA,20 a 29,Mujer,2,0.67,52.3461872453209,35.07194545436501
2009,CABA,20 a 29,Varón,2,0.67,57.98552512050548,38.85030183073867
2009,CABA,30 a 39,Mujer,7,2.33,43.00255580888662,100.19595503470583
2009,CABA,30 a 39,Varón,6,2,48.31021760118011,96.62043520236023
2009,CABA,40 a 49,Mujer,7,2.33,33.73444144969978,78.60124857780049
2009,CABA,40 a 49,Varón,10,3.33,38.79985592938144,129.20352024484018
2009,CABA,50 a 59,Mujer,19,6.33,24.912328939637863,157.6950421879077
2009,CABA,50 a 59,Varón,34,11.33,29.629262971095834,335.6995494625158
2009,CABA,60 a 69,Mujer,65,21.67,17.132067211169673,371.25189646604684
2009,CABA,60 a 69,Varón,78,26,21.107751084002853,548.8015281840742
2009,CABA,70 a 79,Mujer,120,40,10.831570240779218,433.2628096311687
2009,CABA,70 a 79,Varón,139,46.33,13.564680967142696,628.4516692077211
2009,CABA,80+,Mujer,247,82.33,5.992080760900239,493.3280090449167
2009,CABA,80+,Varón,163,54.33,7.2709457701241185,395.03048369084337
2009,Córdoba,20 a 29,Mujer,3,1,52.3461872453209,52.3461872453209
2009,Córdoba,20 a 29,Varón,2,0.67,57.98552512050548,38.85030183073867
2009,Córdoba,30 a 39,Mujer,8,2.67,43.00255580888662,114.81682400972727
2009,Córdoba,30 a 39,Varón,9,3,48.31021760118011,144.93065280354034
2009,Córdoba,40 a 49,Mujer,25,8.33,33.73444144969978,281.00789727599914
2009,Córdoba,40 a 49,Varón,34,11.33,38.79985592938144,439.6023676798917
2009,Córdoba,50 a 59,Mujer,107,35.67,24.912328939637863,888.6227732768826
2009,Córdoba,50 a 59,Varón,158,52.67,29.629262971095834,1560.5732806876176
2009,Córdoba,60 a 69,Mujer,231,77,17.132067211169673,1319.1691752600648
2009,Córdoba,60 a 69,Varón,333,111,21.107751084002853,2342.9603703243165
2009,Córdoba,70 a 79,Mujer,333,111,10.831570240779218,1202.3042967264932
2009,Córdoba,70 a 79,Varón,403,134.33,13.564680967142696,1822.1435943162785
2009,Córdoba,80+,Mujer,373,124.33,5.992080760900239,744.9954010027268
2009,Córdoba,80+,Varón,260,86.67,7.2709457701241185,630.1728698966574
2009,Corrientes,20 a 29,Mujer,2,0.67,52.3461872453209,35.07194545436501
2009,Corrientes,20 a 29,Varón,1,0.33,57.98552512050548,19.13522328976681
2009,Corrientes,30 a 39,Mujer,0,0,43.00255580888662,0
2009,Corrientes,30 a 39,Varón,2,0.67,48.31021760118011,32.367845792790675
2009,Corrientes,40 a 49,Mujer,15,5,33.73444144969978,168.6722072484989
2009,Corrientes,40 a 49,Varón,11,3.67,38.79985592938144,142.39547126082988
2009,Corrientes,50 a 59,Mujer,24,8,24.912328939637863,199.2986315171029
2009,Corrientes,50 a 59,Varón,40,13.33,29.629262971095834,394.9580754047075
2009,Corrientes,60 a 69,Mujer,74,24.67,17.132067211169673,422.64809809955585
2009,Corrientes,60 a 69,Varón,80,26.67,21.107751084002853,562.9437214103561
2009,Corrientes,70 a 79,Mujer,106,35.33,10.831570240779218,382.67937660672976
2009,Corrientes,70 a 79,Varón,86,28.67,13.564680967142696,388.89940332798113
2009,Corrientes,80+,Mujer,109,36.33,5.992080760900239,217.69229404350568
2009,Corrientes,80+,Varón,51,17,7.2709457701241185,123.60607809211001
2009,Entre Ríos,20 a 29,Mujer,2,0.67,52.3461872453209,35.07194545436501
2009,Entre Ríos,20 a 29,Varón,0,0,57.98552512050548,0
2009,Entre Ríos,30 a 39,Mujer,5,1.67,43.00255580888662,71.81426820084064
2009,Entre Ríos,30 a 39,Varón,1,0.33,48.31021760118011,15.942371808389439
2009,Entre Ríos,40 a 49,Mujer,8,2.67,33.73444144969978,90.07095867069842
2009,Entre Ríos,40 a 49,Varón,8,2.67,38.79985592938144,103.59561533144843
2009,Entre Ríos,50 a 59,Mujer,23,7.67,24.912328939637863,191.0775629670224
2009,Entre Ríos,50 a 59,Varón,39,13,29.629262971095834,385.1804186242458
2009,Entre Ríos,60 a 69,Mujer,68,22.67,17.132067211169673,388.3839636772165
2009,Entre Ríos,60 a 69,Varón,100,33.33,21.107751084002853,703.5213436298151
2009,Entre Ríos,70 a 79,Mujer,123,41,10.831570240779218,444.0943798719479
2009,Entre Ríos,70 a 79,Varón,116,38.67,13.564680967142696,524.5462129994081
2009,Entre Ríos,80+,Mujer,138,46,5.992080760900239,275.63571500141103
2009,Entre Ríos,80+,Varón,84,28,7.2709457701241185,203.58648156347533
2009,Formosa,20 a 29,Mujer,0,0,52.3461872453209,0
2009,Formosa,20 a 29,Varón,1,0.33,57.98552512050548,19.13522328976681
2009,Formosa,30 a 39,Mujer,4,1.33,43.00255580888662,57.193399225819206
2009,Formosa,30 a 39,Varón,1,0.33,48.31021760118011,15.942371808389439
2009,Formosa,40 a 49,Mujer,17,5.67,33.73444144969978,191.27428301979776
2009,Formosa,40 a 49,Varón,11,3.67,38.79985592938144,142.39547126082988
2009,Formosa,50 a 59,Mujer,32,10.67,24.912328939637863,265.814549785936
2009,Formosa,50 a 59,Varón,26,8.67,29.629262971095834,256.88570995940086
2009,Formosa,60 a 69,Mujer,67,22.33,17.132067211169673,382.5590608254188
2009,Formosa,60 a 69,Varón,72,24,21.107751084002853,506.58602601606844
2009,Formosa,70 a 79,Mujer,77,25.67,10.831570240779218,278.04640808080256
2009,Formosa,70 a 79,Varón,67,22.33,13.564680967142696,302.8993259962964
2009,Formosa,80+,Mujer,78,26,5.992080760900239,155.7940997834062
2009,Formosa,80+,Varón,41,13.67,7.2709457701241185,99.3938286775967
2009,Jujuy,20 a 29,Mujer,0,0,52.3461872453209,0
2009,Jujuy,20 a 29,Varón,0,0,57.98552512050548,0
2009,Jujuy,30 a 39,Mujer,0,0,43.00255580888662,0
2009,Jujuy,30 a 39,Varón,2,0.67,48.31021760118011,32.367845792790675
2009,Jujuy,40 a 49,Mujer,2,0.67,33.73444144969978,22.602075771298853
2009,Jujuy,40 a 49,Varón,7,2.33,38.79985592938144,90.40366431545876
2009,Jujuy,50 a 59,Mujer,19,6.33,24.912328939637863,157.6950421879077
2009,Jujuy,50 a 59,Varón,30,10,29.629262971095834,296.29262971095835
2009,Jujuy,60 a 69,Mujer,34,11.33,17.132067211169673,194.1063215025524
2009,Jujuy,60 a 69,Varón,55,18.33,21.107751084002853,386.90507736977224
2009,Jujuy,70 a 79,Mujer,37,12.33,10.831570240779218,133.55326106880776
2009,Jujuy,70 a 79,Varón,51,17,13.564680967142696,230.59957644142582
2009,Jujuy,80+,Mujer,32,10.67,5.992080760900239,63.935501718805554
2009,Jujuy,80+,Varón,22,7.33,7.2709457701241185,53.29603249500979
2009,La Pampa,20 a 29,Mujer,0,0,52.3461872453209,0
2009,La Pampa,20 a 29,Varón,0,0,57.98552512050548,0
2009,La Pampa,30 a 39,Mujer,0,0,43.00255580888662,0
2009,La Pampa,30 a 39,Varón,0,0,48.31021760118011,0
2009,La Pampa,40 a 49,Mujer,1,0.33,33.73444144969978,11.132365678400928
2009,La Pampa,40 a 49,Varón,3,1,38.79985592938144,38.79985592938144
2009,La Pampa,50 a 59,Mujer,6,2,24.912328939637863,49.824657879275726
2009,La Pampa,50 a 59,Varón,11,3.67,29.629262971095834,108.73939510392171
2009,La Pampa,60 a 69,Mujer,12,4,17.132067211169673,68.52826884467869
2009,La Pampa,60 a 69,Varón,14,4.67,21.107751084002853,98.57319756229332
2009,La Pampa,70 a 79,Mujer,15,5,10.831570240779218,54.15785120389609
2009,La Pampa,70 a 79,Varón,27,9,13.564680967142696,122.08212870428426
2009,La Pampa,80+,Mujer,25,8.33,5.992080760900239,49.91403273829899
2009,La Pampa,80+,Varón,16,5.33,7.2709457701241185,38.75414095476155
2009,La Rioja,20 a 29,Mujer,2,0.67,52.3461872453209,35.07194545436501
2009,La Rioja,20 a 29,Varón,0,0,57.98552512050548,0
2009,La Rioja,30 a 39,Mujer,0,0,43.00255580888662,0
2009,La Rioja,30 a 39,Varón,3,1,48.31021760118011,48.31021760118011
2009,La Rioja,40 a 49,Mujer,1,0.33,33.73444144969978,11.132365678400928
2009,La Rioja,40 a 49,Varón,9,3,38.79985592938144,116.39956778814431
2009,La Rioja,50 a 59,Mujer,14,4.67,24.912328939637863,116.34057614810882
2009,La Rioja,50 a 59,Varón,13,4.33,29.629262971095834,128.29470866484496
2009,La Rioja,60 a 69,Mujer,22,7.33,17.132067211169673,125.5780526578737
2009,La Rioja,60 a 69,Varón,34,11.33,21.107751084002853,239.15081978175232
2009,La Rioja,70 a 79,Mujer,22,7.33,10.831570240779218,79.39540986491167
2009,La Rioja,70 a 79,Varón,17,5.67,13.564680967142696,76.91174108369908
2009,La Rioja,80+,Mujer,14,4.67,5.992080760900239,27.983017153404116
2009,La Rioja,80+,Varón,11,3.67,7.2709457701241185,26.684370976355513
2009,Mendoza,20 a 29,Mujer,2,0.67,52.3461872453209,35.07194545436501
2009,Mendoza,20 a 29,Varón,3,1,57.98552512050548,57.98552512050548
2009,Mendoza,30 a 39,Mujer,9,3,43.00255580888662,129.00766742665985
2009,Mendoza,30 a 39,Varón,8,2.67,48.31021760118011,128.9882809951509
2009,Mendoza,40 a 49,Mujer,20,6.67,33.73444144969978,225.00872446949754
2009,Mendoza,40 a 49,Varón,28,9.33,38.79985592938144,362.0026558211288
2009,Mendoza,50 a 59,Mujer,78,26,24.912328939637863,647.7205524305845
2009,Mendoza,50 a 59,Varón,133,44.33,29.629262971095834,1313.4652275086783
2009,Mendoza,60 a 69,Mujer,213,71,17.132067211169673,1216.3767719930468
2009,Mendoza,60 a 69,Varón,318,106,21.107751084002853,2237.4216149043023
2009,Mendoza,70 a 79,Mujer,325,108.33,10.831570240779218,1173.3840041836127
2009,Mendoza,70 a 79,Varón,387,129,13.564680967142696,1749.8438447614078
2009,Mendoza,80+,Mujer,323,107.67,5.992080760900239,645.1673355261288
2009,Mendoza,80+,Varón,190,63.33,7.2709457701241185,460.4689956219604
2009,Misiones,20 a 29,Mujer,1,0.33,52.3461872453209,17.274241790955898
2009,Misiones,20 a 29,Varón,2,0.67,57.98552512050548,38.85030183073867
2009,Misiones,30 a 39,Mujer,2,0.67,43.00255580888662,28.811712391954035
2009,Misiones,30 a 39,Varón,6,2,48.31021760118011,96.62043520236023
2009,Misiones,40 a 49,Mujer,12,4,33.73444144969978,134.93776579879912
2009,Misiones,40 a 49,Varón,15,5,38.79985592938144,193.99927964690718
2009,Misiones,50 a 59,Mujer,38,12.67,24.912328939637863,315.6392076652117
2009,Misiones,50 a 59,Varón,49,16.33,29.629262971095834,483.84586431799494
2009,Misiones,60 a 69,Mujer,77,25.67,17.132067211169673,439.7801653107255
2009,Misiones,60 a 69,Varón,92,30.67,21.107751084002853,647.3747257463675
2009,Misiones,70 a 79,Mujer,135,45,10.831570240779218,487.42066083506484
2009,Misiones,70 a 79,Varón,126,42,13.564680967142696,569.7166006199932
2009,Misiones,80+,Mujer,103,34.33,5.992080760900239,205.7081325217052
2009,Misiones,80+,Varón,64,21.33,7.2709457701241185,155.08927327674743
2009,Neuquén,20 a 29,Mujer,1,0.33,52.3461872453209,17.274241790955898
2009,Neuquén,20 a 29,Varón,0,0,57.98552512050548,0
2009,Neuquén,30 a 39,Mujer,0,0,43.00255580888662,0
2009,Neuquén,30 a 39,Varón,0,0,48.31021760118011,0
2009,Neuquén,40 a 49,Mujer,9,3,33.73444144969978,101.20332434909935
2009,Neuquén,40 a 49,Varón,7,2.33,38.79985592938144,90.40366431545876
2009,Neuquén,50 a 59,Mujer,22,7.33,24.912328939637863,182.60737112754555
2009,Neuquén,50 a 59,Varón,36,12,29.629262971095834,355.55115565315
2009,Neuquén,60 a 69,Mujer,42,14,17.132067211169673,239.84894095637543
2009,Neuquén,60 a 69,Varón,78,26,21.107751084002853,548.8015281840742
2009,Neuquén,70 a 79,Mujer,74,24.67,10.831570240779218,267.21483784002334
2009,Neuquén,70 a 79,Varón,81,27,13.564680967142696,366.2463861128528
2009,Neuquén,80+,Mujer,91,30.33,5.992080760900239,181.73980947810423
2009,Neuquén,80+,Varón,51,17,7.2709457701241185,123.60607809211001
2009,Río Negro,20 a 29,Mujer,0,0,52.3461872453209,0
2009,Río Negro,20 a 29,Varón,0,0,57.98552512050548,0
2009,Río Negro,30 a 39,Mujer,2,0.67,43.00255580888662,28.811712391954035
2009,Río Negro,30 a 39,Varón,1,0.33,48.31021760118011,15.942371808389439
2009,Río Negro,40 a 49,Mujer,3,1,33.73444144969978,33.73444144969978
2009,Río Negro,40 a 49,Varón,6,2,38.79985592938144,77.59971185876287
2009,Río Negro,50 a 59,Mujer,12,4,24.912328939637863,99.64931575855145
2009,Río Negro,50 a 59,Varón,14,4.67,29.629262971095834,138.36865807501755
2009,Río Negro,60 a 69,Mujer,33,11,17.132067211169673,188.4527393228664
2009,Río Negro,60 a 69,Varón,40,13.33,21.107751084002853,281.36632194975806
2009,Río Negro,70 a 79,Mujer,42,14,10.831570240779218,151.64198337090906
2009,Río Negro,70 a 79,Varón,62,20.67,13.564680967142696,280.38195559083954
2009,Río Negro,80+,Mujer,55,18.33,5.992080760900239,109.83484034730138
2009,Río Negro,80+,Varón,43,14.33,7.2709457701241185,104.19265288587862
2009,Salta,20 a 29,Mujer,0,0,52.3461872453209,0
2009,Salta,20 a 29,Varón,0,0,57.98552512050548,0
2009,Salta,30 a 39,Mujer,4,1.33,43.00255580888662,57.193399225819206
2009,Salta,30 a 39,Varón,4,1.33,48.31021760118011,64.25258940956955
2009,Salta,40 a 49,Mujer,9,3,33.73444144969978,101.20332434909935
2009,Salta,40 a 49,Varón,10,3.33,38.79985592938144,129.20352024484018
2009,Salta,50 a 59,Mujer,44,14.67,24.912328939637863,365.4638655444875
2009,Salta,50 a 59,Varón,50,16.67,29.629262971095834,493.9198137281676
2009,Salta,60 a 69,Mujer,75,25,17.132067211169673,428.30168027924185
2009,Salta,60 a 69,Varón,106,35.33,21.107751084002853,745.7368457978207
2009,Salta,70 a 79,Mujer,113,37.67,10.831570240779218,408.02525097015314
2009,Salta,70 a 79,Varón,96,32,13.564680967142696,434.06979094856626
2009,Salta,80+,Mujer,94,31.33,5.992080760900239,187.73189023900449
2009,Salta,80+,Varón,50,16.67,7.2709457701241185,121.20666598796906
2009,San Juan,20 a 29,Mujer,1,0.33,52.3461872453209,17.274241790955898
2009,San Juan,20 a 29,Varón,2,0.67,57.98552512050548,38.85030183073867
2009,San Juan,30 a 39,Mujer,4,1.33,43.00255580888662,57.193399225819206
2009,San Juan,30 a 39,Varón,4,1.33,48.31021760118011,64.25258940956955
2009,San Juan,40 a 49,Mujer,10,3.33,33.73444144969978,112.33569002750026
2009,San Juan,40 a 49,Varón,9,3,38.79985592938144,116.39956778814431
2009,San Juan,50 a 59,Mujer,37,12.33,24.912328939637863,307.16901582573485
2009,San Juan,50 a 59,Varón,49,16.33,29.629262971095834,483.84586431799494
2009,San Juan,60 a 69,Mujer,131,43.67,17.132067211169673,748.1573751117796
2009,San Juan,60 a 69,Varón,152,50.67,21.107751084002853,1069.5297474264246
2009,San Juan,70 a 79,Mujer,150,50,10.831570240779218,541.5785120389609
2009,San Juan,70 a 79,Varón,159,53,13.564680967142696,718.9280912585629
2009,San Juan,80+,Mujer,151,50.33,5.992080760900239,301.581424696109
2009,San Juan,80+,Varón,83,27.67,7.2709457701241185,201.18706945933437
2009,San Luis,20 a 29,Mujer,1,0.33,52.3461872453209,17.274241790955898
2009,San Luis,20 a 29,Varón,1,0.33,57.98552512050548,19.13522328976681
2009,San Luis,30 a 39,Mujer,1,0.33,43.00255580888662,14.190843416932585
2009,San Luis,30 a 39,Varón,2,0.67,48.31021760118011,32.367845792790675
2009,San Luis,40 a 49,Mujer,2,0.67,33.73444144969978,22.602075771298853
2009,San Luis,40 a 49,Varón,8,2.67,38.79985592938144,103.59561533144843
2009,San Luis,50 a 59,Mujer,11,3.67,24.912328939637863,91.42824720847095
2009,San Luis,50 a 59,Varón,15,5,29.629262971095834,148.14631485547918
2009,San Luis,60 a 69,Mujer,37,12.33,17.132067211169673,211.23838871372206
2009,San Luis,60 a 69,Varón,64,21.33,21.107751084002853,450.2283306217808
2009,San Luis,70 a 79,Mujer,70,23.33,10.831570240779218,252.70053371737913
2009,San Luis,70 a 79,Varón,62,20.67,13.564680967142696,280.38195559083954
2009,San Luis,80+,Mujer,75,25,5.992080760900239,149.802019022506
2009,San Luis,80+,Varón,54,18,7.2709457701241185,130.87702386223413
2009,Santa Cruz,20 a 29,Mujer,0,0,52.3461872453209,0
2009,Santa Cruz,20 a 29,Varón,0,0,57.98552512050548,0
2009,Santa Cruz,30 a 39,Mujer,1,0.33,43.00255580888662,14.190843416932585
2009,Santa Cruz,30 a 39,Varón,0,0,48.31021760118011,0
2009,Santa Cruz,40 a 49,Mujer,3,1,33.73444144969978,33.73444144969978
2009,Santa Cruz,40 a 49,Varón,1,0.33,38.79985592938144,12.803952456695875
2009,Santa Cruz,50 a 59,Mujer,5,1.67,24.912328939637863,41.60358932919523
2009,Santa Cruz,50 a 59,Varón,7,2.33,29.629262971095834,69.0361827226533
2009,Santa Cruz,60 a 69,Mujer,7,2.33,17.132067211169673,39.91771660202534
2009,Santa Cruz,60 a 69,Varón,26,8.67,21.107751084002853,183.00420189830473
2009,Santa Cruz,70 a 79,Mujer,16,5.33,10.831570240779218,57.732269383353234
2009,Santa Cruz,70 a 79,Varón,24,8,13.564680967142696,108.51744773714157
2009,Santa Cruz,80+,Mujer,17,5.67,5.992080760900239,33.97509791430436
2009,Santa Cruz,80+,Varón,16,5.33,7.2709457701241185,38.75414095476155
2009,Santa Fe,20 a 29,Mujer,3,1,52.3461872453209,52.3461872453209
2009,Santa Fe,20 a 29,Varón,2,0.67,57.98552512050548,38.85030183073867
2009,Santa Fe,30 a 39,Mujer,13,4.33,43.00255580888662,186.20106665247906
2009,Santa Fe,30 a 39,Varón,5,1.67,48.31021760118011,80.67806339397079
2009,Santa Fe,40 a 49,Mujer,27,9,33.73444144969978,303.609973047298
2009,Santa Fe,40 a 49,Varón,40,13.33,38.79985592938144,517.2020795386545
2009,Santa Fe,50 a 59,Mujer,102,34,24.912328939637863,847.0191839476873
2009,Santa Fe,50 a 59,Varón,129,43,29.629262971095834,1274.058307757121
2009,Santa Fe,60 a 69,Mujer,213,71,17.132067211169673,1216.3767719930468
2009,Santa Fe,60 a 69,Varón,327,109,21.107751084002853,2300.744868156311
2009,Santa Fe,70 a 79,Mujer,385,128.33,10.831570240779218,1390.0154089991972
2009,Santa Fe,70 a 79,Varón,439,146.33,13.564680967142696,1984.9197659219908
2009,Santa Fe,80+,Mujer,474,158,5.992080760900239,946.7487602222378
2009,Santa Fe,80+,Varón,322,107.33,7.2709457701241185,780.3906095074216
2009,Santiago del Estero,20 a 29,Mujer,3,1,52.3461872453209,52.3461872453209
2009,Santiago del Estero,20 a 29,Varón,0,0,57.98552512050548,0
2009,Santiago del Estero,30 a 39,Mujer,2,0.67,43.00255580888662,28.811712391954035
2009,Santiago del Estero,30 a 39,Varón,3,1,48.31021760118011,48.31021760118011
2009,Santiago del Estero,40 a 49,Mujer,6,2,33.73444144969978,67.46888289939956
2009,Santiago del Estero,40 a 49,Varón,9,3,38.79985592938144,116.39956778814431
2009,Santiago del Estero,50 a 59,Mujer,31,10.33,24.912328939637863,257.3443579464591
2009,Santiago del Estero,50 a 59,Varón,36,12,29.629262971095834,355.55115565315
2009,Santiago del Estero,60 a 69,Mujer,38,12.67,17.132067211169673,217.06329156551976
2009,Santiago del Estero,60 a 69,Varón,64,21.33,21.107751084002853,450.2283306217808
2009,Santiago del Estero,70 a 79,Mujer,52,17.33,10.831570240779218,187.71111227270384
2009,Santiago del Estero,70 a 79,Varón,67,22.33,13.564680967142696,302.8993259962964
2009,Santiago del Estero,80+,Mujer,53,17.67,5.992080760900239,105.88006704510724
2009,Santiago del Estero,80+,Varón,29,9.67,7.2709457701241185,70.31004559710023
2009,Tierra del Fuego,20 a 29,Mujer,1,0.33,52.3461872453209,17.274241790955898
2009,Tierra del Fuego,20 a 29,Varón,0,0,57.98552512050548,0
2009,Tierra del Fuego,30 a 39,Mujer,0,0,43.00255580888662,0
2009,Tierra del Fuego,30 a 39,Varón,0,0,48.31021760118011,0
2009,Tierra del Fuego,40 a 49,Mujer,0,0,33.73444144969978,0
2009,Tierra del Fuego,40 a 49,Varón,0,0,38.79985592938144,0
2009,Tierra del Fuego,50 a 59,Mujer,3,1,24.912328939637863,24.912328939637863
2009,Tierra del Fuego,50 a 59,Varón,4,1.33,29.629262971095834,39.40691975155746
2009,Tierra del Fuego,60 a 69,Mujer,2,0.67,17.132067211169673,11.478485031483682
2009,Tierra del Fuego,60 a 69,Varón,5,1.67,21.107751084002853,35.24994431028476
2009,Tierra del Fuego,70 a 79,Mujer,4,1.33,10.831570240779218,14.40598842023636
2009,Tierra del Fuego,70 a 79,Varón,9,3,13.564680967142696,40.69404290142809
2009,Tierra del Fuego,80+,Mujer,7,2.33,5.992080760900239,13.961548172897558
2009,Tierra del Fuego,80+,Varón,5,1.67,7.2709457701241185,12.142479436107278
2009,Tucumán,20 a 29,Mujer,4,1.33,52.3461872453209,69.6204290362768
2009,Tucumán,20 a 29,Varón,2,0.67,57.98552512050548,38.85030183073867
2009,Tucumán,30 a 39,Mujer,4,1.33,43.00255580888662,57.193399225819206
2009,Tucumán,30 a 39,Varón,3,1,48.31021760118011,48.31021760118011
2009,Tucumán,40 a 49,Mujer,13,4.33,33.73444144969978,146.07013147720005
2009,Tucumán,40 a 49,Varón,17,5.67,38.79985592938144,219.99518311959275
2009,Tucumán,50 a 59,Mujer,62,20.67,24.912328939637863,514.9378391823146
2009,Tucumán,50 a 59,Varón,78,26,29.629262971095834,770.3608372484916
2009,Tucumán,60 a 69,Mujer,132,44,17.132067211169673,753.8109572914656
2009,Tucumán,60 a 69,Varón,162,54,21.107751084002853,1139.8185585361541
2009,Tucumán,70 a 79,Mujer,145,48.33,10.831570240779218,523.4897897368596
2009,Tucumán,70 a 79,Varón,166,55.33,13.564680967142696,750.5337979120053
2009,Tucumán,80+,Mujer,154,51.33,5.992080760900239,307.5735054570093
2009,Tucumán,80+,Varón,108,36,7.2709457701241185,261.75404772446825
2013,Buenos Aires,20 a 29,Mujer,16,5.33,52.3461872453209,279.0051780175604
2013,Buenos Aires,20 a 29,Varón,19,6.33,57.98552512050548,367.0483740127997
2013,Buenos Aires,30 a 39,Mujer,38,12.67,43.00255580888662,544.8423820985935
2013,Buenos Aires,30 a 39,Varón,51,17,48.31021760118011,821.2736992200619
2013,Buenos Aires,40 a 49,Mujer,96,32,33.73444144969978,1079.502126390393
2013,Buenos Aires,40 a 49,Varón,146,48.67,38.79985592938144,1888.3889880829945
2013,Buenos Aires,50 a 59,Mujer,274,91.33,24.912328939637863,2275.243002057126
2013,Buenos Aires,50 a 59,Varón,433,144.33,29.629262971095834,4276.391524618262
2013,Buenos Aires,60 a 69,Mujer,709,236.33,17.132067211169673,4048.821444015729
2013,Buenos Aires,60 a 69,Varón,981,327,21.107751084002853,6902.234604468933
2013,Buenos Aires,70 a 79,Mujer,984,328,10.831570240779218,3552.7550389755834
2013,Buenos Aires,70 a 79,Varón,1146,382,13.564680967142696,5181.70812944851
2013,Buenos Aires,80+,Mujer,1489,496.33,5.992080760900239,2974.049444057616
2013,Buenos Aires,80+,Varón,1004,334.67,7.2709457701241185,2433.367420887439
2013,Catamarca,20 a 29,Mujer,3,1,52.3461872453209,52.3461872453209
2013,Catamarca,20 a 29,Varón,1,0.33,57.98552512050548,19.13522328976681
2013,Catamarca,30 a 39,Mujer,0,0,43.00255580888662,0
2013,Catamarca,30 a 39,Varón,0,0,48.31021760118011,0
2013,Catamarca,40 a 49,Mujer,4,1.33,33.73444144969978,44.86680712810071
2013,Catamarca,40 a 49,Varón,9,3,38.79985592938144,116.39956778814431
2013,Catamarca,50 a 59,Mujer,13,4.33,24.912328939637863,107.87038430863196
2013,Catamarca,50 a 59,Varón,14,4.67,29.629262971095834,138.36865807501755
2013,Catamarca,60 a 69,Mujer,18,6,17.132067211169673,102.79240326701805
2013,Catamarca,60 a 69,Varón,35,11.67,21.107751084002853,246.32745515031328
2013,Catamarca,70 a 79,Mujer,25,8.33,10.831570240779218,90.22698010569088
2013,Catamarca,70 a 79,Varón,37,12.33,13.564680967142696,167.25251632486945
2013,Catamarca,80+,Mujer,30,10,5.992080760900239,59.920807609002395
2013,Catamarca,80+,Varón,12,4,7.2709457701241185,29.083783080496474
2013,Chaco,20 a 29,Mujer,0,0,52.3461872453209,0
2013,Chaco,20 a 29,Varón,2,0.67,57.98552512050548,38.85030183073867
2013,Chaco,30 a 39,Mujer,3,1,43.00255580888662,43.00255580888662
2013,Chaco,30 a 39,Varón,1,0.33,48.31021760118011,15.942371808389439
2013,Chaco,40 a 49,Mujer,13,4.33,33.73444144969978,146.07013147720005
2013,Chaco,40 a 49,Varón,25,8.33,38.79985592938144,323.20279989174736
2013,Chaco,50 a 59,Mujer,43,14.33,24.912328939637863,356.99367370501056
2013,Chaco,50 a 59,Varón,55,18.33,29.629262971095834,543.1043902601866
2013,Chaco,60 a 69,Mujer,70,23.33,17.132067211169673,399.69112803658845
2013,Chaco,60 a 69,Varón,105,35,21.107751084002853,738.7712879400999
2013,Chaco,70 a 79,Mujer,91,30.33,10.831570240779218,328.5215254028337
2013,Chaco,70 a 79,Varón,97,32.33,13.564680967142696,438.5461356677233
2013,Chaco,80+,Mujer,84,28,5.992080760900239,167.7782613052067
2013,Chaco,80+,Varón,62,20.67,7.2709457701241185,150.29044906846553
2013,Chubut,20 a 29,Mujer,0,0,52.3461872453209,0
2013,Chubut,20 a 29,Varón,1,0.33,57.98552512050548,19.13522328976681
2013,Chubut,30 a 39,Mujer,1,0.33,43.00255580888662,14.190843416932585
2013,Chubut,30 a 39,Varón,3,1,48.31021760118011,48.31021760118011
2013,Chubut,40 a 49,Mujer,2,0.67,33.73444144969978,22.602075771298853
2013,Chubut,40 a 49,Varón,7,2.33,38.79985592938144,90.40366431545876
2013,Chubut,50 a 59,Mujer,12,4,24.912328939637863,99.64931575855145
2013,Chubut,50 a 59,Varón,27,9,29.629262971095834,266.6633667398625
2013,Chubut,60 a 69,Mujer,27,9,17.132067211169673,154.18860490052705
2013,Chubut,60 a 69,Varón,39,13,21.107751084002853,274.4007640920371
2013,Chubut,70 a 79,Mujer,45,15,10.831570240779218,162.47355361168826
2013,Chubut,70 a 79,Varón,52,17.33,13.564680967142696,235.0759211605829
2013,Chubut,80+,Mujer,58,19.33,5.992080760900239,115.82692110820162
2013,Chubut,80+,Varón,37,12.33,7.2709457701241185,89.65076134563039
2013,CABA,20 a 29,Mujer,2,0.67,52.3461872453209,35.07194545436501
2013,CABA,20 a 29,Varón,2,0.67,57.98552512050548,38.85030183073867
2013,CABA,30 a 39,Mujer,6,2,43.00255580888662,86.00511161777324
2013,CABA,30 a 39,Varón,3,1,48.31021760118011,48.31021760118011
2013,CABA,40 a 49,Mujer,6,2,33.73444144969978,67.46888289939956
2013,CABA,40 a 49,Varón,26,8.67,38.79985592938144,336.39475090773703
2013,CABA,50 a 59,Mujer,29,9.67,24.912328939637863,240.90222084629812
2013,CABA,50 a 59,Varón,58,19.33,29.629262971095834,572.7336532312825
2013,CABA,60 a 69,Mujer,53,17.67,17.132067211169673,302.72362762136817
2013,CABA,60 a 69,Varón,123,41,21.107751084002853,865.417794444117
2013,CABA,70 a 79,Mujer,120,40,10.831570240779218,433.2628096311687
2013,CABA,70 a 79,Varón,156,52,13.564680967142696,705.3634102914202
2013,CABA,80+,Mujer,333,111,5.992080760900239,665.1209644599265
2013,CABA,80+,Varón,228,76,7.2709457701241185,552.591878529433
2013,Córdoba,20 a 29,Mujer,4,1.33,52.3461872453209,69.6204290362768
2013,Córdoba,20 a 29,Varón,4,1.33,57.98552512050548,77.12074841027228
2013,Córdoba,30 a 39,Mujer,6,2,43.00255580888662,86.00511161777324
2013,Córdoba,30 a 39,Varón,7,2.33,48.31021760118011,112.56280701074967
2013,Córdoba,40 a 49,Mujer,17,5.67,33.73444144969978,191.27428301979776
2013,Córdoba,40 a 49,Varón,36,12,38.79985592938144,465.59827115257724
2013,Córdoba,50 a 59,Mujer,81,27,24.912328939637863,672.6328813702223
2013,Córdoba,50 a 59,Varón,147,49,29.629262971095834,1451.8338855836957
2013,Córdoba,60 a 69,Mujer,186,62,17.132067211169673,1062.1881670925197
2013,Córdoba,60 a 69,Varón,327,109,21.107751084002853,2300.744868156311
2013,Córdoba,70 a 79,Mujer,271,90.33,10.831570240779218,978.4157398495868
2013,Córdoba,70 a 79,Varón,330,110,13.564680967142696,1492.1149063856965
2013,Córdoba,80+,Mujer,340,113.33,5.992080760900239,679.0825126328241
2013,Córdoba,80+,Varón,232,77.33,7.2709457701241185,562.2622364036981
2013,Corrientes,20 a 29,Mujer,2,0.67,52.3461872453209,35.07194545436501
2013,Corrientes,20 a 29,Varón,1,0.33,57.98552512050548,19.13522328976681
2013,Corrientes,30 a 39,Mujer,4,1.33,43.00255580888662,57.193399225819206
2013,Corrientes,30 a 39,Varón,3,1,48.31021760118011,48.31021760118011
2013,Corrientes,40 a 49,Mujer,11,3.67,33.73444144969978,123.80540012039819
2013,Corrientes,40 a 49,Varón,17,5.67,38.79985592938144,219.99518311959275
2013,Corrientes,50 a 59,Mujer,25,8.33,24.912328939637863,207.5197000671834
2013,Corrientes,50 a 59,Varón,52,17.33,29.629262971095834,513.4751272890908
2013,Corrientes,60 a 69,Mujer,82,27.33,17.132067211169673,468.21939688126713
2013,Corrientes,60 a 69,Varón,94,31.33,21.107751084002853,661.3058414618093
2013,Corrientes,70 a 79,Mujer,99,33,10.831570240779218,357.4418179457142
2013,Corrientes,70 a 79,Varón,93,31,13.564680967142696,420.5051099814236
2013,Corrientes,80+,Mujer,94,31.33,5.992080760900239,187.73189023900449
2013,Corrientes,80+,Varón,53,17.67,7.2709457701241185,128.4776117580932
2013,Entre Ríos,20 a 29,Mujer,3,1,52.3461872453209,52.3461872453209
2013,Entre Ríos,20 a 29,Varón,1,0.33,57.98552512050548,19.13522328976681
2013,Entre Ríos,30 a 39,Mujer,3,1,43.00255580888662,43.00255580888662
2013,Entre Ríos,30 a 39,Varón,3,1,48.31021760118011,48.31021760118011
2013,Entre Ríos,40 a 49,Mujer,6,2,33.73444144969978,67.46888289939956
2013,Entre Ríos,40 a 49,Varón,8,2.67,38.79985592938144,103.59561533144843
2013,Entre Ríos,50 a 59,Mujer,35,11.67,24.912328939637863,290.72687872557384
2013,Entre Ríos,50 a 59,Varón,48,16,29.629262971095834,474.06820753753334
2013,Entre Ríos,60 a 69,Mujer,63,21,17.132067211169673,359.7734114345631
2013,Entre Ríos,60 a 69,Varón,90,30,21.107751084002853,633.2325325200856
2013,Entre Ríos,70 a 79,Mujer,88,29.33,10.831570240779218,317.68995516205445
2013,Entre Ríos,70 a 79,Varón,115,38.33,13.564680967142696,519.9342214705795
2013,Entre Ríos,80+,Mujer,127,42.33,5.992080760900239,253.64477860890713
2013,Entre Ríos,80+,Varón,62,20.67,7.2709457701241185,150.29044906846553
2013,Formosa,20 a 29,Mujer,3,1,52.3461872453209,52.3461872453209
2013,Formosa,20 a 29,Varón,3,1,57.98552512050548,57.98552512050548
2013,Formosa,30 a 39,Mujer,3,1,43.00255580888662,43.00255580888662
2013,Formosa,30 a 39,Varón,6,2,48.31021760118011,96.62043520236023
2013,Formosa,40 a 49,Mujer,21,7,33.73444144969978,236.14109014789847
2013,Formosa,40 a 49,Varón,16,5.33,38.79985592938144,206.80323210360305
2013,Formosa,50 a 59,Mujer,59,19.67,24.912328939637863,490.02551024267683
2013,Formosa,50 a 59,Varón,63,21,29.629262971095834,622.2145223930125
2013,Formosa,60 a 69,Mujer,115,38.33,17.132067211169673,656.6721362041335
2013,Formosa,60 a 69,Varón,121,40.33,21.107751084002853,851.2756012178351
2013,Formosa,70 a 79,Mujer,138,46,10.831570240779218,498.252231075844
2013,Formosa,70 a 79,Varón,122,40.67,13.564680967142696,551.6755749336935
2013,Formosa,80+,Mujer,98,32.67,5.992080760900239,195.76127845861083
2013,Formosa,80+,Varón,68,22.67,7.2709457701241185,164.83234060871376
2013,Jujuy,20 a 29,Mujer,2,0.67,52.3461872453209,35.07194545436501
2013,Jujuy,20 a 29,Varón,0,0,57.98552512050548,0
2013,Jujuy,30 a 39,Mujer,2,0.67,43.00255580888662,28.811712391954035
2013,Jujuy,30 a 39,Varón,2,0.67,48.31021760118011,32.367845792790675
2013,Jujuy,40 a 49,Mujer,6,2,33.73444144969978,67.46888289939956
2013,Jujuy,40 a 49,Varón,5,1.67,38.79985592938144,64.79575940206699
2013,Jujuy,50 a 59,Mujer,20,6.67,24.912328939637863,166.16523402738454
2013,Jujuy,50 a 59,Varón,31,10.33,29.629262971095834,306.07028649141995
2013,Jujuy,60 a 69,Mujer,42,14,17.132067211169673,239.84894095637543
2013,Jujuy,60 a 69,Varón,42,14,21.107751084002853,295.50851517603996
2013,Jujuy,70 a 79,Mujer,43,14.33,10.831570240779218,155.21640155036619
2013,Jujuy,70 a 79,Varón,45,15,13.564680967142696,203.47021450714044
2013,Jujuy,80+,Mujer,39,13,5.992080760900239,77.8970498917031
2013,Jujuy,80+,Varón,35,11.67,7.2709457701241185,84.85193713734846
2013,La Pampa,20 a 29,Mujer,0,0,52.3461872453209,0
2013,La Pampa,20 a 29,Varón,0,0,57.98552512050548,0
2013,La Pampa,30 a 39,Mujer,5,1.67,43.00255580888662,71.81426820084064
2013,La Pampa,30 a 39,Varón,0,0,48.31021760118011,0
2013,La Pampa,40 a 49,Mujer,2,0.67,33.73444144969978,22.602075771298853
2013,La Pampa,40 a 49,Varón,2,0.67,38.79985592938144,25.995903472685566
2013,La Pampa,50 a 59,Mujer,4,1.33,24.912328939637863,33.13339748971836
2013,La Pampa,50 a 59,Varón,7,2.33,29.629262971095834,69.0361827226533
2013,La Pampa,60 a 69,Mujer,12,4,17.132067211169673,68.52826884467869
2013,La Pampa,60 a 69,Varón,14,4.67,21.107751084002853,98.57319756229332
2013,La Pampa,70 a 79,Mujer,23,7.67,10.831570240779218,83.0781437467766
2013,La Pampa,70 a 79,Varón,32,10.67,13.564680967142696,144.73514591941256
2013,La Pampa,80+,Mujer,29,9.67,5.992080760900239,57.94342095790532
2013,La Pampa,80+,Varón,26,8.67,7.2709457701241185,63.039099826976106
2013,La Rioja,20 a 29,Mujer,2,0.67,52.3461872453209,35.07194545436501
2013,La Rioja,20 a 29,Varón,0,0,57.98552512050548,0
2013,La Rioja,30 a 39,Mujer,0,0,43.00255580888662,0
2013,La Rioja,30 a 39,Varón,0,0,48.31021760118011,0
2013,La Rioja,40 a 49,Mujer,1,0.33,33.73444144969978,11.132365678400928
2013,La Rioja,40 a 49,Varón,10,3.33,38.79985592938144,129.20352024484018
2013,La Rioja,50 a 59,Mujer,12,4,24.912328939637863,99.64931575855145
2013,La Rioja,50 a 59,Varón,13,4.33,29.629262971095834,128.29470866484496
2013,La Rioja,60 a 69,Mujer,26,8.67,17.132067211169673,148.53502272084106
2013,La Rioja,60 a 69,Varón,32,10.67,21.107751084002853,225.21970406631044
2013,La Rioja,70 a 79,Mujer,34,11.33,10.831570240779218,122.72169082802854
2013,La Rioja,70 a 79,Varón,28,9.33,13.564680967142696,126.55847342344136
2013,La Rioja,80+,Mujer,22,7.33,5.992080760900239,43.921951977398756
2013,La Rioja,80+,Varón,7,2.33,7.2709457701241185,16.941303644389198
2013,Mendoza,20 a 29,Mujer,7,2.33,52.3461872453209,121.9666162815977
2013,Mendoza,20 a 29,Varón,2,0.67,57.98552512050548,38.85030183073867
2013,Mendoza,30 a 39,Mujer,9,3,43.00255580888662,129.00766742665985
2013,Mendoza,30 a 39,Varón,9,3,48.31021760118011,144.93065280354034
2013,Mendoza,40 a 49,Mujer,22,7.33,33.73444144969978,247.2734558262994
2013,Mendoza,40 a 49,Varón,19,6.33,38.79985592938144,245.6030880329845
2013,Mendoza,50 a 59,Mujer,72,24,24.912328939637863,597.8958945513087
2013,Mendoza,50 a 59,Varón,115,38.33,29.629262971095834,1135.6896496821032
2013,Mendoza,60 a 69,Mujer,227,75.67,17.132067211169673,1296.3835258692093
2013,Mendoza,60 a 69,Varón,301,100.33,21.107751084002853,2117.740666258006
2013,Mendoza,70 a 79,Mujer,281,93.67,10.831570240779218,1014.5931844537894
2013,Mendoza,70 a 79,Varón,318,106,13.564680967142696,1437.8561825171257
2013,Mendoza,80+,Mujer,340,113.33,5.992080760900239,679.0825126328241
2013,Mendoza,80+,Varón,241,80.33,7.2709457701241185,584.0750737140704
2013,Misiones,20 a 29,Mujer,3,1,52.3461872453209,52.3461872453209
2013,Misiones,20 a 29,Varón,4,1.33,57.98552512050548,77.12074841027228
2013,Misiones,30 a 39,Mujer,5,1.67,43.00255580888662,71.81426820084064
2013,Misiones,30 a 39,Varón,3,1,48.31021760118011,48.31021760118011
2013,Misiones,40 a 49,Mujer,16,5.33,33.73444144969978,179.80457292689982
2013,Misiones,40 a 49,Varón,15,5,38.79985592938144,193.99927964690718
2013,Misiones,50 a 59,Mujer,42,14,24.912328939637863,348.7726051549301
2013,Misiones,50 a 59,Varón,57,19,29.629262971095834,562.9559964508209
2013,Misiones,60 a 69,Mujer,88,29.33,17.132067211169673,502.48353130360647
2013,Misiones,60 a 69,Varón,112,37.33,21.107751084002853,787.9523479658264
2013,Misiones,70 a 79,Mujer,146,48.67,10.831570240779218,527.1725236187245
2013,Misiones,70 a 79,Varón,129,43,13.564680967142696,583.2812815871359
2013,Misiones,80+,Mujer,136,45.33,5.992080760900239,271.6210208916078
2013,Misiones,80+,Varón,94,31.33,7.2709457701241185,227.7987309779886
2013,Neuquén,20 a 29,Mujer,0,0,52.3461872453209,0
2013,Neuquén,20 a 29,Varón,2,0.67,57.98552512050548,38.85030183073867
2013,Neuquén,30 a 39,Mujer,0,0,43.00255580888662,0
2013,Neuquén,30 a 39,Varón,1,0.33,48.31021760118011,15.942371808389439
2013,Neuquén,40 a 49,Mujer,8,2.67,33.73444144969978,90.07095867069842
2013,Neuquén,40 a 49,Varón,15,5,38.79985592938144,193.99927964690718
2013,Neuquén,50 a 59,Mujer,21,7,24.912328939637863,174.38630257746505
2013,Neuquén,50 a 59,Varón,41,13.67,29.629262971095834,405.03202481488006
2013,Neuquén,60 a 69,Mujer,50,16.67,17.132067211169673,285.5915604101985
2013,Neuquén,60 a 69,Varón,88,29.33,21.107751084002853,619.0903392938036
2013,Neuquén,70 a 79,Mujer,76,25.33,10.831570240779218,274.3636741989376
2013,Neuquén,70 a 79,Varón,105,35,13.564680967142696,474.76383384999434
2013,Neuquén,80+,Mujer,108,36,5.992080760900239,215.7149073924086
2013,Neuquén,80+,Varón,84,28,7.2709457701241185,203.58648156347533
2013,Río Negro,20 a 29,Mujer,0,0,52.3461872453209,0
2013,Río Negro,20 a 29,Varón,1,0.33,57.98552512050548,19.13522328976681
2013,Río Negro,30 a 39,Mujer,1,0.33,43.00255580888662,14.190843416932585
2013,Río Negro,30 a 39,Varón,0,0,48.31021760118011,0
2013,Río Negro,40 a 49,Mujer,5,1.67,33.73444144969978,56.33651722099863
2013,Río Negro,40 a 49,Varón,6,2,38.79985592938144,77.59971185876287
2013,Río Negro,50 a 59,Mujer,9,3,24.912328939637863,74.73698681891359
2013,Río Negro,50 a 59,Varón,24,8,29.629262971095834,237.03410376876667
2013,Río Negro,60 a 69,Mujer,26,8.67,17.132067211169673,148.53502272084106
2013,Río Negro,60 a 69,Varón,41,13.67,21.107751084002853,288.542957318319
2013,Río Negro,70 a 79,Mujer,38,12.67,10.831570240779218,137.2359949506727
2013,Río Negro,70 a 79,Varón,60,20,13.564680967142696,271.2936193428539
2013,Río Negro,80+,Mujer,49,16.33,5.992080760900239,97.85067882550089
2013,Río Negro,80+,Varón,53,17.67,7.2709457701241185,128.4776117580932
2013,Salta,20 a 29,Mujer,3,1,52.3461872453209,52.3461872453209
2013,Salta,20 a 29,Varón,3,1,57.98552512050548,57.98552512050548
2013,Salta,30 a 39,Mujer,6,2,43.00255580888662,86.00511161777324
2013,Salta,30 a 39,Varón,5,1.67,48.31021760118011,80.67806339397079
2013,Salta,40 a 49,Mujer,13,4.33,33.73444144969978,146.07013147720005
2013,Salta,40 a 49,Varón,20,6.67,38.79985592938144,258.79503904897416
2013,Salta,50 a 59,Mujer,34,11.33,24.912328939637863,282.256686886097
2013,Salta,50 a 59,Varón,66,22,29.629262971095834,651.8437853641084
2013,Salta,60 a 69,Mujer,87,29,17.132067211169673,496.8299491239205
2013,Salta,60 a 69,Varón,92,30.67,21.107751084002853,647.3747257463675
2013,Salta,70 a 79,Mujer,105,35,10.831570240779218,379.1049584272726
2013,Salta,70 a 79,Varón,120,40,13.564680967142696,542.5872386857078
2013,Salta,80+,Mujer,87,29,5.992080760900239,173.77034206610693
2013,Salta,80+,Varón,84,28,7.2709457701241185,203.58648156347533
2013,San Juan,20 a 29,Mujer,5,1.67,52.3461872453209,87.4181326996859
2013,San Juan,20 a 29,Varón,3,1,57.98552512050548,57.98552512050548
2013,San Juan,30 a 39,Mujer,3,1,43.00255580888662,43.00255580888662
2013,San Juan,30 a 39,Varón,3,1,48.31021760118011,48.31021760118011
2013,San Juan,40 a 49,Mujer,7,2.33,33.73444144969978,78.60124857780049
2013,San Juan,40 a 49,Varón,17,5.67,38.79985592938144,219.99518311959275
2013,San Juan,50 a 59,Mujer,31,10.33,24.912328939637863,257.3443579464591
2013,San Juan,50 a 59,Varón,54,18,29.629262971095834,533.326733479725
2013,San Juan,60 a 69,Mujer,89,29.67,17.132067211169673,508.3084341554042
2013,San Juan,60 a 69,Varón,121,40.33,21.107751084002853,851.2756012178351
2013,San Juan,70 a 79,Mujer,121,40.33,10.831570240779218,436.83722781062585
2013,San Juan,70 a 79,Varón,147,49,13.564680967142696,664.6693673899921
2013,San Juan,80+,Mujer,117,39,5.992080760900239,233.69114967510933
2013,San Juan,80+,Varón,85,28.33,7.2709457701241185,205.98589366761627
2013,San Luis,20 a 29,Mujer,0,0,52.3461872453209,0
2013,San Luis,20 a 29,Varón,0,0,57.98552512050548,0
2013,San Luis,30 a 39,Mujer,3,1,43.00255580888662,43.00255580888662
2013,San Luis,30 a 39,Varón,0,0,48.31021760118011,0
2013,San Luis,40 a 49,Mujer,6,2,33.73444144969978,67.46888289939956
2013,San Luis,40 a 49,Varón,5,1.67,38.79985592938144,64.79575940206699
2013,San Luis,50 a 59,Mujer,13,4.33,24.912328939637863,107.87038430863196
2013,San Luis,50 a 59,Varón,22,7.33,29.629262971095834,217.18249757813246
2013,San Luis,60 a 69,Mujer,39,13,17.132067211169673,222.71687374520576
2013,San Luis,60 a 69,Varón,49,16.33,21.107751084002853,344.68957520176656
2013,San Luis,70 a 79,Mujer,51,17,10.831570240779218,184.13669409324672
2013,San Luis,70 a 79,Varón,56,18.67,13.564680967142696,253.25259365655415
2013,San Luis,80+,Mujer,58,19.33,5.992080760900239,115.82692110820162
2013,San Luis,80+,Varón,41,13.67,7.2709457701241185,99.3938286775967
2013,Santa Cruz,20 a 29,Mujer,1,0.33,52.3461872453209,17.274241790955898
2013,Santa Cruz,20 a 29,Varón,1,0.33,57.98552512050548,19.13522328976681
2013,Santa Cruz,30 a 39,Mujer,1,0.33,43.00255580888662,14.190843416932585
2013,Santa Cruz,30 a 39,Varón,2,0.67,48.31021760118011,32.367845792790675
2013,Santa Cruz,40 a 49,Mujer,4,1.33,33.73444144969978,44.86680712810071
2013,Santa Cruz,40 a 49,Varón,2,0.67,38.79985592938144,25.995903472685566
2013,Santa Cruz,50 a 59,Mujer,3,1,24.912328939637863,24.912328939637863
2013,Santa Cruz,50 a 59,Varón,13,4.33,29.629262971095834,128.29470866484496
2013,Santa Cruz,60 a 69,Mujer,21,7,17.132067211169673,119.92447047818771
2013,Santa Cruz,60 a 69,Varón,17,5.67,21.107751084002853,119.68094864629617
2013,Santa Cruz,70 a 79,Mujer,25,8.33,10.831570240779218,90.22698010569088
2013,Santa Cruz,70 a 79,Varón,28,9.33,13.564680967142696,126.55847342344136
2013,Santa Cruz,80+,Mujer,22,7.33,5.992080760900239,43.921951977398756
2013,Santa Cruz,80+,Varón,23,7.67,7.2709457701241185,55.76815405685199
2013,Santa Fe,20 a 29,Mujer,6,2,52.3461872453209,104.6923744906418
2013,Santa Fe,20 a 29,Varón,2,0.67,57.98552512050548,38.85030183073867
2013,Santa Fe,30 a 39,Mujer,10,3.33,43.00255580888662,143.19851084359246
2013,Santa Fe,30 a 39,Varón,9,3,48.31021760118011,144.93065280354034
2013,Santa Fe,40 a 49,Mujer,15,5,33.73444144969978,168.6722072484989
2013,Santa Fe,40 a 49,Varón,34,11.33,38.79985592938144,439.6023676798917
2013,Santa Fe,50 a 59,Mujer,64,21.33,24.912328939637863,531.3799762824756
2013,Santa Fe,50 a 59,Varón,124,41.33,29.629262971095834,1224.5774385953907
2013,Santa Fe,60 a 69,Mujer,216,72,17.132067211169673,1233.5088392042164
2013,Santa Fe,60 a 69,Varón,312,104,21.107751084002853,2195.2061127362967
2013,Santa Fe,70 a 79,Mujer,311,103.67,10.831570240779218,1122.9088868615815
2013,Santa Fe,70 a 79,Varón,401,133.67,13.564680967142696,1813.190904877964
2013,Santa Fe,80+,Mujer,455,151.67,5.992080760900239,908.8188890057393
2013,Santa Fe,80+,Varón,310,103.33,7.2709457701241185,751.3068264269251
2013,Santiago del Estero,20 a 29,Mujer,3,1,52.3461872453209,52.3461872453209
2013,Santiago del Estero,20 a 29,Varón,1,0.33,57.98552512050548,19.13522328976681
2013,Santiago del Estero,30 a 39,Mujer,1,0.33,43.00255580888662,14.190843416932585
2013,Santiago del Estero,30 a 39,Varón,3,1,48.31021760118011,48.31021760118011
2013,Santiago del Estero,40 a 49,Mujer,6,2,33.73444144969978,67.46888289939956
2013,Santiago del Estero,40 a 49,Varón,10,3.33,38.79985592938144,129.20352024484018
2013,Santiago del Estero,50 a 59,Mujer,15,5,24.912328939637863,124.56164469818931
2013,Santiago del Estero,50 a 59,Varón,30,10,29.629262971095834,296.29262971095835
2013,Santiago del Estero,60 a 69,Mujer,39,13,17.132067211169673,222.71687374520576
2013,Santiago del Estero,60 a 69,Varón,45,15,21.107751084002853,316.6162662600428
2013,Santiago del Estero,70 a 79,Mujer,54,18,10.831570240779218,194.96826433402592
2013,Santiago del Estero,70 a 79,Varón,45,15,13.564680967142696,203.47021450714044
2013,Santiago del Estero,80+,Mujer,37,12.33,5.992080760900239,73.88235578189995
2013,Santiago del Estero,80+,Varón,24,8,7.2709457701241185,58.16756616099295
2013,Tierra del Fuego,20 a 29,Mujer,0,0,52.3461872453209,0
2013,Tierra del Fuego,20 a 29,Varón,0,0,57.98552512050548,0
2013,Tierra del Fuego,30 a 39,Mujer,0,0,43.00255580888662,0
2013,Tierra del Fuego,30 a 39,Varón,0,0,48.31021760118011,0
2013,Tierra del Fuego,40 a 49,Mujer,0,0,33.73444144969978,0
2013,Tierra del Fuego,40 a 49,Varón,0,0,38.79985592938144,0
2013,Tierra del Fuego,50 a 59,Mujer,2,0.67,24.912328939637863,16.69126038955737
2013,Tierra del Fuego,50 a 59,Varón,2,0.67,29.629262971095834,19.85160619063421
2013,Tierra del Fuego,60 a 69,Mujer,2,0.67,17.132067211169673,11.478485031483682
2013,Tierra del Fuego,60 a 69,Varón,9,3,21.107751084002853,63.323253252008556
2013,Tierra del Fuego,70 a 79,Mujer,6,2,10.831570240779218,21.663140481558436
2013,Tierra del Fuego,70 a 79,Varón,3,1,13.564680967142696,13.564680967142696
2013,Tierra del Fuego,80+,Mujer,6,2,5.992080760900239,11.984161521800479
2013,Tierra del Fuego,80+,Varón,3,1,7.2709457701241185,7.2709457701241185
2013,Tucumán,20 a 29,Mujer,3,1,52.3461872453209,52.3461872453209
2013,Tucumán,20 a 29,Varón,4,1.33,57.98552512050548,77.12074841027228
2013,Tucumán,30 a 39,Mujer,8,2.67,43.00255580888662,114.81682400972727
2013,Tucumán,30 a 39,Varón,7,2.33,48.31021760118011,112.56280701074967
2013,Tucumán,40 a 49,Mujer,13,4.33,33.73444144969978,146.07013147720005
2013,Tucumán,40 a 49,Varón,20,6.67,38.79985592938144,258.79503904897416
2013,Tucumán,50 a 59,Mujer,62,20.67,24.912328939637863,514.9378391823146
2013,Tucumán,50 a 59,Varón,88,29.33,29.629262971095834,869.0262829422408
2013,Tucumán,60 a 69,Mujer,148,49.33,17.132067211169673,845.124875527
2013,Tucumán,60 a 69,Varón,175,58.33,21.107751084002853,1231.2151207298864
2013,Tucumán,70 a 79,Mujer,175,58.33,10.831570240779218,631.8054921446518
2013,Tucumán,70 a 79,Varón,188,62.67,13.564680967142696,850.0985562108327
2013,Tucumán,80+,Mujer,227,75.67,5.992080760900239,453.4207511773211
2013,Tucumán,80+,Varón,131,43.67,7.2709457701241185,317.5222017813203
2018,Buenos Aires,20 a 29,Mujer,26,8.67,52.3461872453209,453.8414434169322
2018,Buenos Aires,20 a 29,Varón,21,7,57.98552512050548,405.89867584353834
2018,Buenos Aires,30 a 39,Mujer,46,15.33,43.00255580888662,659.2291805502318
2018,Buenos Aires,30 a 39,Varón,51,17,48.31021760118011,821.2736992200619
2018,Buenos Aires,40 a 49,Mujer,121,40.33,33.73444144969978,1360.510023666392
2018,Buenos Aires,40 a 49,Varón,147,49,38.79985592938144,1901.1929405396904
2018,Buenos Aires,50 a 59,Mujer,306,102,24.912328939637863,2541.057551843062
2018,Buenos Aires,50 a 59,Varón,517,172.33,29.629262971095834,5106.010887808945
2018,Buenos Aires,60 a 69,Mujer,658,219.33,17.132067211169673,3757.5763014258446
2018,Buenos Aires,60 a 69,Varón,1179,393,21.107751084002853,8295.346176013121
2018,Buenos Aires,70 a 79,Mujer,1058,352.67,10.831570240779218,3819.969876815607
2018,Buenos Aires,70 a 79,Varón,1431,477,13.564680967142696,6470.352821327066
2018,Buenos Aires,80+,Mujer,1510,503.33,5.992080760900239,3015.9940093839173
2018,Buenos Aires,80+,Varón,1103,367.67,7.2709457701241185,2673.3086313015347
2018,Catamarca,20 a 29,Mujer,1,0.33,52.3461872453209,17.274241790955898
2018,Catamarca,20 a 29,Varón,2,0.67,57.98552512050548,38.85030183073867
2018,Catamarca,30 a 39,Mujer,3,1,43.00255580888662,43.00255580888662
2018,Catamarca,30 a 39,Varón,1,0.33,48.31021760118011,15.942371808389439
2018,Catamarca,40 a 49,Mujer,5,1.67,33.73444144969978,56.33651722099863
2018,Catamarca,40 a 49,Varón,12,4,38.79985592938144,155.19942371752575
2018,Catamarca,50 a 59,Mujer,12,4,24.912328939637863,99.64931575855145
2018,Catamarca,50 a 59,Varón,30,10,29.629262971095834,296.29262971095835
2018,Catamarca,60 a 69,Mujer,25,8.33,17.132067211169673,142.71011986904338
2018,Catamarca,60 a 69,Varón,60,20,21.107751084002853,422.1550216800571
2018,Catamarca,70 a 79,Mujer,46,15.33,10.831570240779218,166.04797179114541
2018,Catamarca,70 a 79,Varón,48,16,13.564680967142696,217.03489547428313
2018,Catamarca,80+,Mujer,35,11.67,5.992080760900239,69.92758247970579
2018,Catamarca,80+,Varón,27,9,7.2709457701241185,65.43851193111706
2018,Chaco,20 a 29,Mujer,2,0.67,52.3461872453209,35.07194545436501
2018,Chaco,20 a 29,Varón,3,1,57.98552512050548,57.98552512050548
2018,Chaco,30 a 39,Mujer,14,4.67,43.00255580888662,200.8219356275005
2018,Chaco,30 a 39,Varón,13,4.33,48.31021760118011,209.1832422131099
2018,Chaco,40 a 49,Mujer,17,5.67,33.73444144969978,191.27428301979776
2018,Chaco,40 a 49,Varón,26,8.67,38.79985592938144,336.39475090773703
2018,Chaco,50 a 59,Mujer,71,23.67,24.912328939637863,589.6748260012282
2018,Chaco,50 a 59,Varón,83,27.67,29.629262971095834,819.8417064102217
2018,Chaco,60 a 69,Mujer,98,32.67,17.132067211169673,559.7046357889133
2018,Chaco,60 a 69,Varón,160,53.33,21.107751084002853,1125.6763653098722
2018,Chaco,70 a 79,Mujer,109,36.33,10.831570240779218,393.510946847509
2018,Chaco,70 a 79,Varón,130,43.33,13.564680967142696,587.757626306293
2018,Chaco,80+,Mujer,98,32.67,5.992080760900239,195.76127845861083
2018,Chaco,80+,Varón,64,21.33,7.2709457701241185,155.08927327674743
2018,Chubut,20 a 29,Mujer,0,0,52.3461872453209,0
2018,Chubut,20 a 29,Varón,2,0.67,57.98552512050548,38.85030183073867
2018,Chubut,30 a 39,Mujer,0,0,43.00255580888662,0
2018,Chubut,30 a 39,Varón,3,1,48.31021760118011,48.31021760118011
2018,Chubut,40 a 49,Mujer,6,2,33.73444144969978,67.46888289939956
2018,Chubut,40 a 49,Varón,9,3,38.79985592938144,116.39956778814431
2018,Chubut,50 a 59,Mujer,6,2,24.912328939637863,49.824657879275726
2018,Chubut,50 a 59,Varón,25,8.33,29.629262971095834,246.8117605492283
2018,Chubut,60 a 69,Mujer,20,6.67,17.132067211169673,114.27088829850172
2018,Chubut,60 a 69,Varón,42,14,21.107751084002853,295.50851517603996
2018,Chubut,70 a 79,Mujer,43,14.33,10.831570240779218,155.21640155036619
2018,Chubut,70 a 79,Varón,43,14.33,13.564680967142696,194.38187825915483
2018,Chubut,80+,Mujer,54,18,5.992080760900239,107.8574536962043
2018,Chubut,80+,Varón,46,15.33,7.2709457701241185,111.46359865600273
2018,CABA,20 a 29,Mujer,3,1,52.3461872453209,52.3461872453209
2018,CABA,20 a 29,Varón,4,1.33,57.98552512050548,77.12074841027228
2018,CABA,30 a 39,Mujer,3,1,43.00255580888662,43.00255580888662
2018,CABA,30 a 39,Varón,6,2,48.31021760118011,96.62043520236023
2018,CABA,40 a 49,Mujer,12,4,33.73444144969978,134.93776579879912
2018,CABA,40 a 49,Varón,12,4,38.79985592938144,155.19942371752575
2018,CABA,50 a 59,Mujer,21,7,24.912328939637863,174.38630257746505
2018,CABA,50 a 59,Varón,51,17,29.629262971095834,503.6974705086292
2018,CABA,60 a 69,Mujer,43,14.33,17.132067211169673,245.50252313606143
2018,CABA,60 a 69,Varón,114,38,21.107751084002853,802.0945411921084
2018,CABA,70 a 79,Mujer,93,31,10.831570240779218,335.77867746415575
2018,CABA,70 a 79,Varón,141,47,13.564680967142696,637.5400054557067
2018,CABA,80+,Mujer,245,81.67,5.992080760900239,489.37323574272256
2018,CABA,80+,Varón,165,55,7.2709457701241185,399.9020173568265
2018,Córdoba,20 a 29,Mujer,6,2,52.3461872453209,104.6923744906418
2018,Córdoba,20 a 29,Varón,7,2.33,57.98552512050548,135.10627353077777
2018,Córdoba,30 a 39,Mujer,8,2.67,43.00255580888662,114.81682400972727
2018,Córdoba,30 a 39,Varón,27,9,48.31021760118011,434.791958410621
2018,Córdoba,40 a 49,Mujer,48,16,33.73444144969978,539.7510631951965
2018,Córdoba,40 a 49,Varón,62,20.67,38.79985592938144,801.9930220603144
2018,Córdoba,50 a 59,Mujer,94,31.33,24.912328939637863,780.5032656788542
2018,Córdoba,50 a 59,Varón,171,57,29.629262971095834,1688.8679893524625
2018,Córdoba,60 a 69,Mujer,222,74,17.132067211169673,1267.7729736265558
2018,Córdoba,60 a 69,Varón,389,129.67,21.107751084002853,2737.04208306265
2018,Córdoba,70 a 79,Mujer,368,122.67,10.831570240779218,1328.7087214363867
2018,Córdoba,70 a 79,Varón,563,187.67,13.564680967142696,2545.6836771036697
2018,Córdoba,80+,Mujer,609,203,5.992080760900239,1216.3923944627486
2018,Córdoba,80+,Varón,398,132.67,7.2709457701241185,964.6363753223667
2018,Corrientes,20 a 29,Mujer,2,0.67,52.3461872453209,35.07194545436501
2018,Corrientes,20 a 29,Varón,0,0,57.98552512050548,0
2018,Corrientes,30 a 39,Mujer,3,1,43.00255580888662,43.00255580888662
2018,Corrientes,30 a 39,Varón,3,1,48.31021760118011,48.31021760118011
2018,Corrientes,40 a 49,Mujer,17,5.67,33.73444144969978,191.27428301979776
2018,Corrientes,40 a 49,Varón,15,5,38.79985592938144,193.99927964690718
2018,Corrientes,50 a 59,Mujer,46,15.33,24.912328939637863,381.9060026446484
2018,Corrientes,50 a 59,Varón,61,20.33,29.629262971095834,602.3629162023783
2018,Corrientes,60 a 69,Mujer,103,34.33,17.132067211169673,588.1438673594548
2018,Corrientes,60 a 69,Varón,152,50.67,21.107751084002853,1069.5297474264246
2018,Corrientes,70 a 79,Mujer,143,47.67,10.831570240779218,516.3409533779453
2018,Corrientes,70 a 79,Varón,148,49.33,13.564680967142696,669.1457121091491
2018,Corrientes,80+,Mujer,155,51.67,5.992080760900239,309.61081291571537
2018,Corrientes,80+,Varón,68,22.67,7.2709457701241185,164.83234060871376
2018,Entre Ríos,20 a 29,Mujer,3,1,52.3461872453209,52.3461872453209
2018,Entre Ríos,20 a 29,Varón,1,0.33,57.98552512050548,19.13522328976681
2018,Entre Ríos,30 a 39,Mujer,2,0.67,43.00255580888662,28.811712391954035
2018,Entre Ríos,30 a 39,Varón,1,0.33,48.31021760118011,15.942371808389439
2018,Entre Ríos,40 a 49,Mujer,17,5.67,33.73444144969978,191.27428301979776
2018,Entre Ríos,40 a 49,Varón,15,5,38.79985592938144,193.99927964690718
2018,Entre Ríos,50 a 59,Mujer,34,11.33,24.912328939637863,282.256686886097
2018,Entre Ríos,50 a 59,Varón,37,12.33,29.629262971095834,365.32881243361163
2018,Entre Ríos,60 a 69,Mujer,91,30.33,17.132067211169673,519.6155985147761
2018,Entre Ríos,60 a 69,Varón,165,55,21.107751084002853,1160.9263096201569
2018,Entre Ríos,70 a 79,Mujer,126,42,10.831570240779218,454.92595011272715
2018,Entre Ríos,70 a 79,Varón,173,57.67,13.564680967142696,782.2751513751193
2018,Entre Ríos,80+,Mujer,164,54.67,5.992080760900239,327.58705519841607
2018,Entre Ríos,80+,Varón,96,32,7.2709457701241185,232.6702646439718
2018,Formosa,20 a 29,Mujer,6,2,52.3461872453209,104.6923744906418
2018,Formosa,20 a 29,Varón,0,0,57.98552512050548,0
2018,Formosa,30 a 39,Mujer,4,1.33,43.00255580888662,57.193399225819206
2018,Formosa,30 a 39,Varón,11,3.67,48.31021760118011,177.298498596331
2018,Formosa,40 a 49,Mujer,19,6.33,33.73444144969978,213.5390143765996
2018,Formosa,40 a 49,Varón,31,10.33,38.79985592938144,400.80251175051023
2018,Formosa,50 a 59,Mujer,42,14,24.912328939637863,348.7726051549301
2018,Formosa,50 a 59,Varón,69,23,29.629262971095834,681.4730483352042
2018,Formosa,60 a 69,Mujer,109,36.33,17.132067211169673,622.4080017817942
2018,Formosa,60 a 69,Varón,131,43.67,21.107751084002853,921.7754898384046
2018,Formosa,70 a 79,Mujer,107,35.67,10.831570240779218,386.36211048859474
2018,Formosa,70 a 79,Varón,116,38.67,13.564680967142696,524.5462129994081
2018,Formosa,80+,Mujer,90,30,5.992080760900239,179.76242282700719
2018,Formosa,80+,Varón,60,20,7.2709457701241185,145.41891540248236
2018,Jujuy,20 a 29,Mujer,1,0.33,52.3461872453209,17.274241790955898
2018,Jujuy,20 a 29,Varón,0,0,57.98552512050548,0
2018,Jujuy,30 a 39,Mujer,1,0.33,43.00255580888662,14.190843416932585
2018,Jujuy,30 a 39,Varón,3,1,48.31021760118011,48.31021760118011
2018,Jujuy,40 a 49,Mujer,2,0.67,33.73444144969978,22.602075771298853
2018,Jujuy,40 a 49,Varón,10,3.33,38.79985592938144,129.20352024484018
2018,Jujuy,50 a 59,Mujer,14,4.67,24.912328939637863,116.34057614810882
2018,Jujuy,50 a 59,Varón,31,10.33,29.629262971095834,306.07028649141995
2018,Jujuy,60 a 69,Mujer,36,12,17.132067211169673,205.5848065340361
2018,Jujuy,60 a 69,Varón,50,16.67,21.107751084002853,351.8662105703276
2018,Jujuy,70 a 79,Mujer,52,17.33,10.831570240779218,187.71111227270384
2018,Jujuy,70 a 79,Varón,46,15.33,13.564680967142696,207.94655922629752
2018,Jujuy,80+,Mujer,48,16,5.992080760900239,95.87329217440383
2018,Jujuy,80+,Varón,27,9,7.2709457701241185,65.43851193111706
2018,La Pampa,20 a 29,Mujer,0,0,52.3461872453209,0
2018,La Pampa,20 a 29,Varón,0,0,57.98552512050548,0
2018,La Pampa,30 a 39,Mujer,0,0,43.00255580888662,0
2018,La Pampa,30 a 39,Varón,2,0.67,48.31021760118011,32.367845792790675
2018,La Pampa,40 a 49,Mujer,4,1.33,33.73444144969978,44.86680712810071
2018,La Pampa,40 a 49,Varón,2,0.67,38.79985592938144,25.995903472685566
2018,La Pampa,50 a 59,Mujer,4,1.33,24.912328939637863,33.13339748971836
2018,La Pampa,50 a 59,Varón,9,3,29.629262971095834,88.8877889132875
2018,La Pampa,60 a 69,Mujer,12,4,17.132067211169673,68.52826884467869
2018,La Pampa,60 a 69,Varón,19,6.33,21.107751084002853,133.61206436173805
2018,La Pampa,70 a 79,Mujer,27,9,10.831570240779218,97.48413216701296
2018,La Pampa,70 a 79,Varón,35,11.67,13.564680967142696,158.29982688655525
2018,La Pampa,80+,Mujer,40,13.33,5.992080760900239,79.8744365428002
2018,La Pampa,80+,Varón,32,10.67,7.2709457701241185,77.58099136722434
2018,La Rioja,20 a 29,Mujer,1,0.33,52.3461872453209,17.274241790955898
2018,La Rioja,20 a 29,Varón,0,0,57.98552512050548,0
2018,La Rioja,30 a 39,Mujer,3,1,43.00255580888662,43.00255580888662
2018,La Rioja,30 a 39,Varón,2,0.67,48.31021760118011,32.367845792790675
2018,La Rioja,40 a 49,Mujer,4,1.33,33.73444144969978,44.86680712810071
2018,La Rioja,40 a 49,Varón,12,4,38.79985592938144,155.19942371752575
2018,La Rioja,50 a 59,Mujer,21,7,24.912328939637863,174.38630257746505
2018,La Rioja,50 a 59,Varón,40,13.33,29.629262971095834,394.9580754047075
2018,La Rioja,60 a 69,Mujer,25,8.33,17.132067211169673,142.71011986904338
2018,La Rioja,60 a 69,Varón,63,21,21.107751084002853,443.2627727640599
2018,La Rioja,70 a 79,Mujer,44,14.67,10.831570240779218,158.89913543223113
2018,La Rioja,70 a 79,Varón,55,18.33,13.564680967142696,248.6406021277256
2018,La Rioja,80+,Mujer,50,16.67,5.992080760900239,99.887986284207
2018,La Rioja,80+,Varón,32,10.67,7.2709457701241185,77.58099136722434
2018,Mendoza,20 a 29,Mujer,5,1.67,52.3461872453209,87.4181326996859
2018,Mendoza,20 a 29,Varón,2,0.67,57.98552512050548,38.85030183073867
2018,Mendoza,30 a 39,Mujer,6,2,43.00255580888662,86.00511161777324
2018,Mendoza,30 a 39,Varón,10,3.33,48.31021760118011,160.8730246119298
2018,Mendoza,40 a 49,Mujer,13,4.33,33.73444144969978,146.07013147720005
2018,Mendoza,40 a 49,Varón,33,11,38.79985592938144,426.7984152231958
2018,Mendoza,50 a 59,Mujer,51,17,24.912328939637863,423.50959197384367
2018,Mendoza,50 a 59,Varón,67,22.33,29.629262971095834,661.6214421445699
2018,Mendoza,60 a 69,Mujer,162,54,17.132067211169673,925.1316294031624
2018,Mendoza,60 a 69,Varón,214,71.33,21.107751084002853,1505.6158848219234
2018,Mendoza,70 a 79,Mujer,245,81.67,10.831570240779218,884.6143415644387
2018,Mendoza,70 a 79,Varón,287,95.67,13.564680967142696,1297.7330281265417
2018,Mendoza,80+,Mujer,362,120.67,5.992080760900239,723.0643854178319
2018,Mendoza,80+,Varón,257,85.67,7.2709457701241185,622.9019241265332
2018,Misiones,20 a 29,Mujer,5,1.67,52.3461872453209,87.4181326996859
2018,Misiones,20 a 29,Varón,3,1,57.98552512050548,57.98552512050548
2018,Misiones,30 a 39,Mujer,7,2.33,43.00255580888662,100.19595503470583
2018,Misiones,30 a 39,Varón,5,1.67,48.31021760118011,80.67806339397079
2018,Misiones,40 a 49,Mujer,14,4.67,33.73444144969978,157.53984157009796
2018,Misiones,40 a 49,Varón,26,8.67,38.79985592938144,336.39475090773703
2018,Misiones,50 a 59,Mujer,57,19,24.912328939637863,473.3342498531194
2018,Misiones,50 a 59,Varón,92,30.67,29.629262971095834,908.7294953235092
2018,Misiones,60 a 69,Mujer,132,44,17.132067211169673,753.8109572914656
2018,Misiones,60 a 69,Varón,178,59.33,21.107751084002853,1252.3228718138892
2018,Misiones,70 a 79,Mujer,152,50.67,10.831570240779218,548.835664100283
2018,Misiones,70 a 79,Varón,143,47.67,13.564680967142696,646.6283417036923
2018,Misiones,80+,Mujer,148,49.33,5.992080760900239,295.5893439352088
2018,Misiones,80+,Varón,101,33.67,7.2709457701241185,244.81274408007909
2018,Neuquén,20 a 29,Mujer,2,0.67,52.3461872453209,35.07194545436501
2018,Neuquén,20 a 29,Varón,1,0.33,57.98552512050548,19.13522328976681
2018,Neuquén,30 a 39,Mujer,1,0.33,43.00255580888662,14.190843416932585
2018,Neuquén,30 a 39,Varón,3,1,48.31021760118011,48.31021760118011
2018,Neuquén,40 a 49,Mujer,11,3.67,33.73444144969978,123.80540012039819
2018,Neuquén,40 a 49,Varón,15,5,38.79985592938144,193.99927964690718
2018,Neuquén,50 a 59,Mujer,33,11,24.912328939637863,274.0356183360165
2018,Neuquén,50 a 59,Varón,42,14,29.629262971095834,414.80968159534166
2018,Neuquén,60 a 69,Mujer,75,25,17.132067211169673,428.30168027924185
2018,Neuquén,60 a 69,Varón,107,35.67,21.107751084002853,752.9134811663818
2018,Neuquén,70 a 79,Mujer,111,37,10.831570240779218,400.76809890883106
2018,Neuquén,70 a 79,Varón,154,51.33,13.564680967142696,696.2750740434345
2018,Neuquén,80+,Mujer,145,48.33,5.992080760900239,289.5972631743086
2018,Neuquén,80+,Varón,131,43.67,7.2709457701241185,317.5222017813203
2018,Río Negro,20 a 29,Mujer,0,0,52.3461872453209,0
2018,Río Negro,20 a 29,Varón,0,0,57.98552512050548,0
2018,Río Negro,30 a 39,Mujer,0,0,43.00255580888662,0
2018,Río Negro,30 a 39,Varón,3,1,48.31021760118011,48.31021760118011
2018,Río Negro,40 a 49,Mujer,5,1.67,33.73444144969978,56.33651722099863
2018,Río Negro,40 a 49,Varón,5,1.67,38.79985592938144,64.79575940206699
2018,Río Negro,50 a 59,Mujer,7,2.33,24.912328939637863,58.04572642935622
2018,Río Negro,50 a 59,Varón,34,11.33,29.629262971095834,335.6995494625158
2018,Río Negro,60 a 69,Mujer,34,11.33,17.132067211169673,194.1063215025524
2018,Río Negro,60 a 69,Varón,50,16.67,21.107751084002853,351.8662105703276
2018,Río Negro,70 a 79,Mujer,47,15.67,10.831570240779218,169.73070567301033
2018,Río Negro,70 a 79,Varón,81,27,13.564680967142696,366.2463861128528
2018,Río Negro,80+,Mujer,80,26.67,5.992080760900239,159.80879389320938
2018,Río Negro,80+,Varón,47,15.67,7.2709457701241185,113.93572021784493
2018,Salta,20 a 29,Mujer,5,1.67,52.3461872453209,87.4181326996859
2018,Salta,20 a 29,Varón,6,2,57.98552512050548,115.97105024101096
2018,Salta,30 a 39,Mujer,3,1,43.00255580888662,43.00255580888662
2018,Salta,30 a 39,Varón,6,2,48.31021760118011,96.62043520236023
2018,Salta,40 a 49,Mujer,16,5.33,33.73444144969978,179.80457292689982
2018,Salta,40 a 49,Varón,20,6.67,38.79985592938144,258.79503904897416
2018,Salta,50 a 59,Mujer,63,21,24.912328939637863,523.1589077323952
2018,Salta,50 a 59,Varón,72,24,29.629262971095834,711.1023113063
2018,Salta,60 a 69,Mujer,118,39.33,17.132067211169673,673.8042034153032
2018,Salta,60 a 69,Varón,158,52.67,21.107751084002853,1111.7452495944303
2018,Salta,70 a 79,Mujer,111,37,10.831570240779218,400.76809890883106
2018,Salta,70 a 79,Varón,148,49.33,13.564680967142696,669.1457121091491
2018,Salta,80+,Mujer,124,41.33,5.992080760900239,247.65269784800688
2018,Salta,80+,Varón,87,29,7.2709457701241185,210.85742733359945
2018,San Juan,20 a 29,Mujer,1,0.33,52.3461872453209,17.274241790955898
2018,San Juan,20 a 29,Varón,2,0.67,57.98552512050548,38.85030183073867
2018,San Juan,30 a 39,Mujer,2,0.67,43.00255580888662,28.811712391954035
2018,San Juan,30 a 39,Varón,6,2,48.31021760118011,96.62043520236023
2018,San Juan,40 a 49,Mujer,7,2.33,33.73444144969978,78.60124857780049
2018,San Juan,40 a 49,Varón,9,3,38.79985592938144,116.39956778814431
2018,San Juan,50 a 59,Mujer,30,10,24.912328939637863,249.12328939637862
2018,San Juan,50 a 59,Varón,36,12,29.629262971095834,355.55115565315
2018,San Juan,60 a 69,Mujer,74,24.67,17.132067211169673,422.64809809955585
2018,San Juan,60 a 69,Varón,102,34,21.107751084002853,717.663536856097
2018,San Juan,70 a 79,Mujer,157,52.33,10.831570240779218,566.8160706999764
2018,San Juan,70 a 79,Varón,152,50.67,13.564680967142696,687.3223846051204
2018,San Juan,80+,Mujer,161,53.67,5.992080760900239,321.5949744375159
2018,San Juan,80+,Varón,102,34,7.2709457701241185,247.21215618422002
2018,San Luis,20 a 29,Mujer,1,0.33,52.3461872453209,17.274241790955898
2018,San Luis,20 a 29,Varón,0,0,57.98552512050548,0
2018,San Luis,30 a 39,Mujer,0,0,43.00255580888662,0
2018,San Luis,30 a 39,Varón,1,0.33,48.31021760118011,15.942371808389439
2018,San Luis,40 a 49,Mujer,3,1,33.73444144969978,33.73444144969978
2018,San Luis,40 a 49,Varón,8,2.67,38.79985592938144,103.59561533144843
2018,San Luis,50 a 59,Mujer,10,3.33,24.912328939637863,82.95805536899408
2018,San Luis,50 a 59,Varón,15,5,29.629262971095834,148.14631485547918
2018,San Luis,60 a 69,Mujer,29,9.67,17.132067211169673,165.66708993201073
2018,San Luis,60 a 69,Varón,40,13.33,21.107751084002853,281.36632194975806
2018,San Luis,70 a 79,Mujer,40,13.33,10.831570240779218,144.38483130958699
2018,San Luis,70 a 79,Varón,76,25.33,13.564680967142696,343.5933688977245
2018,San Luis,80+,Mujer,63,21,5.992080760900239,125.83369597890503
2018,San Luis,80+,Varón,54,18,7.2709457701241185,130.87702386223413
2018,Santa Cruz,20 a 29,Mujer,1,0.33,52.3461872453209,17.274241790955898
2018,Santa Cruz,20 a 29,Varón,0,0,57.98552512050548,0
2018,Santa Cruz,30 a 39,Mujer,0,0,43.00255580888662,0
2018,Santa Cruz,30 a 39,Varón,0,0,48.31021760118011,0
2018,Santa Cruz,40 a 49,Mujer,9,3,33.73444144969978,101.20332434909935
2018,Santa Cruz,40 a 49,Varón,7,2.33,38.79985592938144,90.40366431545876
2018,Santa Cruz,50 a 59,Mujer,13,4.33,24.912328939637863,107.87038430863196
2018,Santa Cruz,50 a 59,Varón,26,8.67,29.629262971095834,256.88570995940086
2018,Santa Cruz,60 a 69,Mujer,21,7,17.132067211169673,119.92447047818771
2018,Santa Cruz,60 a 69,Varón,35,11.67,21.107751084002853,246.32745515031328
2018,Santa Cruz,70 a 79,Mujer,41,13.67,10.831570240779218,148.0675651914519
2018,Santa Cruz,70 a 79,Varón,44,14.67,13.564680967142696,198.99386978798336
2018,Santa Cruz,80+,Mujer,49,16.33,5.992080760900239,97.85067882550089
2018,Santa Cruz,80+,Varón,31,10.33,7.2709457701241185,75.10886980538214
2018,Santa Fe,20 a 29,Mujer,2,0.67,52.3461872453209,35.07194545436501
2018,Santa Fe,20 a 29,Varón,2,0.67,57.98552512050548,38.85030183073867
2018,Santa Fe,30 a 39,Mujer,9,3,43.00255580888662,129.00766742665985
2018,Santa Fe,30 a 39,Varón,8,2.67,48.31021760118011,128.9882809951509
2018,Santa Fe,40 a 49,Mujer,22,7.33,33.73444144969978,247.2734558262994
2018,Santa Fe,40 a 49,Varón,25,8.33,38.79985592938144,323.20279989174736
2018,Santa Fe,50 a 59,Mujer,62,20.67,24.912328939637863,514.9378391823146
2018,Santa Fe,50 a 59,Varón,116,38.67,29.629262971095834,1145.7635990922759
2018,Santa Fe,60 a 69,Mujer,164,54.67,17.132067211169673,936.6101144346461
2018,Santa Fe,60 a 69,Varón,254,84.67,21.107751084002853,1787.1932842825215
2018,Santa Fe,70 a 79,Mujer,261,87,10.831570240779218,942.346610947792
2018,Santa Fe,70 a 79,Varón,321,107,13.564680967142696,1451.4208634842685
2018,Santa Fe,80+,Mujer,368,122.67,5.992080760900239,735.0485469396324
2018,Santa Fe,80+,Varón,275,91.67,7.2709457701241185,666.5275987472779
2018,Santiago del Estero,20 a 29,Mujer,2,0.67,52.3461872453209,35.07194545436501
2018,Santiago del Estero,20 a 29,Varón,1,0.33,57.98552512050548,19.13522328976681
2018,Santiago del Estero,30 a 39,Mujer,7,2.33,43.00255580888662,100.19595503470583
2018,Santiago del Estero,30 a 39,Varón,3,1,48.31021760118011,48.31021760118011
2018,Santiago del Estero,40 a 49,Mujer,7,2.33,33.73444144969978,78.60124857780049
2018,Santiago del Estero,40 a 49,Varón,15,5,38.79985592938144,193.99927964690718
2018,Santiago del Estero,50 a 59,Mujer,27,9,24.912328939637863,224.21096045674076
2018,Santiago del Estero,50 a 59,Varón,40,13.33,29.629262971095834,394.9580754047075
2018,Santiago del Estero,60 a 69,Mujer,52,17.33,17.132067211169673,296.8987247695704
2018,Santiago del Estero,60 a 69,Varón,70,23.33,21.107751084002853,492.44383278978654
2018,Santiago del Estero,70 a 79,Mujer,74,24.67,10.831570240779218,267.21483784002334
2018,Santiago del Estero,70 a 79,Varón,68,22.67,13.564680967142696,307.5113175251249
2018,Santiago del Estero,80+,Mujer,44,14.67,5.992080760900239,87.903824762406515
2018,Santiago del Estero,80+,Varón,39,13,7.2709457701241185,94.52229501161354
2018,Tierra del Fuego,20 a 29,Mujer,0,0,52.3461872453209,0
2018,Tierra del Fuego,20 a 29,Varón,0,0,57.98552512050548,0
2018,Tierra del Fuego,30 a 39,Mujer,0,0,43.00255580888662,0
2018,Tierra del Fuego,30 a 39,Varón,0,0,48.31021760118011,0
2018,Tierra del Fuego,40 a 49,Mujer,0,0,33.73444144969978,0
2018,Tierra del Fuego,40 a 49,Varón,1,0.33,38.79985592938144,12.803952456695875
2018,Tierra del Fuego,50 a 59,Mujer,2,0.67,24.912328939637863,16.69126038955737
2018,Tierra del Fuego,50 a 59,Varón,8,2.67,29.629262971095834,79.11013213282587
2018,Tierra del Fuego,60 a 69,Mujer,9,3,17.132067211169673,51.39620163350902
2018,Tierra del Fuego,60 a 69,Varón,25,8.33,21.107751084002853,175.82756652974376
2018,Tierra del Fuego,70 a 79,Mujer,10,3.33,10.831570240779218,36.0691289017948
2018,Tierra del Fuego,70 a 79,Varón,12,4,13.564680967142696,54.25872386857078
2018,Tierra del Fuego,80+,Mujer,6,2,5.992080760900239,11.984161521800479
2018,Tierra del Fuego,80+,Varón,9,3,7.2709457701241185,21.812837310372355
2018,Tucumán,20 a 29,Mujer,5,1.67,52.3461872453209,87.4181326996859
2018,Tucumán,20 a 29,Varón,4,1.33,57.98552512050548,77.12074841027228
2018,Tucumán,30 a 39,Mujer,6,2,43.00255580888662,86.00511161777324
2018,Tucumán,30 a 39,Varón,11,3.67,48.31021760118011,177.298498596331
2018,Tucumán,40 a 49,Mujer,20,6.67,33.73444144969978,225.00872446949754
2018,Tucumán,40 a 49,Varón,24,8,38.79985592938144,310.3988474350515
2018,Tucumán,50 a 59,Mujer,47,15.67,24.912328939637863,390.37619448412534
2018,Tucumán,50 a 59,Varón,70,23.33,29.629262971095834,691.2507051156657
2018,Tucumán,60 a 69,Mujer,140,46.67,17.132067211169673,799.5535767452886
2018,Tucumán,60 a 69,Varón,168,56,21.107751084002853,1182.0340607041599
2018,Tucumán,70 a 79,Mujer,148,49.33,10.831570240779218,534.3213599776388
2018,Tucumán,70 a 79,Varón,183,61,13.564680967142696,827.4455389957044
2018,Tucumán,80+,Mujer,151,50.33,5.992080760900239,301.581424696109
2018,Tucumán,80+,Varón,120,40,7.2709457701241185,290.8378308049647
