grupo_edad,sexo,ceguera_n,ceguera_pct,dialisis_transplante_n,dialisis_transplante_pct,neuropatia_periferica_n,neuropatia_periferica_pct,nefropatia_n,nefropatia_pct,hipo_ta_ortostatica_n,hipo_ta_ortostatica_pct,disfuncion_erectil_n,disfuncion_erectil_pct,iam_n,iam_pct,acv_n,acv_pct,claudicacion_miembros_inferiores_n,claudicacion_miembros_inferiores_pct,revascularizacion_n,revascularizacion_pct,hvi_n,hvi_pct,ic_n,ic_pct,ait_n,ait_pct,amputacion_n,amputacion_pct,crm_n,crm_pct,stent_n,stent_pct,ojos_retinopatia_no_proliferativa_n,ojos_retinopatia_no_proliferativa_pct,ojos_retinopatia_proliferativa_n,ojos_retinopatia_proliferativa_pct
30-34,Femenino,0,0,0,0,0,0,0,0,0,0,0,0,0,0,0,0,0,0,0,0,0,0,0,0,0,0,0,0,0,0,0,0,0,0,0,0
30-34,Masculino,0,0,0,0,0,0,0,0,0,0,0,0,0,0,0,0,0,0,0,0,0,0,0,0,0,0,0,0,0,0,0,0,0,0,0,0
35-39,Femenino,0,0,0,0,0,0,0,0,0,0,0,0,1,6.66666666666667,0,0,1,6.66666666666667,0,0,1,6.66666666666667,0,0,0,0,0,0,0,0,0,0,0,0,0,0
35-39,Masculino,0,0,1,5,2,10,2,10,1,5,0,0,0,0,0,0,1,5,1,5,0,0,0,0,0,0,0,0,0,0,0,0,2,10,0,0
40-44,Femenino,0,0,0,0,1,4.76190476190476,0,0,0,0,0,0,0,0,0,0,0,0,0,0,0,0,0,0,0,0,2,9.52380952380952,0,0,0,0,1,4.76190476190476,0,0
40-44,Masculino,0,0,0,0,3,10.7142857142857,1,3.57142857142857,0,0,0,0,0,0,0,0,1,3.57142857142857,1,3.57142857142857,1,3.57142857142857,0,0,0,0,0,0,0,0,0,0,4,14.2857142857143,1,3.57142857142857
45-49,Femenino,0,0,0,0,6,12.7659574468085,3,6.38297872340426,0,0,0,0,2,4.25531914893617,0,0,1,2.12765957446809,0,0,1,2.12765957446809,0,0,0,0,4,8.51063829787234,0,0,0,0,3,6.38297872340426,4,8.51063829787234
45-49,Masculino,0,0,0,0,9,13.6363636363636,2,3.03030303030303,0,0,0,0,0,0,0,0,1,1.51515151515152,1,1.51515151515152,0,0,0,0,0,0,0,0,0,0,0,0,7,10.6060606060606,1,1.51515151515152
50-54,Femenino,0,0,2,3.03030303030303,11,16.6666666666667,8,12.1212121212121,1,1.51515151515152,3,4.54545454545455,4,6.06060606060606,1,1.51515151515152,3,4.54545454545455,1,1.51515151515152,1,1.51515151515152,2,3.03030303030303,1,1.51515151515152,4,6.06060606060606,0,0,1,1.51515151515152,7,10.6060606060606,2,3.03030303030303
50-54,Masculino,1,1,2,2,12,12,6,6,0,0,0,0,3,3,1,1,5,5,2,2,4,4,1,1,2,2,1,1,0,0,0,0,15,15,8,8
55-59,Femenino,1,1.11111111111111,4,4.44444444444444,12,13.3333333333333,10,11.1111111111111,0,0,7,7.77777777777778,6,6.66666666666667,2,2.22222222222222,2,2.22222222222222,0,0,10,11.1111111111111,3,3.33333333333333,0,0,6,6.66666666666667,1,1.11111111111111,2,2.22222222222222,14,15.5555555555556,5,5.55555555555556
55-59,Masculino,2,1.70940170940171,0,0,29,24.7863247863248,7,5.98290598290598,2,1.70940170940171,0,0,1,0.854700854700855,1,0.854700854700855,5,4.27350427350427,4,3.41880341880342,2,1.70940170940171,5,4.27350427350427,0,0,1,0.854700854700855,0,0,0,0,10,8.54700854700855,8,6.83760683760684
60-64,Femenino,1,1.0989010989011,3,3.2967032967033,16,17.5824175824176,9,9.89010989010989,0,0,9,9.89010989010989,7,7.69230769230769,4,4.3956043956044,6,6.59340659340659,3,3.2967032967033,7,7.69230769230769,4,4.3956043956044,1,1.0989010989011,7,7.69230769230769,3,3.2967032967033,2,2.1978021978022,18,19.7802197802198,8,8.79120879120879
60-64,Masculino,2,1.16959064327485,2,1.16959064327485,33,19.2982456140351,14,8.18713450292398,3,1.75438596491228,0,0,0,0,5,2.92397660818713,6,3.50877192982456,5,2.92397660818713,6,3.50877192982456,3,1.75438596491228,2,1.16959064327485,0,0,0,0,1,0.584795321637427,27,15.7894736842105,17,9.94152046783626
65-69,Femenino,0,0,3,3.33333333333333,28,31.1111111111111,9,10,2,2.22222222222222,8,8.88888888888889,9,10,4,4.44444444444444,8,8.88888888888889,2,2.22222222222222,6,6.66666666666667,4,4.44444444444444,2,2.22222222222222,8,8.88888888888889,1,1.11111111111111,5,5.55555555555556,15,16.6666666666667,5,5.55555555555556
65-69,Masculino,1,1.06382978723404,6,6.38297872340426,31,32.9787234042553,9,9.57446808510638,0,0,0,0,3,3.19148936170213,1,1.06382978723404,6,6.38297872340426,4,4.25531914893617,5,5.31914893617021,2,2.12765957446809,2,2.12765957446809,1,1.06382978723404,0,0,0,0,23,24.468085106383,6,6.38297872340426
70-74,Femenino,3,6.25,3,6.25,17,35.4166666666667,11,22.9166666666667,1,2.08333333333333,7,14.5833333333333,7,14.5833333333333,1,2.08333333333333,9,18.75,1,2.08333333333333,1,2.08333333333333,1,2.08333333333333,1,2.08333333333333,2,4.16666666666667,4,8.33333333333333,0,0,12,25,8,16.6666666666667
70-74,Masculino,0,0,1,1.5625,30,46.875,9,14.0625,1,1.5625,0,0,2,3.125,3,4.6875,4,6.25,4,6.25,2,3.125,2,3.125,1,1.5625,0,0,0,0,1,1.5625,14,21.875,8,12.5
75-79,Femenino,1,3.33333333333333,1,3.33333333333333,7,23.3333333333333,8,26.6666666666667,0,0,4,13.3333333333333,6,20,1,3.33333333333333,4,13.3333333333333,1,3.33333333333333,1,3.33333333333333,3,10,0,0,2,6.66666666666667,5,16.6666666666667,4,13.3333333333333,3,10,3,10
75-79,Masculino,0,0,0,0,13,37.1428571428572,6,17.1428571428571,0,0,0,0,1,2.85714285714286,3,8.57142857142857,3,8.57142857142857,0,0,0,0,0,0,0,0,0,0,0,0,0,0,3,8.57142857142857,2,5.71428571428571
80+,Femenino,1,5,1,5,9,45,8,40,0,0,7,35,1,5,4,20,5,25,0,0,3,15,2,10,0,0,2,10,0,0,1,5,2,10,3,15
80+,Masculino,0,0,0,0,7,26.9230769230769,3,11.5384615384615,2,7.69230769230769,0,0,2,7.69230769230769,0,0,4,15.3846153846154,2,7.69230769230769,2,7.69230769230769,0,0,1,3.84615384615385,2,7.69230769230769,1,3.84615384615385,1,3.84615384615385,3,11.5384615384615,2,7.69230769230769
