anio_enfr,prov_nombre,grupo_edad_10,sexo,prev_dm,prev_dm_cv
2005,Buenos Aires,20 a 29,Varón,0.02177554259587671,0.6167694048610407
2005,Buenos Aires,20 a 29,Mujer,0.021626994709866995,0.370061633663724
2005,Buenos Aires,30 a 39,Varón,0.033781171079067515,0.3471676252710685
2005,Buenos Aires,30 a 39,Mujer,0.07974844598323404,0.2240026113525041
2005,Buenos Aires,40 a 49,Varón,0.05994876956580412,0.36246943953415933
2005,Buenos Aires,40 a 49,Mujer,0.048272681681145055,0.30030918960205855
2005,Buenos Aires,50 a 59,Varón,0.10838428778758535,0.24685654222842773
2005,Buenos Aires,50 a 59,Mujer,0.13207621652485918,0.2216770919043671
2005,Buenos Aires,60 a 69,Varón,0.1923871377587156,0.1972456600360961
2005,Buenos Aires,60 a 69,Mujer,0.20362752795348088,0.18368920320230447
2005,Buenos Aires,70 a 79,Varón,0.1752041464242997,0.2619342900490858
2005,Buenos Aires,70 a 79,Mujer,0.17258698622433963,0.2248118977685325
2005,Buenos Aires,80+,Varón,0.2846459366192598,0.4057900626284033
2005,Buenos Aires,80+,Mujer,0.16187968596978503,0.31451451133620034
2005,CABA,20 a 29,Varón,0.024050292144885663,0.5464736446372445
2005,CABA,20 a 29,Mujer,0.03198865076647351,0.6158868944676115
2005,CABA,30 a 39,Varón,0.03663925091737315,0.4749853890418291
2005,CABA,30 a 39,Mujer,0.03182765809589993,0.5467065314565048
2005,CABA,40 a 49,Varón,0.06577337605592776,0.4065581751879199
2005,CABA,40 a 49,Mujer,0.039679291166060726,0.44642852029405566
2005,CABA,50 a 59,Varón,0.13577253691866872,0.337291161633905
2005,CABA,50 a 59,Mujer,0.0310975906546605,0.43206245712098856
2005,CABA,60 a 69,Varón,0.17923561473938446,0.2588418378394651
2005,CABA,60 a 69,Mujer,0.23805014074132533,0.25019021897704247
2005,CABA,70 a 79,Varón,0.23776215527613295,0.2685137059300094
2005,CABA,70 a 79,Mujer,0.12164366088105326,0.2701060937099527
2005,CABA,80+,Varón,0.27281066666666665,0.34235560611837673
2005,CABA,80+,Mujer,0.10037836043810155,0.4389030042041809
2005,Catamarca,20 a 29,Varón,0.02812245484597327,0.4707414650373937
2005,Catamarca,20 a 29,Mujer,0.04022157996146435,0.5633917770335587
2005,Catamarca,30 a 39,Varón,0.04103790029383933,0.3518826522320597
2005,Catamarca,30 a 39,Mujer,0.07573874993247258,0.28990537027985025
2005,Catamarca,40 a 49,Varón,0.03651776980762961,0.503970632740509
2005,Catamarca,40 a 49,Mujer,0.10279726335844808,0.2989845301755954
2005,Catamarca,50 a 59,Varón,0.1809065793512739,0.29934768949523627
2005,Catamarca,50 a 59,Mujer,0.15369165260705392,0.24562081094083135
2005,Catamarca,60 a 69,Varón,0.16551375063269783,0.3381177183424925
2005,Catamarca,60 a 69,Mujer,0.2951636804526472,0.22724964512737142
2005,Catamarca,70 a 79,Varón,0.11770491803278689,0.4525948064645705
2005,Catamarca,70 a 79,Mujer,0.2959099643151249,0.2767156689542734
2005,Catamarca,80+,Varón,0.03908045977011494,1.0225389570944936
2005,Catamarca,80+,Mujer,0.010625737898465172,1.018550038157415
2005,Chaco,20 a 29,Varón,0.0330844361478716,0.40417815156834247
2005,Chaco,20 a 29,Mujer,0.052459859528439866,0.35257927896384783
2005,Chaco,30 a 39,Varón,0.027925319716415528,0.5131182023043963
2005,Chaco,30 a 39,Mujer,0.11606337215402371,0.2379474358450331
2005,Chaco,40 a 49,Varón,0.04898031655844156,0.3647450947150007
2005,Chaco,40 a 49,Mujer,0.09251821745508766,0.23055561949818357
2005,Chaco,50 a 59,Varón,0.11988999947115131,0.30627093079340145
2005,Chaco,50 a 59,Mujer,0.15363698164513936,0.28672857587956635
2005,Chaco,60 a 69,Varón,0.1568258079708012,0.3119229336311723
2005,Chaco,60 a 69,Mujer,0.14758120433089764,0.2736754191722398
2005,Chaco,70 a 79,Varón,0.18834602368866327,0.3507420014378801
2005,Chaco,70 a 79,Mujer,0.2522685115556224,0.23788025406876956
2005,Chaco,80+,Varón,0.06568778979907264,0.7501842230729177
2005,Chaco,80+,Mujer,0.20005083884087443,0.46089346096987943
2005,Chubut,20 a 29,Varón,0.024120603015075376,0.5852726157067167
2005,Chubut,20 a 29,Mujer,0.04252023390001162,0.37407263624817566
2005,Chubut,30 a 39,Varón,0.03316050982933679,0.3739654670503939
2005,Chubut,30 a 39,Mujer,0.09345938764791299,0.285901610898397
2005,Chubut,40 a 49,Varón,0.09240908444360153,0.3080015964821915
2005,Chubut,40 a 49,Mujer,0.11921531799446966,0.2330185816531735
2005,Chubut,50 a 59,Varón,0.17090766735641183,0.24352541677581166
2005,Chubut,50 a 59,Mujer,0.11575698049670267,0.23734203616876542
2005,Chubut,60 a 69,Varón,0.10201037152802443,0.30761249568294374
2005,Chubut,60 a 69,Mujer,0.15292475014697238,0.303732690356412
2005,Chubut,70 a 79,Varón,0.26562874251497004,0.29469649368132655
2005,Chubut,70 a 79,Mujer,0.24872727272727274,0.2261999155609562
2005,Chubut,80+,Varón,0.1938534278959811,1.058951425931156
2005,Chubut,80+,Mujer,0.3103734439834025,0.39175136231763275
2005,Córdoba,20 a 29,Varón,0.020008907694020712,0.7770839994820788
2005,Córdoba,20 a 29,Mujer,0.05364305190665033,0.44840461589763636
2005,Córdoba,30 a 39,Varón,0.0975463648800706,0.4957412959891323
2005,Córdoba,30 a 39,Mujer,0.06177230291332069,0.324988570325861
2005,Córdoba,40 a 49,Varón,0.08899907344802545,0.3966408472538124
2005,Córdoba,40 a 49,Mujer,0.07213417466269414,0.4721013635405136
2005,Córdoba,50 a 59,Varón,0.1374579524841056,0.3334746053285698
2005,Córdoba,50 a 59,Mujer,0.1387798097660097,0.3109008941934123
2005,Córdoba,60 a 69,Varón,0.25674648588676213,0.24602944055468304
2005,Córdoba,60 a 69,Mujer,0.2422894762184072,0.24971646372973913
2005,Córdoba,70 a 79,Varón,0.16686799683425668,0.3479945712914627
2005,Córdoba,70 a 79,Mujer,0.21000679559092847,0.22410966458326614
2005,Córdoba,80+,Varón,0.08179742747369007,0.6456659529572681
2005,Córdoba,80+,Mujer,0.09459160333505497,0.5066909847299993
2005,Corrientes,20 a 29,Varón,0.01708353485801147,0.629274031766289
2005,Corrientes,20 a 29,Mujer,0.08136440010111073,0.34640834351718447
2005,Corrientes,30 a 39,Varón,0.015656304864194982,0.6380751724514687
2005,Corrientes,30 a 39,Mujer,0.04030933740691235,0.3957517703639357
2005,Corrientes,40 a 49,Varón,0.051746577125305844,0.3895605775008832
2005,Corrientes,40 a 49,Mujer,0.05859300585113621,0.31404130977196415
2005,Corrientes,50 a 59,Varón,0.18576977618842097,0.27206268366831704
2005,Corrientes,50 a 59,Mujer,0.12718277844631634,0.2743075773069887
2005,Corrientes,60 a 69,Varón,0.16699495260371783,0.34759907307391946
2005,Corrientes,60 a 69,Mujer,0.21715713731741995,0.2266107940473091
2005,Corrientes,70 a 79,Varón,0.312018779342723,0.29063622030638864
2005,Corrientes,70 a 79,Mujer,0.15098314606741572,0.38624345946805444
2005,Corrientes,80+,Varón,0.19698239731768652,0.5977132035583782
2005,Corrientes,80+,Mujer,0,NA
2005,Entre Ríos,20 a 29,Varón,0.007663395003519584,0.7123722081288388
2005,Entre Ríos,20 a 29,Mujer,0.0402971579384668,0.4588072327539619
2005,Entre Ríos,30 a 39,Varón,0.020598816293373564,0.6208038928798805
2005,Entre Ríos,30 a 39,Mujer,0.057960759086523,0.36069482534558645
2005,Entre Ríos,40 a 49,Varón,0.03307427834682329,0.4291814174921676
2005,Entre Ríos,40 a 49,Mujer,0.03589642997253825,0.47109885408748475
2005,Entre Ríos,50 a 59,Varón,0.168293465742821,0.27298649070969094
2005,Entre Ríos,50 a 59,Mujer,0.13198043500884588,0.29371366679464717
2005,Entre Ríos,60 a 69,Varón,0.12698561601000627,0.33569421443988634
2005,Entre Ríos,60 a 69,Mujer,0.13053167780961478,0.2767535752403583
2005,Entre Ríos,70 a 79,Varón,0.18757704696385255,0.3416929353774994
2005,Entre Ríos,70 a 79,Mujer,0.2735138543454654,0.28927965476355844
2005,Entre Ríos,80+,Varón,0.2049134561697376,0.6975027742573533
2005,Entre Ríos,80+,Mujer,0.12860226659471127,0.4606340095304048
2005,Formosa,20 a 29,Varón,0.009179069646839184,0.7107349046033872
2005,Formosa,20 a 29,Mujer,0.047469712474829166,0.29134479910891875
2005,Formosa,30 a 39,Varón,0.04172946901511563,0.3421680114826919
2005,Formosa,30 a 39,Mujer,0.029972430090586845,0.3497721929992296
2005,Formosa,40 a 49,Varón,0.11166658417066773,0.31407825379225857
2005,Formosa,40 a 49,Mujer,0.10183547103051747,0.2631024381692546
2005,Formosa,50 a 59,Varón,0.08501201256699316,0.31138598959396835
2005,Formosa,50 a 59,Mujer,0.2047719298245614,0.3393461013121672
2005,Formosa,60 a 69,Varón,0.10640025990903183,0.4316079709646732
2005,Formosa,60 a 69,Mujer,0.33117740232312565,0.2746851433804945
2005,Formosa,70 a 79,Varón,0.0364963503649635,0.6866450855913997
2005,Formosa,70 a 79,Mujer,0.2310600945307225,0.4861827823347773
2005,Formosa,80+,Varón,0.0367063492063492,0.7488760272453078
2005,Formosa,80+,Mujer,0.139186295503212,0.4862357337540912
2005,Jujuy,20 a 29,Varón,0,NA
2005,Jujuy,20 a 29,Mujer,0.015091505053264136,0.6299450856506165
2005,Jujuy,30 a 39,Varón,0.016353413654618475,0.5738342682468905
2005,Jujuy,30 a 39,Mujer,0.02338863794301598,0.41063747008028745
2005,Jujuy,40 a 49,Varón,0.03304913421815944,0.5065977485393935
2005,Jujuy,40 a 49,Mujer,0.05653028408075755,0.3224615958357852
2005,Jujuy,50 a 59,Varón,0.10211066742726754,0.37035731339615147
2005,Jujuy,50 a 59,Mujer,0.04424351490146161,0.41204192406697077
2005,Jujuy,60 a 69,Varón,0.17657921548650024,0.2715450916184189
2005,Jujuy,60 a 69,Mujer,0.09960125562059896,0.33637482850756506
2005,Jujuy,70 a 79,Varón,0.0655280585569885,0.5733212049700862
2005,Jujuy,70 a 79,Mujer,0.06757167460237058,0.41439518287568816
2005,Jujuy,80+,Varón,0.09118023008095441,0.7089553307884692
2005,Jujuy,80+,Mujer,0.09993084370677732,0.5135477865868789
2005,La Pampa,20 a 29,Varón,0.003865192920594019,1.002179724009401
2005,La Pampa,20 a 29,Mujer,0.04633078481343527,0.37885774692958835
2005,La Pampa,30 a 39,Varón,0.012009409434195865,0.7194485066863159
2005,La Pampa,30 a 39,Mujer,0.10349388294941034,0.3173510568467354
2005,La Pampa,40 a 49,Varón,0.008933505249585558,0.9976326197502916
2005,La Pampa,40 a 49,Mujer,0.09638039952193957,0.2803103273529567
2005,La Pampa,50 a 59,Varón,0.1298612468243111,0.3325999952126847
2005,La Pampa,50 a 59,Mujer,0.0949918605764627,0.314902150118926
2005,La Pampa,60 a 69,Varón,0.15342785006797435,0.3818455076541129
2005,La Pampa,60 a 69,Mujer,0.1473874962247055,0.36926403685778014
2005,La Pampa,70 a 79,Varón,0.24180327868852458,0.30904391765356815
2005,La Pampa,70 a 79,Mujer,0.12276739889139807,0.3446004043343603
2005,La Pampa,80+,Varón,0.10178571428571428,0.7467593388340585
2005,La Pampa,80+,Mujer,0.06137903547229972,0.6591448634669376
2005,La Rioja,20 a 29,Varón,0.02454572834052806,0.4551519737992608
2005,La Rioja,20 a 29,Mujer,0.05476015398589904,0.3271362556473184
2005,La Rioja,30 a 39,Varón,0.010719669476857797,0.628735633133017
2005,La Rioja,30 a 39,Mujer,0.08022906705215167,0.26944480887601524
2005,La Rioja,40 a 49,Varón,0.09063144231503398,0.3021317440791025
2005,La Rioja,40 a 49,Mujer,0.13577166029790222,0.2310294080267653
2005,La Rioja,50 a 59,Varón,0.1294196771714066,0.2994987380475907
2005,La Rioja,50 a 59,Mujer,0.24580951458192035,0.19404949432665702
2005,La Rioja,60 a 69,Varón,0.13267678840103952,0.3384715119518612
2005,La Rioja,60 a 69,Mujer,0.1692191053828658,0.2983976485551401
2005,La Rioja,70 a 79,Varón,0.48776223776223776,0.22379396747964864
2005,La Rioja,70 a 79,Mujer,0.32373271889400923,0.2611358332527461
2005,La Rioja,80+,Varón,0.02214765100671141,1.0289423140367782
2005,La Rioja,80+,Mujer,0.21005677210056772,0.5877704589060309
2005,Mendoza,20 a 29,Varón,0.03272348945859998,0.5669611275819545
2005,Mendoza,20 a 29,Mujer,0.020613732957277843,0.5718112056425698
2005,Mendoza,30 a 39,Varón,0.006482876890297771,0.7147177104055328
2005,Mendoza,30 a 39,Mujer,0.006113694676074407,0.9977293328220375
2005,Mendoza,40 a 49,Varón,0.040985545152269785,0.4351531947642688
2005,Mendoza,40 a 49,Mujer,0.08267541195999838,0.2604057721137177
2005,Mendoza,50 a 59,Varón,0.1361523831314619,0.29989024003956455
2005,Mendoza,50 a 59,Mujer,0.09273299707649307,0.3308467855922574
2005,Mendoza,60 a 69,Varón,0.10425518812734774,0.35639927013998507
2005,Mendoza,60 a 69,Mujer,0.13808998897685137,0.2844104944066335
2005,Mendoza,70 a 79,Varón,0.21732341324515478,0.30285533021831157
2005,Mendoza,70 a 79,Mujer,0.1004087597908246,0.30832270714401117
2005,Mendoza,80+,Varón,0.3316490137012924,0.31926116512984143
2005,Mendoza,80+,Mujer,0.20206884251828072,0.36801652929643686
2005,Misiones,20 a 29,Varón,0.022423522423522423,0.51318190348086
2005,Misiones,20 a 29,Mujer,0.02448210922787194,0.5187721313609062
2005,Misiones,30 a 39,Varón,0.029655342061387924,0.4540216193852448
2005,Misiones,30 a 39,Mujer,0.07414115447534471,0.2844449984699339
2005,Misiones,40 a 49,Varón,0.0661340800527096,0.3724571788595189
2005,Misiones,40 a 49,Mujer,0.062154573666321856,0.4049441276411443
2005,Misiones,50 a 59,Varón,0.10483207676490747,0.2971483739460819
2005,Misiones,50 a 59,Mujer,0.14299461809887015,0.321266036481049
2005,Misiones,60 a 69,Varón,0.19464055264556288,0.27601195093587066
2005,Misiones,60 a 69,Mujer,0.25173108088199186,0.23854456204233182
2005,Misiones,70 a 79,Varón,0.15100818234950322,0.3651119945334109
2005,Misiones,70 a 79,Mujer,0.09826215566648179,0.45347619633830527
2005,Misiones,80+,Varón,0.17479970866715222,0.49584219852084815
2005,Misiones,80+,Mujer,0.1307145275990518,0.6194255858551337
2005,Neuquén,20 a 29,Varón,0.05217052064122571,0.4481845908492478
2005,Neuquén,20 a 29,Mujer,0.055607367684775005,0.3341015832607118
2005,Neuquén,30 a 39,Varón,0.07105128642017379,0.3384798285352694
2005,Neuquén,30 a 39,Mujer,0.10693578975887294,0.21994052460834032
2005,Neuquén,40 a 49,Varón,0.03781927654169998,0.5225033335670728
2005,Neuquén,40 a 49,Mujer,0.07211249549296903,0.3242830034411701
2005,Neuquén,50 a 59,Varón,0.154939293598234,0.2645484949988161
2005,Neuquén,50 a 59,Mujer,0.13375240090797974,0.2945041160626746
2005,Neuquén,60 a 69,Varón,0.2156185956207529,0.2788233860063039
2005,Neuquén,60 a 69,Mujer,0.19359553547701303,0.306060848602194
2005,Neuquén,70 a 79,Varón,0.17445928753180662,0.35077804416816305
2005,Neuquén,70 a 79,Mujer,0.17475167475167475,0.3172538418114942
2005,Neuquén,80+,Varón,0,NA
2005,Neuquén,80+,Mujer,0.2185362517099863,0.39993881383823954
2005,Río Negro,20 a 29,Varón,0.03352576173864724,0.4418053330142304
2005,Río Negro,20 a 29,Mujer,0.04733706829302886,0.33462887895827187
2005,Río Negro,30 a 39,Varón,0.019245198079231692,0.7354509926376318
2005,Río Negro,30 a 39,Mujer,0.0664230332362092,0.30129865032451236
2005,Río Negro,40 a 49,Varón,0.0655931717113757,0.42485679708375335
2005,Río Negro,40 a 49,Mujer,0.1288093398574985,0.2501952519936421
2005,Río Negro,50 a 59,Varón,0.08028676840516519,0.3782399510930053
2005,Río Negro,50 a 59,Mujer,0.17799800261196896,0.19594679547535246
2005,Río Negro,60 a 69,Varón,0.2620367486764248,0.2679337981223355
2005,Río Negro,60 a 69,Mujer,0.16463376098085067,0.3139173374031853
2005,Río Negro,70 a 79,Varón,0.23571147024044145,0.28811857511685024
2005,Río Negro,70 a 79,Mujer,0.3172531214528944,0.21866785877859432
2005,Río Negro,80+,Varón,0.23589878755930416,0.769656983851804
2005,Río Negro,80+,Mujer,0.1395606833814067,0.48727638675989127
2005,Salta,20 a 29,Varón,0.006751043703429689,0.89460494684519265
2005,Salta,20 a 29,Mujer,0.024410230941147255,0.5195112422868061
2005,Salta,30 a 39,Varón,0.017418191187838186,0.47365209078016923
2005,Salta,30 a 39,Mujer,0.03177195456907431,0.493239700125607
2005,Salta,40 a 49,Varón,0.045404580837651705,0.41200077704983007
2005,Salta,40 a 49,Mujer,0.048585157501334755,0.3669301112055886
2005,Salta,50 a 59,Varón,0.02865237611589245,0.5788857993993541
2005,Salta,50 a 59,Mujer,0.10264790746367745,0.26848709662182746
2005,Salta,60 a 69,Varón,0.11706095185082104,0.40890474628101686
2005,Salta,60 a 69,Mujer,0.0812696198116498,0.31869312645973463
2005,Salta,70 a 79,Varón,0.12403506476514457,0.48440810891593133
2005,Salta,70 a 79,Mujer,0.13553333834473427,0.3064162308527015
2005,Salta,80+,Varón,0.09746109746109746,0.6317314399378002
2005,Salta,80+,Mujer,0.13171201541054658,0.46870839247284796
2005,San Juan,20 a 29,Varón,0.03134661628306424,0.4230295233709057
2005,San Juan,20 a 29,Mujer,0.05328045959480414,0.35883064603510956
2005,San Juan,30 a 39,Varón,0.03791800755561774,0.5038897056471089
2005,San Juan,30 a 39,Mujer,0.09673717371737174,0.26655220714888295
2005,San Juan,40 a 49,Varón,0.038231966605547535,0.41673022732280834
2005,San Juan,40 a 49,Mujer,0.08004308458716214,0.286934626233664
2005,San Juan,50 a 59,Varón,0.07211274240401978,0.4404258525630689
2005,San Juan,50 a 59,Mujer,0.14303638644918443,0.24478408911351415
2005,San Juan,60 a 69,Varón,0.17050355342282694,0.29114040989137546
2005,San Juan,60 a 69,Mujer,0.17982526665594684,0.24961196789799628
2005,San Juan,70 a 79,Varón,0.3320652717989789,0.264338220797002
2005,San Juan,70 a 79,Mujer,0.2556189925561899,0.23297027805334342
2005,San Juan,80+,Varón,0.32171645329540066,0.4040345578975993
2005,San Juan,80+,Mujer,0.09296028880866426,0.7036250282881334
2005,San Luis,20 a 29,Varón,0.019794456104798436,0.6554516647071705
2005,San Luis,20 a 29,Mujer,0.051298553797228745,0.29287173196243554
2005,San Luis,30 a 39,Varón,0.052046707470590786,0.37425135905743145
2005,San Luis,30 a 39,Mujer,0.15505783903519568,0.20466096884768437
2005,San Luis,40 a 49,Varón,0.0778233960414241,0.3734478894060977
2005,San Luis,40 a 49,Mujer,0.12259303472258265,0.2202590517495082
2005,San Luis,50 a 59,Varón,0.13306298314535547,0.2887963393821236
2005,San Luis,50 a 59,Mujer,0.15362893237552638,0.21648944453905522
2005,San Luis,60 a 69,Varón,0.2218219846618638,0.3275077245609743
2005,San Luis,60 a 69,Mujer,0.09365652398143373,0.3312361440688401
2005,San Luis,70 a 79,Varón,0.12035973976272483,0.38848282412040347
2005,San Luis,70 a 79,Mujer,0.10217583063804764,0.3428783233706817
2005,San Luis,80+,Varón,0,NA
2005,San Luis,80+,Mujer,0.212186823383854,0.37536317519183665
2005,Santa Cruz,20 a 29,Varón,0.014107308048103609,0.9912657405753447
2005,Santa Cruz,20 a 29,Mujer,0.012698412698412698,0.48330029126688107
2005,Santa Cruz,30 a 39,Varón,0.027336785805246625,0.5766788605333699
2005,Santa Cruz,30 a 39,Mujer,0.06253304131107923,0.3779005278918691
2005,Santa Cruz,40 a 49,Varón,0.10053922421290659,0.31436254035143724
2005,Santa Cruz,40 a 49,Mujer,0.14623968947113053,0.23970950367862695
2005,Santa Cruz,50 a 59,Varón,0.15218493359018553,0.2658894642870543
2005,Santa Cruz,50 a 59,Mujer,0.16188980499934563,0.2568475882208226
2005,Santa Cruz,60 a 69,Varón,0.14370811615785556,0.32072066727076404
2005,Santa Cruz,60 a 69,Mujer,0.1745338484797581,0.2755199047182107
2005,Santa Cruz,70 a 79,Varón,0.15431560592850915,0.48559861373977287
2005,Santa Cruz,70 a 79,Mujer,0.14603070891865405,0.3721946264479404
2005,Santa Cruz,80+,Varón,0,NA
2005,Santa Cruz,80+,Mujer,0.14774774774774774,0.6062542794548323
2005,Santa Fe,20 a 29,Varón,0.029912899568527784,0.47730003728338766
2005,Santa Fe,20 a 29,Mujer,0.05086675640598841,0.3981834116168369
2005,Santa Fe,30 a 39,Varón,0.040922410962901716,0.5166293621965369
2005,Santa Fe,30 a 39,Mujer,0.0346783126719208,0.44776587111759825
2005,Santa Fe,40 a 49,Varón,0.04800944944199416,0.3603516673969617
2005,Santa Fe,40 a 49,Mujer,0.04643038568246649,0.3390487838282654
2005,Santa Fe,50 a 59,Varón,0.21913733267228558,0.24793940002085882
2005,Santa Fe,50 a 59,Mujer,0.1395969704973267,0.25102685618114723
2005,Santa Fe,60 a 69,Varón,0.2971608970647674,0.23026965967049157
2005,Santa Fe,60 a 69,Mujer,0.17891592939562587,0.2236878207673278
2005,Santa Fe,70 a 79,Varón,0.11851280517558911,0.47442701897613365
2005,Santa Fe,70 a 79,Mujer,0.06805150284653212,0.3393087313562558
2005,Santa Fe,80+,Varón,0.10988388558482017,0.519940744248266
2005,Santa Fe,80+,Mujer,0.0598672036573419,0.4934118057306138
2005,Santiago del Estero,20 a 29,Varón,0.02611499458501526,0.5134045204306715
2005,Santiago del Estero,20 a 29,Mujer,0.032615973218555715,0.38605865551167345
2005,Santiago del Estero,30 a 39,Varón,0.0674900749889722,0.30311828084674014
2005,Santiago del Estero,30 a 39,Mujer,0.05949955171570625,0.26956569165017435
2005,Santiago del Estero,40 a 49,Varón,0.08005772663400555,0.32520621009777007
2005,Santiago del Estero,40 a 49,Mujer,0.11653524586916035,0.23523804727720463
2005,Santiago del Estero,50 a 59,Varón,0.17986305776388953,0.2262218205223556
2005,Santiago del Estero,50 a 59,Mujer,0.15163600846491943,0.24959055891724352
2005,Santiago del Estero,60 a 69,Varón,0.3013837854741615,0.2180314842440845
2005,Santiago del Estero,60 a 69,Mujer,0.14853372434017595,0.3557025614283442
2005,Santiago del Estero,70 a 79,Varón,0.33070734160241366,0.24122772713484505
2005,Santiago del Estero,70 a 79,Mujer,0.1214312546957175,0.27974710092888666
2005,Santiago del Estero,80+,Varón,0.0884070058381985,0.6282285857496998
2005,Santiago del Estero,80+,Mujer,0.07581093605189991,0.5508346455192118
2005,Tierra del Fuego,20 a 29,Varón,0.020737629610185063,0.7374547213491547
2005,Tierra del Fuego,20 a 29,Mujer,0.06516482117856688,0.3769821399558307
2005,Tierra del Fuego,30 a 39,Varón,0.05054389627513461,0.3859753539790057
2005,Tierra del Fuego,30 a 39,Mujer,0.15606351775058158,0.20560141354498018
2005,Tierra del Fuego,40 a 49,Varón,0.07280334728033473,0.36339015026629984
2005,Tierra del Fuego,40 a 49,Mujer,0.11455223880597015,0.23335377711529945
2005,Tierra del Fuego,50 a 59,Varón,0.07464635473340588,0.39546854504377915
2005,Tierra del Fuego,50 a 59,Mujer,0.18928733545165682,0.25495232342752605
2005,Tierra del Fuego,60 a 69,Varón,0.250402576489533,0.3745209105673276
2005,Tierra del Fuego,60 a 69,Mujer,0.17857142857142855,0.37727291910872446
2005,Tierra del Fuego,70 a 79,Varón,0.23769338959212377,0.46606581246929224
2005,Tierra del Fuego,70 a 79,Mujer,0.16367265469061876,0.5951651846763875
2005,Tierra del Fuego,80+,Varón,0.25125628140703515,0.9244982244289189
2005,Tierra del Fuego,80+,Mujer,0.06995884773662552,1.058514855542766
2005,Tucumán,20 a 29,Varón,0,NA
2005,Tucumán,20 a 29,Mujer,0.014195955433924747,0.4625870697709002
2005,Tucumán,30 a 39,Varón,0.005038268376040948,1.0002402287277679
2005,Tucumán,30 a 39,Mujer,0.0994723322408797,0.2582314050496407
2005,Tucumán,40 a 49,Varón,0.04753233588015544,0.43609918090777466
2005,Tucumán,40 a 49,Mujer,0.051833511051670854,0.36539843918695386
2005,Tucumán,50 a 59,Varón,0.05988963614416279,0.36764546217930133
2005,Tucumán,50 a 59,Mujer,0.1551348208445381,0.23017964460088627
2005,Tucumán,60 a 69,Varón,0.23328553803061122,0.24174133265417136
2005,Tucumán,60 a 69,Mujer,0.30841549295774645,0.20076775295668958
2005,Tucumán,70 a 79,Varón,0.09906392083444772,0.534395746058313
2005,Tucumán,70 a 79,Mujer,0.10497857171466336,0.4917693948991438
2005,Tucumán,80+,Varón,0.24164791414228837,0.6283673757532052
2005,Tucumán,80+,Mujer,0.13161659513590843,0.5675610220458647
2009,Buenos Aires,20 a 29,Varón,0.024322116665186896,0.3446115797505755
2009,Buenos Aires,20 a 29,Mujer,0.03846568337811273,0.2463200521980518
2009,Buenos Aires,30 a 39,Varón,0.03837159085318187,0.2569955441939797
2009,Buenos Aires,30 a 39,Mujer,0.08942390688266608,0.15748632124261064
2009,Buenos Aires,40 a 49,Varón,0.0518466312912469,0.23866723231085812
2009,Buenos Aires,40 a 49,Mujer,0.09268580705446236,0.1639355584512483
2009,Buenos Aires,50 a 59,Varón,0.12571748334615718,0.1650749259658374
2009,Buenos Aires,50 a 59,Mujer,0.12211769491870177,0.1538614536347937
2009,Buenos Aires,60 a 69,Varón,0.2249750910862135,0.13586148281879487
2009,Buenos Aires,60 a 69,Mujer,0.1947419512820812,0.1181561452693556
2009,Buenos Aires,70 a 79,Varón,0.24207614766949026,0.15179959331767703
2009,Buenos Aires,70 a 79,Mujer,0.21822489634317424,0.12946206611373076
2009,Buenos Aires,80+,Varón,0.17858992507682214,0.2788104752276111
2009,Buenos Aires,80+,Mujer,0.14726118698986915,0.2250912594143952
2009,CABA,20 a 29,Varón,0.01554933508318728,0.9925970645535439
2009,CABA,20 a 29,Mujer,0.02803089857575724,0.5973159141690497
2009,CABA,30 a 39,Varón,0.02531488983825862,0.6160727478191322
2009,CABA,30 a 39,Mujer,0.04202300148611716,0.44002769118907215
2009,CABA,40 a 49,Varón,0.096652854326749,0.4519298848122906
2009,CABA,40 a 49,Mujer,0.06624894565610315,0.4745077488047602
2009,CABA,50 a 59,Varón,0.09583704609221388,0.40651492736899414
2009,CABA,50 a 59,Mujer,0.06123675814864954,0.43074798812010795
2009,CABA,60 a 69,Varón,0.08641797907805494,0.4055603527174207
2009,CABA,60 a 69,Mujer,0.1643967157121933,0.2770298694420908
2009,CABA,70 a 79,Varón,0.2011201688370421,0.3389446301338286
2009,CABA,70 a 79,Mujer,0.10438010923499803,0.3818364686894207
2009,CABA,80+,Varón,0.23174906009763763,0.37976368403211114
2009,CABA,80+,Mujer,0.16961539087550254,0.40057970179913205
2009,Catamarca,20 a 29,Varón,0.02569280343716434,0.6713608216264948
2009,Catamarca,20 a 29,Mujer,0.06593006865820943,0.34022915774877677
2009,Catamarca,30 a 39,Varón,0,NA
2009,Catamarca,30 a 39,Mujer,0.05081660251742432,0.36802881049645175
2009,Catamarca,40 a 49,Varón,0.05856285792200709,0.3642628076914583
2009,Catamarca,40 a 49,Mujer,0.08036097980232058,0.3147714152563279
2009,Catamarca,50 a 59,Varón,0.16540333519508496,0.28528745459870664
2009,Catamarca,50 a 59,Mujer,0.21365384615384617,0.2487210410722435
2009,Catamarca,60 a 69,Varón,0.29623592175459396,0.26502587380336234
2009,Catamarca,60 a 69,Mujer,0.3002864743196235,0.2120117056700649
2009,Catamarca,70 a 79,Varón,0.05827128520556815,0.7441492028374763
2009,Catamarca,70 a 79,Mujer,0.2591739053359334,0.2760610514663505
2009,Catamarca,80+,Varón,0.06339144215530904,0.9799579493668241
2009,Catamarca,80+,Mujer,0.14630225080385853,0.5457152227540403
2009,Chaco,20 a 29,Varón,0.022353209180477247,0.5308098616051647
2009,Chaco,20 a 29,Mujer,0.03266557911908646,0.5476767956133212
2009,Chaco,30 a 39,Varón,0.046396822029812754,0.40958561976789526
2009,Chaco,30 a 39,Mujer,0.06927658839779005,0.37458849636388164
2009,Chaco,40 a 49,Varón,0.06733345240221468,0.357743689476682
2009,Chaco,40 a 49,Mujer,0.09619964581594642,0.3072499785774401
2009,Chaco,50 a 59,Varón,0.05385336313171365,0.44848493573718806
2009,Chaco,50 a 59,Mujer,0.18266966388353673,0.253079361039906
2009,Chaco,60 a 69,Varón,0.2718278894472362,0.2637427372644742
2009,Chaco,60 a 69,Mujer,0.1704719408526854,0.2739040783094145
2009,Chaco,70 a 79,Varón,0.2643461189972818,0.2960145067943115
2009,Chaco,70 a 79,Mujer,0.19248702961844094,0.3074778563776742
2009,Chaco,80+,Varón,0.20907372400756144,0.6742504898302807
2009,Chaco,80+,Mujer,0.14856182662844716,0.563614354806316
2009,Chubut,20 a 29,Varón,0.03989708653428033,0.4500180423735658
2009,Chubut,20 a 29,Mujer,0.07623471548603046,0.4355415073643568
2009,Chubut,30 a 39,Varón,0.07482764419034807,0.3510485959625922
2009,Chubut,30 a 39,Mujer,0.07893126032931383,0.3317034934300126
2009,Chubut,40 a 49,Varón,0.1288417604207078,0.3741582371627868
2009,Chubut,40 a 49,Mujer,0.0959875404729702,0.3346814465443746
2009,Chubut,50 a 59,Varón,0.15458937198067632,0.26901046934569234
2009,Chubut,50 a 59,Mujer,0.18675995694294942,0.2304845258931012
2009,Chubut,60 a 69,Varón,0.18837248893428668,0.2991411849413388
2009,Chubut,60 a 69,Mujer,0.16253196930946293,0.25036379215291343
2009,Chubut,70 a 79,Varón,0.3776347903261593,0.2377147080264043
2009,Chubut,70 a 79,Mujer,0.2058359621451104,0.31311113059475604
2009,Chubut,80+,Varón,0.21890547263681592,0.6590309094373464
2009,Chubut,80+,Mujer,0.15593517301795884,0.5025502703917784
2009,Córdoba,20 a 29,Varón,0.06890883300412287,0.3312962569616313
2009,Córdoba,20 a 29,Mujer,0.05564224254975946,0.3169093292269763
2009,Córdoba,30 a 39,Varón,0.039428154663654263,0.3378291877849379
2009,Córdoba,30 a 39,Mujer,0.07432488782879923,0.2669847769861667
2009,Córdoba,40 a 49,Varón,0.07436190529294506,0.3098840404253246
2009,Córdoba,40 a 49,Mujer,0.1067563013690806,0.23515810724613825
2009,Córdoba,50 a 59,Varón,0.12903705797888565,0.2529311433070936
2009,Córdoba,50 a 59,Mujer,0.09546127960962929,0.23618652213815497
2009,Córdoba,60 a 69,Varón,0.18595223650102036,0.24383361992863786
2009,Córdoba,60 a 69,Mujer,0.16368021001862085,0.18875247487718985
2009,Córdoba,70 a 79,Varón,0.26029731476584994,0.23374177177347497
2009,Córdoba,70 a 79,Mujer,0.1308347651775487,0.22438867374998128
2009,Córdoba,80+,Varón,0.19571524213345237,0.37524165830613027
2009,Córdoba,80+,Mujer,0.2969741833996484,0.21896147066845437
2009,Corrientes,20 a 29,Varón,0.01650110705523308,0.9898038607097536
2009,Corrientes,20 a 29,Mujer,0.021721059113300495,0.5853603481007776
2009,Corrientes,30 a 39,Varón,0.009045117261550127,0.7602276797161531
2009,Corrientes,30 a 39,Mujer,0.058796479822405455,0.3544855767915931
2009,Corrientes,40 a 49,Varón,0.06651312292779227,0.40786047805048187
2009,Corrientes,40 a 49,Mujer,0.1490465796301635,0.41394292684464784
2009,Corrientes,50 a 59,Varón,0.142390641260272,0.36381893042025903
2009,Corrientes,50 a 59,Mujer,0.2460500290866783,0.21513965990138256
2009,Corrientes,60 a 69,Varón,0.15301788007507655,0.4141684722530832
2009,Corrientes,60 a 69,Mujer,0.21462256262751261,0.25581543421676706
2009,Corrientes,70 a 79,Varón,0.2506199504039677,0.34153985480308213
2009,Corrientes,70 a 79,Mujer,0.33522305459944657,0.24530072259197566
2009,Corrientes,80+,Varón,0,NA
2009,Corrientes,80+,Mujer,0.1271981242672919,0.6117732552256118
2009,Entre Ríos,20 a 29,Varón,0.02690468056030065,0.5280972406778734
2009,Entre Ríos,20 a 29,Mujer,0.054195233431276524,0.4298885171730783
2009,Entre Ríos,30 a 39,Varón,0.062250397966877986,0.5590910266925715
2009,Entre Ríos,30 a 39,Mujer,0.07537656771916557,0.3063862182047765
2009,Entre Ríos,40 a 49,Varón,0.03958875759396488,0.5961660307215365
2009,Entre Ríos,40 a 49,Mujer,0.16909944848284061,0.28167368515020474
2009,Entre Ríos,50 a 59,Varón,0.19046125497422225,0.24378472570075538
2009,Entre Ríos,50 a 59,Mujer,0.1453911633563032,0.2576012318768716
2009,Entre Ríos,60 a 69,Varón,0.16899715650924868,0.2954950520012065
2009,Entre Ríos,60 a 69,Mujer,0.11448467223393186,0.3547233411188057
2009,Entre Ríos,70 a 79,Varón,0.2597585828499765,0.3445174326558679
2009,Entre Ríos,70 a 79,Mujer,0.2122459782960327,0.2395852097280789
2009,Entre Ríos,80+,Varón,0.17251408834757315,0.6443060945841173
2009,Entre Ríos,80+,Mujer,0.18001365809241976,0.4048240484138129
2009,Formosa,20 a 29,Varón,0.015578558983294044,0.8418916599399938
2009,Formosa,20 a 29,Mujer,0.04184429723880108,0.4712774561063399
2009,Formosa,30 a 39,Varón,0.030553735255570116,0.509777395844712
2009,Formosa,30 a 39,Mujer,0.06578899909828674,0.28991119178490987
2009,Formosa,40 a 49,Varón,0.10200677893151126,0.37693342762604903
2009,Formosa,40 a 49,Mujer,0.10564581942280585,0.27241199959921175
2009,Formosa,50 a 59,Varón,0.07984087852980726,0.4224012343688059
2009,Formosa,50 a 59,Mujer,0.1369855804652142,0.2888761532933125
2009,Formosa,60 a 69,Varón,0.13886606409202956,0.4800333660042052
2009,Formosa,60 a 69,Mujer,0.3056207035988678,0.20078617022691014
2009,Formosa,70 a 79,Varón,0.11843817787418655,0.5758087992935801
2009,Formosa,70 a 79,Mujer,0.1567431850789096,0.338198813047075
2009,Formosa,80+,Varón,0,NA
2009,Formosa,80+,Mujer,0.045146289478783186,0.7606294940506415
2009,Jujuy,20 a 29,Varón,0.06704727017653248,0.34013251031708064
2009,Jujuy,20 a 29,Mujer,0.03993623283191628,0.39562694137323423
2009,Jujuy,30 a 39,Varón,0.04632460271558016,0.3567991614896531
2009,Jujuy,30 a 39,Mujer,0.055410579713679485,0.33126483099371157
2009,Jujuy,40 a 49,Varón,0.053149672434066854,0.4401048157170017
2009,Jujuy,40 a 49,Mujer,0.07930846883878377,0.3145954735352956
2009,Jujuy,50 a 59,Varón,0.1456367189124018,0.2900103050257091
2009,Jujuy,50 a 59,Mujer,0.2239363846238411,0.23053687075422216
2009,Jujuy,60 a 69,Varón,0.27275657555440946,0.23404939511065392
2009,Jujuy,60 a 69,Mujer,0.13404875341135114,0.3152981913986631
2009,Jujuy,70 a 79,Varón,0.20372046254399195,0.3526689196220851
2009,Jujuy,70 a 79,Mujer,0.3280035730236713,0.22568912823558465
2009,Jujuy,80+,Varón,0.12427672955974842,0.7695524431467299
2009,Jujuy,80+,Mujer,0.17921862011637574,0.49141794846426146
2009,La Pampa,20 a 29,Varón,0.02649485156861564,0.7379151591706292
2009,La Pampa,20 a 29,Mujer,0.03885216830565855,0.40463444211776123
2009,La Pampa,30 a 39,Varón,0.03410730683457956,0.512563467124977
2009,La Pampa,30 a 39,Mujer,0.09322257383966245,0.30554349228969807
2009,La Pampa,40 a 49,Varón,0.027083333333333334,0.5887292055481416
2009,La Pampa,40 a 49,Mujer,0.12810773480662985,0.2938647654777933
2009,La Pampa,50 a 59,Varón,0.0995197061731883,0.3233824591410541
2009,La Pampa,50 a 59,Mujer,0.16823996471107192,0.27315186427376237
2009,La Pampa,60 a 69,Varón,0.2206288506479711,0.2653913986417148
2009,La Pampa,60 a 69,Mujer,0.22722513089005236,0.22263796117824708
2009,La Pampa,70 a 79,Varón,0.24326160815402037,0.3268133412971264
2009,La Pampa,70 a 79,Mujer,0.26677247150483335,0.21497356846258253
2009,La Pampa,80+,Varón,0.2113095238095238,0.622233473958454
2009,La Pampa,80+,Mujer,0.1625996015936255,0.44155544797163376
2009,La Rioja,20 a 29,Varón,0.07710140293377034,0.338935108828976
2009,La Rioja,20 a 29,Mujer,0.08460692479805833,0.30540947525517326
2009,La Rioja,30 a 39,Varón,0.0424597364568082,0.411333762669886
2009,La Rioja,30 a 39,Mujer,0.07546812040767954,0.3585140104248561
2009,La Rioja,40 a 49,Varón,0.13903889534486294,0.26921685675926477
2009,La Rioja,40 a 49,Mujer,0.1128900395149203,0.2915981308250739
2009,La Rioja,50 a 59,Varón,0.19177018633540371,0.2637055717234264
2009,La Rioja,50 a 59,Mujer,0.2652047993380223,0.20732291607899223
2009,La Rioja,60 a 69,Varón,0.23721852428834442,0.27266862612733206
2009,La Rioja,60 a 69,Mujer,0.42456541048090346,0.16449896801531338
2009,La Rioja,70 a 79,Varón,0.36993076162215627,0.3036657734016087
2009,La Rioja,70 a 79,Mujer,0.30043451272501553,0.29234830289186664
2009,La Rioja,80+,Varón,0.09479553903345725,1.0073780120646263
2009,La Rioja,80+,Mujer,0.07363253856942496,0.7000289332607624
2009,Mendoza,20 a 29,Varón,0.02392418315058681,0.7280799389070854
2009,Mendoza,20 a 29,Mujer,0.04646605579375593,0.40259361470803856
2009,Mendoza,30 a 39,Varón,0.07743824059971699,0.37542065692281074
2009,Mendoza,30 a 39,Mujer,0.05089205711887668,0.3692306582091287
2009,Mendoza,40 a 49,Varón,0.09866041527126591,0.3811719522668778
2009,Mendoza,40 a 49,Mujer,0.05416568326646212,0.4088509431294707
2009,Mendoza,50 a 59,Varón,0.12519003344588647,0.35793430233799634
2009,Mendoza,50 a 59,Mujer,0.09752383024435349,0.3576201971718018
2009,Mendoza,60 a 69,Varón,0.20073205784604328,0.2988671654823147
2009,Mendoza,60 a 69,Mujer,0.2266754487073934,0.21497529027523846
2009,Mendoza,70 a 79,Varón,0.14610921406957053,0.35670162530009303
2009,Mendoza,70 a 79,Mujer,0.1996615905245347,0.2555795284423147
2009,Mendoza,80+,Varón,0.22951073893153448,0.5175425988555872
2009,Mendoza,80+,Mujer,0.18272332071238254,0.45937340363032747
2009,Misiones,20 a 29,Varón,0.04647773279352227,0.5677644757783522
2009,Misiones,20 a 29,Mujer,0.05189773004637539,0.34120609895993714
2009,Misiones,30 a 39,Varón,0.046657996191183986,0.42796762573648645
2009,Misiones,30 a 39,Mujer,0.11470936906083586,0.2540202086367902
2009,Misiones,40 a 49,Varón,0.039142078331978386,0.4789918132875381
2009,Misiones,40 a 49,Mujer,0.05804612593936253,0.42986999572658474
2009,Misiones,50 a 59,Varón,0.1305918400258023,0.3190869384597513
2009,Misiones,50 a 59,Mujer,0.1320108511359783,0.3322710586491621
2009,Misiones,60 a 69,Varón,0.13826066682210306,0.49970399420038303
2009,Misiones,60 a 69,Mujer,0.15802085357165988,0.2957704198670298
2009,Misiones,70 a 79,Varón,0.463064584212748,0.2563274431880241
2009,Misiones,70 a 79,Mujer,0.18346295538272617,0.4620253689490242
2009,Misiones,80+,Varón,0,NA
2009,Misiones,80+,Mujer,0.21165458937198067,0.711808255769941
2009,Neuquén,20 a 29,Varón,0.006888696029507486,0.9996353623901492
2009,Neuquén,20 a 29,Mujer,0.03533747436621393,0.4660804697176588
2009,Neuquén,30 a 39,Varón,0.05434931039191588,0.4164275974560536
2009,Neuquén,30 a 39,Mujer,0.07053738088220847,0.30653302413680067
2009,Neuquén,40 a 49,Varón,0.055941585207867156,0.5874838804700946
2009,Neuquén,40 a 49,Mujer,0.044623966147336026,0.4343480586683768
2009,Neuquén,50 a 59,Varón,0.13424051425470634,0.36941971545919244
2009,Neuquén,50 a 59,Mujer,0.12695668426709034,0.3067398395551671
2009,Neuquén,60 a 69,Varón,0.1241161753508104,0.3295713154160684
2009,Neuquén,60 a 69,Mujer,0.12085244132721877,0.3404275747190755
2009,Neuquén,70 a 79,Varón,0.3689501987374328,0.3721238965475587
2009,Neuquén,70 a 79,Mujer,0.24466514561803784,0.31014686406712766
2009,Neuquén,80+,Varón,0,NA
2009,Neuquén,80+,Mujer,0.19089316987740804,0.49957089520513887
2009,Río Negro,20 a 29,Varón,0.026748383410808423,0.6119206044139236
2009,Río Negro,20 a 29,Mujer,0.06522202270444653,0.35659172135940925
2009,Río Negro,30 a 39,Varón,0.04594561414277822,0.38812201251492306
2009,Río Negro,30 a 39,Mujer,0.07400608269172809,0.3058142203881247
2009,Río Negro,40 a 49,Varón,0.14181442983797005,0.2665258378657163
2009,Río Negro,40 a 49,Mujer,0.08042570009033423,0.27313269021042746
2009,Río Negro,50 a 59,Varón,0.13265347091179186,0.2709985574883496
2009,Río Negro,50 a 59,Mujer,0.1202781944633847,0.2911094308413149
2009,Río Negro,60 a 69,Varón,0.16931097008159565,0.31867355697023525
2009,Río Negro,60 a 69,Mujer,0.24719451371571072,0.21340062361214457
2009,Río Negro,70 a 79,Varón,0.31869009584664537,0.2312105301260217
2009,Río Negro,70 a 79,Mujer,0.1629637076505479,0.37753224312266137
2009,Río Negro,80+,Varón,0.29317111459968603,0.3425823243833818
2009,Río Negro,80+,Mujer,0.20751217250173892,0.4232885085737355
2009,Salta,20 a 29,Varón,0.021533887750592586,0.7881184320135051
2009,Salta,20 a 29,Mujer,0.05362715674434733,0.40542973906787255
2009,Salta,30 a 39,Varón,0.03438243398196163,0.45738498061842464
2009,Salta,30 a 39,Mujer,0.05403759490073485,0.31795441624098136
2009,Salta,40 a 49,Varón,0.07430132902745001,0.41474407485920406
2009,Salta,40 a 49,Mujer,0.11824709544207834,0.2806669733810178
2009,Salta,50 a 59,Varón,0.24150653724247226,0.24082918753605795
2009,Salta,50 a 59,Mujer,0.15265821775864818,0.27494732988331455
2009,Salta,60 a 69,Varón,0.09543581418581418,0.4044606215142899
2009,Salta,60 a 69,Mujer,0.0816363746884688,0.36076229834581947
2009,Salta,70 a 79,Varón,0.1293385426131201,0.3503300759394813
2009,Salta,70 a 79,Mujer,0.31470342522974104,0.27186940220751743
2009,Salta,80+,Varón,0.36040411890421603,0.47220336841595434
2009,Salta,80+,Mujer,0.11231411427080616,0.654621121228913
2009,San Juan,20 a 29,Varón,0.005031953969298712,1.001437510529105
2009,San Juan,20 a 29,Mujer,0.05411842677546963,0.41473831928699484
2009,San Juan,30 a 39,Varón,0.06632034632034632,0.5403865460164126
2009,San Juan,30 a 39,Mujer,0.06956541723163193,0.3078986976223729
2009,San Juan,40 a 49,Varón,0.09998022151898735,0.3787432352809782
2009,San Juan,40 a 49,Mujer,0.16150282094115423,0.2934566492197167
2009,San Juan,50 a 59,Varón,0.17071133036282624,0.3127870361380996
2009,San Juan,50 a 59,Mujer,0.14413601665510062,0.28635239269669654
2009,San Juan,60 a 69,Varón,0.2854457419538593,0.2834093813420733
2009,San Juan,60 a 69,Mujer,0.2647958326331709,0.19512808343082128
2009,San Juan,70 a 79,Varón,0.33263900016023074,0.247785994679245
2009,San Juan,70 a 79,Mujer,0.16415713042896338,0.32291627053020355
2009,San Juan,80+,Varón,0.09512683578104139,0.6921782509686475
2009,San Juan,80+,Mujer,0.268399576847514,0.35662885299397606
2009,San Luis,20 a 29,Varón,0.024352363794495867,0.5963670289501654
2009,San Luis,20 a 29,Mujer,0.07202850598116568,0.29957382793650766
2009,San Luis,30 a 39,Varón,0.04708802749665839,0.4115748695320136
2009,San Luis,30 a 39,Mujer,0.08012950222581951,0.2851667061712057
2009,San Luis,40 a 49,Varón,0.08407615274568064,0.36891719361194963
2009,San Luis,40 a 49,Mujer,0.13025266855830292,0.24953607625621443
2009,San Luis,50 a 59,Varón,0.13389096160789504,0.3155792634072849
2009,San Luis,50 a 59,Mujer,0.06238783912171435,0.371672243634554
2009,San Luis,60 a 69,Varón,0.2100175746924429,0.2719871334656685
2009,San Luis,60 a 69,Mujer,0.21267017410641645,0.21385288221398122
2009,San Luis,70 a 79,Varón,0.2811945997545343,0.28679799962150093
2009,San Luis,70 a 79,Mujer,0.3325301204819277,0.2144473769733418
2009,San Luis,80+,Varón,0,NA
2009,San Luis,80+,Mujer,0.06272401433691756,0.7566043358925899
2009,Santa Cruz,20 a 29,Varón,0.028440743564182254,0.6129017149409445
2009,Santa Cruz,20 a 29,Mujer,0.046490949507780245,0.4057645312259983
2009,Santa Cruz,30 a 39,Varón,0.03595394939358493,0.45921084114474353
2009,Santa Cruz,30 a 39,Mujer,0.09366515837104072,0.33248309930744885
2009,Santa Cruz,40 a 49,Varón,0.04607106826588948,0.457723098688427
2009,Santa Cruz,40 a 49,Mujer,0.14824857100981972,0.25182279409377334
2009,Santa Cruz,50 a 59,Varón,0.10657009829280911,0.3308842632731956
2009,Santa Cruz,50 a 59,Mujer,0.11958504331965344,0.34315017631434647
2009,Santa Cruz,60 a 69,Varón,0.3055036344755971,0.24080875042155905
2009,Santa Cruz,60 a 69,Mujer,0.3127329192546584,0.19400921397767906
2009,Santa Cruz,70 a 79,Varón,0.26676829268292684,0.26135268139594325
2009,Santa Cruz,70 a 79,Mujer,0.27436232831916285,0.2996255918209173
2009,Santa Cruz,80+,Varón,0,NA
2009,Santa Cruz,80+,Mujer,0.1642651296829971,0.6748825497746206
2009,Santa Fe,20 a 29,Varón,0.036665641030814475,0.574981786900949
2009,Santa Fe,20 a 29,Mujer,0.028028350515463915,0.37220836872848906
2009,Santa Fe,30 a 39,Varón,0.04208677883847897,0.3433380376056999
2009,Santa Fe,30 a 39,Mujer,0.041861548960535296,0.33435050484784457
2009,Santa Fe,40 a 49,Varón,0.09789784671325492,0.2561908901938494
2009,Santa Fe,40 a 49,Mujer,0.07573337762559411,0.2738734176112232
2009,Santa Fe,50 a 59,Varón,0.13785714285714284,0.3347195053355335
2009,Santa Fe,50 a 59,Mujer,0.09051252800255348,0.25943453222172497
2009,Santa Fe,60 a 69,Varón,0.18694863705914577,0.22386306973699188
2009,Santa Fe,60 a 69,Mujer,0.1356590233783708,0.2211996730195933
2009,Santa Fe,70 a 79,Varón,0.2576143537490309,0.22596933376448505
2009,Santa Fe,70 a 79,Mujer,0.13032517435920216,0.2422559819736686
2009,Santa Fe,80+,Varón,0.19357700496806246,0.35907817904802086
2009,Santa Fe,80+,Mujer,0.11600323872464276,0.386086057542499
2009,Santiago del Estero,20 a 29,Varón,0.06723187992780469,0.36139945647602945
2009,Santiago del Estero,20 a 29,Mujer,0.12372401378613922,0.27951486042212914
2009,Santiago del Estero,30 a 39,Varón,0.09936215011146891,0.36381731008923274
2009,Santiago del Estero,30 a 39,Mujer,0.1559635486464755,0.22056190067928244
2009,Santiago del Estero,40 a 49,Varón,0.16186974047097094,0.2978663178595084
2009,Santiago del Estero,40 a 49,Mujer,0.1508990693051414,0.2696664168445854
2009,Santiago del Estero,50 a 59,Varón,0.25387020808400573,0.25833400223634445
2009,Santiago del Estero,50 a 59,Mujer,0.24900089715357637,0.24908207553801337
2009,Santiago del Estero,60 a 69,Varón,0.2699090549624357,0.30253774015832985
2009,Santiago del Estero,60 a 69,Mujer,0.2415615495836865,0.27201074442775186
2009,Santiago del Estero,70 a 79,Varón,0.3335031068554548,0.3379268149418668
2009,Santiago del Estero,70 a 79,Mujer,0.21748878923766815,0.30969999074587273
2009,Santiago del Estero,80+,Varón,0,NA
2009,Santiago del Estero,80+,Mujer,0.14996869129618035,0.5684823833787368
2009,Tierra del Fuego,20 a 29,Varón,0.05635537033529077,0.46251308564566385
2009,Tierra del Fuego,20 a 29,Mujer,0.12031961349066245,0.2625621106958474
2009,Tierra del Fuego,30 a 39,Varón,0.027680525164113786,0.5214688342475206
2009,Tierra del Fuego,30 a 39,Mujer,0.11114872489280073,0.26707713199715205
2009,Tierra del Fuego,40 a 49,Varón,0.11318166228421173,0.2923121475782988
2009,Tierra del Fuego,40 a 49,Mujer,0.17546600020826825,0.22786008694264887
2009,Tierra del Fuego,50 a 59,Varón,0.15585412667946258,0.3512926665957802
2009,Tierra del Fuego,50 a 59,Mujer,0.1874008251348778,0.28372410959273064
2009,Tierra del Fuego,60 a 69,Varón,0.559449866903283,0.17610180171886505
2009,Tierra del Fuego,60 a 69,Mujer,0.0334777471445451,0.5987025188340032
2009,Tierra del Fuego,70 a 79,Varón,0.34385964912280703,0.37325565376967296
2009,Tierra del Fuego,70 a 79,Mujer,0.2429268292682927,0.590566102432667
2009,Tierra del Fuego,80+,Varón,0,NA
2009,Tierra del Fuego,80+,Mujer,0.24324324324324326,0.6584286622171989
2009,Tucumán,20 a 29,Varón,0.060737741346106364,0.3680973870685479
2009,Tucumán,20 a 29,Mujer,0.08320212148835668,0.287097383612317
2009,Tucumán,30 a 39,Varón,0.04978072161347495,0.5317180692985033
2009,Tucumán,30 a 39,Mujer,0.07853153521318622,0.2645303476152737
2009,Tucumán,40 a 49,Varón,0.055257688747620465,0.4140689443624764
2009,Tucumán,40 a 49,Mujer,0.08620304281094936,0.31790767335758013
2009,Tucumán,50 a 59,Varón,0.16575663881762165,0.31027782434113454
2009,Tucumán,50 a 59,Mujer,0.12594171474771232,0.28795711380985434
2009,Tucumán,60 a 69,Varón,0.17224252406196922,0.30351656690529066
2009,Tucumán,60 a 69,Mujer,0.2702443480246632,0.20761230930477995
2009,Tucumán,70 a 79,Varón,0.07603792088917946,0.7832270399763878
2009,Tucumán,70 a 79,Mujer,0.13579875726598517,0.38350007721723484
2009,Tucumán,80+,Varón,0.35377358490566035,0.4795273320291872
2009,Tucumán,80+,Mujer,0.22224754957829954,0.4115435263247478
2013,Buenos Aires,20 a 29,Varón,0.048028628101474326,0.3747115911868495
2013,Buenos Aires,20 a 29,Mujer,0.02474822635730252,0.3944770574638945
2013,Buenos Aires,30 a 39,Varón,0.05058071406321848,0.26014854882190525
2013,Buenos Aires,30 a 39,Mujer,0.08109480467576523,0.20120893871005854
2013,Buenos Aires,40 a 49,Varón,0.09323920080366112,0.23498720988382502
2013,Buenos Aires,40 a 49,Mujer,0.09454306683838751,0.20969998757192154
2013,Buenos Aires,50 a 59,Varón,0.13677740692192902,0.19938689315860458
2013,Buenos Aires,50 a 59,Mujer,0.1583462530945176,0.18559783224688498
2013,Buenos Aires,60 a 69,Varón,0.19491015919700358,0.16706511262632276
2013,Buenos Aires,60 a 69,Mujer,0.1471318172152522,0.17783243882672575
2013,Buenos Aires,70 a 79,Varón,0.2247462616002867,0.21082326317913663
2013,Buenos Aires,70 a 79,Mujer,0.20422439686076932,0.1725211189716162
2013,Buenos Aires,80+,Varón,0.07031584048345257,0.37028595341770887
2013,Buenos Aires,80+,Mujer,0.11712449685756655,0.4405450556850655
2013,CABA,20 a 29,Varón,0.009513071321189403,1.002460918013498
2013,CABA,20 a 29,Mujer,0.006796010967022438,0.7898642971404947
2013,CABA,30 a 39,Varón,0.05514149227103604,0.45233961736455147
2013,CABA,30 a 39,Mujer,0.032561138708444785,0.7399236570411897
2013,CABA,40 a 49,Varón,0.03029044795828767,0.7319889771155716
2013,CABA,40 a 49,Mujer,0.011770325305445221,0.6882326654555779
2013,CABA,50 a 59,Varón,0.08989580457181055,0.4176108349515116
2013,CABA,50 a 59,Mujer,0.13774929915899078,0.3444602218557208
2013,CABA,60 a 69,Varón,0.2851132404181185,0.2913886603203257
2013,CABA,60 a 69,Mujer,0.18518883132544947,0.3757662928548206
2013,CABA,70 a 79,Varón,0.3192042091417297,0.2852579066349568
2013,CABA,70 a 79,Mujer,0.13466465387103732,0.4768802862759659
2013,CABA,80+,Varón,0,NA
2013,CABA,80+,Mujer,0.11202979682959938,0.4672704139880807
2013,Catamarca,20 a 29,Varón,0.005042958535674262,0.7853927838102209
2013,Catamarca,20 a 29,Mujer,0.07630021800062285,0.49869036312280696
2013,Catamarca,30 a 39,Varón,0.08436301661695782,0.4354065695555593
2013,Catamarca,30 a 39,Mujer,0.10883228580879921,0.3936888555063162
2013,Catamarca,40 a 49,Varón,0.22550958320657133,0.33268046825324216
2013,Catamarca,40 a 49,Mujer,0.23257037621678506,0.25958048368741043
2013,Catamarca,50 a 59,Varón,0.1918374230542204,0.41875574550018874
2013,Catamarca,50 a 59,Mujer,0.12893587680992874,0.4650263477696798
2013,Catamarca,60 a 69,Varón,0.14440176412007397,0.5507479799368035
2013,Catamarca,60 a 69,Mujer,0.20048274882862416,0.2970041205467287
2013,Catamarca,70 a 79,Varón,0.32636175591817973,0.3853401863376416
2013,Catamarca,70 a 79,Mujer,0.15632843313015418,0.48983815124807845
2013,Catamarca,80+,Varón,0.15437158469945356,0.9294893022002837
2013,Catamarca,80+,Mujer,0.16368715083798882,0.8892828652262673
2013,Chaco,20 a 29,Varón,0.019124348958333336,0.7304418732871572
2013,Chaco,20 a 29,Mujer,0.051610791347281706,0.4566629500838764
2013,Chaco,30 a 39,Varón,0.07925275450528901,0.4060027926939209
2013,Chaco,30 a 39,Mujer,0.1423976246443152,0.41874955265712227
2013,Chaco,40 a 49,Varón,0.0366066859969299,0.6258452565081072
2013,Chaco,40 a 49,Mujer,0.0772638152639605,0.4556537498669461
2013,Chaco,50 a 59,Varón,0.16561839589413305,0.337868734480641
2013,Chaco,50 a 59,Mujer,0.07281995266703076,0.4789727769504341
2013,Chaco,60 a 69,Varón,0.09078269403778523,0.43417050301142585
2013,Chaco,60 a 69,Mujer,0.18262258000133058,0.29323911845233586
2013,Chaco,70 a 79,Varón,0.36487227277710776,0.3353295260476122
2013,Chaco,70 a 79,Mujer,0.1821370475803172,0.4752772372203778
2013,Chaco,80+,Varón,0.06679931779420126,1.049248664138523
2013,Chaco,80+,Mujer,0.33124387855044074,0.5145348720331611
2013,Chubut,20 a 29,Varón,0.04088721920592852,0.6241146667718559
2013,Chubut,20 a 29,Mujer,0.06197701149425287,0.39080930985797774
2013,Chubut,30 a 39,Varón,0.09249933094907914,0.2884088784776665
2013,Chubut,30 a 39,Mujer,0.08067032494082203,0.30433212144017024
2013,Chubut,40 a 49,Varón,0.08709758823317351,0.33945030768164897
2013,Chubut,40 a 49,Mujer,0.05915943353129283,0.3293811571925843
2013,Chubut,50 a 59,Varón,0.09888161483906165,0.30529263850676125
2013,Chubut,50 a 59,Mujer,0.17774952320406867,0.2528874072946027
2013,Chubut,60 a 69,Varón,0.12009063444108761,0.36780168410025904
2013,Chubut,60 a 69,Mujer,0.21474417751696315,0.24978154698714353
2013,Chubut,70 a 79,Varón,0.22535010002857958,0.3882258008290976
2013,Chubut,70 a 79,Mujer,0.2913943958356407,0.27467860799656263
2013,Chubut,80+,Varón,0.155750548417424,0.6545178883929056
2013,Chubut,80+,Mujer,0.10678716340833641,0.5008487484202562
2013,Córdoba,20 a 29,Varón,0.04636935064084726,0.6652289487839859
2013,Córdoba,20 a 29,Mujer,0.04333168236474197,0.3383083067347466
2013,Córdoba,30 a 39,Varón,0.03825941555856358,0.3911663326342799
2013,Córdoba,30 a 39,Mujer,0.08697577544843159,0.37203980212230114
2013,Córdoba,40 a 49,Varón,0.1153958214463477,0.33143947690791914
2013,Córdoba,40 a 49,Mujer,0.16630703862968904,0.28878512578245424
2013,Córdoba,50 a 59,Varón,0.2177041828896935,0.22576062121928817
2013,Córdoba,50 a 59,Mujer,0.13792213194110772,0.24714585824593188
2013,Córdoba,60 a 69,Varón,0.19182357492906887,0.36030024456914855
2013,Córdoba,60 a 69,Mujer,0.2902318111112516,0.24203776219284734
2013,Córdoba,70 a 79,Varón,0.5475412715138742,0.22969068766625603
2013,Córdoba,70 a 79,Mujer,0.24402368688101325,0.31831610406474936
2013,Córdoba,80+,Varón,0.08065677167243684,0.7178753560989508
2013,Córdoba,80+,Mujer,0.10013685725965556,0.5914951192590049
2013,Corrientes,20 a 29,Varón,0.025952483575617465,0.5950983694190188
2013,Corrientes,20 a 29,Mujer,0.026782896812874723,0.5600062667352554
2013,Corrientes,30 a 39,Varón,0.025596254581038817,0.708759881770493
2013,Corrientes,30 a 39,Mujer,0.05173919491176325,0.3637690825518082
2013,Corrientes,40 a 49,Varón,0.03360415488250116,0.5595710540466381
2013,Corrientes,40 a 49,Mujer,0.08566700337423973,0.3441772247864879
2013,Corrientes,50 a 59,Varón,0.07243460764587525,0.5834566926614132
2013,Corrientes,50 a 59,Mujer,0.18465503104134942,0.25186262675334226
2013,Corrientes,60 a 69,Varón,0.1258102303787583,0.41868167319087884
2013,Corrientes,60 a 69,Mujer,0.19218459836421825,0.39876247639238405
2013,Corrientes,70 a 79,Varón,0.18216340621403912,0.38888964041621127
2013,Corrientes,70 a 79,Mujer,0.21268383251087114,0.2718353462784489
2013,Corrientes,80+,Varón,0.059397884458909686,1.0110688400723788
2013,Corrientes,80+,Mujer,0.22777268560953254,0.46190784196648493
2013,Entre Ríos,20 a 29,Varón,0.015673306682672163,0.7030244787925302
2013,Entre Ríos,20 a 29,Mujer,0.03264906908235623,0.4080629402162632
2013,Entre Ríos,30 a 39,Varón,0.058752754261857824,0.4366639448227297
2013,Entre Ríos,30 a 39,Mujer,0.03406075702604646,0.3735646735471844
2013,Entre Ríos,40 a 49,Varón,0.058490731793024685,0.4100240854420812
2013,Entre Ríos,40 a 49,Mujer,0.09595889459797251,0.4290831365981053
2013,Entre Ríos,50 a 59,Varón,0.11781757156206496,0.310128635056371
2013,Entre Ríos,50 a 59,Mujer,0.08570157487320935,0.41446570356410656
2013,Entre Ríos,60 a 69,Varón,0.17557392667260824,0.3706234556045923
2013,Entre Ríos,60 a 69,Mujer,0.16301100964410686,0.23499013020197826
2013,Entre Ríos,70 a 79,Varón,0.20832751802744826,0.41512316299385754
2013,Entre Ríos,70 a 79,Mujer,0.11304665610914849,0.3080359508794399
2013,Entre Ríos,80+,Varón,0.21220974934645548,0.692669381961057
2013,Entre Ríos,80+,Mujer,0.15917571234735414,0.4042023828927634
2013,Formosa,20 a 29,Varón,0.07768789423042657,0.5564876106912177
2013,Formosa,20 a 29,Mujer,0.027033058114699228,0.5183045798852329
2013,Formosa,30 a 39,Varón,0,NA
2013,Formosa,30 a 39,Mujer,0.04595285629224896,0.3433801581301387
2013,Formosa,40 a 49,Varón,0.060584187478947116,0.4334231207434632
2013,Formosa,40 a 49,Mujer,0.03309143686502177,0.6423326613064253
2013,Formosa,50 a 59,Varón,0.08670623145400594,0.4819233372181116
2013,Formosa,50 a 59,Mujer,0.1317701828091291,0.42539300376695827
2013,Formosa,60 a 69,Varón,0.1846234309623431,0.36754349748399007
2013,Formosa,60 a 69,Mujer,0.2018732229469811,0.3392306774489555
2013,Formosa,70 a 79,Varón,0.2366890380313199,0.470354137184213
2013,Formosa,70 a 79,Mujer,0.1584460934089917,0.5038478428905677
2013,Formosa,80+,Varón,0.23957942170484417,0.8197703728837928
2013,Formosa,80+,Mujer,0.1474960876369327,0.6014303753081516
2013,Jujuy,20 a 29,Varón,0.04002891095002232,0.5287075288295113
2013,Jujuy,20 a 29,Mujer,0.02278054937789265,0.5948605244926692
2013,Jujuy,30 a 39,Varón,0.03522579244463743,0.5236994169777833
2013,Jujuy,30 a 39,Mujer,0.07477848384498344,0.3147079943823756
2013,Jujuy,40 a 49,Varón,0.055188507697902775,0.5547616071767201
2013,Jujuy,40 a 49,Mujer,0.10642996193741465,0.371039052839862
2013,Jujuy,50 a 59,Varón,0.05325348009064422,0.4675298310587641
2013,Jujuy,50 a 59,Mujer,0.0796653981474833,0.3845559450263295
2013,Jujuy,60 a 69,Varón,0.1939823601652339,0.3073372745982769
2013,Jujuy,60 a 69,Mujer,0.24255870768310317,0.28203966697774785
2013,Jujuy,70 a 79,Varón,0.05113804315696128,0.7964646002715876
2013,Jujuy,70 a 79,Mujer,0.02129120879120879,0.7324145389385329
2013,Jujuy,80+,Varón,0.09022972598948242,0.9683042203716723
2013,Jujuy,80+,Mujer,0.32434847356664187,0.4118082798777572
2013,La Pampa,20 a 29,Varón,0.016448909478944354,0.989555087169548
2013,La Pampa,20 a 29,Mujer,0.06730196545562835,0.45893650823331916
2013,La Pampa,30 a 39,Varón,0.05789473684210526,0.4928777546615478
2013,La Pampa,30 a 39,Mujer,0.10640732265446223,0.32494246630228296
2013,La Pampa,40 a 49,Varón,0.06017191977077364,0.48800537403540983
2013,La Pampa,40 a 49,Mujer,0.09195491643995336,0.45261360864540684
2013,La Pampa,50 a 59,Varón,0.10202617894925586,0.47775006798112407
2013,La Pampa,50 a 59,Mujer,0.14000305017538509,0.4622470953081724
2013,La Pampa,60 a 69,Varón,0.11181199752628324,0.4491040151768907
2013,La Pampa,60 a 69,Mujer,0.1654115471000132,0.37692481414216167
2013,La Pampa,70 a 79,Varón,0.13608942512420155,0.5269255158617719
2013,La Pampa,70 a 79,Mujer,0.1296247005589566,0.47397555726780893
2013,La Pampa,80+,Varón,0.16504854368932037,0.7543037428279212
2013,La Pampa,80+,Mujer,0.09681555888010258,0.4801380873105324
2013,La Rioja,20 a 29,Varón,0.0011994722322178242,1.005164739358482
2013,La Rioja,20 a 29,Mujer,0.064214463840399,0.3437221954154693
2013,La Rioja,30 a 39,Varón,0.046095996460959965,0.476616483848497
2013,La Rioja,30 a 39,Mujer,0.06510133698681911,0.43015654923739055
2013,La Rioja,40 a 49,Varón,0.12220026350461133,0.3189692838845854
2013,La Rioja,40 a 49,Mujer,0.07450928027774069,0.6519948803351888
2013,La Rioja,50 a 59,Varón,0.13472518108223264,0.3470670318949541
2013,La Rioja,50 a 59,Mujer,0.18360156938105535,0.2880821627337113
2013,La Rioja,60 a 69,Varón,0.2791640278657378,0.3097180475782311
2013,La Rioja,60 a 69,Mujer,0.05399473222124671,0.45197931181966783
2013,La Rioja,70 a 79,Varón,0.2958639939101751,0.3951106733118821
2013,La Rioja,70 a 79,Mujer,0.28120805369127516,0.379555432819306
2013,La Rioja,80+,Varón,0.08845029239766082,0.7794606384163948
2013,La Rioja,80+,Mujer,0.19971212666426771,0.46215791586047444
2013,Mendoza,20 a 29,Varón,0.018614213480024448,0.5793310370625899
2013,Mendoza,20 a 29,Mujer,0.034012873761024603,0.42377554629390185
2013,Mendoza,30 a 39,Varón,0,NA
2013,Mendoza,30 a 39,Mujer,0.07289328708426852,0.3708514740825651
2013,Mendoza,40 a 49,Varón,0.11443998650118115,0.3746880400460445
2013,Mendoza,40 a 49,Mujer,0.08728472239381285,0.32377775030171513
2013,Mendoza,50 a 59,Varón,0.1535070140280561,0.2892955623295091
2013,Mendoza,50 a 59,Mujer,0.10913683727071792,0.329896247648751
2013,Mendoza,60 a 69,Varón,0.14788385341717755,0.32103379513716035
2013,Mendoza,60 a 69,Mujer,0.13826451638509268,0.24086422211988215
2013,Mendoza,70 a 79,Varón,0.2609331815964884,0.28311317550949516
2013,Mendoza,70 a 79,Mujer,0.13163513954832065,0.31250516282155844
2013,Mendoza,80+,Varón,0.6247777777777778,0.22363913988616224
2013,Mendoza,80+,Mujer,0.2630327913132732,0.40793206971594337
2013,Misiones,20 a 29,Varón,0.014895845455603398,0.8230384961805668
2013,Misiones,20 a 29,Mujer,0.06360992687540586,0.4981784927493566
2013,Misiones,30 a 39,Varón,0.03358778625954199,0.6988977585793813
2013,Misiones,30 a 39,Mujer,0.07642276422764228,0.3723243834596723
2013,Misiones,40 a 49,Varón,0.07376302742082363,0.5425670975651368
2013,Misiones,40 a 49,Mujer,0.09571658359314494,0.3294932091816392
2013,Misiones,50 a 59,Varón,0.13718309859154929,0.5156493181115789
2013,Misiones,50 a 59,Mujer,0.10311284046692606,0.39164863131438227
2013,Misiones,60 a 69,Varón,0.25670514343914447,0.28330737704050957
2013,Misiones,60 a 69,Mujer,0.2516497510901864,0.2642388017089118
2013,Misiones,70 a 79,Varón,0.3594048456821152,0.34933598961083784
2013,Misiones,70 a 79,Mujer,0.17375886524822695,0.42714977941895005
2013,Misiones,80+,Varón,0.22732626619552415,0.8227197808954736
2013,Misiones,80+,Mujer,0,NA
2013,Neuquén,20 a 29,Varón,0.02846887818797931,0.5801938590373188
2013,Neuquén,20 a 29,Mujer,0.14928419792063577,0.2782084546598537
2013,Neuquén,30 a 39,Varón,0.059740135206405524,0.41649065768679916
2013,Neuquén,30 a 39,Mujer,0.09518652758132956,0.29911130517146245
2013,Neuquén,40 a 49,Varón,0.0951286298637639,0.40493519450301374
2013,Neuquén,40 a 49,Mujer,0.10105599214145383,0.3887226482874203
2013,Neuquén,50 a 59,Varón,0.08512222360094304,0.4610231840915396
2013,Neuquén,50 a 59,Mujer,0.12913622690159005,0.30607496090132397
2013,Neuquén,60 a 69,Varón,0.42619912521313663,0.21598454106306159
2013,Neuquén,60 a 69,Mujer,0.18670595939751145,0.31070253728062186
2013,Neuquén,70 a 79,Varón,0.4462910912868141,0.2149731825531944
2013,Neuquén,70 a 79,Mujer,0.27996046454163576,0.2929787219712742
2013,Neuquén,80+,Varón,0.26221498371335505,0.6331143848949496
2013,Neuquén,80+,Mujer,0.3623476747077841,0.41615718438714683
2013,Río Negro,20 a 29,Varón,0.01336971976333532,0.7144423572750978
2013,Río Negro,20 a 29,Mujer,0.02162776086221062,0.6257420298838071
2013,Río Negro,30 a 39,Varón,0.006749841610214923,0.58557976203314
2013,Río Negro,30 a 39,Mujer,0.05551073099887042,0.30086962947106183
2013,Río Negro,40 a 49,Varón,0.07584716511090435,0.41187746775015743
2013,Río Negro,40 a 49,Mujer,0.20253795855037127,0.23717366726051667
2013,Río Negro,50 a 59,Varón,0.12878972608306916,0.3064015184234696
2013,Río Negro,50 a 59,Mujer,0.13206506754893851,0.2572906869883976
2013,Río Negro,60 a 69,Varón,0.16148295595919382,0.3317163129338696
2013,Río Negro,60 a 69,Mujer,0.13992148499975768,0.276768680223184
2013,Río Negro,70 a 79,Varón,0.14751205740501117,0.3290499771656553
2013,Río Negro,70 a 79,Mujer,0.21839702924338542,0.28240947245528003
2013,Río Negro,80+,Varón,0.1449967440850879,0.5519356762925836
2013,Río Negro,80+,Mujer,0.0886676875957121,0.4640605633340014
2013,Salta,20 a 29,Varón,0.02792594173008084,0.5720043441650008
2013,Salta,20 a 29,Mujer,0.06508451713526957,0.4300733071229106
2013,Salta,30 a 39,Varón,0.061673371342575174,0.37284295831249303
2013,Salta,30 a 39,Mujer,0.10375006425744102,0.23857284074214224
2013,Salta,40 a 49,Varón,0.11104079933388843,0.2709098173497864
2013,Salta,40 a 49,Mujer,0.16800235517320336,0.28238541874202516
2013,Salta,50 a 59,Varón,0.16429184927434096,0.30817466900376544
2013,Salta,50 a 59,Mujer,0.16629768728997826,0.27678759415926885
2013,Salta,60 a 69,Varón,0.19734738372093025,0.32239286298804176
2013,Salta,60 a 69,Mujer,0.2967075784141827,0.21692062752731955
2013,Salta,70 a 79,Varón,0.09584484411118002,0.6707707023740025
2013,Salta,70 a 79,Mujer,0.15382767071940026,0.4719994593841945
2013,Salta,80+,Varón,0.1466899970836979,0.9268442104384277
2013,Salta,80+,Mujer,0.26906974369447567,0.5106722254722453
2013,San Juan,20 a 29,Varón,0.024312856713727845,0.6713358785374376
2013,San Juan,20 a 29,Mujer,0.07407815565008485,0.48940206618841237
2013,San Juan,30 a 39,Varón,0.06819326461404157,0.5629059226084759
2013,San Juan,30 a 39,Mujer,0.04098268495615021,0.6155706132670489
2013,San Juan,40 a 49,Varón,0.0623964151985759,0.4802219927914434
2013,San Juan,40 a 49,Mujer,0.10931067243745382,0.3581745136878989
2013,San Juan,50 a 59,Varón,0.20984403483897104,0.32862097874890484
2013,San Juan,50 a 59,Mujer,0.1260472055391913,0.41529741957929517
2013,San Juan,60 a 69,Varón,0.2673302523995734,0.29684301477734615
2013,San Juan,60 a 69,Mujer,0.2559067562228368,0.25283966644889083
2013,San Juan,70 a 79,Varón,0.18240060297719993,0.4924749024804815
2013,San Juan,70 a 79,Mujer,0.33245041271405695,0.2367075489402475
2013,San Juan,80+,Varón,0.0064917500676223965,1.0684101756949873
2013,San Juan,80+,Mujer,0.3235505682635592,0.4391832991415707
2013,San Luis,20 a 29,Varón,0.05244627214601583,0.4611277917441319
2013,San Luis,20 a 29,Mujer,0.06669415197259926,0.4235283598052906
2013,San Luis,30 a 39,Varón,0.026511437908496735,0.7981725038112721
2013,San Luis,30 a 39,Mujer,0.0951892567545912,0.33610506627109765
2013,San Luis,40 a 49,Varón,0.11182696732627705,0.3519880142800647
2013,San Luis,40 a 49,Mujer,0.0968556745928055,0.3829865637359656
2013,San Luis,50 a 59,Varón,0.1355501321944275,0.3567754416178975
2013,San Luis,50 a 59,Mujer,0.1277238275698721,0.36085660544840625
2013,San Luis,60 a 69,Varón,0.2835506941522928,0.31346095376995325
2013,San Luis,60 a 69,Mujer,0.21651436031331592,0.26493429463427076
2013,San Luis,70 a 79,Varón,0.046511627906976744,0.6331403634411109
2013,San Luis,70 a 79,Mujer,0.20922570016474465,0.35664962220914587
2013,San Luis,80+,Varón,0.03229113275243465,1.046998083001966
2013,San Luis,80+,Mujer,0.18951296150824823,0.6922956879329412
2013,Santa Cruz,20 a 29,Varón,0.009648362416613276,0.7142233245828109
2013,Santa Cruz,20 a 29,Mujer,0.06114130434782608,0.4917514149038193
2013,Santa Cruz,30 a 39,Varón,0.051927684600304946,0.46095745080614026
2013,Santa Cruz,30 a 39,Mujer,0.11910504438856674,0.39202357568162416
2013,Santa Cruz,40 a 49,Varón,0.1429258613432746,0.4509846375448983
2013,Santa Cruz,40 a 49,Mujer,0.05937431152236175,0.35431230113872575
2013,Santa Cruz,50 a 59,Varón,0.2051862164984337,0.2659210928102303
2013,Santa Cruz,50 a 59,Mujer,0.19513181303574315,0.28194223903704885
2013,Santa Cruz,60 a 69,Varón,0.12363853979652903,0.4433223571401714
2013,Santa Cruz,60 a 69,Mujer,0.28114213994352055,0.31344421338421913
2013,Santa Cruz,70 a 79,Varón,0.17941952506596304,0.7314510890075433
2013,Santa Cruz,70 a 79,Mujer,0.16928251121076232,0.41892009238796535
2013,Santa Cruz,80+,Varón,0.1131993006993007,0.752762451731906
2013,Santa Cruz,80+,Mujer,0.4289405684754522,0.38210989135469403
2013,Santa Fe,20 a 29,Varón,0.008020557868823195,0.6261983977987402
2013,Santa Fe,20 a 29,Mujer,0.04126100647399784,0.3394596635878776
2013,Santa Fe,30 a 39,Varón,0.003234274393263992,1.0006599455378262
2013,Santa Fe,30 a 39,Mujer,0.06181043129388165,0.25746973174101145
2013,Santa Fe,40 a 49,Varón,0.08385223719818187,0.5164639664680581
2013,Santa Fe,40 a 49,Mujer,0.09399191576201532,0.2521562998945611
2013,Santa Fe,50 a 59,Varón,0.06097161159074287,0.3869385625031614
2013,Santa Fe,50 a 59,Mujer,0.1532483841181902,0.22681852585792361
2013,Santa Fe,60 a 69,Varón,0.14786208789533076,0.28942441508789996
2013,Santa Fe,60 a 69,Mujer,0.20445069134341207,0.18044604890029725
2013,Santa Fe,70 a 79,Varón,0.250136209066827,0.26287569253319887
2013,Santa Fe,70 a 79,Mujer,0.2893652376204719,0.1761254970238393
2013,Santa Fe,80+,Varón,0.11518796992481203,0.5648522227921315
2013,Santa Fe,80+,Mujer,0.17766508416055243,0.2930364758131725
2013,Santiago del Estero,20 a 29,Varón,0.01154755831748829,0.7194281436623635
2013,Santiago del Estero,20 a 29,Mujer,0.0347531081276763,0.5121621153819838
2013,Santiago del Estero,30 a 39,Varón,0.13182651773167886,0.32745704730471126
2013,Santiago del Estero,30 a 39,Mujer,0.10834733331661693,0.2645545322552766
2013,Santiago del Estero,40 a 49,Varón,0.11487933329475085,0.2918811782141468
2013,Santiago del Estero,40 a 49,Mujer,0.20386947733179323,0.2338956201120658
2013,Santiago del Estero,50 a 59,Varón,0.1655407859373865,0.2879301464234628
2013,Santiago del Estero,50 a 59,Mujer,0.19747142489617406,0.24602313521182884
2013,Santiago del Estero,60 a 69,Varón,0.2329099738513261,0.35308544577749357
2013,Santiago del Estero,60 a 69,Mujer,0.2565869477097689,0.24583879473974057
2013,Santiago del Estero,70 a 79,Varón,0.1685647222463705,0.5772104567819236
2013,Santiago del Estero,70 a 79,Mujer,0.18699956325520453,0.39743157349318964
2013,Santiago del Estero,80+,Varón,0.2411282984531392,0.6789184386046259
2013,Santiago del Estero,80+,Mujer,0.40182252115426337,0.40990131976714955
2013,Tierra del Fuego,20 a 29,Varón,0.010366586538461538,0.9954901565134133
2013,Tierra del Fuego,20 a 29,Mujer,0.047819623389494546,0.36571087702292593
2013,Tierra del Fuego,30 a 39,Varón,0.09014534151054356,0.27947950143308475
2013,Tierra del Fuego,30 a 39,Mujer,0.09841791658105609,0.2784563978220565
2013,Tierra del Fuego,40 a 49,Varón,0.06060269098187479,0.4671817115414133
2013,Tierra del Fuego,40 a 49,Mujer,0.14175526370648323,0.26500766271946297
2013,Tierra del Fuego,50 a 59,Varón,0.09487723552591695,0.36993520824365206
2013,Tierra del Fuego,50 a 59,Mujer,0.1685802296275553,0.27325762823668515
2013,Tierra del Fuego,60 a 69,Varón,0.31184547358622294,0.2269858566457696
2013,Tierra del Fuego,60 a 69,Mujer,0.19853148828014686,0.30499698252434504
2013,Tierra del Fuego,70 a 79,Varón,0.3306613226452906,0.38482027330309715
2013,Tierra del Fuego,70 a 79,Mujer,0.24149377593360996,0.425029727502849
2013,Tierra del Fuego,80+,Varón,0.0696969696969697,1.0838496366010224
2013,Tierra del Fuego,80+,Mujer,0.33858267716535434,0.537440650838635
2013,Tucumán,20 a 29,Varón,0,NA
2013,Tucumán,20 a 29,Mujer,0.04660436713545522,0.3275061414995355
2013,Tucumán,30 a 39,Varón,0.054882780351306226,0.37834430641769606
2013,Tucumán,30 a 39,Mujer,0.08218902806617992,0.28231764262179854
2013,Tucumán,40 a 49,Varón,0.0878823996821613,0.3570806696062243
2013,Tucumán,40 a 49,Mujer,0.13262068556517614,0.2720019158715786
2013,Tucumán,50 a 59,Varón,0.16569122484890214,0.30874599035378364
2013,Tucumán,50 a 59,Mujer,0.1841879218161101,0.27631526600763007
2013,Tucumán,60 a 69,Varón,0.16215034965034963,0.3049284104448025
2013,Tucumán,60 a 69,Mujer,0.15093833226665565,0.25460651552619235
2013,Tucumán,70 a 79,Varón,0.23696197348891962,0.3341743521365122
2013,Tucumán,70 a 79,Mujer,0.1861175660555986,0.27893617766715173
2013,Tucumán,80+,Varón,0.0614162806088683,0.9856670305045384
2013,Tucumán,80+,Mujer,0.1679850513858611,0.42358155401238956
2018,Buenos Aires,20 a 29,Varón,0.031406812734677186,0.46179738993819297
2018,Buenos Aires,30 a 39,Varón,0.03133911347815147,0.3340085450647414
2018,Buenos Aires,40 a 49,Varón,0.1542152566882152,0.18337154289103563
2018,Buenos Aires,50 a 59,Varón,0.21632825879512896,0.14896325895110576
2018,Buenos Aires,60 a 69,Varón,0.1877279077264749,0.1603704010611875
2018,Buenos Aires,70 a 79,Varón,0.2595522607070172,0.1708794232206706
2018,Buenos Aires,80+,Varón,0.2311422953853271,0.3243929847658509
2018,Buenos Aires,20 a 29,Mujer,0.08949345351362512,0.2287114183789944
2018,Buenos Aires,30 a 39,Mujer,0.12723625687730336,0.17266105065703372
2018,Buenos Aires,40 a 49,Mujer,0.148961081992374,0.1485939206231412
2018,Buenos Aires,50 a 59,Mujer,0.1497939537837301,0.16085146730052133
2018,Buenos Aires,60 a 69,Mujer,0.21558321794242571,0.12724264254378187
2018,Buenos Aires,70 a 79,Mujer,0.1893977783018978,0.15541668878075918
2018,Buenos Aires,80+,Mujer,0.1589818567181168,0.21683153772025066
2018,CABA,20 a 29,Varón,0.031829997084831405,0.6269437419337718
2018,CABA,30 a 39,Varón,0.023369306115372947,0.5605986765319709
2018,CABA,40 a 49,Varón,0.04456606276878031,0.5212198096461972
2018,CABA,50 a 59,Varón,0.1418313504903181,0.28182366627206495
2018,CABA,60 a 69,Varón,0.2532109951212787,0.19769159995386046
2018,CABA,70 a 79,Varón,0.20707576508291253,0.24460464332791046
2018,CABA,80+,Varón,0.24562820880352348,0.35029864140365163
2018,CABA,20 a 29,Mujer,0.05342532301503426,0.44890190813208664
2018,CABA,30 a 39,Mujer,0.030093019578908534,0.4602426542587099
2018,CABA,40 a 49,Mujer,0.030668471668508928,0.4645541072437835
2018,CABA,50 a 59,Mujer,0.12112328430551368,0.33144013016916835
2018,CABA,60 a 69,Mujer,0.1385816612241369,0.2781056422594355
2018,CABA,70 a 79,Mujer,0.08465566041517997,0.342170091242512
2018,CABA,80+,Mujer,0.264139690993315,0.2685698291704091
2018,Catamarca,20 a 29,Varón,0.042173845193508114,0.6964442848626433
2018,Catamarca,30 a 39,Varón,0.10581133358840283,0.531485025721148
2018,Catamarca,40 a 49,Varón,0.16821938392186325,0.3799715781648636
2018,Catamarca,50 a 59,Varón,0.1336218316700521,0.4369160985712686
2018,Catamarca,60 a 69,Varón,0.10565425350187906,0.6066874740798075
2018,Catamarca,70 a 79,Varón,0.13702928870292888,0.5404327623886132
2018,Catamarca,80+,Varón,0.10647639956092206,1.3432321968652665
2018,Catamarca,20 a 29,Mujer,0.12760997017176948,0.2904753921757511
2018,Catamarca,30 a 39,Mujer,0.06067460915900065,0.5078567620040698
2018,Catamarca,40 a 49,Mujer,0.16971481711097333,0.3494226305088665
2018,Catamarca,50 a 59,Mujer,0.1573792081652811,0.31633009341593915
2018,Catamarca,60 a 69,Mujer,0.0919348731541083,0.48280864751461955
2018,Catamarca,70 a 79,Mujer,0.2629502572898799,0.4970108794858123
2018,Catamarca,80+,Mujer,0.24158342582315945,0.5065086225656742
2018,Chaco,20 a 29,Varón,0.017817844359008354,0.6690453226976634
2018,Chaco,30 a 39,Varón,0.026209605427602214,0.6988989486162369
2018,Chaco,40 a 49,Varón,0.11277706491360673,0.33792642982810284
2018,Chaco,50 a 59,Varón,0.10530097148033611,0.4543842544328026
2018,Chaco,60 a 69,Varón,0.25335665765499693,0.2804466725680476
2018,Chaco,70 a 79,Varón,0.1439463250991156,0.452482180626741
2018,Chaco,80+,Varón,0.042879678760935035,1.2245731524476289
2018,Chaco,20 a 29,Mujer,0.03313716070141725,0.42896727447557503
2018,Chaco,30 a 39,Mujer,0.07565067419253685,0.2633421688786497
2018,Chaco,40 a 49,Mujer,0.09917627000267044,0.3925279551284965
2018,Chaco,50 a 59,Mujer,0.16410206702692223,0.2207283681050417
2018,Chaco,60 a 69,Mujer,0.19032737174330094,0.3702551383994769
2018,Chaco,70 a 79,Mujer,0.30278239566016274,0.26163498833729637
2018,Chaco,80+,Mujer,0.4488573021181717,0.4711984426412644
2018,Chubut,20 a 29,Varón,0.011971195035543104,1.2210298690511678
2018,Chubut,30 a 39,Varón,0.08434110136502829,0.34063854582402286
2018,Chubut,40 a 49,Varón,0.1141157382368848,0.35933376519554955
2018,Chubut,50 a 59,Varón,0.14104237361872443,0.4792572770396518
2018,Chubut,60 a 69,Varón,0.2161430424727847,0.40839219869204324
2018,Chubut,70 a 79,Varón,0.16850886339937435,0.49043502012024504
2018,Chubut,80+,Varón,0.41632278771205866,0.4186529779407114
2018,Chubut,20 a 29,Mujer,0.08895436808154814,0.3221641520073274
2018,Chubut,30 a 39,Mujer,0.1707971961506475,0.23300111195464127
2018,Chubut,40 a 49,Mujer,0.06555664588015574,0.5218484660733705
2018,Chubut,50 a 59,Mujer,0.19577937019262376,0.4094513527280877
2018,Chubut,60 a 69,Mujer,0.2694450396400257,0.20514394286775625
2018,Chubut,70 a 79,Mujer,0.12293931953700456,0.5831519753761452
2018,Chubut,80+,Mujer,0.13424657534246576,0.5982259215534301
2018,Córdoba,20 a 29,Varón,0.02023323755945626,0.4834608358327421
2018,Córdoba,30 a 39,Varón,0.05778899221289786,0.4236643716553422
2018,Córdoba,40 a 49,Varón,0.18327470194965065,0.3352424164749663
2018,Córdoba,50 a 59,Varón,0.1904524254018718,0.25262211445884447
2018,Córdoba,60 a 69,Varón,0.21103332065821162,0.23217096596048448
2018,Córdoba,70 a 79,Varón,0.19666839023435861,0.35629617668074404
2018,Córdoba,80+,Varón,0.21744609983346086,0.4593568834101607
2018,Córdoba,20 a 29,Mujer,0.08525651281230835,0.35644665602738723
2018,Córdoba,30 a 39,Mujer,0.11036222312747143,0.27154906389617717
2018,Córdoba,40 a 49,Mujer,0.1112356429660889,0.2735181814340842
2018,Córdoba,50 a 59,Mujer,0.21956616459773257,0.27935971877876475
2018,Córdoba,60 a 69,Mujer,0.29286469748018273,0.1641697558004702
2018,Córdoba,70 a 79,Mujer,0.1952205292702486,0.3151410504944173
2018,Córdoba,80+,Mujer,0.0820328442328248,0.6963813560158558
2018,Corrientes,20 a 29,Varón,0.057415133038467445,0.6469820672954647
2018,Corrientes,30 a 39,Varón,0.0997834325933947,0.44920809370521825
2018,Corrientes,40 a 49,Varón,0.06623874659065275,0.512266850982037
2018,Corrientes,50 a 59,Varón,0.10164012612278424,0.5343207974866693
2018,Corrientes,60 a 69,Varón,0.14001380262249827,0.38708014701646293
2018,Corrientes,70 a 79,Varón,0.24595860401873396,0.3476133706850465
2018,Corrientes,80+,Varón,0.2245154343144293,0.5459241557198076
2018,Corrientes,20 a 29,Mujer,0.10952901060258938,0.3518590776389995
2018,Corrientes,30 a 39,Mujer,0.1526216745720767,0.2754981688704802
2018,Corrientes,40 a 49,Mujer,0.10291524017014213,0.4238527987464626
2018,Corrientes,50 a 59,Mujer,0.1944432534408095,0.24992857453884695
2018,Corrientes,60 a 69,Mujer,0.29551559033049163,0.2592656773663805
2018,Corrientes,70 a 79,Mujer,0.2504792654626173,0.37758548345190046
2018,Corrientes,80+,Mujer,0.32025468938220614,0.29516841806439614
2018,Entre Ríos,20 a 29,Varón,0.0161081456681722,0.6143804996065795
2018,Entre Ríos,30 a 39,Varón,0.01350942502729509,0.5360557488880755
2018,Entre Ríos,40 a 49,Varón,0.08914498499269698,0.37086482615926375
2018,Entre Ríos,50 a 59,Varón,0.058746677478938594,0.4039620921862319
2018,Entre Ríos,60 a 69,Varón,0.19148488461808236,0.20554403385302286
2018,Entre Ríos,70 a 79,Varón,0.2586394915955327,0.19474287189697959
2018,Entre Ríos,80+,Varón,0.14195245518316446,0.6421095827598223
2018,Entre Ríos,20 a 29,Mujer,0.05571500720611966,0.28063909547561505
2018,Entre Ríos,30 a 39,Mujer,0.11434404082858,0.19302806849833118
2018,Entre Ríos,40 a 49,Mujer,0.13051924624649627,0.27894739351033593
2018,Entre Ríos,50 a 59,Mujer,0.21748093851238587,0.2434540012478929
2018,Entre Ríos,60 a 69,Mujer,0.19169020224804292,0.19954531155762922
2018,Entre Ríos,70 a 79,Mujer,0.22742048569061127,0.25900878428168667
2018,Entre Ríos,80+,Mujer,0.20919421487603307,0.27804640066360126
2018,Formosa,20 a 29,Varón,0,NA
2018,Formosa,30 a 39,Varón,0.06832711774107618,0.5873490176215453
2018,Formosa,40 a 49,Varón,0.09006661952435893,0.449606097072368
2018,Formosa,50 a 59,Varón,0.2742040638922091,0.22562434942313025
2018,Formosa,60 a 69,Varón,0.28146278020044374,0.2717329688515592
2018,Formosa,70 a 79,Varón,0.20138180994450108,0.34965377072091697
2018,Formosa,80+,Varón,0.31497418244406195,0.4840654978987575
2018,Formosa,20 a 29,Mujer,0.035643253428242434,0.7569327504540885
2018,Formosa,30 a 39,Mujer,0.08466344872516213,0.3372915770268757
2018,Formosa,40 a 49,Mujer,0.13099648522846016,0.34017530620041186
2018,Formosa,50 a 59,Mujer,0.23595114955017601,0.2433769693325469
2018,Formosa,60 a 69,Mujer,0.10194331983805668,0.3498718078052313
2018,Formosa,70 a 79,Mujer,0.23861215379933043,0.2644876420057472
2018,Formosa,80+,Mujer,0.5210176991150443,0.21971204478383713
2018,Jujuy,20 a 29,Varón,0.008697675250997728,1.2309447664591395
2018,Jujuy,30 a 39,Varón,0.06244925075662508,0.5592180514784665
2018,Jujuy,40 a 49,Varón,0.09310887443959502,0.3652052773668786
2018,Jujuy,50 a 59,Varón,0.12299584087373401,0.35934439165599097
2018,Jujuy,60 a 69,Varón,0.17319689175878297,0.36580239932222597
2018,Jujuy,70 a 79,Varón,0.08573535738430337,0.7752631935166651
2018,Jujuy,80+,Varón,0.2735294117647059,0.8013932299796
2018,Jujuy,20 a 29,Mujer,0.04650540779993648,0.594292822469282
2018,Jujuy,30 a 39,Mujer,0.11320043461871078,0.3718570568668163
2018,Jujuy,40 a 49,Mujer,0.07838944076526858,0.34554594706496444
2018,Jujuy,50 a 59,Mujer,0.16043623729249776,0.30560974265029994
2018,Jujuy,60 a 69,Mujer,0.22928973760131885,0.22233052372942497
2018,Jujuy,70 a 79,Mujer,0.11220784058105969,0.5003242335945742
2018,Jujuy,80+,Mujer,0.12646870326853238,0.6283122713412739
2018,La Pampa,20 a 29,Varón,0.08204930662557781,0.5951406406606992
2018,La Pampa,30 a 39,Varón,0.15793944542200108,0.3979976944201421
2018,La Pampa,40 a 49,Varón,0.2036520769445219,0.2930128955432627
2018,La Pampa,50 a 59,Varón,0.10007468259895444,0.37387700018695713
2018,La Pampa,60 a 69,Varón,0.22965699208443272,0.3541635345942497
2018,La Pampa,70 a 79,Varón,0.3111392049445147,0.3441087648205707
2018,La Pampa,80+,Varón,0.3382352941176471,0.4971947926233753
2018,La Pampa,20 a 29,Mujer,0.08110052148894084,0.44975001030645295
2018,La Pampa,30 a 39,Mujer,0.18974762630983422,0.2695182655612524
2018,La Pampa,40 a 49,Mujer,0.04547799808358517,0.6699086857140163
2018,La Pampa,50 a 59,Mujer,0.05111332160073456,0.46042423022137363
2018,La Pampa,60 a 69,Mujer,0.3231262758821814,0.2614044103118074
2018,La Pampa,70 a 79,Mujer,0.14956088609254162,0.4463577379708515
2018,La Pampa,80+,Mujer,0.17718763604701784,0.6094318315059277
2018,La Rioja,20 a 29,Varón,0.009793322734499205,0.6706635191871191
2018,La Rioja,30 a 39,Varón,0.12405794837752353,0.3979199622167794
2018,La Rioja,40 a 49,Varón,0.03820119294953421,0.6377898060103198
2018,La Rioja,50 a 59,Varón,0.21731951197137878,0.45095675802154606
2018,La Rioja,60 a 69,Varón,0.43407610007239966,0.2481936769986371
2018,La Rioja,70 a 79,Varón,0.4547053649956025,0.37254482346569157
2018,La Rioja,80+,Varón,0,NA
2018,La Rioja,20 a 29,Mujer,0.11713910268443777,0.5147709113286039
2018,La Rioja,30 a 39,Mujer,0.09455726263752241,0.39628330579602633
2018,La Rioja,40 a 49,Mujer,0.16585198524997857,0.30808690409660083
2018,La Rioja,50 a 59,Mujer,0.2702777932416634,0.23033433407323253
2018,La Rioja,60 a 69,Mujer,0.21614181898260296,0.3328735679666073
2018,La Rioja,70 a 79,Mujer,0.26831222952396216,0.4623270690133111
2018,La Rioja,80+,Mujer,0.22894640904119576,0.5708660296957696
2018,Mendoza,20 a 29,Varón,0.03655759040624709,0.6848088731125274
2018,Mendoza,30 a 39,Varón,0.030077012343074163,0.9190130089136453
2018,Mendoza,40 a 49,Varón,0.07180989961121105,0.4290639621339239
2018,Mendoza,50 a 59,Varón,0.1493397805467733,0.3230850956119971
2018,Mendoza,60 a 69,Varón,0.3842104360649553,0.22204032004037258
2018,Mendoza,70 a 79,Varón,0.2745274527452745,0.31682240549828505
2018,Mendoza,80+,Varón,0.14618214104515476,0.542177265707366
2018,Mendoza,20 a 29,Mujer,0.05719829320040698,0.612242647206955
2018,Mendoza,30 a 39,Mujer,0.16526734749636324,0.39613940643172024
2018,Mendoza,40 a 49,Mujer,0.17738303178108075,0.33279579023080474
2018,Mendoza,50 a 59,Mujer,0.1422179154672671,0.36262062544881546
2018,Mendoza,60 a 69,Mujer,0.13958181122360228,0.2442891616540238
2018,Mendoza,70 a 79,Mujer,0.1723545579477783,0.26525593245914614
2018,Mendoza,80+,Mujer,0.0919966301600674,0.6998149675222505
2018,Misiones,20 a 29,Varón,0.06997438481055686,0.3589956096609128
2018,Misiones,30 a 39,Varón,0.05729410493716014,0.45066238111412776
2018,Misiones,40 a 49,Varón,0.154908961877093,0.33200908602075624
2018,Misiones,50 a 59,Varón,0.13081857235332195,0.4603705825670311
2018,Misiones,60 a 69,Varón,0.20419071446848436,0.25518144229122613
2018,Misiones,70 a 79,Varón,0.21594382486575794,0.5840968755614846
2018,Misiones,80+,Varón,0,NA
2018,Misiones,20 a 29,Mujer,0.13191425777005,0.28010860712017355
2018,Misiones,30 a 39,Mujer,0.09863797125442095,0.25771701931964053
2018,Misiones,40 a 49,Mujer,0.18533117218006337,0.35775951375062703
2018,Misiones,50 a 59,Mujer,0.3158012834896558,0.18778196352777207
2018,Misiones,60 a 69,Mujer,0.19477987421383647,0.21357182568469335
2018,Misiones,70 a 79,Mujer,0.13128651621033338,0.3850260453966745
2018,Misiones,80+,Mujer,0.31378441256300893,0.514836456095523
2018,Neuquén,20 a 29,Varón,0.021799928289709572,0.9147594414099764
2018,Neuquén,30 a 39,Varón,0.03269444960089103,0.47603620027770216
2018,Neuquén,40 a 49,Varón,0.07413729339136867,0.39534552216885976
2018,Neuquén,50 a 59,Varón,0.12813295804851896,0.3104335969001627
2018,Neuquén,60 a 69,Varón,0.260544318125892,0.2577081285230422
2018,Neuquén,70 a 79,Varón,0.3309118508077632,0.4841390822103969
2018,Neuquén,80+,Varón,0,NA
2018,Neuquén,20 a 29,Mujer,0.12729178857031404,0.34517195236788273
2018,Neuquén,30 a 39,Mujer,0.16056728513542334,0.2637021235579114
2018,Neuquén,40 a 49,Mujer,0.17855750487329436,0.2691591486070383
2018,Neuquén,50 a 59,Mujer,0.15362306831834943,0.31507125625599436
2018,Neuquén,60 a 69,Mujer,0.3144394346985943,0.21195138921048995
2018,Neuquén,70 a 79,Mujer,0.15920472382091339,0.4388100158814665
2018,Neuquén,80+,Mujer,0.5670353982300885,0.22130468556134514
2018,Río Negro,20 a 29,Varón,0.014138245331411493,0.6589101976614858
2018,Río Negro,30 a 39,Varón,0.02586206896551724,0.5107200091786641
2018,Río Negro,40 a 49,Varón,0.078536847767617,0.2981622134165949
2018,Río Negro,50 a 59,Varón,0.20282607872106678,0.2890313383092199
2018,Río Negro,60 a 69,Varón,0.20291323180103396,0.22425968733493992
2018,Río Negro,70 a 79,Varón,0.2275274602107151,0.2571460410921431
2018,Río Negro,80+,Varón,0.10551948051948051,1.0570330863487194
2018,Río Negro,20 a 29,Mujer,0.1315735125697013,0.23900669817043432
2018,Río Negro,30 a 39,Mujer,0.09385297845373891,0.29325276249893156
2018,Río Negro,40 a 49,Mujer,0.1412141025942564,0.2544010037198842
2018,Río Negro,50 a 59,Mujer,0.24926357581967212,0.3081939126628651
2018,Río Negro,60 a 69,Mujer,0.25939793320353455,0.182911295753615
2018,Río Negro,70 a 79,Mujer,0.14089731512011305,0.22602971588112172
2018,Río Negro,80+,Mujer,0.3052695336159903,0.37686289502881143
2018,Salta,20 a 29,Varón,0.023414596512883815,0.6187992056743571
2018,Salta,30 a 39,Varón,0.03528770960588258,0.4311069076999632
2018,Salta,40 a 49,Varón,0.1310201192453241,0.2376209503362627
2018,Salta,50 a 59,Varón,0.13896749849927106,0.26745868177073057
2018,Salta,60 a 69,Varón,0.15066328893247255,0.29949891234181025
2018,Salta,70 a 79,Varón,0.11421344971235865,0.5447178049315509
2018,Salta,80+,Varón,0.3868731563421829,0.46417106991174445
2018,Salta,20 a 29,Mujer,0.0534604099554753,0.4471745058251006
2018,Salta,30 a 39,Mujer,0.09595116810117689,0.28493129359412955
2018,Salta,40 a 49,Mujer,0.1812630347041966,0.282877900534174
2018,Salta,50 a 59,Mujer,0.1945446200249164,0.209807635661036
2018,Salta,60 a 69,Mujer,0.22029395276281474,0.26046511304151526
2018,Salta,70 a 79,Mujer,0.22934319755688418,0.3218273666248508
2018,Salta,80+,Mujer,0.13468917881811204,0.7370571281971975
2018,San Juan,20 a 29,Varón,0.05098750079042219,0.5501092565449847
2018,San Juan,30 a 39,Varón,0.08272205222785765,0.5010308198497782
2018,San Juan,40 a 49,Varón,0.09829905063291139,0.4764126609395871
2018,San Juan,50 a 59,Varón,0.3237238020697452,0.2530708218253462
2018,San Juan,60 a 69,Varón,0.20674527008500138,0.37045370875582906
2018,San Juan,70 a 79,Varón,0.4882,0.24394877214134672
2018,San Juan,80+,Varón,0.1960239418554938,0.8678051377728448
2018,San Juan,20 a 29,Mujer,0.031087851136160315,0.7351204422784712
2018,San Juan,30 a 39,Mujer,0.056177800100452036,0.46848555930271385
2018,San Juan,40 a 49,Mujer,0.2781436599929751,0.21879455558588395
2018,San Juan,50 a 59,Mujer,0.202524277793095,0.2798666412229757
2018,San Juan,60 a 69,Mujer,0.28380789267109113,0.2675229371826581
2018,San Juan,70 a 79,Mujer,0.37332339791356184,0.22915817790138646
2018,San Juan,80+,Mujer,0.07900983384198033,0.9129612214650739
2018,San Luis,20 a 29,Varón,0.05240920029100677,0.662124275968595
2018,San Luis,30 a 39,Varón,0.06495765275257108,0.5019331756046715
2018,San Luis,40 a 49,Varón,0.11567438086775103,0.4863770207178781
2018,San Luis,50 a 59,Varón,0.13893301562086313,0.4185163043497326
2018,San Luis,60 a 69,Varón,0.4122963624191029,0.17970337332412942
2018,San Luis,70 a 79,Varón,0.43662200568412507,0.2602593115251987
2018,San Luis,80+,Varón,0.46662584200857316,0.5301025236618561
2018,San Luis,20 a 29,Mujer,0.17043528320593598,0.2763472237376339
2018,San Luis,30 a 39,Mujer,0.16140578394501362,0.26282837954238025
2018,San Luis,40 a 49,Mujer,0.21805644523154602,0.22301654061657242
2018,San Luis,50 a 59,Mujer,0.12905739781007677,0.29683188310820463
2018,San Luis,60 a 69,Mujer,0.2580340264650284,0.2092425855546756
2018,San Luis,70 a 79,Mujer,0.24598425196850393,0.3095444770847138
2018,San Luis,80+,Mujer,0.2777212614445575,0.3405477114593653
2018,Santa Cruz,20 a 29,Varón,0.11629901540361591,0.45095805602355865
2018,Santa Cruz,30 a 39,Varón,0.033198896200382084,0.619434295119781
2018,Santa Cruz,40 a 49,Varón,0.029248116598552365,0.7576415500554644
2018,Santa Cruz,50 a 59,Varón,0.15027047427349352,0.37814802463225927
2018,Santa Cruz,60 a 69,Varón,0.3383576253110558,0.24922167441697254
2018,Santa Cruz,70 a 79,Varón,0.8240396530359355,0.2373088724167319
2018,Santa Cruz,80+,Varón,0.18091603053435115,1.1085738858318097
2018,Santa Cruz,20 a 29,Mujer,0.10613443089307871,0.3918604495012704
2018,Santa Cruz,30 a 39,Mujer,0.08665204184947688,0.3915971961050463
2018,Santa Cruz,40 a 49,Mujer,0.21991701244813278,0.21361247097985606
2018,Santa Cruz,50 a 59,Mujer,0.1637153073386685,0.4126185162828344
2018,Santa Cruz,60 a 69,Mujer,0.2682926829268293,0.36080493349799536
2018,Santa Cruz,70 a 79,Mujer,0.29686558167570826,0.3329252461768163
2018,Santa Cruz,80+,Mujer,0.3497067448680352,0.6456600434235804
2018,Santa Fe,20 a 29,Varón,0.03997868057505342,0.4779083062315755
2018,Santa Fe,30 a 39,Varón,0.044621487972732604,0.4019746537368702
2018,Santa Fe,40 a 49,Varón,0.13751750344258581,0.25785149559134923
2018,Santa Fe,50 a 59,Varón,0.2253305591991195,0.24745084403272666
2018,Santa Fe,60 a 69,Varón,0.2762224442415922,0.2559818446578409
2018,Santa Fe,70 a 79,Varón,0.21524168762224086,0.2450069904375628
2018,Santa Fe,80+,Varón,0.15387521249134295,0.5638262107975462
2018,Santa Fe,20 a 29,Mujer,0.12119407887983247,0.2698663910946941
2018,Santa Fe,30 a 39,Mujer,0.07437075027475228,0.2764987393125265
2018,Santa Fe,40 a 49,Mujer,0.0870604714064915,0.31402175966730483
2018,Santa Fe,50 a 59,Mujer,0.19938701471998665,0.23326054436523624
2018,Santa Fe,60 a 69,Mujer,0.2553560624284704,0.20967502715021122
2018,Santa Fe,70 a 79,Mujer,0.21629774108681846,0.3003547399237675
2018,Santa Fe,80+,Mujer,0.19445117029862793,0.4386453707960823
2018,Santiago del Estero,20 a 29,Varón,0,NA
2018,Santiago del Estero,30 a 39,Varón,0.07542418610228431,0.46674060541897233
2018,Santiago del Estero,40 a 49,Varón,0.08906147711718146,0.440731987956951
2018,Santiago del Estero,50 a 59,Varón,0.24761124761124761,0.3244480808128365
2018,Santiago del Estero,60 a 69,Varón,0.35112110276282316,0.32020342978448346
2018,Santiago del Estero,70 a 79,Varón,0.11177194421657095,0.7545397309513172
2018,Santiago del Estero,80+,Varón,0.29148124602670056,0.6541393986279128
2018,Santiago del Estero,20 a 29,Mujer,0.1397792082179902,0.35693267570678383
2018,Santiago del Estero,30 a 39,Mujer,0.09760153651566965,0.3659614182636426
2018,Santiago del Estero,40 a 49,Mujer,0.22424982329884985,0.3090524579906817
2018,Santiago del Estero,50 a 59,Mujer,0.20683030112923462,0.42161058938439555
2018,Santiago del Estero,60 a 69,Mujer,0.21254456113305714,0.3531074506785225
2018,Santiago del Estero,70 a 79,Mujer,0.1745860331173506,0.4379519434994065
2018,Santiago del Estero,80+,Mujer,0.05210739030023095,0.843734892515185
2018,Tierra del Fuego,20 a 29,Varón,0.07520788873353447,0.6904880802835712
2018,Tierra del Fuego,30 a 39,Varón,0.09142481295732961,0.5343583466178267
2018,Tierra del Fuego,40 a 49,Varón,0.243388698153475,0.3113333474080868
2018,Tierra del Fuego,50 a 59,Varón,0.34224066390041497,0.33130701412225577
2018,Tierra del Fuego,60 a 69,Varón,0.12469135802469136,0.7184817020063623
2018,Tierra del Fuego,70 a 79,Varón,0.4293213348331459,0.4730974491965634
2018,Tierra del Fuego,80+,Varón,0.2584745762711864,1.468599741979009
2018,Tierra del Fuego,20 a 29,Mujer,0.04001964154186104,0.721119682543176
2018,Tierra del Fuego,30 a 39,Mujer,0.08343537793610152,0.4108338838585276
2018,Tierra del Fuego,40 a 49,Mujer,0.18967935871743488,0.42764383874855927
2018,Tierra del Fuego,50 a 59,Mujer,0.28204476093591047,0.33920530317249736
2018,Tierra del Fuego,60 a 69,Mujer,0.2833030852994555,0.48756292548356606
2018,Tierra del Fuego,70 a 79,Mujer,0.17879161528976573,1.0276413765670596
2018,Tierra del Fuego,80+,Mujer,0,NA
2018,Tucumán,20 a 29,Varón,0.05372133252677046,0.4461646013479777
2018,Tucumán,30 a 39,Varón,0.03270650669127827,0.7842505809585574
2018,Tucumán,40 a 49,Varón,0.1219367040059249,0.38709643948902417
2018,Tucumán,50 a 59,Varón,0.3151330024182258,0.25176184566542187
2018,Tucumán,60 a 69,Varón,0.233310661452134,0.3103950448996491
2018,Tucumán,70 a 79,Varón,0.08984615384615384,0.7824397163817325
2018,Tucumán,80+,Varón,0.027992754816400463,1.267165050368408
2018,Tucumán,20 a 29,Mujer,0.10223619785051723,0.2730763350946627
2018,Tucumán,30 a 39,Mujer,0.15112091142962147,0.2249129984980838
2018,Tucumán,40 a 49,Mujer,0.16240172131480304,0.2860405918273212
2018,Tucumán,50 a 59,Mujer,0.17762683731190076,0.2847313814203702
2018,Tucumán,60 a 69,Mujer,0.22691477980251504,0.24639631963123856
2018,Tucumán,70 a 79,Mujer,0.20428539993398614,0.3303810539329133
2018,Tucumán,80+,Mujer,0.04041057140547968,1.058012178234828
