anio_enfr,prov_nombre,grupo_edad_enfr,sexo,dm_auto,prev,prev_low,prev_upp
2005,Buenos Aires,18 a 24,Masculino,Si,0.01709042949717601,0.0034601073139585085,0.08009865110857088
2005,Buenos Aires,25 a 34,Masculino,Si,0.01698406241272791,0.006228669961882032,0.045461786614299594
2005,Buenos Aires,35 a 49,Masculino,Si,0.056305245727451325,0.032246734048937,0.096522966619307607
2005,Buenos Aires,50 a 64,Masculino,Si,0.1320137250190594,0.09187274751469234,0.1860990008640436
2005,Buenos Aires,65+,Masculino,Si,0.20097007996831745,0.13930483437637364,0.28101975915787697
2005,Buenos Aires,18 a 24,Femenino,Si,0.028698147995505144,0.012798311844215137,0.06308861943157935
2005,Buenos Aires,25 a 34,Femenino,Si,0.055008594337598034,0.03164652785810275,0.09394384639171355
2005,Buenos Aires,35 a 49,Femenino,Si,0.057273962303846855,0.036891430425672306,0.08789017704219793
2005,Buenos Aires,50 a 64,Femenino,Si,0.1506669855924403,0.10789474206860322,0.20647090443536928
2005,Buenos Aires,65+,Femenino,Si,0.1842708895014937,0.13511863202396662,0.24621321683059352
2009,Buenos Aires,18 a 24,Masculino,Si,0.02729825117891567,0.012890967164556032,0.05687966013073954
2009,Buenos Aires,25 a 34,Masculino,Si,0.024419528755975636,0.012717270559768491,0.046384134561952124
2009,Buenos Aires,35 a 49,Masculino,Si,0.04763026013508754,0.032420492498268616,0.06946328208999668
2009,Buenos Aires,50 a 64,Masculino,Si,0.16632158683520895,0.13109494695667726,0.20874001157358343
2009,Buenos Aires,65+,Masculino,Si,0.21037517016891932,0.16612112340933188,0.2627043003373536
2009,Buenos Aires,18 a 24,Femenino,Si,0.03816576139590538,0.02207999964516721,0.06518916245655378
2009,Buenos Aires,25 a 34,Femenino,Si,0.056679558657606356,0.03739830064285533,0.08502352604452716
2009,Buenos Aires,35 a 49,Femenino,Si,0.09870819223282996,0.0767511726343645,0.1260888223708572
2009,Buenos Aires,50 a 64,Femenino,Si,0.16263119175001103,0.13178376266041064,0.199043889423333
2009,Buenos Aires,65+,Femenino,Si,0.1736838844343603,0.1419599795156661,0.21075583130592232
2013,Buenos Aires,18 a 24,Masculino,Si,0.043818366827922166,0.016178720929498437,0.11324227539469704
2013,Buenos Aires,25 a 34,Masculino,Si,0.0458614583880623,0.023571353604631327,0.0873445267035968
2013,Buenos Aires,35 a 49,Masculino,Si,0.0853156456515075,0.05856773577660445,0.12268737764414256
2013,Buenos Aires,50 a 64,Masculino,Si,0.13763173731976386,0.10024397428723392,0.1860800572862576
2013,Buenos Aires,65+,Masculino,Si,0.20692800148041915,0.15389203213070032,0.2723582587582626
2013,Buenos Aires,18 a 24,Femenino,Si,0.031868112898142606,0.013200497366688917,0.07493018138414884
2013,Buenos Aires,25 a 34,Femenino,Si,0.04702417319232572,0.02792925486189146,0.07812485055891302
2013,Buenos Aires,35 a 49,Femenino,Si,0.09212175589514991,0.066097630219146275,0.1269988020725997
2013,Buenos Aires,50 a 64,Femenino,Si,0.15374760771585866,0.11523450857513927,0.2021908690747328
2013,Buenos Aires,65+,Femenino,Si,0.168132436111831,0.125745190600759,0.22119289844067638
2018,Buenos Aires,18 a 24,Masculino,Si,0.040960090258923894,0.014498532615584432,0.1103112427010315
2018,Buenos Aires,25 a 34,Masculino,Si,0.01892686710258462,0.008219404241894749,0.04297853860828077
2018,Buenos Aires,35 a 49,Masculino,Si,0.11978036614523181,0.08540218976918068,0.16549321481476528
2018,Buenos Aires,50 a 64,Masculino,Si,0.21728447496529923,0.16943221614519638,0.2741899651753801
2018,Buenos Aires,65+,Masculino,Si,0.21759870466830308,0.16648525503090428,0.2791491992301606
2018,Buenos Aires,18 a 24,Femenino,Si,0.07488791896241126,0.04189702324751194,0.13032319762147923
2018,Buenos Aires,25 a 34,Femenino,Si,0.09024179013646093,0.05761556841947021,0.13862565783907635
2018,Buenos Aires,35 a 49,Femenino,Si,0.15859109386043097,0.12515795383869993,0.19892440740367984
2018,Buenos Aires,50 a 64,Femenino,Si,0.1566203603119305,0.11886633676939115,0.20359499900493833
2018,Buenos Aires,65+,Femenino,Si,0.20747799698557792,0.16904327138517586,0.2520013079112682
2005,CABA,18 a 24,Masculino,Si,0.014768325883468051,0.0020742407275624736,0.09755420714832339
2005,CABA,25 a 34,Masculino,Si,0.037371244451529076,0.016972437596930276,0.08028462437157914
2005,CABA,35 a 49,Masculino,Si,0.054118894562431116,0.025498902529980886,0.11119654910838374
2005,CABA,50 a 64,Masculino,Si,0.16022094716165286,0.10058420636303352,0.24556269259363625
2005,CABA,65+,Masculino,Si,0.22124342379071676,0.14768165943610678,0.31778521341731353
2005,CABA,18 a 24,Femenino,Si,0.011049054422622858,0.0015477133199800835,0.07452503619656418
2005,CABA,25 a 34,Femenino,Si,0.044576752645126935,0.016823285985774896,0.11285956617104949
2005,CABA,35 a 49,Femenino,Si,0.031295013541665376,0.013939973710524597,0.06875032416662602
2005,CABA,50 a 64,Femenino,Si,0.0916324641528556,0.04420269789307567,0.1803516480698756
2005,CABA,65+,Femenino,Si,0.14539382115371255,0.1010744254800859,0.20472078238789082
2009,CABA,18 a 24,Masculino,Si,0.044108998235640934,0.01099885742038626,0.16069633842424555
2009,CABA,25 a 34,Masculino,Si,0.0030710274499112845,0.00042889970802203195,0.021636994015360685
2009,CABA,35 a 49,Masculino,Si,0.08044805349501857,0.03732381916447243,0.16486528937310949
2009,CABA,50 a 64,Masculino,Si,0.08963936395867562,0.04579941085813427,0.16805292617401896
2009,CABA,65+,Masculino,Si,0.17802971345944657,0.11050961417311368,0.274091618459637
2009,CABA,18 a 24,Femenino,Si,0.014236184978428846,0.0019882248907400674,0.09476994409446472
2009,CABA,25 a 34,Femenino,Si,0.030003715922047983,0.009519424174509966,0.0905377902789177
2009,CABA,35 a 49,Femenino,Si,0.06462950200822318,0.032147869179159044,0.12566870121352616
2009,CABA,50 a 64,Femenino,Si,0.09917578749284738,0.05818167944496081,0.16402352817628235
2009,CABA,65+,Femenino,Si,0.12886638068619774,0.0777199251372391,0.20614821976910494
2013,CABA,25 a 34,Masculino,Si,0.050181296569016945,0.018178700146472528,0.1310053543060915
2013,CABA,35 a 49,Masculino,Si,0.03228369565996106,0.01175768562787315,0.08554134036213444
2013,CABA,50 a 64,Masculino,Si,0.12815167614885167,0.068681551541694,0.22658752240113786
2013,CABA,65+,Masculino,Si,0.2768874199122825,0.16698329400906642,0.42244414370442146
2013,CABA,25 a 34,Femenino,Si,0.013993581766298559,0.003987255645228193,0.04790379746720969
2013,CABA,35 a 49,Femenino,Si,0.02456565338921281,0.006426723699597749,0.08929900808350169
2013,CABA,50 a 64,Femenino,Si,0.12498937460967101,0.0650209582171874,0.22684718266167286
2013,CABA,65+,Femenino,Si,0.1659961695562064,0.09482924451628291,0.27438231919295825
2018,CABA,18 a 24,Masculino,Si,0.020344158481373168,3.950974476941726e-12,0.9999999908383895
2018,CABA,25 a 34,Masculino,Si,0.025361665797095114,2.2905803878531616e-4,0.7471842336304769
2018,CABA,35 a 49,Masculino,Si,0.037789596438976635,0.013947993828581945,0.0983206232078436
2018,CABA,50 a 64,Masculino,Si,0.14638137718779276,0.09330511110801121,0.22224915560059053
2018,CABA,65+,Masculino,Si,0.25777666981166825,0.1963108113625205,0.33057186305844716
2018,CABA,18 a 24,Femenino,Si,0.08012873660250387,5.918900922398125e-4,0.9276003266106948
2018,CABA,25 a 34,Femenino,Si,0.013901784936229775,6.817371628420222e-6,0.9668356271323199
2018,CABA,35 a 49,Femenino,Si,0.03632849602859873,0.017715419930339555,0.07304357139540003
2018,CABA,50 a 64,Femenino,Si,0.13844002506114364,0.07959136543010703,0.22993065349215594
2018,CABA,65+,Femenino,Si,0.13586825326957397,0.09191519811515418,0.1962959354744827
2005,Catamarca,18 a 24,Masculino,Si,0.022511313209679484,0.00684874583172293,0.07141725250915583
2005,Catamarca,25 a 34,Masculino,Si,0.03690315619331587,0.018018683297634,0.07408628113338964
2005,Catamarca,35 a 49,Masculino,Si,0.03954598684849804,0.019168424796227344,0.07982351161355632
2005,Catamarca,50 a 64,Masculino,Si,0.18340894362871277,0.10868374360677306,0.29264277814373624
2005,Catamarca,65+,Masculino,Si,0.12067069818582349,0.06116188016193933,0.2242499120391971
2005,Catamarca,18 a 24,Femenino,Si,0.04039503026473158,0.014357452038492065,0.1084564822118472
2005,Catamarca,25 a 34,Femenino,Si,0.06202901437992149,0.027070100700895643,0.13583165284841164
2005,Catamarca,35 a 49,Femenino,Si,0.09775550897453285,0.06320201482019205,0.14821117990408408
2005,Catamarca,50 a 64,Femenino,Si,0.14880125755640872,0.09531677099167524,0.22483849582557444
2005,Catamarca,65+,Femenino,Si,0.3163737280576363,0.21770007380586723,0.4349078930561656
2009,Catamarca,25 a 34,Masculino,Si,0.026721480124911715,0.007070956320119345,0.09571741680769762
2009,Catamarca,35 a 49,Masculino,Si,0.034749190945272734,0.016804442090698684,0.07048266990690503
2009,Catamarca,50 a 64,Masculino,Si,0.17006802735829246,0.10457788067989349,0.2644575995911206
2009,Catamarca,65+,Masculino,Si,0.2021693674885108,0.10401432284261065,0.3561336128732243
2009,Catamarca,18 a 24,Femenino,Si,0.013608290590149308,0.0031946185973019494,0.056058900629604766
2009,Catamarca,25 a 34,Femenino,Si,0.08033215998176998,0.04445757575162819,0.14088712682200827
2009,Catamarca,35 a 49,Femenino,Si,0.0708822672007272,0.04076053001844814,0.12046821105945521
2009,Catamarca,50 a 64,Femenino,Si,0.235801035899272,0.16086530074698602,0.3318397808805989
2009,Catamarca,65+,Femenino,Si,0.25960896518836496,0.16821086763015353,0.3780946613976305
2013,Catamarca,18 a 24,Masculino,Si,0.033813618406460855,0.006615972278595945,0.1553350435150626
2013,Catamarca,25 a 34,Masculino,Si,0.04648583240899633,0.01665354813399642,0.1230698581598447
2013,Catamarca,35 a 49,Masculino,Si,0.16164476189543367,0.08506921165952314,0.2856310945163325
2013,Catamarca,50 a 64,Masculino,Si,0.14296487183216733,0.05868614885608251,0.30859691667947897
2013,Catamarca,65+,Masculino,Si,0.3027303754327106,0.16272830655493103,0.4923524508368283
2013,Catamarca,18 a 24,Femenino,Si,0.06327000604368363,0.021128281773782794,0.17448346471074117
2013,Catamarca,25 a 34,Femenino,Si,0.06104232708845726,0.016560082577131405,0.20063274716709123
2013,Catamarca,35 a 49,Femenino,Si,0.21177438952694932,0.13527786198513808,0.3157336270234349
2013,Catamarca,50 a 64,Femenino,Si,0.15945837866316584,0.08527716845669868,0.27852041591769955
2013,Catamarca,65+,Femenino,Si,0.18335572592569402,0.0975113454091178,0.3181333322191561
2018,Catamarca,18 a 24,Masculino,Si,0.007835051546391754,5.9688580435704e-13,0.9999999904286039
2018,Catamarca,25 a 34,Masculino,Si,0.07944732297843862,5.261682069143996e-4,0.9339865327957668
2018,Catamarca,35 a 49,Masculino,Si,0.15554034473086525,0.07324569928587578,0.3003325742396585
2018,Catamarca,50 a 64,Masculino,Si,0.14618656149012815,0.06773186700362915,0.28749233162750243
2018,Catamarca,65+,Masculino,Si,0.0833408496608292,0.030756879801504967,0.20665753480793955
2018,Catamarca,18 a 24,Femenino,Si,0.12804493797327213,0.04500326480472415,0.3139449258249198
2018,Catamarca,25 a 34,Femenino,Si,0.0799695012660855,0.034375780713328655,0.17507175320481524
2018,Catamarca,35 a 49,Femenino,Si,0.13985853813863638,0.061695755155002814,0.28678059010562384
2018,Catamarca,50 a 64,Femenino,Si,0.12212269555254864,0.056938027491800505,0.24272586575504343
2018,Catamarca,65+,Femenino,Si,0.20204290092088237,0.09823440515314781,0.3704815635589488
2005,Chaco,18 a 24,Masculino,Si,0.029783665219986002,0.011533293947775556,0.07473020738858144
2005,Chaco,25 a 34,Masculino,Si,0.02126676913932723,0.00715668504140706,0.06147373586911673
2005,Chaco,35 a 49,Masculino,Si,0.04478779269285623,0.02408344797248002,0.08179958414526023
2005,Chaco,50 a 64,Masculino,Si,0.12052850073749502,0.07040042012959358,0.19871976572107303
2005,Chaco,65+,Masculino,Si,0.16619693106866804,0.09914830141377114,0.26523709711095916
2005,Chaco,18 a 24,Femenino,Si,0.03319535588117851,0.010929110790106689,0.09640380725827391
2005,Chaco,25 a 34,Femenino,Si,0.07568686416490447,0.044526199757159414,0.1257838166603909
2005,Chaco,35 a 49,Femenino,Si,0.11115285772254101,0.07554556720541206,0.16062702318962127
2005,Chaco,50 a 64,Femenino,Si,0.16429988918385866,0.10408696625787431,0.2496394075451108
2005,Chaco,65+,Femenino,Si,0.20244217871214368,0.1339885129021739,0.2939957487299871
2009,Chaco,18 a 24,Masculino,Si,0.04416611733684915,0.014710558154131604,0.12511244657474377
2009,Chaco,25 a 34,Masculino,Si,0.026620852443831243,0.00973527292832325,0.0707029563887391
2009,Chaco,35 a 49,Masculino,Si,0.061715236978690455,0.0336807378604605,0.1104181411237717
2009,Chaco,50 a 64,Masculino,Si,0.10030400636965837,0.05670277070899606,0.17134224870081852
2009,Chaco,65+,Masculino,Si,0.2785326086956522,0.17158167213578107,0.4184729573335642
2009,Chaco,18 a 24,Femenino,Si,0.033607982994031844,0.008251162870003033,0.1269171286818727
2009,Chaco,25 a 34,Femenino,Si,0.046960609499108755,0.020762905733898787,0.10274514069992148
2009,Chaco,35 a 49,Femenino,Si,0.08943112180665039,0.053052338232487145,0.14688596031630569
2009,Chaco,50 a 64,Femenino,Si,0.19203863386706724,0.12749577402627219,0.27881422479625695
2009,Chaco,65+,Femenino,Si,0.15493427810169622,0.09460365784265776,0.24339602425747844
2013,Chaco,18 a 24,Masculino,Si,0.021950925121603484,0.005267768920772869,0.08685659951211297
2013,Chaco,25 a 34,Masculino,Si,0.060768078232012634,0.023615498576384182,0.14753806082082796
2013,Chaco,35 a 49,Masculino,Si,0.043310240159638025,0.018288429782819946,0.09911014668042599
2013,Chaco,50 a 64,Masculino,Si,0.17277723259977742,0.09832570195004302,0.28573811709942065
2013,Chaco,65+,Masculino,Si,0.13761538760419587,0.06598977135528647,0.26493204728224323
2013,Chaco,18 a 24,Femenino,Si,0.06366168650300043,0.021658644292282862,0.17273965257507598
2013,Chaco,25 a 34,Femenino,Si,0.09336641804193348,0.04144658224001089,0.19696165036256455
2013,Chaco,35 a 49,Femenino,Si,0.13269319336562024,0.05803289546921874,0.2753300124513947
2013,Chaco,50 a 64,Femenino,Si,0.08480439356667965,0.0424519817780191,0.16225036816829605
2013,Chaco,65+,Femenino,Si,0.23672328531501435,0.13705359723888105,0.3771936362915419
2018,Chaco,18 a 24,Masculino,Si,0.05828076605066523,0.017561571063273645,0.17645599182810534
2018,Chaco,25 a 34,Masculino,Si,0.032596547870389105,4.693777740331126e-6,0.9958827728523614
2018,Chaco,35 a 49,Masculino,Si,0.07735246247546962,0.03612859335211502,0.15790802644319885
2018,Chaco,50 a 64,Masculino,Si,0.20646720254953083,0.09624823821450279,0.3886281148470858
2018,Chaco,65+,Masculino,Si,0.11832646745919258,0.06099745693577465,0.21708031502101618
2018,Chaco,18 a 24,Femenino,Si,0.04425350153968419,0.002598805530657103,0.45140011320399914
2018,Chaco,25 a 34,Femenino,Si,0.04070195232022133,0.01578347493947611,0.1009267868932596
2018,Chaco,35 a 49,Femenino,Si,0.0943939219523566,0.05218047039131857,0.16481912632007753
2018,Chaco,50 a 64,Femenino,Si,0.17290802126566554,0.09919734371614193,0.28411564560063396
2018,Chaco,65+,Femenino,Si,0.2909482758623395,0.17785340410917141,0.4376741349525279
2005,Chubut,18 a 24,Masculino,Si,0.03304437387471083,0.012059757587279125,0.0873161226129925
2005,Chubut,25 a 34,Masculino,Si,0.01840345114180698,0.006156310559057483,0.053698200234774895
2005,Chubut,35 a 49,Masculino,Si,0.07128037945255987,0.04168589014005655,0.11927027523253923
2005,Chubut,50 a 64,Masculino,Si,0.1487600097267317,0.09683692136338384,0.22169002719386777
2005,Chubut,65+,Masculino,Si,0.1713758079848615,0.09702647453304937,0.2847325142140884
2005,Chubut,18 a 24,Femenino,Si,0.0292447615866157,0.008939507005546894,0.09141717622790799
2005,Chubut,25 a 34,Femenino,Si,0.05590392177702206,0.03087135780902826,0.09915773866765652
2005,Chubut,35 a 49,Femenino,Si,0.1252155720788221,0.08213936542190034,0.1862970187074101
2005,Chubut,50 a 64,Femenino,Si,0.11519336028333815,0.07705460092726805,0.16875757714383613
2005,Chubut,65+,Femenino,Si,0.23781809882460414,0.15819185842293815,0.34127562464981787
2009,Chubut,18 a 24,Masculino,Si,0.051720084632866106,0.020960591526728998,0.1219942467151256
2009,Chubut,25 a 34,Masculino,Si,0.0555964112369467,0.026209185704034455,0.11407427517541563
2009,Chubut,35 a 49,Masculino,Si,0.11840004911591431,0.0628134320478421,0.21204790928316017
2009,Chubut,50 a 64,Masculino,Si,0.15465156887930342,0.09686610855272687,0.23783111019968767
2009,Chubut,65+,Masculino,Si,0.31952935000064486,0.2098174275103737,0.45367205030536323
2009,Chubut,18 a 24,Femenino,Si,0.09784887430515166,0.043202915498838694,0.20668370544607292
2009,Chubut,25 a 34,Femenino,Si,0.053784615384615486,0.022357614427508492,0.12379332848318268
2009,Chubut,35 a 49,Femenino,Si,0.09847265820799653,0.05686412633922894,0.16519422340730475
2009,Chubut,50 a 64,Femenino,Si,0.17122900386648957,0.11300478758878668,0.2509645489052238
2009,Chubut,65+,Femenino,Si,0.19516187705403423,0.12899305679612935,0.2841980311788166
2013,Chubut,18 a 24,Masculino,Si,0.07960864362760692,0.027866160834707932,0.20697246586841195
2013,Chubut,25 a 34,Masculino,Si,0.07116558481245949,0.03652208851786407,0.13409694338895528
2013,Chubut,35 a 49,Masculino,Si,0.07587329415139119,0.04345104437497581,0.12922013722148754
2013,Chubut,50 a 64,Masculino,Si,0.11284829219243037,0.06838989818527198,0.18060498914815235
2013,Chubut,65+,Masculino,Si,0.15822864348510765,0.08304476843239744,0.2806467357719738
2013,Chubut,18 a 24,Femenino,Si,0.0630556355219304,0.021657286445267057,0.1698494165357608
2013,Chubut,25 a 34,Femenino,Si,0.06282567435225532,0.032637513207502994,0.11754360091725699
2013,Chubut,35 a 49,Femenino,Si,0.06617798931999427,0.03871208734346543,0.11088294604859283
2013,Chubut,50 a 64,Femenino,Si,0.1940426575147319,0.12738430770726383,0.2842210901196893
2013,Chubut,65+,Femenino,Si,0.21058191337937124,0.13894105901527481,0.30603340360900305
2018,Chubut,25 a 34,Masculino,Si,0.04436140397704577,0.0022842830780495788,0.4848536791660511
2018,Chubut,35 a 49,Masculino,Si,0.10593333438005599,0.059457761600045796,0.18171809490741042
2018,Chubut,50 a 64,Masculino,Si,0.12547731017485603,0.05366206667010347,0.2663514901395817
2018,Chubut,65+,Masculino,Si,0.29741344686320775,0.16509901594080864,0.47538916416961446
2018,Chubut,18 a 24,Femenino,Si,0.038212834092875736,9.257184714997105e-5,0.9446003893249357
2018,Chubut,25 a 34,Femenino,Si,0.1598394267773748,0.09225932577105442,0.2626014103862818
2018,Chubut,35 a 49,Femenino,Si,0.10534387165272459,0.06247766213336896,0.1722181839094818
2018,Chubut,50 a 64,Femenino,Si,0.22328121591760874,0.11640104802268228,0.3854850365409961
2018,Chubut,65+,Femenino,Si,0.1757506760097576,0.09853306927713214,0.2937620300892139
2005,Córdoba,25 a 34,Masculino,Si,0.06977500982029698,0.024938811515243995,0.18031331750558643
2005,Córdoba,35 a 49,Masculino,Si,0.08406801852318879,0.040887454214599245,0.16500545906809155
2005,Córdoba,50 a 64,Masculino,Si,0.15089433933224192,0.09279812355499491,0.23590391286993254
2005,Córdoba,65+,Masculino,Si,0.22805264279480986,0.1393053985493705,0.35032552704311265
2005,Córdoba,18 a 24,Femenino,Si,0.05952906777828839,0.021400221203671667,0.1548430228228709
2005,Córdoba,25 a 34,Femenino,Si,0.059259788668125445,0.029033663553696454,0.11715660690297564
2005,Córdoba,35 a 49,Femenino,Si,0.06182749854799822,0.028438599001705065,0.12920412293663616
2005,Córdoba,50 a 64,Femenino,Si,0.1499722511432079,0.0929888967088137,0.23290807005566838
2005,Córdoba,65+,Femenino,Si,0.22302871113560563,0.14909571857586137,0.319842732466636
2009,Córdoba,18 a 24,Masculino,Si,0.0453863313730491,0.015315361484430403,0.1268916169063211
2009,Córdoba,25 a 34,Masculino,Si,0.0519826197061423,0.02501882182839691,0.10488036433093631
2009,Córdoba,35 a 49,Masculino,Si,0.06784492101827515,0.041890976075719545,0.10806520889867724
2009,Córdoba,50 a 64,Masculino,Si,0.14630699661705485,0.09703252748843741,0.2146553813446403
2009,Córdoba,65+,Masculino,Si,0.22163227875457533,0.15443588749265802,0.30743594827879706
2009,Córdoba,18 a 24,Femenino,Si,0.05701109477342822,0.026542029639672615,0.11820990950490463
2009,Córdoba,25 a 34,Femenino,Si,0.041445914181257947,0.022248525583431114,0.07592174738801244
2009,Córdoba,35 a 49,Femenino,Si,0.10444368361648812,0.07024677198519257,0.15255647548609153
2009,Córdoba,50 a 64,Femenino,Si,0.11420052476744885,0.08032242938317606,0.15988349656015652
2009,Córdoba,65+,Femenino,Si,0.18635061082912913,0.13958493404654673,0.2443350517065303
2013,Córdoba,18 a 24,Masculino,Si,0.023329111983160105,0.007039146988852484,0.07448923237921903
2013,Córdoba,25 a 34,Masculino,Si,0.06176422014098545,0.020698775217711355,0.1701465007415053
2013,Córdoba,35 a 49,Masculino,Si,0.08293780176989479,0.04602024034178397,0.14497027081029393
2013,Córdoba,50 a 64,Masculino,Si,0.20297481043271873,0.12480867055110449,0.31260939986044267
2013,Córdoba,65+,Masculino,Si,0.3248819162061339,0.1844907143019374,0.5058402367119869
2013,Córdoba,18 a 24,Femenino,Si,0.024612352614806862,0.01129976750836024,0.05277175325750987
2013,Córdoba,25 a 34,Femenino,Si,0.07115201986997453,0.0421479501859097,0.1176634144580364
2013,Córdoba,35 a 49,Femenino,Si,0.14887220902510198,0.08687823597038255,0.24331570555477797
2013,Córdoba,50 a 64,Femenino,Si,0.14901657419293549,0.09595820229147858,0.22413893819422664
2013,Córdoba,65+,Femenino,Si,0.27201106538151476,0.17442328808161917,0.3978841344628328
2018,Córdoba,18 a 24,Masculino,Si,0.0414965406251888,3.689495207728674e-4,0.8354774195106621
2018,Córdoba,25 a 34,Masculino,Si,0.0410828124531854,0.016471789443481103,0.09877302395016492
2018,Córdoba,35 a 49,Masculino,Si,0.13810490343575463,0.0698654172273097,0.2547415648900034
2018,Córdoba,50 a 64,Masculino,Si,0.1851493053408639,0.1151412000392756,0.2840589984479265
2018,Córdoba,65+,Masculino,Si,0.22283309516388508,0.14199997870770253,0.3318816335279436
2018,Córdoba,18 a 24,Femenino,Si,0.11536188348227978,0.045211133641495385,0.2642368405394237
2018,Córdoba,25 a 34,Femenino,Si,0.09915490720585171,0.051711302633217486,0.18178249277932676
2018,Córdoba,35 a 49,Femenino,Si,0.09875949112638811,0.059893990054313014,0.1585905321014706
2018,Córdoba,50 a 64,Femenino,Si,0.24894301216563927,0.17505031588028186,0.3411292128271507
2018,Córdoba,65+,Femenino,Si,0.21019072650857173,0.13454931155765737,0.31297816160769276
2005,Corrientes,18 a 24,Masculino,Si,0.009595260907336789,0.002634924085430202,0.034309330360452896
2005,Corrientes,25 a 34,Masculino,Si,0.01846729926386124,0.00460387278114559,0.07109531967281567
2005,Corrientes,35 a 49,Masculino,Si,0.041934547897932044,0.021677025756050124,0.0795830766547203
2005,Corrientes,50 a 64,Masculino,Si,0.18872956093258436,0.11793284361307078,0.28814305838072213
2005,Corrientes,65+,Masculino,Si,0.2353065204803707,0.14140267729059328,0.3650565230935904
2005,Corrientes,18 a 24,Femenino,Si,0.060131876835675634,0.019704253026946908,0.16918995004431556
2005,Corrientes,25 a 34,Femenino,Si,0.06329886431322712,0.03468405948825373,0.11276353474735538
2005,Corrientes,35 a 49,Femenino,Si,0.0504887335783872,0.029252370859032154,0.08577975695247354
2005,Corrientes,50 a 64,Femenino,Si,0.1519474818534711,0.10007517601307284,0.22401404499886665
2005,Corrientes,65+,Femenino,Si,0.1258492967040499,0.07258153454389445,0.20938425264018462
2009,Corrientes,18 a 24,Masculino,Si,0.034473674306576343,0.008397223702870311,0.1308421252578866
2009,Corrientes,25 a 34,Masculino,Si,0.005323611513647906,7.45565266999495e-4,0.036972449300670625
2009,Corrientes,35 a 49,Masculino,Si,0.045652352409886396,0.02085286603287414,0.09702245548553434
2009,Corrientes,50 a 64,Masculino,Si,0.13747448558961375,0.07164190194026647,0.2476630084826576
2009,Corrientes,65+,Masculino,Si,0.1778467414657437,0.0953735813007498,0.3074029707709173
2009,Corrientes,18 a 24,Femenino,Si,0.02866461653266831,0.009185856124811344,0.08586871879041844
2009,Corrientes,25 a 34,Femenino,Si,0.03919255054533494,0.015084440117745061,0.09799686473882212
2009,Corrientes,35 a 49,Femenino,Si,0.11389412803389885,0.054865133183677264,0.22154513726270597
2009,Corrientes,50 a 64,Femenino,Si,0.21569707178025407,0.14638010030872037,0.30606912751640303
2009,Corrientes,65+,Femenino,Si,0.29908256880734013,0.1982945544749249,0.4240051485574157
2013,Corrientes,18 a 24,Masculino,Si,0.005658200728791231,7.876294443002038e-4,0.039458214488712014
2013,Corrientes,25 a 34,Masculino,Si,0.028461903793407926,0.007376628729217641,0.10353092752504828
2013,Corrientes,35 a 49,Masculino,Si,0.03889543446244892,0.015883079766062798,0.09212817988365626
2013,Corrientes,50 a 64,Masculino,Si,0.07815382225592851,0.03327278199150955,0.17275561990965732
2013,Corrientes,65+,Masculino,Si,0.17538191395969582,0.09325518886490071,0.30546922656629283
2013,Corrientes,18 a 24,Femenino,Si,0.03187300461169628,0.009723285227023992,0.0994145226547445
2013,Corrientes,25 a 34,Femenino,Si,0.047075449477899274,0.022217101644825047,0.09698849846432854
2013,Corrientes,35 a 49,Femenino,Si,0.06497819129156966,0.035407725154161525,0.11626750046362498
2013,Corrientes,50 a 64,Femenino,Si,0.15621598848836152,0.09694206114527656,0.2420192541616985
2013,Corrientes,65+,Femenino,Si,0.2532879198468543,0.15787401297510448,0.38032398115722355
2018,Corrientes,18 a 24,Masculino,Si,0.06621717301750991,3.2745564407285494e-12,0.9999999993488171
2018,Corrientes,25 a 34,Masculino,Si,0.03616480074752671,8.707158503996508e-7,0.9993819242127903
2018,Corrientes,35 a 49,Masculino,Si,0.08472121650978207,0.004015830878138439,0.6799978264598986
2018,Corrientes,50 a 64,Masculino,Si,0.10754513836768856,0.043678956817026236,0.24123814917000647
2018,Corrientes,65+,Masculino,Si,0.19800521066343954,0.10638586120532012,0.33862758855936287
2018,Corrientes,18 a 24,Femenino,Si,0.14186437088688036,0.007468710003926232,0.7841056924252653
2018,Corrientes,25 a 34,Femenino,Si,0.12432653364548772,0.05334795439711641,0.26345889460538985
2018,Corrientes,35 a 49,Femenino,Si,0.12670584370385518,0.06617582319655373,0.22902310828959824
2018,Corrientes,50 a 64,Femenino,Si,0.24670614699541743,0.16161757787207448,0.3574903480226965
2018,Corrientes,65+,Femenino,Si,0.250186197944378,0.15734153976868415,0.37353151625176806
2005,Entre Ríos,18 a 24,Masculino,Si,0.00491215718903062,6.832674231326878e-4,0.0344132288294003
2005,Entre Ríos,25 a 34,Masculino,Si,0.02045577506264059,0.006475945524663689,0.06270948085706221
2005,Entre Ríos,35 a 49,Masculino,Si,0.024987645567317897,0.011191875026114064,0.0548456692014625
2005,Entre Ríos,50 a 64,Masculino,Si,0.1676923937673093,0.10544437864967261,0.25616488440313734
2005,Entre Ríos,65+,Masculino,Si,0.15473131346031083,0.08767311987373143,0.2585447913741611
2005,Entre Ríos,25 a 34,Femenino,Si,0.08714794884339037,0.046935943457573376,0.15616618834890067
2005,Entre Ríos,35 a 49,Femenino,Si,0.030547705558499248,0.014569212644650317,0.06293117496680843
2005,Entre Ríos,50 a 64,Femenino,Si,0.13441421119773223,0.0846063671905691,0.20691603549220683
2005,Entre Ríos,65+,Femenino,Si,0.1895886197616309,0.11732768165250909,0.2916492401809989
2009,Entre Ríos,18 a 24,Masculino,Si,0.028610235603699855,0.00812320859635838,0.09577705290895826
2009,Entre Ríos,25 a 34,Masculino,Si,0.062031507292275224,0.02246026198015013,0.1599155564945817
2009,Entre Ríos,35 a 49,Masculino,Si,0.026031631096460034,0.008865808392028548,0.07395369491375628
2009,Entre Ríos,50 a 64,Masculino,Si,0.19325615791569506,0.12753170006564823,0.28190779461128823
2009,Entre Ríos,65+,Masculino,Si,0.18612597901357764,0.10868224667970729,0.30016943803326496
2009,Entre Ríos,18 a 24,Femenino,Si,0.05232952572016346,0.017951200946065792,0.14296141348153568
2009,Entre Ríos,25 a 34,Femenino,Si,0.05432808764866988,0.026631964460951955,0.10764180022146425
2009,Entre Ríos,35 a 49,Femenino,Si,0.1272916913263005,0.07810922621900782,0.20070054155948647
2009,Entre Ríos,50 a 64,Femenino,Si,0.13806699023527158,0.0872239206618355,0.2116738725776298
2009,Entre Ríos,65+,Femenino,Si,0.18008063728567675,0.12073816986343056,0.25996622408602765
2013,Entre Ríos,18 a 24,Masculino,Si,0.017515386417221612,0.0032659987336698545,0.08841915919448477
2013,Entre Ríos,25 a 34,Masculino,Si,0.02323024589553923,0.0059766001446463855,0.08598431995038208
2013,Entre Ríos,35 a 49,Masculino,Si,0.06186738496215702,0.03242772290116465,0.11486120973601635
2013,Entre Ríos,50 a 64,Masculino,Si,0.1589360077234555,0.09470250340041239,0.25448962023061805
2013,Entre Ríos,65+,Masculino,Si,0.15419391853127237,0.07702073069196778,0.28483035382140104
2013,Entre Ríos,18 a 24,Femenino,Si,0.03813999584392379,0.011283837396038552,0.12108717967538558
2013,Entre Ríos,25 a 34,Femenino,Si,0.03389725167511043,0.015569537115820532,0.07221679189754782
2013,Entre Ríos,35 a 49,Femenino,Si,0.07697115813922517,0.037142470849516634,0.15273423593713523
2013,Entre Ríos,50 a 64,Femenino,Si,0.11043643463991755,0.06343950489656358,0.18535879731199256
2013,Entre Ríos,65+,Femenino,Si,0.13570606525616907,0.09158163029399771,0.19649143858822046
2018,Entre Ríos,18 a 24,Masculino,Si,0.022929611773371706,7.331223510936684e-7,0.9986705948989603
2018,Entre Ríos,25 a 34,Masculino,Si,0.009728622637404363,1.2592337033088408e-8,0.9998695465939555
2018,Entre Ríos,35 a 49,Masculino,Si,0.06270242003551048,0.029814736773425825,0.1271143708327711
2018,Entre Ríos,50 a 64,Masculino,Si,0.11510692429347466,0.06741960428312276,0.18966457183519692
2018,Entre Ríos,65+,Masculino,Si,0.20977644376011081,0.15806059093394242,0.2729280266709637
2018,Entre Ríos,18 a 24,Femenino,Si,0.040813838033691444,0.002169935203344649,0.4543171826641985
2018,Entre Ríos,25 a 34,Femenino,Si,0.07937738402929102,0.047742502442394294,0.12913147233720454
2018,Entre Ríos,35 a 49,Femenino,Si,0.12701792540049603,0.08278141730170363,0.18999673376671475
2018,Entre Ríos,50 a 64,Femenino,Si,0.22401509790044863,0.14874457319820536,0.32292596137649243
2018,Entre Ríos,65+,Femenino,Si,0.19469201300668043,0.13887410044264467,0.2660144196620175
2005,Formosa,18 a 24,Masculino,Si,0.005668369253787147,7.860246800329176e-4,0.03967301505466452
2005,Formosa,25 a 34,Masculino,Si,0.011157141524067323,0.0037534190649580923,0.03268576751134591
2005,Formosa,35 a 49,Masculino,Si,0.09578711205322521,0.057548786606715314,0.15524760592542167
2005,Formosa,50 a 64,Masculino,Si,0.08874950612652192,0.05174994228564344,0.14807179505558235
2005,Formosa,65+,Masculino,Si,0.05689918533604891,0.02309015166051961,0.13344962921849218
2005,Formosa,18 a 24,Femenino,Si,0.0403508771930341,0.016707713116542077,0.0942448159680701
2005,Formosa,25 a 34,Femenino,Si,0.037517688883606605,0.020271793794241558,0.068410777941366
2005,Formosa,35 a 49,Femenino,Si,0.07522548462611885,0.04765312731375411,0.11679483449286965
2005,Formosa,50 a 64,Femenino,Si,0.21260647359454857,0.11520091167424015,0.35895846985807883
2005,Formosa,65+,Femenino,Si,0.26648036698036454,0.1509480117726723,0.42606538693259566
2009,Formosa,18 a 24,Masculino,Si,0.02930009905978478,0.008147647166741821,0.09983961904233166
2009,Formosa,35 a 49,Masculino,Si,0.08672531513108696,0.04676241464204665,0.15527710599819478
2009,Formosa,50 a 64,Masculino,Si,0.09860641891905268,0.04747040514088965,0.19362953542774267
2009,Formosa,65+,Masculino,Si,0.09654094195878217,0.03920285625317897,0.21865638813726657
2009,Formosa,18 a 24,Femenino,Si,0.05293468937630202,0.01654792617755211,0.15659158941972212
2009,Formosa,25 a 34,Femenino,Si,0.04622638165126632,0.023760405148170825,0.08801920823789455
2009,Formosa,35 a 49,Femenino,Si,0.09549277969668002,0.060608727444726784,0.14730632411519134
2009,Formosa,50 a 64,Femenino,Si,0.17066801783708926,0.1103689469905767,0.25448705032152913
2009,Formosa,65+,Femenino,Si,0.18441301862490794,0.1163264322348278,0.2797357161911475
2013,Formosa,18 a 24,Masculino,Si,0.03899191631009835,0.009773123067632818,0.1429551962597829
2013,Formosa,25 a 34,Masculino,Si,0.06677635548334636,0.017169943734813255,0.22665156647834017
2013,Formosa,35 a 49,Masculino,Si,0.0399822160122573,0.016768115764128504,0.09231687929221805
2013,Formosa,50 a 64,Masculino,Si,0.09094848130435747,0.04232411703916765,0.18466363022498472
2013,Formosa,65+,Masculino,Si,0.263957792006092,0.13664020247582218,0.4483063240911387
2013,Formosa,18 a 24,Femenino,Si,0.021952628538417104,0.0061927841863006275,0.07480055829168797
2013,Formosa,25 a 34,Femenino,Si,0.03166236375095626,0.014421153274812281,0.06809220085894434
2013,Formosa,35 a 49,Femenino,Si,0.041000282565932654,0.01852099984477564,0.0883082632153956
2013,Formosa,50 a 64,Femenino,Si,0.14646424941801475,0.07626488121238835,0.26289041115014145
2013,Formosa,65+,Femenino,Si,0.17692641498139908,0.09363051903427798,0.3090567573746639
2018,Formosa,25 a 34,Masculino,Si,0.05415391216722368,1.7505993640939282e-4,0.9492956119883823
2018,Formosa,35 a 49,Masculino,Si,0.06595622920016746,0.02289834457061713,0.17544216089784276
2018,Formosa,50 a 64,Masculino,Si,0.2707370654043309,0.1821455969351022,0.38227704046618355
2018,Formosa,65+,Masculino,Si,0.2561242093156986,0.15203902595715843,0.39801909813493536
2018,Formosa,18 a 24,Femenino,Si,0.04953619584967007,8.251106492319331e-7,0.9996963267700454
2018,Formosa,25 a 34,Femenino,Si,0.05299139707565988,0.0030422881212416935,0.5064349589168121
2018,Formosa,35 a 49,Femenino,Si,0.1148802814965565,0.06449733012437876,0.1963595515175402
2018,Formosa,50 a 64,Femenino,Si,0.19175474968711714,0.11187376826850906,0.30883873232501546
2018,Formosa,65+,Femenino,Si,0.2721417898912874,0.18332915880317832,0.38376140855680785
2005,Jujuy,25 a 34,Masculino,Si,0.011053596467327703,0.002953152485852963,0.04047149738960897
2005,Jujuy,35 a 49,Masculino,Si,0.024213970906256363,0.009710339445185887,0.059088050039869
2005,Jujuy,50 a 64,Masculino,Si,0.10463321679423473,0.057663725869899714,0.18245373037565565
2005,Jujuy,65+,Masculino,Si,0.14442309917318524,0.07992830914204961,0.24698898724671128
2005,Jujuy,25 a 34,Femenino,Si,0.02203739588647,0.009109518562875766,0.05234286825272567
2005,Jujuy,35 a 49,Femenino,Si,0.04576026903675447,0.02617803922456738,0.078805400672392
2005,Jujuy,50 a 64,Femenino,Si,0.0582486874774119,0.031021197204188146,0.10674136769742523
2005,Jujuy,65+,Femenino,Si,0.07852845660238274,0.04409820038259948,0.13601556206341572
2009,Jujuy,18 a 24,Masculino,Si,0.054992765499767275,0.022017912800669174,0.1307496358713416
2009,Jujuy,25 a 34,Masculino,Si,0.03931277988297911,0.017039481739730782,0.08809158030972457
2009,Jujuy,35 a 49,Masculino,Si,0.0649193458612202,0.03539808215634622,0.11609750209044764
2009,Jujuy,50 a 64,Masculino,Si,0.18675392352951178,0.12083652228572866,0.27728852014188016
2009,Jujuy,65+,Masculino,Si,0.1997167830461969,0.12068038716126242,0.3121411865742151
2009,Jujuy,18 a 24,Femenino,Si,0.0418050105644588,0.014980608505819231,0.1112372067568928
2009,Jujuy,25 a 34,Femenino,Si,0.026979782514456447,0.013015668961771481,0.05508935241165513
2009,Jujuy,35 a 49,Femenino,Si,0.07779449351072382,0.04738597152561127,0.12515308048944
2009,Jujuy,50 a 64,Femenino,Si,0.1956386292835291,0.13006929799135467,0.28349055464170525
2009,Jujuy,65+,Femenino,Si,0.22941610628177894,0.15205646490284352,0.33077983016085094
2013,Jujuy,18 a 24,Masculino,Si,0.006667570131454114,9.240718264287037e-4,0.04644964039573568
2013,Jujuy,25 a 34,Masculino,Si,0.06788952629892897,0.030638005539104084,0.14371854655518074
2013,Jujuy,35 a 49,Masculino,Si,0.03524766273759893,0.011557526041002528,0.10246316555955096
2013,Jujuy,50 a 64,Masculino,Si,0.08757367977895561,0.04495053035550536,0.16368614719309174
2013,Jujuy,65+,Masculino,Si,0.12914494246089564,0.06270506868628636,0.24740050964556318
2013,Jujuy,18 a 24,Femenino,Si,0.026898306012193285,0.006050405522556821,0.11152186522376782
2013,Jujuy,25 a 34,Femenino,Si,0.040881754665272683,0.01632282549424426,0.09868447973624797
2013,Jujuy,35 a 49,Femenino,Si,0.10776784590205439,0.062867168331921,0.1786247149581391
2013,Jujuy,50 a 64,Femenino,Si,0.15845784911960203,0.09242422836606037,0.2582456116851079
2013,Jujuy,65+,Femenino,Si,0.13515640423509293,0.06537208895865534,0.2588069047710476
2018,Jujuy,25 a 34,Masculino,Si,0.032224888584731916,7.650657827572715e-7,0.9993104502756939
2018,Jujuy,35 a 49,Masculino,Si,0.08542004655472547,0.030953903890836708,0.21450936985632316
2018,Jujuy,50 a 64,Masculino,Si,0.12801498997708027,0.0707675037963495,0.2205798179759461
2018,Jujuy,65+,Masculino,Si,0.14017753026500376,0.062445236260696445,0.28523360219430205
2018,Jujuy,18 a 24,Femenino,Si,0.038789404428194424,0.002183520254023845,0.4266672575381653
2018,Jujuy,25 a 34,Femenino,Si,0.04583132993557203,9.275766252020567e-4,0.7130537856184711
2018,Jujuy,35 a 49,Femenino,Si,0.1100785130588049,0.04765225895767842,0.23417615488819396
2018,Jujuy,50 a 64,Femenino,Si,0.20254057868736958,0.1275373039115038,0.3061734148323478
2018,Jujuy,65+,Femenino,Si,0.12314660679029095,0.06593502865823504,0.21839360455099682
2005,La Pampa,18 a 24,Masculino,Si,0.003264640020269737,4.523817663481939e-4,0.02315448641136314
2005,La Pampa,25 a 34,Masculino,Si,0.016026050312934432,0.004912807526777508,0.050990330443700854
2005,La Pampa,35 a 49,Masculino,Si,0.005078268153866081,7.106128953185852e-4,0.03534151828647625
2005,La Pampa,50 a 64,Masculino,Si,0.1272135613743006,0.07122743738075206,0.21692760242151737
2005,La Pampa,65+,Masculino,Si,0.21288482111079235,0.12452312187331323,0.339624210670677
2005,La Pampa,18 a 24,Femenino,Si,0.018085575650647265,0.0031505102585169956,0.09693590348296018
2005,La Pampa,25 a 34,Femenino,Si,0.10977337110488618,0.058320891559039814,0.1971169284161324
2005,La Pampa,35 a 49,Femenino,Si,0.08261609290804596,0.05148323525658026,0.12999535181310792
2005,La Pampa,50 a 64,Femenino,Si,0.09751084722702576,0.05680666431609768,0.1623605257596018
2005,La Pampa,65+,Femenino,Si,0.1272550406791686,0.0717108077009708,0.215819237556129
2009,La Pampa,18 a 24,Masculino,Si,0.04533748983465937,0.01404417692363295,0.13669173865854042
2009,La Pampa,25 a 34,Masculino,Si,0.02658788793982168,0.008068575136582205,0.08401332005011826
2009,La Pampa,35 a 49,Masculino,Si,0.024227055372225543,0.00889168757101237,0.06429533150694063
2009,La Pampa,50 a 64,Masculino,Si,0.12148790941319917,0.07155319290044847,0.1988085092697561
2009,La Pampa,65+,Masculino,Si,0.24134615384616467,0.15178501899237037,0.36124655878370093
2009,La Pampa,18 a 24,Femenino,Si,0.035636074062216486,0.008809331073764299,0.13318052595296304
2009,La Pampa,25 a 34,Femenino,Si,0.0585324643977795,0.02762994469189932,0.1197415036496469
2009,La Pampa,35 a 49,Femenino,Si,0.12692838824225916,0.07986244503134683,0.19582876501704696
2009,La Pampa,50 a 64,Femenino,Si,0.18916215582253285,0.12555145345837743,0.27487070463598623
2009,La Pampa,65+,Femenino,Si,0.22677474510824547,0.1595691236247,0.31178468892828864
2013,La Pampa,18 a 24,Masculino,Si,0.024268490027895995,0.0034242945239076616,0.1525696199724555
2013,La Pampa,25 a 34,Masculino,Si,0.012143801860971741,0.0017074587539669098,0.0811818694791954
2013,La Pampa,35 a 49,Masculino,Si,0.07149988139954347,0.03413159520934638,0.14369355853057622
2013,La Pampa,50 a 64,Masculino,Si,0.11055590256092808,0.053791811288742594,0.21369258756594506
2013,La Pampa,65+,Masculino,Si,0.126586869786001,0.05640414570739188,0.2600315701389992
2013,La Pampa,18 a 24,Femenino,Si,0.03282595326698624,0.008443195431667369,0.11916065656135255
2013,La Pampa,25 a 34,Femenino,Si,0.11758846965082423,0.05917602183597025,0.22016665362499527
2013,La Pampa,35 a 49,Femenino,Si,0.09887560235663372,0.05162525201107143,0.18111332008826445
2013,La Pampa,50 a 64,Femenino,Si,0.12941719029226978,0.057688582026914,0.26522870716719127
2013,La Pampa,65+,Femenino,Si,0.14617811835919903,0.08105877997384013,0.24941291166382182
2018,La Pampa,18 a 24,Masculino,Si,0.11257928118393284,1.5541165831295052e-5,0.999035253208184
2018,La Pampa,25 a 34,Masculino,Si,0.03490127407908707,1.027666435753761e-8,0.9999921420423072
2018,La Pampa,35 a 49,Masculino,Si,0.2268953815159698,0.11415387094669024,0.40062666021038
2018,La Pampa,50 a 64,Masculino,Si,0.1761859880793689,0.10110094966055547,0.2891002333315151
2018,La Pampa,65+,Masculino,Si,0.26378488807164296,0.1374872342834497,0.4460958271058582
2018,La Pampa,18 a 24,Femenino,Si,0.0472709551656988,8.8588279400164e-9,0.9999964014730242
2018,La Pampa,25 a 34,Femenino,Si,0.15674906470708155,0.07523270153393163,0.29811701991821393
2018,La Pampa,35 a 49,Femenino,Si,0.10048801188210195,0.03246050483545576,0.27113024109491274
2018,La Pampa,50 a 64,Femenino,Si,0.1806872362631523,0.09292783917133655,0.3219122014996669
2018,La Pampa,65+,Femenino,Si,0.14918523614670465,0.08096793507671829,0.2586985998532333
2005,La Rioja,18 a 24,Masculino,Si,0.01283494708739449,0.0030042968344341247,0.05311953027161094
2005,La Rioja,25 a 34,Masculino,Si,0.018671963677647094,0.007060620497366639,0.04844673820294628
2005,La Rioja,35 a 49,Masculino,Si,0.05984388551604512,0.033696856151046756,0.10409408016979926
2005,La Rioja,50 a 64,Masculino,Si,0.13373398494254418,0.08261931847048382,0.20925866176334815
2005,La Rioja,65+,Masculino,Si,0.22675059008664777,0.12957114626383784,0.3661553929481369
2005,La Rioja,18 a 24,Femenino,Si,0.031487394061690786,0.010373614386895501,0.09159726037289749
2005,La Rioja,25 a 34,Femenino,Si,0.09423874481948848,0.058464661312374225,0.14845135222663836
2005,La Rioja,35 a 49,Femenino,Si,0.10184735051134253,0.06686224630827428,0.15215327514340415
2005,La Rioja,50 a 64,Femenino,Si,0.2477572189515085,0.17741940164590891,0.3346362913005478
2005,La Rioja,65+,Femenino,Si,0.20413436693028955,0.120975383766167,0.3234245655560726
2009,La Rioja,18 a 24,Masculino,Si,0.06678383184468817,0.031102216982609145,0.13758772878486114
2009,La Rioja,25 a 34,Masculino,Si,0.07078477814705149,0.03451271218994859,0.13966350458713125
2009,La Rioja,35 a 49,Masculino,Si,0.09538943794032456,0.05606236357402035,0.15769519130037402
2009,La Rioja,50 a 64,Masculino,Si,0.2113894049073576,0.13651251796211572,0.31247401257226104
2009,La Rioja,65+,Masculino,Si,0.2678058369877515,0.15813411151242143,0.41595772042463514
2009,La Rioja,18 a 24,Femenino,Si,0.047733963994410586,0.017136700260939296,0.12596075728725992
2009,La Rioja,25 a 34,Femenino,Si,0.07935038712402007,0.04403200768373063,0.13888225302942755
2009,La Rioja,35 a 49,Femenino,Si,0.11136762002486784,0.06607284862677172,0.18167302481754555
2009,La Rioja,50 a 64,Femenino,Si,0.300331478020977,0.2136957712773602,0.40404247722993747
2009,La Rioja,65+,Femenino,Si,0.2912148061531155,0.19636291186386293,0.408589481604095
2013,La Rioja,18 a 24,Masculino,Si,0.003942041351389916,5.48539936326676e-4,0.02774636915936982
2013,La Rioja,25 a 34,Masculino,Si,0.0143332593745924,0.0023912013322892217,0.08106933082579819
2013,La Rioja,35 a 49,Masculino,Si,0.10375328711466957,0.05975929792152863,0.1741366987501862
2013,La Rioja,50 a 64,Masculino,Si,0.18546775659196957,0.1084003314380893,0.29895482601835666
2013,La Rioja,65+,Masculino,Si,0.23848528015194792,0.12243337054040522,0.4127962074929867
2013,La Rioja,18 a 24,Femenino,Si,0.05283178360101531,0.020639161086349993,0.1286422183128855
2013,La Rioja,25 a 34,Femenino,Si,0.09582352428353891,0.04915868584416957,0.17847130143248813
2013,La Rioja,35 a 49,Femenino,Si,0.05215577190542513,0.016850308823499558,0.15013811227750834
2013,La Rioja,50 a 64,Femenino,Si,0.1426257952573743,0.08072669961558701,0.23961597350723202
2013,La Rioja,65+,Femenino,Si,0.18434256057447188,0.103564730523298,0.3065776638602369
2018,La Rioja,18 a 24,Masculino,Si,0.060299756188943746,1.0562209498795207e-7,0.9999743497708026
2018,La Rioja,25 a 34,Masculino,Si,0.06602008364296727,0.02131787569691729,0.18658858055443397
2018,La Rioja,35 a 49,Masculino,Si,0.07475002035666514,0.024494734088190865,0.2063069763469554
2018,La Rioja,50 a 64,Masculino,Si,0.28560601644027284,0.1551673047260367,0.465303869692618
2018,La Rioja,65+,Masculino,Si,0.42114797900247414,0.20433210987954997,0.6733354873019062
2018,La Rioja,18 a 24,Femenino,Si,0.08800916080531763,5.621668641441311e-8,0.9999939634633986
2018,La Rioja,25 a 34,Femenino,Si,0.11209439528024306,0.002076916133782406,0.8844991667661907
2018,La Rioja,35 a 49,Femenino,Si,0.14064211702200444,0.06069203991453436,0.29305281487160095
2018,La Rioja,50 a 64,Femenino,Si,0.282181209613691,0.1796438470832885,0.4137284849650157
2018,La Rioja,65+,Femenino,Si,0.2101129787820857,0.1014526273175603,0.3852551119432848
2005,Mendoza,18 a 24,Masculino,Si,0.028103232617656574,0.007038563847072577,0.10551053792361319
2005,Mendoza,25 a 34,Masculino,Si,0.01078413452756764,0.001674586587757898,0.06616425962535095
2005,Mendoza,35 a 49,Masculino,Si,0.031752615327905694,0.014743426869003156,0.0670495429543308
2005,Mendoza,50 a 64,Masculino,Si,0.12516838924418824,0.07229657769049395,0.20803552855128693
2005,Mendoza,65+,Masculino,Si,0.2166467974422896,0.14238665334800824,0.3153934148301644
2005,Mendoza,18 a 24,Femenino,Si,0.012407893622428874,0.0026023182651008893,0.05704775349219085
2005,Mendoza,25 a 34,Femenino,Si,0.008815901047528104,0.001717929055435579,0.04394947115644331
2005,Mendoza,35 a 49,Femenino,Si,0.05338067021690785,0.032180320523674893,0.08728811164865478
2005,Mendoza,50 a 64,Femenino,Si,0.12353429000746298,0.07611628797033078,0.19428034124595528
2005,Mendoza,65+,Femenino,Si,0.1151019106096737,0.07448553654535114,0.17370916933616948
2009,Mendoza,18 a 24,Masculino,Si,0.030088495575221464,0.007506157328313583,0.11288282544436465
2009,Mendoza,25 a 34,Masculino,Si,0.06811867534627676,0.029165056118753196,0.1510072315477185
2009,Mendoza,35 a 49,Masculino,Si,0.08670325977372043,0.04704322231889844,0.1543822206408254
2009,Mendoza,50 a 64,Masculino,Si,0.1360745838159514,0.07597725472089771,0.23178419965116207
2009,Mendoza,65+,Masculino,Si,0.19155236678134357,0.11813975403157406,0.29530756330414726
2009,Mendoza,18 a 24,Femenino,Si,0.022918789332008728,0.004510489621419475,0.10828339767032778
2009,Mendoza,25 a 34,Femenino,Si,0.07386374373997977,0.04012781683651701,0.13205977399554228
2009,Mendoza,35 a 49,Femenino,Si,0.03975044238101343,0.019317722847096885,0.08003151650358957
2009,Mendoza,50 a 64,Femenino,Si,0.12179329563150569,0.0732327911365548,0.19575276922467116
2009,Mendoza,65+,Femenino,Si,0.22988163847065624,0.16176579040648295,0.31587127540918836
2013,Mendoza,18 a 24,Masculino,Si,0.008291060490204456,0.0011516055283288208,0.05715917170032953
2013,Mendoza,25 a 34,Masculino,Si,0.015314873143573299,0.00380737149973071,0.05952473855644477
2013,Mendoza,35 a 49,Masculino,Si,0.07394187051289709,0.034143027381154545,0.15279336921766226
2013,Mendoza,50 a 64,Masculino,Si,0.15049571246517057,0.09351308355098993,0.2332658132063553
2013,Mendoza,65+,Masculino,Si,0.2690368554151221,0.17680897805885146,0.3867697376307512
2013,Mendoza,18 a 24,Femenino,Si,0.020564369645076123,0.004961247952582685,0.08123316553494747
2013,Mendoza,25 a 34,Femenino,Si,0.045932470319442344,0.022211408066237195,0.09258801264410728
2013,Mendoza,35 a 49,Femenino,Si,0.08706434115496495,0.049928114627508034,0.14753299900984976
2013,Mendoza,50 a 64,Femenino,Si,0.10032063424595497,0.058498525709007626,0.16674698674136815
2013,Mendoza,65+,Femenino,Si,0.18149880448084627,0.12217766794504309,0.2610566853778924
2018,Mendoza,18 a 24,Masculino,Si,0.035378526047964196,6.579137788040726e-9,0.9999951089596941
2018,Mendoza,25 a 34,Masculino,Si,0.011786216171293523,3.073749006670906e-13,0.9999999978391659
2018,Mendoza,35 a 49,Masculino,Si,0.05982071424522542,0.02480407175785742,0.13731090777887445
2018,Mendoza,50 a 64,Masculino,Si,0.20890909746996078,0.13486288904739765,0.3090855411924258
2018,Mendoza,65+,Masculino,Si,0.2932723710871441,0.18201430719032122,0.43626668089675913
2018,Mendoza,18 a 24,Femenino,Si,0.032417612697015256,1.0654005368142911e-5,0.9905978158167613
2018,Mendoza,25 a 34,Femenino,Si,0.1331062334113741,0.0445318699976861,0.3359173496163706
2018,Mendoza,35 a 49,Femenino,Si,0.16547142977158208,0.08931280617646824,0.28616520569391085
2018,Mendoza,50 a 64,Femenino,Si,0.1332069477891085,0.07307355832321,0.23051863260345778
2018,Mendoza,65+,Femenino,Si,0.15095152603231624,0.10793319615463108,0.2071342978269547
2005,Misiones,18 a 24,Masculino,Si,0.013814627537355746,0.0033308135052370754,0.05546029565065856
2005,Misiones,25 a 34,Masculino,Si,0.04119640331920441,0.018589359221992063,0.08880864184148606
2005,Misiones,35 a 49,Masculino,Si,0.04995512475318638,0.02521013936519154,0.0965820317588704
2005,Misiones,50 a 64,Masculino,Si,0.12616080540975572,0.07970853376863114,0.19397830891574025
2005,Misiones,65+,Masculino,Si,0.16180624973739696,0.09616295483370407,0.25939903638608874
2005,Misiones,18 a 24,Femenino,Si,0.04051182557280621,0.011520178434163267,0.13267122328314082
2005,Misiones,25 a 34,Femenino,Si,0.05253757999702359,0.02778507612375933,0.09713780852709746
2005,Misiones,35 a 49,Femenino,Si,0.0722910006242542,0.040244115863364315,0.1264938199315279
2005,Misiones,50 a 64,Femenino,Si,0.1792645314353632,0.11236166258571048,0.27371898586002463
2005,Misiones,65+,Femenino,Si,0.1512399583139223,0.08906482570351634,0.24513860570958557
2009,Misiones,18 a 24,Masculino,Si,0.04299238051258382,0.013131722043341355,0.1316930825266484
2009,Misiones,25 a 34,Masculino,Si,0.03963918180664209,0.012083638327539904,0.12225615927617772
2009,Misiones,35 a 49,Masculino,Si,0.047453178666321816,0.02334943435145699,0.09404337391189642
2009,Misiones,50 a 64,Masculino,Si,0.14651378010978836,0.08047032710068591,0.25191101668978766
2009,Misiones,65+,Masculino,Si,0.21353787670186264,0.11280025218507232,0.36702310974627084
2009,Misiones,18 a 24,Femenino,Si,0.04168528566868942,0.017028999886174314,0.09846531078049171
2009,Misiones,25 a 34,Femenino,Si,0.08669307432163635,0.04757575461141793,0.15281271523843373
2009,Misiones,35 a 49,Femenino,Si,0.08230607119269541,0.04831401230141218,0.13677659893790617
2009,Misiones,50 a 64,Femenino,Si,0.13093959470700495,0.07539409769441903,0.2177691321515157
2009,Misiones,65+,Femenino,Si,0.194558906162208,0.1042042732043534,0.3340439911305167
2013,Misiones,25 a 34,Masculino,Si,0.017873662529891244,0.0035205077624618428,0.085711430193562
2013,Misiones,35 a 49,Masculino,Si,0.07465906236613966,0.031046080048646032,0.1688617000788496
2013,Misiones,50 a 64,Masculino,Si,0.16600807044077273,0.08154869191318209,0.3085544582981875
2013,Misiones,65+,Masculino,Si,0.2980714460087082,0.169099047229507,0.4697941137041761
2013,Misiones,18 a 24,Femenino,Si,0.06895973154393335,0.025120362500421788,0.17553093169636574
2013,Misiones,25 a 34,Femenino,Si,0.06875992353310056,0.026943352539967404,0.16450458774161078
2013,Misiones,35 a 49,Femenino,Si,0.09809794818032382,0.05656796415217157,0.16479190141892522
2013,Misiones,50 a 64,Femenino,Si,0.13945697480594685,0.0798980044138556,0.2322087172724983
2013,Misiones,65+,Femenino,Si,0.18241649074879016,0.09919823291425597,0.31131984686526826
2018,Misiones,18 a 24,Masculino,Si,0.04741695735044036,0.02057305357237316,0.10551365767892731
2018,Misiones,25 a 34,Masculino,Si,0.07460791751359018,5.092312842231967e-4,0.9273149220843524
2018,Misiones,35 a 49,Masculino,Si,0.11254700532073517,0.06376179800668366,0.19104203196332198
2018,Misiones,50 a 64,Masculino,Si,0.1374546369615724,0.06675461478805189,0.2620109205275317
2018,Misiones,65+,Masculino,Si,0.21815112699831204,0.11177253312488081,0.38220849224133363
2018,Misiones,18 a 24,Femenino,Si,0.04535806482455337,1.0947267041907767e-4,0.9537451190218554
2018,Misiones,25 a 34,Femenino,Si,0.1414181057380305,0.08442541188424575,0.22733178782571964
2018,Misiones,35 a 49,Femenino,Si,0.1570545374260048,0.0791711437289811,0.28762314176001014
2018,Misiones,50 a 64,Femenino,Si,0.2901743055784619,0.20347443913594995,0.3954747597919532
2018,Misiones,65+,Femenino,Si,0.18838911652318088,0.10473902392094867,0.31531659507475124
2005,Neuquén,18 a 24,Masculino,Si,0.018091055812034254,0.003633135989404584,0.08516583198848661
2005,Neuquén,25 a 34,Masculino,Si,0.09660574412556035,0.05079601144882328,0.17606537184735782
2005,Neuquén,35 a 49,Masculino,Si,0.035902994175656566,0.016434588116349413,0.07663671730433502
2005,Neuquén,50 a 64,Masculino,Si,0.1703092345412695,0.11047131825171215,0.2533284233467251
2005,Neuquén,65+,Masculino,Si,0.1585645936130018,0.08906235336990001,0.26644070809651843
2005,Neuquén,18 a 24,Femenino,Si,0.023313510583898116,0.008306360835770452,0.06369276513235299
2005,Neuquén,25 a 34,Femenino,Si,0.08307582601450696,0.0491853821953586,0.13695441183610646
2005,Neuquén,35 a 49,Femenino,Si,0.10475477858659217,0.06935856689661292,0.15520245278863334
2005,Neuquén,50 a 64,Femenino,Si,0.14092513891077663,0.08566331630208866,0.22313661312048402
2005,Neuquén,65+,Femenino,Si,0.19570323293949785,0.12462775373135139,0.29371271497515056
2009,Neuquén,18 a 24,Masculino,Si,0.004757667031832566,6.607449921909234e-4,0.033408163132661636
2009,Neuquén,25 a 34,Masculino,Si,0.015128309317696409,0.003749513474200193,0.05899395647209101
2009,Neuquén,35 a 49,Masculino,Si,0.07285561233129866,0.03563884122332093,0.14316719015231538
2009,Neuquén,50 a 64,Masculino,Si,0.13980074676264337,0.07888650919317114,0.23571474305640566
2009,Neuquén,65+,Masculino,Si,0.1616591146957998,0.07785578725654337,0.30575804783301036
2009,Neuquén,18 a 24,Femenino,Si,0.04730500499073163,0.01454359320790931,0.14314592328078823
2009,Neuquén,25 a 34,Femenino,Si,0.06284499933345168,0.03205944594647748,0.1195418540668658
2009,Neuquén,35 a 49,Femenino,Si,0.056044701942515554,0.030395123717193613,0.10108271076179372
2009,Neuquén,50 a 64,Femenino,Si,0.14117140200175524,0.08733319263747105,0.22019181408857288
2009,Neuquén,65+,Femenino,Si,0.1610084432415384,0.09424456823313501,0.26141798701126
2013,Neuquén,18 a 24,Masculino,Si,0.029951001072390623,0.007369362459066148,0.11379595564598252
2013,Neuquén,25 a 34,Masculino,Si,0.04560284739730142,0.016600320325026608,0.11913723035172707
2013,Neuquén,35 a 49,Masculino,Si,0.07810260820081698,0.03978033509781304,0.147665235703098
2013,Neuquén,50 a 64,Masculino,Si,0.18984015765272763,0.1078499133654073,0.3123395178991276
2013,Neuquén,65+,Masculino,Si,0.37355298325087827,0.25252136419425597,0.5127974964251292
2013,Neuquén,18 a 24,Femenino,Si,0.08101080144043996,0.03327579903756238,0.18417689342660293
2013,Neuquén,25 a 34,Femenino,Si,0.11952325805828984,0.06693436327539981,0.20437978467253878
2013,Neuquén,35 a 49,Femenino,Si,0.10898661567877757,0.06231623541309751,0.18375998503455007
2013,Neuquén,50 a 64,Femenino,Si,0.1470326710359554,0.08803523212507652,0.23536364853272948
2013,Neuquén,65+,Femenino,Si,0.24718771397828423,0.15863470665878485,0.3637987844893833
2018,Neuquén,18 a 24,Masculino,Si,0.028405905439818097,5.030084367277363e-13,0.9999999994115254
2018,Neuquén,25 a 34,Masculino,Si,0.017923873883953584,1.1840754407008267e-8,0.9999644540202484
2018,Neuquén,35 a 49,Masculino,Si,0.06102029593104311,0.027653207215441736,0.12929530969256328
2018,Neuquén,50 a 64,Masculino,Si,0.16952135148170955,0.1024341508079734,0.26745364899976126
2018,Neuquén,65+,Masculino,Si,0.2624867162593124,0.11647058829390894,0.4900309596285569
2018,Neuquén,18 a 24,Femenino,Si,0.1528095510438002,0.008291958222787818,0.7955444803261973
2018,Neuquén,25 a 34,Femenino,Si,0.12513460627208148,0.06662850204556317,0.22275394292353873
2018,Neuquén,35 a 49,Femenino,Si,0.17913969795039658,0.11164962754194609,0.2748060783455631
2018,Neuquén,50 a 64,Femenino,Si,0.20824310515934072,0.12254464368369412,0.3312480403407331
2018,Neuquén,65+,Femenino,Si,0.3010300689237337,0.18744794200718595,0.44568608123458675
2005,Río Negro,18 a 24,Masculino,Si,0.015926826148144384,0.0048646582816413665,0.05085860229408016
2005,Río Negro,25 a 34,Masculino,Si,0.03947930004276067,0.01349148958032181,0.10994674074321785
2005,Río Negro,35 a 49,Masculino,Si,0.04640988843109267,0.02087732928941132,0.09997974390465453
2005,Río Negro,50 a 64,Masculino,Si,0.15358992218630646,0.08893979005050878,0.2522239489248785
2005,Río Negro,65+,Masculino,Si,0.2044398272185482,0.11900951025150061,0.32834009505769246
2005,Río Negro,18 a 24,Femenino,Si,0.036345859547911384,0.013700661102295699,0.09289498922500787
2005,Río Negro,25 a 34,Femenino,Si,0.053890538345191,0.026271081968371156,0.10734592729910719
2005,Río Negro,35 a 49,Femenino,Si,0.10332327644441965,0.0687125623235148,0.15251250251121398
2005,Río Negro,50 a 64,Femenino,Si,0.1879153903958239,0.13050006879149553,0.2629521099099338
2005,Río Negro,65+,Femenino,Si,0.21133004926113733,0.1419865613703354,0.30259600979178114
2009,Río Negro,18 a 24,Masculino,Si,0.022140338941488553,0.004259690866771824,0.10701125543590452
2009,Río Negro,25 a 34,Masculino,Si,0.044186259262660274,0.020995915479186826,0.090619803086551
2009,Río Negro,35 a 49,Masculino,Si,0.10387818459571553,0.06256463835146948,0.16759519851844426
2009,Río Negro,50 a 64,Masculino,Si,0.13107815579464327,0.08085276148145025,0.20552688826752416
2009,Río Negro,65+,Masculino,Si,0.2768113343247424,0.19268897916837474,0.3803562703773966
2009,Río Negro,18 a 24,Femenino,Si,0.05654074876125698,0.02008209386724202,0.14911706025688395
2009,Río Negro,25 a 34,Femenino,Si,0.07018843346184911,0.03620051959817238,0.1317255750041572
2009,Río Negro,35 a 49,Femenino,Si,0.07446333938821151,0.0472514665396728,0.11544746329875029
2009,Río Negro,50 a 64,Femenino,Si,0.13600377719986942,0.08493684707657126,0.21070411730420638
2009,Río Negro,65+,Femenino,Si,0.22734267433385028,0.15293290786752736,0.3241042143307541
2013,Río Negro,18 a 24,Masculino,Si,0.020530394245315085,0.0048720423220167805,0.08234895455185638
2013,Río Negro,25 a 34,Masculino,Si,0.010496549090968206,0.002160768151350394,0.04939802369592475
2013,Río Negro,35 a 49,Masculino,Si,0.052398953184065435,0.024019498725084694,0.11051245591794687
2013,Río Negro,50 a 64,Masculino,Si,0.1541968283065044,0.09282487259488699,0.24517888927774398
2013,Río Negro,65+,Masculino,Si,0.127457783946334,0.07685615322784255,0.2040125131651201
2013,Río Negro,18 a 24,Femenino,Si,0.0259700012841662,0.006945233612611497,0.09226648754750164
2013,Río Negro,25 a 34,Femenino,Si,0.030202189450567136,0.013771711462372797,0.06494436133081934
2013,Río Negro,35 a 49,Femenino,Si,0.15141317784515065,0.09668824043849858,0.22925121188312098
2013,Río Negro,50 a 64,Femenino,Si,0.1207904120443749,0.07722726337947866,0.18402646266824402
2013,Río Negro,65+,Femenino,Si,0.18254935415255455,0.1198398842641983,0.268078654785245
2018,Río Negro,18 a 24,Masculino,Si,0.00634899856002116,6.429434946313842e-13,0.9999999842518301
2018,Río Negro,25 a 34,Masculino,Si,0.025489832037399768,2.29426969906185e-4,0.7488306966904309
2018,Río Negro,35 a 49,Masculino,Si,0.0590650024364956,0.034057449861585445,0.1005240411968219
2018,Río Negro,50 a 64,Masculino,Si,0.17977217811538437,0.11542899010209058,0.26907193941987667
2018,Río Negro,65+,Masculino,Si,0.24329857334783442,0.1568794170719131,0.3571567339562819
2018,Río Negro,18 a 24,Femenino,Si,0.10401500110302234,0.03700969816410931,0.2596259229808506
2018,Río Negro,25 a 34,Femenino,Si,0.1150376096514096,0.074020096423281,0.17450120428023896
2018,Río Negro,35 a 49,Femenino,Si,0.1332175385027789,0.0841531946229392,0.20450062870609467
2018,Río Negro,50 a 64,Femenino,Si,0.2631028500654777,0.1642182388829643,0.39349720797936844
2018,Río Negro,65+,Femenino,Si,0.18686755116670561,0.13162911335781213,0.258389284370728
2005,Salta,25 a 34,Masculino,Si,0.016384405720761015,0.005653712352736355,0.04652882572394631
2005,Salta,35 a 49,Masculino,Si,0.03576581255776374,0.017482534823501653,0.07177301775898384
2005,Salta,50 a 64,Masculino,Si,0.0507731705885555,0.02286377501173178,0.10895236390042652
2005,Salta,65+,Masculino,Si,0.115633456664199,0.05631832082429394,0.22267874991911338
2005,Salta,18 a 24,Femenino,Si,0.009820373263732722,0.0029105815100231363,0.032597882701725936
2005,Salta,25 a 34,Femenino,Si,0.03809251447775715,0.016636354893264257,0.08483374578032962
2005,Salta,35 a 49,Femenino,Si,0.04161569893033267,0.01984642990511638,0.08518802975155669
2005,Salta,50 a 64,Femenino,Si,0.09568777517180697,0.059182315239096825,0.1510945954350208
2005,Salta,65+,Femenino,Si,0.12089343880874831,0.0774820697270035,0.18378172955264985
2009,Salta,18 a 24,Masculino,Si,0.02283722552116915,0.0032408390765275,0.1438289078442472
2009,Salta,25 a 34,Masculino,Si,0.024336135366623712,0.008854424730450387,0.06510897670607543
2009,Salta,35 a 49,Masculino,Si,0.05684359945041294,0.02744347282054316,0.11404660694962475
2009,Salta,50 a 64,Masculino,Si,0.19492896022816245,0.12167105087839783,0.29736220501630906
2009,Salta,65+,Masculino,Si,0.14981460353846238,0.08698731321408897,0.24580280097359097
2009,Salta,18 a 24,Femenino,Si,0.041087167315513255,0.015498153979020265,0.10444399033738516
2009,Salta,25 a 34,Femenino,Si,0.042641577803085896,0.017425370823110065,0.1006116314118009
2009,Salta,35 a 49,Femenino,Si,0.10320082241274399,0.06514124953891012,0.159698539604115
2009,Salta,50 a 64,Femenino,Si,0.13996181317398784,0.0873004753454704,0.2168423325833324
2009,Salta,65+,Femenino,Si,0.15863447544090556,0.09319834869500461,0.2569936263333063
2013,Salta,25 a 34,Masculino,Si,0.07497730091967039,0.03797764691685188,0.14267768762552174
2013,Salta,35 a 49,Masculino,Si,0.0819568961713263,0.04914931062339466,0.13358713809849965
2013,Salta,50 a 64,Masculino,Si,0.14400027010620586,0.08061784471053877,0.24398989723571235
2013,Salta,65+,Masculino,Si,0.18831224722574064,0.09995861806963505,0.3264371138735178
2013,Salta,18 a 24,Femenino,Si,0.037310158384172794,0.009007547358870686,0.14181610687661958
2013,Salta,25 a 34,Femenino,Si,0.10206974425504843,0.057157325529547914,0.17569656936855022
2013,Salta,35 a 49,Femenino,Si,0.1365955189298755,0.0846651271234873,0.21296714717713314
2013,Salta,50 a 64,Femenino,Si,0.1828898314382383,0.11752972604996569,0.2733392292168799
2013,Salta,65+,Femenino,Si,0.24640881561981126,0.15263813099659898,0.3724645830482853
2018,Salta,25 a 34,Masculino,Si,0.03792869825250505,3.372865024806232e-4,0.8216372250933827
2018,Salta,35 a 49,Masculino,Si,0.10510910301184509,0.06387034504074135,0.1681903821959554
2018,Salta,50 a 64,Masculino,Si,0.16128771464757882,0.10426459164382475,0.24110286716546914
2018,Salta,65+,Masculino,Si,0.14372691061628773,0.06117812458127501,0.30184815296069084
2018,Salta,18 a 24,Femenino,Si,0.02307297899432817,2.8240008500582393e-12,0.9999999949373055
2018,Salta,25 a 34,Femenino,Si,0.07106833204817176,0.03388664542573355,0.14300818352207473
2018,Salta,35 a 49,Femenino,Si,0.16129150145266896,0.09849373217527495,0.2528960607988395
2018,Salta,50 a 64,Femenino,Si,0.1978835326600452,0.13636119927327392,0.27822105242839373
2018,Salta,65+,Femenino,Si,0.21610615073184897,0.13417601646615188,0.32905138359823377
2005,San Juan,18 a 24,Masculino,Si,0.03323657854164983,0.011646811556588858,0.09115626775466354
2005,San Juan,25 a 34,Masculino,Si,0.024167903603142995,0.009018693522895629,0.06314268543193154
2005,San Juan,35 a 49,Masculino,Si,0.04676299409002252,0.02280250393924844,0.09349196660063165
2005,San Juan,50 a 64,Masculino,Si,0.10822762070585729,0.061569018007132936,0.18333736468974854
2005,San Juan,65+,Masculino,Si,0.2706277246823407,0.17369629504510883,0.39574501739875384
2005,San Juan,18 a 24,Femenino,Si,0.04547563805104572,0.018593767630912507,0.10698518549194937
2005,San Juan,25 a 34,Femenino,Si,0.05707757395081123,0.030287800866691965,0.10499738935062318
2005,San Juan,35 a 49,Femenino,Si,0.10240152175640643,0.06474233373081825,0.15825948984416838
2005,San Juan,50 a 64,Femenino,Si,0.1500060032600248,0.10046350940266376,0.21805741893641561
2005,San Juan,65+,Femenino,Si,0.21295922486881178,0.1438688758307495,0.3034680271143595
2009,San Juan,18 a 24,Masculino,Si,0.0077547341130967,0.0010794606476804323,0.053498451274020864
2009,San Juan,25 a 34,Masculino,Si,0.01319630111131817,0.0032458631980646006,0.052057433852540295
2009,San Juan,35 a 49,Masculino,Si,0.1021133193934141,0.052860489970566256,0.18814158395032562
2009,San Juan,50 a 64,Masculino,Si,0.14706769641802248,0.08098039997308007,0.2522828168048474
2009,San Juan,65+,Masculino,Si,0.3265517364457301,0.21963428233581356,0.45515912537855785
2009,San Juan,18 a 24,Femenino,Si,0.023976558831838597,0.00591870946823812,0.09202810738756988
2009,San Juan,25 a 34,Femenino,Si,0.08505411186708883,0.0463351488317913,0.15100465388675652
2009,San Juan,35 a 49,Femenino,Si,0.12790254377550378,0.07580868675623596,0.2077471382047538
2009,San Juan,50 a 64,Femenino,Si,0.18857260067919845,0.12649795193020552,0.2716357374713827
2009,San Juan,65+,Femenino,Si,0.22031000055160244,0.14858465133656887,0.31389411100484776
2013,San Juan,18 a 24,Masculino,Si,0.012853689748351892,0.0017849854423192385,0.08660457311785898
2013,San Juan,25 a 34,Masculino,Si,0.03523685147813579,0.009563774080111855,0.12138096736089057
2013,San Juan,35 a 49,Masculino,Si,0.06837384896249084,0.03062991444747554,0.14564022387063733
2013,San Juan,50 a 64,Masculino,Si,0.23898523881686562,0.1410096322281511,0.3752937639434403
2013,San Juan,65+,Masculino,Si,0.16865483884981297,0.08439784647270832,0.3086706324011758
2013,San Juan,18 a 24,Femenino,Si,0.009605982178727655,0.0020162005382452757,0.044492949551559614
2013,San Juan,25 a 34,Femenino,Si,0.091183015019472,0.036620266165049854,0.20937376294943164
2013,San Juan,35 a 49,Femenino,Si,0.08799911595699399,0.0457457819487125,0.16262870440433044
2013,San Juan,50 a 64,Femenino,Si,0.19371690301371142,0.11565792145041714,0.3062166025181059
2013,San Juan,65+,Femenino,Si,0.28419025493672434,0.18861414633982396,0.40407829506043386
2018,San Juan,18 a 24,Masculino,Si,0.07153230704234882,4.313641887940438e-6,0.9992737944082267
2018,San Juan,25 a 34,Masculino,Si,0.0197412573243433,7.276907632101089e-9,0.9999820579979076
2018,San Juan,35 a 49,Masculino,Si,0.1449314961551973,0.06771599167707533,0.2834269737527341
2018,San Juan,50 a 64,Masculino,Si,0.330128297952492,0.21249741227901547,0.4737060682585272
2018,San Juan,65+,Masculino,Si,0.24839587111173142,0.13727428818973988,0.40703015213992144
2018,San Juan,18 a 24,Femenino,Si,0.03987590518463844,3.4889401064277565e-7,0.9997977728512815
2018,San Juan,25 a 34,Femenino,Si,0.052226139654797776,1.3028197875267737e-4,0.9588540549637189
2018,San Juan,35 a 49,Femenino,Si,0.1987010814181826,0.12148660563506496,0.30779721207712474
2018,San Juan,50 a 64,Femenino,Si,0.1792954469923565,0.09867311109141111,0.3036025988164063
2018,San Juan,65+,Femenino,Si,0.36090576608824476,0.2526207548942171,0.48545743375823625
2005,San Luis,18 a 24,Masculino,Si,0.043608881378246464,0.016104985050948838,0.11270318307835635
2005,San Luis,25 a 34,Masculino,Si,0.0020487519338092583,2.8684678326256044e-4,0.014476136469780453
2005,San Luis,35 a 49,Masculino,Si,0.08318152134071137,0.048801633970710134,0.13826094217599486
2005,San Luis,50 a 64,Masculino,Si,0.13464765100671142,0.07999761427369423,0.2177935130682161
2005,San Luis,65+,Masculino,Si,0.16708370334361267,0.08891716289756768,0.29194675493362904
2005,San Luis,18 a 24,Femenino,Si,0.06312769084338611,0.029233838505156633,0.1310147499328912
2005,San Luis,25 a 34,Femenino,Si,0.11516525023608959,0.07426317287473569,0.17435220253351327
2005,San Luis,35 a 49,Femenino,Si,0.1343167439185305,0.09251925428106496,0.19102231821040483
2005,San Luis,50 a 64,Femenino,Si,0.1342428900845502,0.08924910782196056,0.19701292904367176
2005,San Luis,65+,Femenino,Si,0.13652392947103295,0.0876442615258377,0.20649416840420953
2009,San Luis,18 a 24,Masculino,Si,0.03229792492528131,0.008092754211252932,0.12013185999492518
2009,San Luis,25 a 34,Masculino,Si,0.045460879258703644,0.020160167222772637,0.09929589619258175
2009,San Luis,35 a 49,Masculino,Si,0.06258161831559303,0.03238045711373721,0.1175298849701338
2009,San Luis,50 a 64,Masculino,Si,0.11195694973094629,0.06259781550274761,0.1922541038978007
2009,San Luis,65+,Masculino,Si,0.2842325005129648,0.18609697740446424,0.4081659720790874
2009,San Luis,18 a 24,Femenino,Si,0.0587317291445985,0.023692872467296667,0.13825099610465422
2009,San Luis,25 a 34,Femenino,Si,0.08474783995152418,0.05138823502203641,0.13664397289410832
2009,San Luis,35 a 49,Femenino,Si,0.10914657003628464,0.0693462808662339,0.16767411287643533
2009,San Luis,50 a 64,Femenino,Si,0.11475351863640892,0.07223878428992989,0.17750233211415883
2009,San Luis,65+,Femenino,Si,0.23018503175919974,0.1577546490202963,0.32311282556579
2013,San Luis,18 a 24,Masculino,Si,0.027367879241484563,0.00827802654740121,0.08663485076583202
2013,San Luis,25 a 34,Masculino,Si,0.06461122297284397,0.023964242527451666,0.16270852405551345
2013,San Luis,35 a 49,Masculino,Si,0.07077543588505895,0.035435622974490384,0.1363764455104337
2013,San Luis,50 a 64,Masculino,Si,0.17025424417606294,0.09546564323006954,0.28516188637256396
2013,San Luis,65+,Masculino,Si,0.10972958282375891,0.047366729203420284,0.23402840990979676
2013,San Luis,18 a 24,Femenino,Si,0.059159649975854815,0.020353375257645804,0.15987984930355081
2013,San Luis,25 a 34,Femenino,Si,0.09234385493678156,0.04449419007325666,0.18185786302361165
2013,San Luis,35 a 49,Femenino,Si,0.10177409337623365,0.05745174584293687,0.17397832230676555
2013,San Luis,50 a 64,Femenino,Si,0.18312001484273768,0.11460078123554705,0.2796664261126705
2013,San Luis,65+,Femenino,Si,0.17721641502416574,0.09651659289569567,0.30277878793376317
2018,San Luis,18 a 24,Masculino,Si,0.1276475890051509,4.845486813266758e-6,0.9997737440826143
2018,San Luis,25 a 34,Masculino,Si,0.04130145629413333,5.9217465326214e-6,0.9968194495093665
2018,San Luis,35 a 49,Masculino,Si,0.08822974629842514,0.004856986525652852,0.6573665395189832
2018,San Luis,50 a 64,Masculino,Si,0.2821715323320825,0.1746097524965886,0.4221074234796801
2018,San Luis,65+,Masculino,Si,0.39884876531303376,0.24276953984040806,0.5785994382314004
2018,San Luis,18 a 24,Femenino,Si,0.17333986367912166,0.06969400611552604,0.3698455019833328
2018,San Luis,25 a 34,Femenino,Si,0.18585314439633518,0.10202354127661217,0.3144432593907968
2018,San Luis,35 a 49,Femenino,Si,0.1601519829727923,0.10528933996647481,0.2360592918652334
2018,San Luis,50 a 64,Femenino,Si,0.14324710522492537,0.08660166276753227,0.2277071015221429
2018,San Luis,65+,Femenino,Si,0.2703545496495928,0.1820601464484406,0.3814974196409348
2005,Santa Cruz,18 a 24,Masculino,Si,0.018345864661659078,0.0025766752531410854,0.1190985630890113
2005,Santa Cruz,25 a 34,Masculino,Si,0.012091898439888156,0.0027271700862449406,0.05193903947391818
2005,Santa Cruz,35 a 49,Masculino,Si,0.07577325526444958,0.041652140398343175,0.13393956372607996
2005,Santa Cruz,50 a 64,Masculino,Si,0.15495157896264206,0.09747797087356551,0.23739843266748434
2005,Santa Cruz,65+,Masculino,Si,0.1105050984113144,0.057621178407895726,0.20154481589575826
2005,Santa Cruz,18 a 24,Femenino,Si,0.023896638463297513,0.008640135811201382,0.06434412805833743
2005,Santa Cruz,25 a 34,Femenino,Si,0.047218491553014164,0.019287178714339943,0.1110203395582847
2005,Santa Cruz,35 a 49,Femenino,Si,0.10390922053283622,0.06676139104033157,0.15822266818122183
2005,Santa Cruz,50 a 64,Femenino,Si,0.15629643565533569,0.10222164931294137,0.23159730621698232
2005,Santa Cruz,65+,Femenino,Si,0.17416951278279036,0.10076285411231499,0.2841549635560182
2009,Santa Cruz,18 a 24,Masculino,Si,0.04841871963175877,0.017609646844860476,0.12620531962945727
2009,Santa Cruz,25 a 34,Masculino,Si,0.023754048985622635,0.005871172672292119,0.09111379390912054
2009,Santa Cruz,35 a 49,Masculino,Si,0.050294045577072774,0.025591633249660056,0.0964796581415832
2009,Santa Cruz,50 a 64,Masculino,Si,0.1528166052790358,0.0936305042094658,0.23952845504981565
2009,Santa Cruz,65+,Masculino,Si,0.2432470064049447,0.1543897358455442,0.36138900024448084
2009,Santa Cruz,18 a 24,Femenino,Si,0.04647898951542273,0.0176199007108654,0.11697710870764205
2009,Santa Cruz,25 a 34,Femenino,Si,0.0472074903424766,0.023683480874104483,0.09189777597687729
2009,Santa Cruz,35 a 49,Femenino,Si,0.1409325909723604,0.09030957736585395,0.21327932677653508
2009,Santa Cruz,50 a 64,Femenino,Si,0.1909785090444604,0.12444636055904136,0.2816387159909665
2009,Santa Cruz,65+,Femenino,Si,0.25395304264495716,0.1655200408010673,0.36875493245821295
2013,Santa Cruz,18 a 24,Masculino,Si,0.001357857060393875,1.861046274860952e-4,0.00983463078091639
2013,Santa Cruz,25 a 34,Masculino,Si,0.024340528104741493,0.008847561543569613,0.06517915312592647
2013,Santa Cruz,35 a 49,Masculino,Si,0.11359542227403427,0.05342371524708835,0.22540112314271052
2013,Santa Cruz,50 a 64,Masculino,Si,0.1939235265505503,0.1194953101465125,0.29896918632416297
2013,Santa Cruz,65+,Masculino,Si,0.0976927570102001,0.038519593901606045,0.22636557047675787
2013,Santa Cruz,18 a 24,Femenino,Si,0.0728321501494081,0.023722113765605662,0.20252055206367192
2013,Santa Cruz,25 a 34,Femenino,Si,0.11571696931747287,0.054962124046038674,0.22746532751755738
2013,Santa Cruz,35 a 49,Femenino,Si,0.05090774360874517,0.02789704015697126,0.09111958237003098
2013,Santa Cruz,50 a 64,Femenino,Si,0.20380867460821833,0.12737977661947392,0.30981416927277705
2013,Santa Cruz,65+,Femenino,Si,0.28553032090921915,0.16068210530232077,0.4548178258461337
2018,Santa Cruz,18 a 24,Masculino,Si,0.2081923010728777,2.8689980654061334e-4,0.9958660434630668
2018,Santa Cruz,25 a 34,Masculino,Si,0.01491791303012107,2.2287070983205265e-12,0.9999999902818926
2018,Santa Cruz,35 a 49,Masculino,Si,0.038909625607993194,3.6485597698868985e-4,0.8178709977340367
2018,Santa Cruz,50 a 64,Masculino,Si,0.16842150874375073,0.0925543995230378,0.2868208795592854
2018,Santa Cruz,65+,Masculino,Si,0.5174752708429791,0.30833850549106484,0.7206639849235148
2018,Santa Cruz,18 a 24,Femenino,Si,0.08590260376961535,3.172860639092943e-8,0.9999964072935082
2018,Santa Cruz,25 a 34,Femenino,Si,0.10027726432537204,0.03985476772679707,0.23032929113837233
2018,Santa Cruz,35 a 49,Femenino,Si,0.1750436534643184,0.11895713985203657,0.2500684705631385
2018,Santa Cruz,50 a 64,Femenino,Si,0.2549079011649922,0.1294647828136341,0.4404066800288408
2018,Santa Cruz,65+,Femenino,Si,0.18687791997478284,0.0968610815924634,0.3299850226864105
2005,Santa Fe,18 a 24,Masculino,Si,0.027672408182596475,0.00990693609720923,0.07488599465809866
2005,Santa Fe,25 a 34,Masculino,Si,0.04368452968397103,0.01659613971002551,0.11003948094516416
2005,Santa Fe,35 a 49,Masculino,Si,0.036883635665785355,0.018907972662424194,0.0707168286340164
2005,Santa Fe,50 a 64,Masculino,Si,0.23937874432180026,0.15970235137268712,0.342599187143709
2005,Santa Fe,65+,Masculino,Si,0.18397404536910833,0.10240638109610699,0.30820286341168684
2005,Santa Fe,18 a 24,Femenino,Si,0.059292607800125324,0.024900133901735035,0.1346298374156283
2005,Santa Fe,25 a 34,Femenino,Si,0.027114205254989397,0.010939222155521431,0.06561913595604094
2005,Santa Fe,35 a 49,Femenino,Si,0.04875924094960295,0.02637752672908912,0.08840770830684845
2005,Santa Fe,50 a 64,Femenino,Si,0.13405159074497772,0.08832488283208799,0.1983022356628574
2005,Santa Fe,65+,Femenino,Si,0.11460002770404935,0.0747744729184557,0.17170067113335621
2009,Santa Fe,18 a 24,Masculino,Si,0.03929105150252871,0.011545413419294034,0.1252644006431336
2009,Santa Fe,25 a 34,Masculino,Si,0.021800647319900834,0.00877046328638541,0.053151581820667426
2009,Santa Fe,35 a 49,Masculino,Si,0.081516386567713,0.05164714382912864,0.12635836186590937
2009,Santa Fe,50 a 64,Masculino,Si,0.16279008400214448,0.10039645739881241,0.25305223094069373
2009,Santa Fe,65+,Masculino,Si,0.20943171212224707,0.14879811743606597,0.28645792095825146
2009,Santa Fe,18 a 24,Femenino,Si,0.03212313354989796,0.012484588279805354,0.08014638936603552
2009,Santa Fe,25 a 34,Femenino,Si,0.03814986607317122,0.01979849454666219,0.07225733534051382
2009,Santa Fe,35 a 49,Femenino,Si,0.06440407155834044,0.04055147695526451,0.10081268361500982
2009,Santa Fe,50 a 64,Femenino,Si,0.10157106606965326,0.06810524250707037,0.14885471166733644
2009,Santa Fe,65+,Femenino,Si,0.13403901170351634,0.09490544789347073,0.1859930442922906
2013,Santa Fe,18 a 24,Masculino,Si,0.012077792989629813,0.003516660312525158,0.04063077196235447
2013,Santa Fe,25 a 34,Masculino,Si,0.0029416667051070686,4.118259935094957e-4,0.02069059942608185
2013,Santa Fe,35 a 49,Masculino,Si,0.05039376295350121,0.017427633369534,0.13702254833203642
2013,Santa Fe,50 a 64,Masculino,Si,0.10471540805712432,0.05736769327266132,0.1835324353903335
2013,Santa Fe,65+,Masculino,Si,0.16839545086036878,0.11131365190427198,0.24662550529063024
2013,Santa Fe,18 a 24,Femenino,Si,0.040144625202120775,0.01766740113052339,0.0886380126426422
2013,Santa Fe,25 a 34,Femenino,Si,0.05640883928929682,0.03243081872535422,0.09634984908975448
2013,Santa Fe,35 a 49,Femenino,Si,0.07851110061407689,0.0507060400469949,0.11964165772014203
2013,Santa Fe,50 a 64,Femenino,Si,0.16884713728824244,0.12094504770831278,0.23074154923509907
2013,Santa Fe,65+,Femenino,Si,0.2391004602665342,0.18163254485078972,0.30790982534175004
2018,Santa Fe,18 a 24,Masculino,Si,0.024515314371952847,3.4823667258072713e-12,0.9999999944863337
2018,Santa Fe,25 a 34,Masculino,Si,0.041842759958286874,0.015315847702603016,0.10921804417417938
2018,Santa Fe,35 a 49,Masculino,Si,0.11139452953784466,0.06911035417471423,0.17469461638431155
2018,Santa Fe,50 a 64,Masculino,Si,0.21655150687398947,0.1350634336911507,0.3285297829699706
2018,Santa Fe,65+,Masculino,Si,0.2610978347454559,0.159460908386023,0.396924568294779
2018,Santa Fe,18 a 24,Femenino,Si,0.1123726154834149,0.04290790096648282,0.2633517536116285
2018,Santa Fe,25 a 34,Femenino,Si,0.09125656331818184,0.05113751940942018,0.1576218298983555
2018,Santa Fe,35 a 49,Femenino,Si,0.08346595935998669,0.048234772611251774,0.1406281606808619
2018,Santa Fe,50 a 64,Femenino,Si,0.21548018565753194,0.14922962104743798,0.3007456477467515
2018,Santa Fe,65+,Femenino,Si,0.22615986373326497,0.14866906493256962,0.32845785050901155
2005,Santiago del Estero,18 a 24,Masculino,Si,0.012189360296039847,0.003012242441017074,0.04798001681622317
2005,Santiago del Estero,25 a 34,Masculino,Si,0.03819092389506665,0.015970772970401267,0.08854422669373034
2005,Santiago del Estero,35 a 49,Masculino,Si,0.08577263444959753,0.05258589632028126,0.13687750089020567
2005,Santiago del Estero,50 a 64,Masculino,Si,0.20724310600184903,0.14113469356409244,0.2937270668070896
2005,Santiago del Estero,65+,Masculino,Si,0.2654693156928373,0.1794977269123461,0.37385571908648596
2005,Santiago del Estero,18 a 24,Femenino,Si,0.02836276641946365,0.011629921946670682,0.06752561942264425
2005,Santiago del Estero,25 a 34,Femenino,Si,0.045770819743435096,0.02322197025958279,0.0882370080327413
2005,Santiago del Estero,35 a 49,Femenino,Si,0.09278988246740551,0.06263841430167856,0.13535915197536982
2005,Santiago del Estero,50 a 64,Femenino,Si,0.13768185323620377,0.086317770540152,0.2125019060942862
2005,Santiago del Estero,65+,Femenino,Si,0.13698450223272915,0.08325869136467647,0.217166293879183
2009,Santiago del Estero,18 a 24,Masculino,Si,0.03905654044488483,0.012365984351249353,0.11655685602462561
2009,Santiago del Estero,25 a 34,Masculino,Si,0.07831567654695339,0.03752496304965913,0.15624877582542301
2009,Santiago del Estero,35 a 49,Masculino,Si,0.1482456748571484,0.0890995482937768,0.23646203343596153
2009,Santiago del Estero,50 a 64,Masculino,Si,0.24020789630232658,0.14763647890412937,0.36590615858019454
2009,Santiago del Estero,65+,Masculino,Si,0.2993681730563296,0.1737564971780295,0.46471323461321573
2009,Santiago del Estero,18 a 24,Femenino,Si,0.05592680231829707,0.024283699929652985,0.12358035724481514
2009,Santiago del Estero,25 a 34,Femenino,Si,0.1912052520748225,0.12184184742415176,0.2871446200757951
2009,Santiago del Estero,35 a 49,Femenino,Si,0.14555382869499414,0.09430839523242879,0.21794430355956648
2009,Santiago del Estero,50 a 64,Femenino,Si,0.23717602648778352,0.1547059270836049,0.3456329848298248
2009,Santiago del Estero,65+,Femenino,Si,0.22114829475011402,0.13696264335531935,0.336881030419451
2013,Santiago del Estero,18 a 24,Masculino,Si,0.014157260378847984,0.003395485815624119,0.057074419348728825
2013,Santiago del Estero,25 a 34,Masculino,Si,0.08566275924281015,0.03298853620070289,0.20464490840040778
2013,Santiago del Estero,35 a 49,Masculino,Si,0.12240216725000513,0.0771293494962573,0.1888120782192101
2013,Santiago del Estero,50 a 64,Masculino,Si,0.19081563521755546,0.11724287214265583,0.2951220498835494
2013,Santiago del Estero,65+,Masculino,Si,0.17325721468604305,0.07551571777951134,0.3496592249806998
2013,Santiago del Estero,18 a 24,Femenino,Si,0.01900727994705493,0.0026726474659356033,0.1228755919002084
2013,Santiago del Estero,25 a 34,Femenino,Si,0.06371592149963903,0.03463719063681007,0.1143160801037484
2013,Santiago del Estero,35 a 49,Femenino,Si,0.17419390561466616,0.11610847973095458,0.25301952015200485
2013,Santiago del Estero,50 a 64,Femenino,Si,0.20153944494754375,0.133343540690729,0.29282830255198694
2013,Santiago del Estero,65+,Femenino,Si,0.26277661815509473,0.16318633904700586,0.3944930358708065
2018,Santiago del Estero,25 a 34,Masculino,Si,0.043129945071288596,2.8780540677268233e-6,0.9985854004103012
2018,Santiago del Estero,35 a 49,Masculino,Si,0.07843003296397563,0.03650739127630239,0.16047562190453377
2018,Santiago del Estero,50 a 64,Masculino,Si,0.21802930270634938,0.09881782358206065,0.4148512283440331
2018,Santiago del Estero,65+,Masculino,Si,0.3268767998737745,0.16766836290615258,0.5393069491386097
2018,Santiago del Estero,18 a 24,Femenino,Si,0.06392065871400639,8.526647642848311e-7,0.9998171722492897
2018,Santiago del Estero,25 a 34,Femenino,Si,0.1394800646578021,0.06121470290060928,0.2871982072985597
2018,Santiago del Estero,35 a 49,Femenino,Si,0.19946975115664006,0.11040437303816114,0.3334535684374625
2018,Santiago del Estero,50 a 64,Femenino,Si,0.20791214607587274,0.10348055102875793,0.3737934051756177
2018,Santiago del Estero,65+,Femenino,Si,0.16030534351147666,0.07592071184768145,0.3072925554327244
2005,Tierra del Fuego,18 a 24,Masculino,Si,0.023395958879829964,0.004153500888700549,0.12095745807036531
2005,Tierra del Fuego,25 a 34,Masculino,Si,0.01670673076933712,0.005816417339687193,0.047022992568737314
2005,Tierra del Fuego,35 a 49,Masculino,Si,0.0739763347170066,0.041826200284753826,0.12754933656256834
2005,Tierra del Fuego,50 a 64,Masculino,Si,0.09754738015865533,0.0514205357207536,0.17731756076440777
2005,Tierra del Fuego,65+,Masculino,Si,0.2549450549450713,0.1219235863530624,0.4574827462063416
2005,Tierra del Fuego,18 a 24,Femenino,Si,0.0628110540663156,0.022992537434864787,0.1602750385548604
2005,Tierra del Fuego,25 a 34,Femenino,Si,0.14860681114551114,0.09442290395495263,0.22611992349124008
2005,Tierra del Fuego,35 a 49,Femenino,Si,0.11212328247189172,0.07524217005778518,0.1638786220708382
2005,Tierra del Fuego,50 a 64,Femenino,Si,0.193094389230593,0.12220753867914845,0.29144720917084904
2005,Tierra del Fuego,65+,Femenino,Si,0.1305326331582933,0.05443038895965241,0.2813752359515921
2009,Tierra del Fuego,18 a 24,Masculino,Si,0.04164711403136404,0.010974133315546407,0.14544430054423055
2009,Tierra del Fuego,25 a 34,Masculino,Si,0.03159541192896175,0.011257346361129083,0.08549985658201364
2009,Tierra del Fuego,35 a 49,Masculino,Si,0.0930012610411418,0.054653761571257675,0.1538754832755779
2009,Tierra del Fuego,50 a 64,Masculino,Si,0.2611333037431595,0.16250778425356927,0.39162494787941055
2009,Tierra del Fuego,65+,Masculino,Si,0.35705812575577395,0.20073538894485687,0.5511684991398917
2009,Tierra del Fuego,18 a 24,Femenino,Si,0.11334759089202731,0.054641577242394955,0.22042029793615986
2009,Tierra del Fuego,25 a 34,Femenino,Si,0.09731985940561569,0.05400928061730138,0.16915138344377706
2009,Tierra del Fuego,35 a 49,Femenino,Si,0.16664313019783591,0.11456838048281463,0.23607656431975133
2009,Tierra del Fuego,50 a 64,Femenino,Si,0.16042154686677848,0.09061297028098284,0.26815248329093916
2009,Tierra del Fuego,65+,Femenino,Si,0.14588235294117663,0.05420512520935413,0.33731408353373293
2013,Tierra del Fuego,25 a 34,Masculino,Si,0.05189284568496028,0.023958581932105167,0.1087673065617281
2013,Tierra del Fuego,35 a 49,Masculino,Si,0.07516096260989659,0.04123326510766302,0.13312883976583664
2013,Tierra del Fuego,50 a 64,Masculino,Si,0.15557894939444053,0.09581975408322299,0.24260762968816885
2013,Tierra del Fuego,65+,Masculino,Si,0.3088505344848873,0.17828254475273736,0.4792693122458117
2013,Tierra del Fuego,18 a 24,Femenino,Si,0.012496844238784843,0.001740271635619122,0.08413588755713057
2013,Tierra del Fuego,25 a 34,Femenino,Si,0.08135105400321307,0.04601408931568893,0.13984724643208468
2013,Tierra del Fuego,35 a 49,Femenino,Si,0.12623694337548877,0.08116496533498158,0.19113156302985193
2013,Tierra del Fuego,50 a 64,Femenino,Si,0.1756543324154101,0.1104586697555991,0.267747849107367
2013,Tierra del Fuego,65+,Femenino,Si,0.2217815741319048,0.11908926478745908,0.3753000726014509
2018,Tierra del Fuego,18 a 24,Masculino,Si,0.12455613379530503,5.094426500674566e-6,0.9997483977040649
2018,Tierra del Fuego,25 a 34,Masculino,Si,0.062903097593898,2.2638606430100512e-8,0.9999949757359327
2018,Tierra del Fuego,35 a 49,Masculino,Si,0.17572615264537195,0.10413503525340152,0.28109212798504474
2018,Tierra del Fuego,50 a 64,Masculino,Si,0.23647069997508904,0.013483015534545204,0.875282485385148
2018,Tierra del Fuego,65+,Masculino,Si,0.3249747219413559,0.10714911849722523,0.6588542663194782
2018,Tierra del Fuego,18 a 24,Femenino,Si,0.07497181511866456,0,NA
2018,Tierra del Fuego,25 a 34,Femenino,Si,0.09214169092158393,0.03989311567874412,0.19866154988504783
2018,Tierra del Fuego,35 a 49,Femenino,Si,0.12929623567921467,0.007287262002784284,0.7502455220452541
2018,Tierra del Fuego,50 a 64,Femenino,Si,0.24951678332687652,0.1280663076384898,0.42942022882640085
2018,Tierra del Fuego,65+,Femenino,Si,0.325476695249425,3.7129951914349153e-6,0.9999840532128873
2005,Tucumán,35 a 49,Masculino,Si,0.0384989989719177,0.017277824350856043,0.08356823488671716
2005,Tucumán,50 a 64,Masculino,Si,0.11236772065656513,0.0696843408044154,0.17624278094874596
2005,Tucumán,65+,Masculino,Si,0.14287729992105852,0.07593223305227745,0.2527034196609924
2005,Tucumán,18 a 24,Femenino,Si,0.005706083325424862,0.0013339815163457408,0.02406241205084621
2005,Tucumán,25 a 34,Femenino,Si,0.05547866919248507,0.031062539921929654,0.09716214044443065
2005,Tucumán,35 a 49,Femenino,Si,0.07532336601063255,0.04315352212402516,0.12826036686289627
2005,Tucumán,50 a 64,Femenino,Si,0.2011242000339807,0.14229269804950273,0.27644013241409376
2005,Tucumán,65+,Femenino,Si,0.14675544843648783,0.08327094180627143,0.24566923001075663
2009,Tucumán,18 a 24,Masculino,Si,0.040803482456600364,0.0140155881657952,0.11292689971223452
2009,Tucumán,25 a 34,Masculino,Si,0.047479407655341026,0.021435204113398238,0.10187351804326657
2009,Tucumán,35 a 49,Masculino,Si,0.0658058684184718,0.029224866840379237,0.1415013822413535
2009,Tucumán,50 a 64,Masculino,Si,0.16050738966870529,0.09651802962041729,0.2549490177668411
2009,Tucumán,65+,Masculino,Si,0.1731762050981966,0.08958686238000255,0.3083436760162854
2009,Tucumán,18 a 24,Femenino,Si,0.04804707837471706,0.017098483288993258,0.1277334550243634
2009,Tucumán,25 a 34,Femenino,Si,0.08320566932422999,0.05083888711472323,0.1332852493138012
2009,Tucumán,35 a 49,Femenino,Si,0.08882922510070461,0.05468316407203675,0.14111438011207617
2009,Tucumán,50 a 64,Femenino,Si,0.17475399943000494,0.1159191785509738,0.2548426249569381
2009,Tucumán,65+,Femenino,Si,0.20305541812092837,0.13047847560215456,0.30198197461485615
2013,Tucumán,25 a 34,Masculino,Si,0.03855934061116405,0.015219158917717655,0.09426772195531151
2013,Tucumán,35 a 49,Masculino,Si,0.06571245881725457,0.03495002683852789,0.12017957161319133
2013,Tucumán,50 a 64,Masculino,Si,0.15071928381713148,0.08927586895683819,0.24315992276293896
2013,Tucumán,65+,Masculino,Si,0.20361114432619865,0.11872300028107928,0.3266948306294375
2013,Tucumán,18 a 24,Femenino,Si,0.014753243976427508,0.004411655829088519,0.048164293450902874
2013,Tucumán,25 a 34,Femenino,Si,0.08568539804179871,0.05022736762417953,0.1424214685653259
2013,Tucumán,35 a 49,Femenino,Si,0.11255991020764135,0.0709688327427712,0.17396122057285823
2013,Tucumán,50 a 64,Femenino,Si,0.15756905025406698,0.09698223153480295,0.24570694792572761
2013,Tucumán,65+,Femenino,Si,0.19095518751440585,0.129980011614578,0.27160482742095327
2018,Tucumán,18 a 24,Masculino,Si,0.014771327538780202,4.64897101262843e-6,0.9797370159724491
2018,Tucumán,25 a 34,Masculino,Si,0.07044477812876476,0.02779233440112422,0.1672916149724364
2018,Tucumán,35 a 49,Masculino,Si,0.08264332844901058,0.004684022401952525,0.6329697869243693
2018,Tucumán,50 a 64,Masculino,Si,0.31346094225546384,0.18725902379831819,0.47500658341885554
2018,Tucumán,65+,Masculino,Si,0.10016105313005605,0.036730776053785434,0.2452414238206501
2018,Tucumán,18 a 24,Femenino,Si,0.08856459281583787,0.0044890708883480335,0.6767844058584791
2018,Tucumán,25 a 34,Femenino,Si,0.12570701129677367,0.07472126527257429,0.2038191934266571
2018,Tucumán,35 a 49,Femenino,Si,0.1530435215704737,0.09908449603410555,0.22892071922232973
2018,Tucumán,50 a 64,Femenino,Si,0.21953871338171346,0.14117632373235547,0.32494042291081393
2018,Tucumán,65+,Femenino,Si,0.15826336562613721,0.09137558765903542,0.2600978859446836
