anio_enfr,prov_nombre,grupo_edad_enfr,sexo,freq_dm,prev_dm,AVD_total
2005,Buenos Aires,18 a 24,Mujer,22757,0.02869814799550514,255159.24903756217
2005,Buenos Aires,18 a 24,Varón,14902,0.01709042949717601,167086.30879104236
2005,Buenos Aires,25 a 34,Mujer,56901,0.05500859433759803,637993.4274942359
2005,Buenos Aires,25 a 34,Varón,14315,0.01698406241272791,160504.66449763603
2005,Buenos Aires,35 a 49,Mujer,78360,0.05727396230384685,878599.0576342827
2005,Buenos Aires,35 a 49,Varón,68992,0.05630524572745132,773561.8451289489
2005,Buenos Aires,50 a 64,Mujer,157673,0.1506669855924403,1767883.4764467874
2005,Buenos Aires,50 a 64,Varón,141910,0.1320137250190594,1591143.3418693347
2005,Buenos Aires,65+,Mujer,153278,0.1842708895014937,1718605.2368053545
2005,Buenos Aires,65+,Varón,127533,0.20097007996831745,1429943.5122163473
2005,CABA,18 a 24,Mujer,1824,0.01104905442262285,20451.310376785754
2005,CABA,18 a 24,Varón,2772,0.01476832588346805,31080.60984893098
2005,CABA,25 a 34,Mujer,11620,0.04457675264512693,130287.40492228644
2005,CABA,25 a 34,Varón,8722,0.03737124445152907,97794.04008022223
2005,CABA,35 a 49,Mujer,10233,0.03129501354166537,114735.8876566056
2005,CABA,35 a 49,Varón,12249,0.05411889456243111,137339.96754673723
2005,CABA,50 a 64,Mujer,26233,0.0916324641528556,294133.3471020947
2005,CABA,50 a 64,Varón,37418,0.16022094716165286,419543.3835957069
2005,CABA,65+,Mujer,37264,0.14539382115371255,417816.68304854404
2005,CABA,65+,Varón,41465,0.22124342379071676,464919.7284942003
2005,Catamarca,18 a 24,Mujer,634,0.04039503026473158,7108.624330527505
2005,Catamarca,18 a 24,Varón,398,0.02251131320967948,4462.51180370654
2005,Catamarca,25 a 34,Mujer,1317,0.06202901437992149,14766.65338060682
2005,Catamarca,25 a 34,Varón,684,0.03690315619331587,7669.241391294658
2005,Catamarca,35 a 49,Mujer,1912,0.09775550897453283,21437.996403735942
2005,Catamarca,35 a 49,Varón,878,0.03954598684849804,9844.435587071213
2005,Catamarca,50 a 64,Mujer,2464,0.14880125755640872,27627.20875460532
2005,Catamarca,50 a 64,Varón,2264,0.18340894362871277,25384.740511536707
2005,Catamarca,65+,Mujer,2736,0.3163737280576363,30676.96556517863
2005,Catamarca,65+,Varón,878,0.12067069818582347,9844.435587071213
2005,Chaco,18 a 24,Mujer,1644,0.03319535588117851,18433.088958024
2005,Chaco,18 a 24,Varón,1385,0.029783665219986,15529.092583250149
2005,Chaco,25 a 34,Mujer,3876,0.07568686416490447,43459.03455066973
2005,Chaco,25 a 34,Varón,1059,0.02126676913932723,11873.869347048309
2005,Chaco,35 a 49,Mujer,7396,0.11115285772254101,82926.47562867732
2005,Chaco,35 a 49,Varón,2806,0.04478779269285623,31461.829450252644
2005,Chaco,50 a 64,Mujer,6375,0.16429988918385866,71478.67524781205
2005,Chaco,50 a 64,Varón,5519,0.12052850073749502,61880.911167478385
2005,Chaco,65+,Mujer,6731,0.20244217871214368,75470.26872047418
2005,Chaco,65+,Varón,3715,0.16619693106866804,41653.8476149995
2005,Chubut,18 a 24,Mujer,582,0.0292447615866157,6525.582587329665
2005,Chubut,18 a 24,Varón,770,0.03304437387471083,8633.502735814161
2005,Chubut,25 a 34,Mujer,1578,0.05590392177702206,17693.07443781136
2005,Chubut,25 a 34,Varón,465,0.01840345114180698,5213.738665134526
2005,Chubut,35 a 49,Mujer,4429,0.1252155720788221,49659.45924275444
2005,Chubut,35 a 49,Varón,2405,0.07128037945255987,26965.680622900076
2005,Chubut,50 a 64,Mujer,3220,0.11519336028333815,36103.73871340467
2005,Chubut,50 a 64,Varón,3827,0.1487600097267317,42909.62983111792
2005,Chubut,65+,Mujer,4168,0.23781809882460417,46733.03818554991
2005,Chubut,65+,Varón,1856,0.1713758079848615,20810.10529567673
2005,Corrientes,18 a 24,Mujer,3055,0.06013187683567563,34253.70241287307
2005,Corrientes,18 a 24,Varón,541,0.00959526090733678,6065.876597500599
2005,Corrientes,25 a 34,Mujer,3734,0.06329886431322712,41866.88209809101
2005,Corrientes,25 a 34,Varón,868,0.01846729926386124,9732.312174917783
2005,Corrientes,35 a 49,Mujer,3063,0.0504887335783872,34343.401142595816
2005,Corrientes,35 a 49,Varón,2746,0.04193454789793204,30789.088977332063
2005,Corrientes,50 a 64,Mujer,7615,0.1519474818534711,85381.97835483745
2005,Corrientes,50 a 64,Varón,8068,0.18872956093258436,90461.16892538786
2005,Corrientes,65+,Mujer,3686,0.1258492967040499,41328.68971975455
2005,Corrientes,65+,Varón,4464,0.2353065204803707,50051.891185291446
2005,Córdoba,18 a 24,Mujer,9569,0.05952906777828839,107290.8930896178
2005,Córdoba,18 a 24,Varón,NA,NA,0
2005,Córdoba,25 a 34,Mujer,10779,0.05925978866812544,120857.82596018292
2005,Córdoba,25 a 34,Varón,12436,0.06977500982029698,139436.67535400638
2005,Córdoba,35 a 49,Mujer,16313,0.06182749854799822,182906.92224589147
2005,Córdoba,35 a 49,Varón,15667,0.08406801852318879,175663.74982077983
2005,Córdoba,50 a 64,Mujer,32698,0.1499722511432079,366621.1330592876
2005,Córdoba,50 a 64,Varón,27451,0.15089433933224192,307789.97870238253
2005,Córdoba,65+,Mujer,38040,0.22302871113560563,426517.4598316503
2005,Córdoba,65+,Varón,31035,0.22805264279480983,347975.0096181721
2005,Entre Ríos,18 a 24,Mujer,NA,NA,0
2005,Entre Ríos,18 a 24,Varón,307,0.00491215718903062,3442.1887531103216
2005,Entre Ríos,25 a 34,Mujer,6235,0.08714794884339037,69908.94747766403
2005,Entre Ríos,25 a 34,Varón,1210,0.02045577506264059,13566.932870565111
2005,Entre Ríos,35 a 49,Mujer,2497,0.03054770555849924,27997.216014711637
2005,Entre Ríos,35 a 49,Varón,1972,0.02498764556731789,22110.736876656527
2005,Entre Ríos,50 a 64,Mujer,9534,0.13441421119773225,106898.4611470808
2005,Entre Ríos,50 a 64,Varón,11989,0.1676923937673093,134424.75883074803
2005,Entre Ríos,65+,Mujer,12328,0.1895886197616309,138225.74250274934
2005,Entre Ríos,65+,Varón,6804,0.15473131346031083,76288.76962919423
2005,Formosa,18 a 24,Mujer,851,0.0403508771930341,9541.70237425695
2005,Formosa,18 a 24,Varón,91,0.00566836925378714,1020.3230505962191
2005,Formosa,25 a 34,Mujer,1087,0.0375176888836066,12187.814901077914
2005,Formosa,25 a 34,Varón,237,0.01115714152406732,2657.3248680363067
2005,Formosa,35 a 49,Mujer,2352,0.07522548462611885,26371.426538486892
2005,Formosa,35 a 49,Varón,3074,0.0957871120532252,34466.73689596459
2005,Formosa,50 a 64,Mujer,3744,0.21260647359454857,41979.005510244446
2005,Formosa,50 a 64,Varón,1797,0.08874950612652192,20148.57716397149
2005,Formosa,65+,Mujer,3719,0.26648036698036454,41698.69697986086
2005,Formosa,65+,Varón,447,0.05689918533604891,5011.916523258351
2005,Jujuy,18 a 24,Mujer,NA,NA,0
2005,Jujuy,18 a 24,Varón,NA,NA,0
2005,Jujuy,25 a 34,Mujer,1036,0.02203739588647,11615.985499095417
2005,Jujuy,25 a 34,Varón,410,0.0110535964673277,4597.059898290658
2005,Jujuy,35 a 49,Mujer,2286,0.04576026903675447,25631.41201827425
2005,Jujuy,35 a 49,Varón,851,0.02421397090625636,9541.70237425695
2005,Jujuy,50 a 64,Mujer,1663,0.0582486874774119,18646.12344111552
2005,Jujuy,50 a 64,Varón,3322,0.10463321679423472,37247.39751736967
2005,Jujuy,65+,Mujer,1475,0.07852845660238274,16538.203292631024
2005,Jujuy,65+,Varón,2556,0.14442309917318524,28658.744146416877
2005,La Pampa,18 a 24,Mujer,205,0.01808557565064726,2298.529949145329
2005,La Pampa,18 a 24,Varón,32,0.00326464002026973,358.7949188909781
2005,La Pampa,25 a 34,Mujer,1860,0.10977337110488618,20854.954660538104
2005,La Pampa,25 a 34,Varón,251,0.01602605031293443,2814.29764505111
2005,La Pampa,35 a 49,Mujer,1651,0.08261609290804596,18511.575346531405
2005,La Pampa,35 a 49,Varón,97,0.00507826815386608,1087.5970978882774
2005,La Pampa,50 a 64,Mujer,1281,0.09751084722702576,14363.00909685447
2005,La Pampa,50 a 64,Varón,1681,0.1272135613743006,18847.945582991695
2005,La Pampa,65+,Mujer,1439,0.1272550406791686,16134.559008878674
2005,La Pampa,65+,Varón,1791,0.21288482111079235,20081.303116679435
2005,La Rioja,18 a 24,Mujer,572,0.03148739406169078,6413.459175176235
2005,La Rioja,18 a 24,Varón,228,0.01283494708739449,2556.413797098219
2005,La Rioja,25 a 34,Mujer,1886,0.09423874481948848,21146.475532137025
2005,La Rioja,25 a 34,Varón,329,0.01867196367764709,3688.8602598478687
2005,La Rioja,35 a 49,Mujer,2095,0.10184735051134251,23489.854846143724
2005,La Rioja,35 a 49,Varón,1311,0.05984388551604512,14699.37933331476
2005,La Rioja,50 a 64,Mujer,3535,0.2477572189515085,39635.62619623775
2005,La Rioja,50 a 64,Varón,2025,0.13373398494254418,22704.99096106971
2005,La Rioja,65+,Mujer,1501,0.20413436693028955,16829.724164229945
2005,La Rioja,65+,Varón,1441,0.22675059008664775,16156.983691309359
2005,Mendoza,18 a 24,Mujer,879,0.01240789362242887,9855.647928286555
2005,Mendoza,18 a 24,Varón,2449,0.02810323261765657,27459.023636375172
2005,Mendoza,25 a 34,Mujer,707,0.0088159010475281,7927.125239247549
2005,Mendoza,25 a 34,Varón,885,0.01078413452756764,9922.921975578614
2005,Mendoza,35 a 49,Mujer,6736,0.05338067021690785,75526.33042655089
2005,Mendoza,35 a 49,Varón,3445,0.03175261532790569,38626.515486856864
2005,Mendoza,50 a 64,Mujer,11768,0.12353429000746298,131946.8314221572
2005,Mendoza,50 a 64,Varón,11057,0.12516838924418824,123974.85681804828
2005,Mendoza,65+,Mujer,10069,0.1151019106096737,112897.06369728936
2005,Mendoza,65+,Varón,9995,0.2166467974422896,112067.35044735397
2005,Misiones,18 a 24,Mujer,1754,0.04051182557280621,19666.44649171174
2005,Misiones,18 a 24,Varón,571,0.01381462753735574,6402.246833960891
2005,Misiones,25 a 34,Mujer,2471,0.05253757999702359,27705.69514311272
2005,Misiones,25 a 34,Varón,1544,0.04119640331920441,17311.854836489696
2005,Misiones,35 a 49,Mujer,4251,0.0722910006242542,47663.662506423374
2005,Misiones,35 a 49,Varón,2783,0.04995512475318638,31203.945602299755
2005,Misiones,50 a 64,Mujer,7556,0.1792645314353632,84720.45022313221
2005,Misiones,50 a 64,Varón,4687,0.12616080540975572,52552.243276312955
2005,Misiones,65+,Mujer,3031,0.1512399583139223,33984.60622370484
2005,Misiones,65+,Varón,3723,0.16180624973739696,41743.54634472224
2005,Neuquén,18 a 24,Mujer,639,0.02331351058389811,7164.686036604219
2005,Neuquén,18 a 24,Varón,482,0.01809105581203425,5404.348465795359
2005,Neuquén,25 a 34,Mujer,2796,0.08307582601450696,31349.706038099215
2005,Neuquén,25 a 34,Varón,2553,0.09660574412556036,28625.107122770853
2005,Neuquén,35 a 49,Mujer,4620,0.10475477858659216,51801.016414884965
2005,Neuquén,35 a 49,Varón,1325,0.03590299417565656,14856.352110329564
2005,Neuquén,50 a 64,Mujer,3074,0.14092513891077663,34466.73689596459
2005,Neuquén,50 a 64,Varón,4808,0.1703092345412695,53908.93656336946
2005,Neuquén,65+,Mujer,2833,0.19570323293949785,31764.56266306691
2005,Neuquén,65+,Varón,1657,0.1585645936130018,18578.849393823464
2005,Río Negro,18 a 24,Mujer,855,0.03634585954791138,9586.551739118322
2005,Río Negro,18 a 24,Varón,498,0.01592682614814438,5583.745925240847
2005,Río Negro,25 a 34,Mujer,1924,0.053890538345191,21572.54449832006
2005,Río Negro,25 a 34,Varón,925,0.03947930004276067,10371.415624192337
2005,Río Negro,35 a 49,Mujer,4589,0.10332327644441965,51453.43383720933
2005,Río Negro,35 a 49,Varón,2005,0.04640988843109267,22480.74413676285
2005,Río Negro,50 a 64,Mujer,6503,0.1879153903958239,72913.85492337595
2005,Río Negro,50 a 64,Varón,5072,0.15358992218630646,56868.99464422004
2005,Río Negro,65+,Mujer,4719,0.21133004926113733,52911.03819520393
2005,Río Negro,65+,Varón,3739,0.2044398272185482,41922.94380416773
2005,Salta,18 a 24,Mujer,673,0.00982037326373272,7545.905637925884
2005,Salta,18 a 24,Varón,NA,NA,0
2005,Salta,25 a 34,Mujer,2664,0.03809251447775715,29869.67699767393
2005,Salta,25 a 34,Varón,1070,0.01638440572076101,11997.20510041708
2005,Salta,35 a 49,Mujer,3198,0.04161569893033267,35857.067206667125
2005,Salta,35 a 49,Varón,2479,0.03576581255776374,27795.393872835462
2005,Salta,50 a 64,Mujer,4651,0.09568777517180696,52148.598992560605
2005,Salta,50 a 64,Varón,2479,0.0507731705885555,27795.393872835462
2005,Salta,65+,Mujer,3897,0.12089343880874832,43694.49371619194
2005,Salta,65+,Varón,2949,0.115633456664199,33065.1942440467
2005,San Juan,18 a 24,Mujer,1470,0.04547563805104572,16482.14158655431
2005,San Juan,18 a 24,Varón,1271,0.03323657854164983,14250.885684701037
2005,San Juan,25 a 34,Mujer,2448,0.05707757395081123,27447.811295159827
2005,San Juan,25 a 34,Varón,912,0.02416790360314299,10225.655188392877
2005,San Juan,35 a 49,Mujer,5168,0.10240152175640645,57945.37940089297
2005,San Juan,35 a 49,Varón,2081,0.04676299409002252,23332.882069128922
2005,San Juan,50 a 64,Mujer,6247,0.1500060032600248,70043.49557224814
2005,San Juan,50 a 64,Varón,3916,0.10822762070585729,43907.52819928345
2005,San Juan,65+,Mujer,5275,0.21295922486881175,59145.09991093468
2005,San Juan,65+,Varón,5402,0.2706277246823407,60569.06724528325
2005,San Luis,18 a 24,Mujer,1232,0.06312769084338611,13813.60437730266
2005,San Luis,18 a 24,Varón,929,0.04360888137824646,10416.264989053709
2005,San Luis,25 a 34,Mujer,3049,0.1151652502360896,34186.428365581014
2005,San Luis,25 a 34,Varón,49.00000000000001,0.00204875193380925,549.4047195518103
2005,San Luis,35 a 49,Mujer,3970,0.1343167439185305,44512.99462491198
2005,San Luis,35 a 49,Varón,2420,0.08318152134071137,27133.865741130223
2005,San Luis,50 a 64,Mujer,3493,0.1342428900845502,39164.70786519333
2005,San Luis,50 a 64,Varón,2568,0.13464765100671142,28793.292241000996
2005,San Luis,65+,Mujer,1897,0.13652392947103295,21269.8112855058
2005,San Luis,65+,Varón,2070,0.16708370334361267,23209.54631576015
2005,Santa Cruz,18 a 24,Mujer,209,0.02389663846329751,2343.379314006701
2005,Santa Cruz,18 a 24,Varón,183,0.01834586466165907,2051.8584424077812
2005,Santa Cruz,25 a 34,Mujer,668,0.04721849155301416,7489.843931849168
2005,Santa Cruz,25 a 34,Varón,160,0.01209189843988815,1793.9745944548908
2005,Santa Cruz,35 a 49,Mujer,1749,0.10390922053283622,19610.384785635026
2005,Santa Cruz,35 a 49,Varón,1318,0.07577325526444958,14777.865721822162
2005,Santa Cruz,50 a 64,Mujer,1683,0.15629643565533569,18870.37026542238
2005,Santa Cruz,50 a 64,Varón,1984,0.15495157896264206,22245.284971240642
2005,Santa Cruz,65+,Mujer,1122,0.17416951278279036,12580.24684361492
2005,Santa Cruz,65+,Varón,466,0.1105050984113144,5224.951006349869
2005,Santa Fe,18 a 24,Mujer,9443,0.05929260780012532,105878.13809648457
2005,Santa Fe,18 a 24,Varón,5019,0.02767240818259647,56274.74055980686
2005,Santa Fe,25 a 34,Mujer,5363,0.02711420525498939,60131.785937884866
2005,Santa Fe,25 a 34,Varón,7348,0.04368452968397103,82388.28325034086
2005,Santa Fe,35 a 49,Mujer,10355,0.04875924094960295,116103.79328487745
2005,Santa Fe,35 a 49,Varón,9012,0.03688363566578535,101045.61903267172
2005,Santa Fe,50 a 64,Mujer,26415,0.13405159074497772,296173.99320328713
2005,Santa Fe,50 a 64,Varón,43633,0.23937874432180023,489228.08424906404
2005,Santa Fe,65+,Mujer,23168,0.11460002770404935,259767.52127706818
2005,Santa Fe,65+,Varón,21435,0.18397404536910833,240336.53395087866
2005,Santiago del Estero,18 a 24,Mujer,901,0.02836276641946365,10102.319435024103
2005,Santiago del Estero,18 a 24,Varón,387,0.01218936029603984,4339.176050337767
2005,Santiago del Estero,25 a 34,Mujer,1684,0.04577081974343509,18881.582606637723
2005,Santiago del Estero,25 a 34,Varón,1243,0.03819092389506665,13936.940130671434
2005,Santiago del Estero,35 a 49,Mujer,4050,0.09278988246740552,45409.98192213942
2005,Santiago del Estero,35 a 49,Varón,3528,0.08577263444959753,39557.13980773034
2005,Santiago del Estero,50 a 64,Mujer,4325,0.13768185323620377,48493.375756358764
2005,Santiago del Estero,50 a 64,Varón,5877,0.20724310600184903,65894.9293225712
2005,Santiago del Estero,65+,Mujer,3129,0.13698450223272915,35083.41566280846
2005,Santiago del Estero,65+,Varón,4183,0.2654693156928373,46901.22330378005
2005,Tierra del Fuego,18 a 24,Mujer,366,0.0628110540663156,4103.7168848155625
2005,Tierra del Fuego,18 a 24,Varón,132,0.02339595887982996,1480.0290404252848
2005,Tierra del Fuego,25 a 34,Mujer,1248,0.14860681114551114,13993.00183674815
2005,Tierra del Fuego,25 a 34,Varón,139,0.01670673076933712,1558.5154289326863
2005,Tierra del Fuego,35 a 49,Mujer,1477,0.11212328247189172,16560.62797506171
2005,Tierra del Fuego,35 a 49,Varón,869,0.0739763347170066,9743.524516133126
2005,Tierra del Fuego,50 a 64,Mujer,1029,0.193094389230593,11537.499110588016
2005,Tierra del Fuego,50 a 64,Varón,525,0.09754738015865531,5886.4791380551105
2005,Tierra del Fuego,65+,Mujer,174,0.1305326331582933,1950.9473714696937
2005,Tierra del Fuego,65+,Varón,348,0.2549450549450713,3901.8947429393875
2005,Tucumán,18 a 24,Mujer,481,0.00570608332542486,5393.136124580015
2005,Tucumán,18 a 24,Varón,NA,NA,0
2005,Tucumán,25 a 34,Mujer,4610,0.05547866919248507,51688.89300273154
2005,Tucumán,25 a 34,Varón,NA,NA,0
2005,Tucumán,35 a 49,Mujer,7023,0.07532336601063255,78744.27235535436
2005,Tucumán,35 a 49,Varón,2846,0.0384989989719177,31910.32309886637
2005,Tucumán,50 a 64,Mujer,14205,0.2011242000339807,159271.30696394827
2005,Tucumán,50 a 64,Varón,8654,0.11236772065656513,97031.60087757891
2005,Tucumán,65+,Mujer,7185,0.14675544843648783,80560.67163223993
2005,Tucumán,65+,Varón,5063,0.14287729992105852,56768.08357328195
2009,Buenos Aires,18 a 24,Mujer,32512,0.03816576139590538,364535.6375932338
2009,Buenos Aires,18 a 24,Varón,23753,0.02729825117891567,266326.7408880439
2009,Buenos Aires,25 a 34,Mujer,57814,0.05667955865760635,648230.2950238441
2009,Buenos Aires,25 a 34,Varón,25443,0.02441952875597563,285275.59754197364
2009,Buenos Aires,35 a 49,Mujer,141490,0.09870819223282996,1586434.1585588905
2009,Buenos Aires,35 a 49,Varón,56037,0.04763026013508754,628305.9646841795
2009,Buenos Aires,50 a 64,Mujer,186799,0.16263119175001103,2094454.1266848694
2009,Buenos Aires,50 a 64,Varón,176967,0.16632158683520895,1984214.3878556166
2009,Buenos Aires,65+,Mujer,162590,0.1736838844343603,1823014.5582026292
2009,Buenos Aires,65+,Varón,138308,0.21037517016891932,1550756.4888116692
2009,CABA,18 a 24,Mujer,2476,0.01423618497842884,27761.756849189434
2009,CABA,18 a 24,Varón,7425,0.04410899823564093,83251.63352392227
2009,CABA,25 a 34,Mujer,6944,0.03000371592204798,77858.49739934226
2009,CABA,25 a 34,Varón,811,0.00307102744991128,9093.208725643228
2009,CABA,35 a 49,Mujer,22637,0.06462950200822318,253813.768091721
2009,CABA,35 a 49,Varón,19334,0.08044805349501857,216779.40505744284
2009,CABA,50 a 64,Mujer,28999,0.09917578749284738,325146.68290373357
2009,CABA,50 a 64,Varón,19318,0.08963936395867562,216600.00759799738
2009,CABA,65+,Mujer,33105,0.12886638068619774,371184.5559339322
2009,CABA,65+,Varón,35458,0.17802971345944657,397567.19481363444
2009,Catamarca,18 a 24,Mujer,260,0.0136082905901493,2915.2087159891976
2009,Catamarca,18 a 24,Varón,NA,NA,0
2009,Catamarca,25 a 34,Mujer,1780,0.08033215998176998,19957.967363310658
2009,Catamarca,25 a 34,Varón,598,0.02672148012491171,6704.980046775154
2009,Catamarca,35 a 49,Mujer,1696,0.0708822672007272,19016.130701221842
2009,Catamarca,35 a 49,Varón,859,0.03474919094527273,9631.401103979693
2009,Catamarca,50 a 64,Mujer,5281,0.235801035899272,59212.37395822674
2009,Catamarca,50 a 64,Varón,2825,0.17006802735829246,31674.863933344164
2009,Catamarca,65+,Mujer,2722,0.25960896518836496,30519.99278816383
2009,Catamarca,65+,Varón,1547,0.2021693674885108,17345.491860135724
2009,Chaco,18 a 24,Mujer,1913,0.03360798299403184,21449.208744951287
2009,Chaco,18 a 24,Varón,2211,0.04416611733684915,24790.48642712352
2009,Chaco,25 a 34,Mujer,2897,0.04696060949910875,32482.152500848864
2009,Chaco,25 a 34,Varón,1534,0.02662085244383124,17199.731424336267
2009,Chaco,35 a 49,Mujer,6392,0.08943112180665039,71669.28504847288
2009,Chaco,35 a 49,Varón,4227,0.06171523697869045,47394.56631725514
2009,Chaco,50 a 64,Mujer,10459,0.19203863386706724,117269.87677127314
2009,Chaco,50 a 64,Varón,5543,0.10030400636965836,62150.007356646616
2009,Chaco,65+,Mujer,6035,0.15493427810169622,67666.4792345954
2009,Chaco,65+,Varón,5945,0.2785326086956522,66657.36852521454
2009,Chubut,18 a 24,Mujer,2147,0.09784887430515166,24072.896589341566
2009,Chubut,18 a 24,Varón,1320,0.0517200846328661,14800.290404252848
2009,Chubut,25 a 34,Mujer,1748,0.05378461538461548,19599.17244441968
2009,Chubut,25 a 34,Varón,1512,0.0555964112369467,16953.059917598715
2009,Chubut,35 a 49,Mujer,3733,0.09847265820799651,41855.66975687567
2009,Chubut,35 a 49,Varón,3857,0.11840004911591431,43246.000067578214
2009,Chubut,50 a 64,Mujer,5148,0.17122900386648957,57721.132576586104
2009,Chubut,50 a 64,Varón,3988,0.15465156887930342,44714.81676678816
2009,Chubut,65+,Mujer,3219,0.19516187705403423,36092.526372189335
2009,Chubut,65+,Varón,4861,0.31952935000064486,54503.190647782656
2009,Corrientes,18 a 24,Mujer,1538,0.02866461653266831,17244.580789197636
2009,Corrientes,18 a 24,Varón,1832,0.034473674306576343,20541.009106508496
2009,Corrientes,25 a 34,Mujer,2458,0.03919255054533494,27559.93470731326
2009,Corrientes,25 a 34,Varón,349,0.0053236115136479,3913.1070841547303
2009,Corrientes,35 a 49,Mujer,8817,0.11389412803389884,98859.21249567982
2009,Corrientes,35 a 49,Varón,2780,0.04565235240988639,31170.308578653727
2009,Corrientes,50 a 64,Mujer,13318,0.21569707178025407,149325.96030593896
2009,Corrientes,50 a 64,Varón,4984,0.13747448558961375,55882.308617269846
2009,Corrientes,65+,Mujer,9291,0.29908256880734013,104173.86223175244
2009,Corrientes,65+,Varón,5215,0.1778467414657437,58472.35943801409
2009,Córdoba,18 a 24,Mujer,10236,0.05701109477342822,114769.52468025163
2009,Córdoba,18 a 24,Varón,6714,0.0453863313730491,75279.65891981336
2009,Córdoba,25 a 34,Mujer,9317,0.04144591418125794,104465.38310335136
2009,Córdoba,25 a 34,Varón,10839,0.0519826197061423,121530.5664331035
2009,Córdoba,35 a 49,Mujer,26235,0.10444368361648812,294155.77178452536
2009,Córdoba,35 a 49,Varón,15900,0.06784492101827515,178276.22532395474
2009,Córdoba,50 a 64,Mujer,28726,0.11420052476744884,322085.71375194495
2009,Córdoba,50 a 64,Varón,27954,0.14630699661705485,313429.78633370006
2009,Córdoba,65+,Mujer,37067,0.18635061082912913,415607.8518291215
2009,Córdoba,65+,Varón,32601,0.2216322787545753,365533.5359613993
2009,Entre Ríos,18 a 24,Mujer,2854,0.05232952572016346,32000.02182858911
2009,Entre Ríos,18 a 24,Varón,1643,0.02861023560369985,18421.87661680866
2009,Entre Ríos,25 a 34,Mujer,3949,0.05432808764866988,44277.53545938977
2009,Entre Ríos,25 a 34,Varón,5048,0.06203150729227522,56599.8984550518
2009,Entre Ríos,35 a 49,Mujer,11838,0.1272916913263005,132731.69530723122
2009,Entre Ríos,35 a 49,Varón,2013,0.02603163109646003,22570.442866485595
2009,Entre Ríos,50 a 64,Mujer,11521,0.13806699023527158,129177.38314196747
2009,Entre Ríos,50 a 64,Varón,13589,0.19325615791569503,152364.50477529695
2009,Entre Ríos,65+,Mujer,12908,0.18008063728567675,144728.9004076483
2009,Entre Ríos,65+,Varón,6155,0.18612597901357764,69011.96018043658
2009,Formosa,18 a 24,Mujer,1296,0.05293468937630202,14531.194215084613
2009,Formosa,18 a 24,Varón,710,0.02930009905978478,7960.762262893578
2009,Formosa,25 a 34,Mujer,1304,0.04622638165126632,14620.89294480736
2009,Formosa,25 a 34,Varón,NA,NA,0
2009,Formosa,35 a 49,Mujer,3928,0.09549277969668002,44042.07629386757
2009,Formosa,35 a 49,Varón,2642,0.08672531513108696,29623.005490936386
2009,Formosa,50 a 64,Mujer,4379,0.17066801783708926,49098.84218198729
2009,Formosa,50 a 64,Varón,2335,0.09860641891905268,26180.816737826062
2009,Formosa,65+,Mujer,3547,0.18441301862490792,39770.17429082186
2009,Formosa,65+,Varón,988,0.09654094195878216,11077.79312075895
2009,Jujuy,18 a 24,Mujer,1385,0.0418050105644588,15529.092583250149
2009,Jujuy,18 a 24,Varón,2090,0.05499276549976727,23433.79314006701
2009,Jujuy,25 a 34,Mujer,1173,0.02697978251445644,13152.076245597416
2009,Jujuy,25 a 34,Varón,1826,0.03931277988297911,20473.73505921644
2009,Jujuy,35 a 49,Mujer,4292,0.07779449351072382,48123.36849625244
2009,Jujuy,35 a 49,Varón,2789,0.0649193458612202,31271.219649591814
2009,Jujuy,50 a 64,Mujer,8164,0.1956386292835291,91537.5536820608
2009,Jujuy,50 a 64,Varón,6164,0.18675392352951176,69112.87125137467
2009,Jujuy,65+,Mujer,5595,0.22941610628177897,62733.04909984446
2009,Jujuy,65+,Varón,4090,0.1997167830461969,45858.475570753144
2009,La Pampa,18 a 24,Mujer,537,0.03563607406221648,6021.027232639227
2009,La Pampa,18 a 24,Varón,669,0.04533748983465937,7501.056273064512
2009,La Pampa,25 a 34,Mujer,970,0.0585324643977795,10875.970978882775
2009,La Pampa,25 a 34,Varón,396,0.02658788793982168,4440.087121275855
2009,La Pampa,35 a 49,Mujer,3217,0.12692838824225916,36070.101689758645
2009,La Pampa,35 a 49,Varón,449,0.02422705537222554,5034.341205689037
2009,La Pampa,50 a 64,Mujer,3215,0.18916215582253285,36047.67700732796
2009,La Pampa,50 a 64,Varón,2296,0.12148790941319916,25743.535430427684
2009,La Pampa,65+,Mujer,3581,0.22677474510824547,40151.393892143526
2009,La Pampa,65+,Varón,2761,0.24134615384616467,30957.274095562207
2009,La Rioja,18 a 24,Mujer,989,0.04773396399441058,11089.005461974293
2009,La Rioja,18 a 24,Varón,1292,0.06678383184468817,14486.344850223242
2009,La Rioja,25 a 34,Mujer,1886,0.07935038712402007,21146.475532137025
2009,La Rioja,25 a 34,Varón,1555,0.07078477814705149,17435.19058985847
2009,La Rioja,35 a 49,Mujer,2605,0.11136762002486784,29208.14886596869
2009,La Rioja,35 a 49,Varón,2191,0.09538943794032456,24566.239602816662
2009,La Rioja,50 a 64,Mujer,4802,0.300331478020977,53841.662516077406
2009,La Rioja,50 a 64,Varón,3300,0.2113894049073576,37000.72601063212
2009,La Rioja,65+,Mujer,2927,0.2912148061531155,32818.52273730916
2009,La Rioja,65+,Varón,1771,0.2678058369877515,19857.05629237257
2009,Mendoza,18 a 24,Mujer,1912,0.02291878933200872,21437.996403735942
2009,Mendoza,18 a 24,Varón,2346,0.03008849557522146,26304.152491194833
2009,Mendoza,25 a 34,Mujer,7817,0.07386374373997977,87646.87128033677
2009,Mendoza,25 a 34,Varón,6718,0.06811867534627676,75324.50828467472
2009,Mendoza,35 a 49,Mujer,4358,0.03975044238101343,48863.383016465086
2009,Mendoza,35 a 49,Varón,8514,0.08670325977372043,95461.87310743087
2009,Mendoza,50 a 64,Mujer,13374,0.12179329563150568,149953.85141399817
2009,Mendoza,50 a 64,Varón,11983,0.1360745838159514,134357.48478345596
2009,Mendoza,65+,Mujer,18548,0.22988163847065624,207966.5048621832
2009,Mendoza,65+,Varón,13002,0.19155236678134355,145782.86048189056
2009,Misiones,18 a 24,Mujer,1959,0.04168528566868942,21964.976440857066
2009,Misiones,18 a 24,Varón,1862,0.04299238051258382,20877.379342968794
2009,Misiones,25 a 34,Mujer,4793,0.08669307432163635,53740.75144513932
2009,Misiones,25 a 34,Varón,1872,0.03963918180664209,20989.502755122223
2009,Misiones,35 a 49,Mujer,5702,0.08230607119269541,63932.76960988617
2009,Misiones,35 a 49,Varón,2929,0.04745317866632181,32840.947419739845
2009,Misiones,50 a 64,Mujer,5120,0.13093959470700495,57407.18702255651
2009,Misiones,50 a 64,Varón,6491,0.14651378010978836,72779.30682879184
2009,Misiones,65+,Mujer,4155,0.194558906162208,46587.27774975044
2009,Misiones,65+,Varón,3814,0.21353787670186264,42763.869395318456
2009,Neuquén,18 a 24,Mujer,1327,0.04730500499073163,14878.776792760249
2009,Neuquén,18 a 24,Varón,139,0.00475766703183256,1558.5154289326863
2009,Neuquén,25 a 34,Mujer,2277,0.06284499933345168,25530.500947336164
2009,Neuquén,25 a 34,Varón,484,0.0151283093176964,5426.773148226044
2009,Neuquén,35 a 49,Mujer,2648,0.05604470194251555,29690.279538228442
2009,Neuquén,35 a 49,Varón,2312,0.07285561233129866,25922.93288987317
2009,Neuquén,50 a 64,Mujer,4259,0.14117140200175524,47753.36123614612
2009,Neuquén,50 a 64,Varón,4757,0.13980074676264337,53337.10716138697
2009,Neuquén,65+,Mujer,2727,0.1610084432415384,30576.054494240543
2009,Neuquén,65+,Varón,2319,0.1616591146957998,26001.41927838057
2009,Río Negro,18 a 24,Mujer,1151,0.05654074876125698,12905.40473885987
2009,Río Negro,18 a 24,Varón,697,0.02214033894148855,7815.001827094118
2009,Río Negro,25 a 34,Mujer,2369,0.07018843346184911,26562.036339147726
2009,Río Negro,25 a 34,Varón,1449,0.04418625926266027,16246.682421032105
2009,Río Negro,35 a 49,Mujer,4173,0.07446333938821151,46789.09989162662
2009,Río Negro,35 a 49,Varón,4216,0.10387818459571552,47271.230563886376
2009,Río Negro,50 a 64,Mujer,5188,0.13600377719986942,58169.626225199834
2009,Río Negro,50 a 64,Varón,4057,0.13107815579464327,45488.46831064682
2009,Río Negro,65+,Mujer,5614,0.22734267433385028,62946.08358293598
2009,Río Negro,65+,Varón,6174,0.2768113343247424,69224.99466352811
2009,Salta,18 a 24,Mujer,2839,0.04108716731551325,31831.836710358966
2009,Salta,18 a 24,Varón,1638,0.02283722552116915,18365.814910731944
2009,Salta,25 a 34,Mujer,3295,0.04264157780308589,36944.66430455541
2009,Salta,25 a 34,Varón,1821,0.02433613536662371,20417.673353139722
2009,Salta,35 a 49,Mujer,10340,0.103200822412744,115935.60816664732
2009,Salta,35 a 49,Varón,3685,0.05684359945041294,41317.4773785392
2009,Salta,50 a 64,Mujer,9896,0.13996181317398784,110957.32866703499
2009,Salta,50 a 64,Varón,11209,0.19492896022816245,125679.13268278044
2009,Salta,65+,Mujer,5079,0.15863447544090556,56947.48103272744
2009,Salta,65+,Varón,6303,0.14981460353846238,70671.38668030735
2009,San Juan,18 a 24,Mujer,851,0.02397655883183859,9541.70237425695
2009,San Juan,18 a 24,Varón,258,0.0077547341130967,2892.784033558511
2009,San Juan,25 a 34,Mujer,4016,0.08505411186708883,45028.76232081776
2009,San Juan,25 a 34,Varón,538,0.01319630111131817,6032.23957385457
2009,San Juan,35 a 49,Mujer,6373,0.12790254377550378,71456.25056538137
2009,San Juan,35 a 49,Varón,5030,0.1021133193934141,56398.076313175625
2009,San Juan,50 a 64,Mujer,8274,0.18857260067919843,92770.91121574854
2009,San Juan,50 a 64,Varón,4875,0.14706769641802248,54660.16342479745
2009,San Juan,65+,Mujer,7988,0.22031000055160244,89564.18162816041
2009,San Juan,65+,Varón,9149,0.3265517364457301,102581.70977917372
2009,San Luis,18 a 24,Mujer,1129,0.0587317291445985,12658.733232122322
2009,San Luis,18 a 24,Varón,758,0.03229792492528131,8498.954641230046
2009,San Luis,25 a 34,Mujer,2766,0.08474783995152418,31013.335801638925
2009,San Luis,25 a 34,Varón,1305,0.04546087925870364,14632.105286022705
2009,San Luis,35 a 49,Mujer,3494,0.10914657003628464,39175.92020640868
2009,San Luis,35 a 49,Varón,1869,0.06258161831559303,20955.86573147619
2009,San Luis,50 a 64,Mujer,3245,0.11475351863640892,36384.04724378825
2009,San Luis,50 a 64,Varón,2559,0.11195694973094628,28692.38117006291
2009,San Luis,65+,Mujer,5001,0.23018503175919977,56072.918417930676
2009,San Luis,65+,Varón,4357,0.2842325005129648,48852.17067524975
2009,Santa Cruz,18 a 24,Mujer,563,0.04647898951542273,6312.548104238147
2009,Santa Cruz,18 a 24,Varón,568,0.04841871963175877,6368.6098103148615
2009,Santa Cruz,25 a 34,Mujer,721,0.0472074903424766,8084.098016262352
2009,Santa Cruz,25 a 34,Varón,418,0.02375404898562263,4686.758628013402
2009,Santa Cruz,35 a 49,Mujer,2835,0.1409325909723604,31786.987345497597
2009,Santa Cruz,35 a 49,Varón,821,0.05029404557707277,9205.332137796659
2009,Santa Cruz,50 a 64,Mujer,2426,0.1909785090444604,27201.13978842228
2009,Santa Cruz,50 a 64,Varón,1804,0.1528166052790358,20227.063552478892
2009,Santa Cruz,65+,Mujer,1590,0.25395304264495716,17827.62253239548
2009,Santa Cruz,65+,Varón,1747,0.2432470064049447,19587.96010320434
2009,Santa Fe,18 a 24,Mujer,5130,0.03212313354989796,57519.31043470993
2009,Santa Fe,18 a 24,Varón,6757,0.03929105150252871,75761.7895920731
2009,Santa Fe,25 a 34,Mujer,7815,0.03814986607317122,87624.44659790608
2009,Santa Fe,25 a 34,Varón,3644,0.02180064731990083,40857.771388710134
2009,Santa Fe,35 a 49,Mujer,16204,0.06440407155834044,181684.77705341906
2009,Santa Fe,35 a 49,Varón,20690,0.081516386567713,231983.33974544803
2009,Santa Fe,50 a 64,Mujer,25938,0.10157106606965326,290825.70644356846
2009,Santa Fe,50 a 64,Varón,24650,0.16279008400214448,276384.2109582066
2009,Santa Fe,65+,Mujer,25769,0.13403901170351634,288930.8207781755
2009,Santa Fe,65+,Varón,34067,0.2094317121222471,381970.8281830923
2009,Santiago del Estero,18 a 24,Mujer,2176,0.05592680231829707,24398.05448458651
2009,Santiago del Estero,18 a 24,Varón,1280,0.03905654044488483,14351.796755639127
2009,Santiago del Estero,25 a 34,Mujer,7718,0.1912052520748225,86536.8495000178
2009,Santiago del Estero,25 a 34,Varón,2920,0.07831567654695339,32740.036348801757
2009,Santiago del Estero,35 a 49,Mujer,7117,0.14555382869499414,79798.23242959661
2009,Santiago del Estero,35 a 49,Varón,6418,0.1482456748571484,71960.8059200718
2009,Santiago del Estero,50 a 64,Mujer,8785,0.23717602648778352,98500.41757678885
2009,Santiago del Estero,50 a 64,Varón,7672,0.24020789630232656,86021.08180411202
2009,Santiago del Estero,65+,Mujer,5743,0.221148294750114,64392.47559971524
2009,Santiago del Estero,65+,Varón,5591,0.2993681730563296,62688.199734983085
2009,Tierra del Fuego,18 a 24,Mujer,901,0.11334759089202733,10102.319435024103
2009,Tierra del Fuego,18 a 24,Varón,355,0.04164711403136404,3980.381131446789
2009,Tierra del Fuego,25 a 34,Mujer,886,0.09731985940561567,9934.134316793958
2009,Tierra del Fuego,25 a 34,Varón,303,0.03159541192896175,3397.339388248949
2009,Tierra del Fuego,35 a 49,Mujer,2360,0.16664313019783591,26461.12526820964
2009,Tierra del Fuego,35 a 49,Varón,1180,0.0930012610411418,13230.56263410482
2009,Tierra del Fuego,50 a 64,Mujer,1233,0.16042154686677848,13824.816718518001
2009,Tierra del Fuego,50 a 64,Varón,1765,0.2611333037431595,19789.782245080514
2009,Tierra del Fuego,65+,Mujer,372,0.14588235294117663,4170.990932107621
2009,Tierra del Fuego,65+,Varón,602,0.35705812575577395,6749.829411636526
2009,Tucumán,18 a 24,Mujer,3421,0.04804707837471706,38357.419297688626
2009,Tucumán,18 a 24,Varón,3112,0.04080348245660036,34892.80586214763
2009,Tucumán,25 a 34,Mujer,7984,0.08320566932422999,89519.33226329905
2009,Tucumán,25 a 34,Varón,4663,0.04747940765534102,52283.147087144724
2009,Tucumán,35 a 49,Mujer,9330,0.08882922510070461,104611.14353915083
2009,Tucumán,35 a 49,Varón,5387,0.0658058684184718,60400.882127053104
2009,Tucumán,50 a 64,Mujer,14474,0.17475399943000494,162287.42675087554
2009,Tucumán,50 a 64,Varón,10958,0.16050738966870529,122864.83503772934
2009,Tucumán,65+,Mujer,9849,0.20305541812092837,110430.34862991387
2009,Tucumán,65+,Varón,6407,0.1731762050981966,71837.47016670303
2013,Buenos Aires,18 a 24,Mujer,27691,0.0318681128981426,310480.9405940649
2013,Buenos Aires,18 a 24,Varón,38584,0.04381836682792216,432616.9734527969
2013,Buenos Aires,25 a 34,Mujer,55688,0.04702417319232572,624392.8576000248
2013,Buenos Aires,25 a 34,Varón,53899,0.0458614583880623,604333.9791657759
2013,Buenos Aires,35 a 49,Mujer,137437,0.09212175589514993,1540990.5396131051
2013,Buenos Aires,35 a 49,Varón,122387,0.0853156456515075,1372244.804322192
2013,Buenos Aires,50 a 64,Mujer,176898,0.15374760771585866,1983440.736311758
2013,Buenos Aires,50 a 64,Varón,142934,0.13763173731976386,1602624.779273846
2013,Buenos Aires,65+,Mujer,168828,0.168132436111831,1892957.1427039392
2013,Buenos Aires,65+,Varón,140895,0.20692800148041915,1579762.8155357614
2013,CABA,18 a 24,Mujer,NA,NA,0
2013,CABA,18 a 24,Varón,NA,NA,0
2013,CABA,25 a 34,Mujer,3362,0.01399358176629855,37695.89116598339
2013,CABA,25 a 34,Varón,11473,0.05018129656901694,128639.19076363102
2013,CABA,35 a 49,Mujer,7484,0.02456565338921281,83913.16165562753
2013,CABA,35 a 49,Varón,9020,0.03228369565996106,101135.31776239446
2013,CABA,50 a 64,Mujer,32349,0.124989374609671,362708.0259751329
2013,CABA,50 a 64,Varón,26557,0.12815167614885167,297766.14565586584
2013,CABA,65+,Mujer,49143,0.1659961695562064,551008.0843456044
2013,CABA,65+,Varón,47667,0.2768874199122825,534458.668711758
2013,Catamarca,18 a 24,Mujer,1099,0.06327000604368363,12322.362995662032
2013,Catamarca,18 a 24,Varón,582,0.03381361840646085,6525.582587329665
2013,Catamarca,25 a 34,Mujer,1272,0.06104232708845726,14262.09802591638
2013,Catamarca,25 a 34,Varón,922,0.04648583240899633,10337.778600546308
2013,Catamarca,35 a 49,Mujer,5403,0.21177438952694932,60580.27958649859
2013,Catamarca,35 a 49,Varón,3825,0.16164476189543367,42887.20514868723
2013,Catamarca,50 a 64,Mujer,2791,0.15945837866316584,31293.6443320225
2013,Catamarca,50 a 64,Varón,2275,0.14296487183216733,25508.076264905478
2013,Catamarca,65+,Mujer,2320,0.183355725925694,26012.63161959592
2013,Catamarca,65+,Varón,2661,0.3027303754327106,29836.039974027903
2013,Chaco,18 a 24,Mujer,3771,0.06366168650300043,42281.738723058705
2013,Chaco,18 a 24,Varón,1273,0.02195092512160348,14273.310367131722
2013,Chaco,25 a 34,Mujer,6359,0.09336641804193348,71299.27778836657
2013,Chaco,25 a 34,Varón,3853,0.06076807823201263,43201.150702716834
2013,Chaco,35 a 49,Mujer,10392,0.13269319336562024,116518.64990984515
2013,Chaco,35 a 49,Varón,3082,0.04331024015963802,34556.435625687336
2013,Chaco,50 a 64,Mujer,4756,0.08480439356667965,53325.89482017163
2013,Chaco,50 a 64,Varón,8803,0.17277723259977742,98702.23971866502
2013,Chaco,65+,Mujer,8808,0.23672328531501435,98758.301424741745
2013,Chaco,65+,Varón,3563,0.1376153876041959,39949.57175026735
2013,Chubut,18 a 24,Mujer,1759,0.0630556355219304,19722.508197788455
2013,Chubut,18 a 24,Varón,2262,0.07960864362760692,25362.315829106017
2013,Chubut,25 a 34,Mujer,2544,0.06282567435225532,28524.19605183276
2013,Chubut,25 a 34,Varón,2938,0.07116558481245949,32941.85849067793
2013,Chubut,35 a 49,Mujer,3205,0.06617798931999427,35935.55359517453
2013,Chubut,35 a 49,Varón,3636,0.07587329415139119,40768.07265898739
2013,Chubut,50 a 64,Mujer,6332,0.1940426575147319,70996.5445755523
2013,Chubut,50 a 64,Varón,3479,0.11284829219243037,39007.73508817853
2013,Chubut,65+,Mujer,4585,0.21058191337937124,51408.58447234797
2013,Chubut,65+,Varón,2519,0.15822864348510765,28243.88752144919
2013,Corrientes,18 a 24,Mujer,1797,0.03187300461169628,20148.57716397149
2013,Corrientes,18 a 24,Varón,309,0.00565820072879123,3464.6134355410077
2013,Corrientes,25 a 34,Mujer,2998,0.04707544947789927,33614.59896359852
2013,Corrientes,25 a 34,Varón,1678,0.02846190379340792,18814.308559345667
2013,Corrientes,35 a 49,Mujer,4931,0.06497819129156966,55288.054532856666
2013,Corrientes,35 a 49,Varón,2641,0.03889543446244892,29611.79314972104
2013,Corrientes,50 a 64,Mujer,8899,0.15621598848836152,99778.62447533796
2013,Corrientes,50 a 64,Varón,4025,0.07815382225592851,45129.67339175584
2013,Corrientes,65+,Mujer,10188,0.2532879198468543,114231.33230191517
2013,Corrientes,65+,Varón,4994,0.17538191395969582,55994.432029423275
2013,Córdoba,18 a 24,Mujer,4346,0.02461235261480686,48728.83492188097
2013,Córdoba,18 a 24,Varón,4108,0.0233291119831601,46060.29771262932
2013,Córdoba,25 a 34,Mujer,16558,0.07115201986997453,185653.9458436505
2013,Córdoba,25 a 34,Varón,14176,0.06176422014098545,158946.14906870332
2013,Córdoba,35 a 49,Mujer,41845,0.14887220902510198,469180.41815603065
2013,Córdoba,35 a 49,Varón,22087,0.08293780176989479,247646.98042328234
2013,Córdoba,50 a 64,Mujer,33518,0.14901657419293549,375815.25285586895
2013,Córdoba,50 a 64,Varón,40079,0.20297481043271873,449379.4235697348
2013,Córdoba,65+,Mujer,56244.00000000001,0.27201106538151476,630626.9193157555
2013,Córdoba,65+,Varón,44502,0.3248819162061339,498971.60876519716
2013,Entre Ríos,18 a 24,Mujer,2386,0.03813999584392379,26752.646139808556
2013,Entre Ríos,18 a 24,Varón,1090,0.01751538641722161,12221.451924723942
2013,Entre Ríos,25 a 34,Mujer,2727,0.03389725167511043,30576.054494240543
2013,Entre Ríos,25 a 34,Varón,1796,0.02323024589553923,20137.36482275615
2013,Entre Ríos,35 a 49,Mujer,7758,0.07697115813922517,86985.34314863151
2013,Entre Ríos,35 a 49,Varón,5880,0.06186738496215702,65928.56634621724
2013,Entre Ríos,50 a 64,Mujer,8730,0.11043643463991756,97883.73880994496
2013,Entre Ríos,50 a 64,Varón,11030,0.1589360077234555,123672.12360523404
2013,Entre Ríos,65+,Mujer,9315,0.13570606525616907,104442.95842092068
2013,Entre Ríos,65+,Varón,6719,0.15419391853127237,75335.72062589007
2013,Formosa,18 a 24,Mujer,570,0.0219526285384171,6391.034492745548
2013,Formosa,18 a 24,Varón,984,0.03899191631009835,11032.943755897577
2013,Formosa,25 a 34,Mujer,883,0.03166236375095626,9900.497293147928
2013,Formosa,25 a 34,Varón,1664,0.06677635548334636,18657.33578233086
2013,Formosa,35 a 49,Mujer,1451,0.04100028256593265,16269.107103462791
2013,Formosa,35 a 49,Varón,1259,0.0399822160122573,14116.33759011692
2013,Formosa,50 a 64,Mujer,3724,0.14646424941801475,41754.75868593759
2013,Formosa,50 a 64,Varón,2099,0.09094848130435748,23534.704211005097
2013,Formosa,65+,Mujer,2854,0.17692641498139908,32000.02182858911
2013,Formosa,65+,Varón,3352,0.263957792006092,37583.76775382996
2013,Jujuy,18 a 24,Mujer,994,0.02689830601219328,11145.067168051008
2013,Jujuy,18 a 24,Varón,245.99999999999997,0.00666757013145411,2758.2359389743942
2013,Jujuy,25 a 34,Mujer,1849,0.04088175466527268,20731.61890716933
2013,Jujuy,25 a 34,Varón,2935,0.06788952629892897,32908.2214670319
2013,Jujuy,35 a 49,Mujer,5992,0.1077678459020544,67184.34856233565
2013,Jujuy,35 a 49,Varón,1821,0.03524766273759893,20417.673353139722
2013,Jujuy,50 a 64,Mujer,6013,0.15845784911960203,67419.80772785787
2013,Jujuy,50 a 64,Varón,2912,0.08757367977895561,32650.33761907901
2013,Jujuy,65+,Mujer,3435,0.13515640423509293,38514.392074703435
2013,Jujuy,65+,Varón,2551,0.12914494246089564,28602.682440340166
2013,La Pampa,18 a 24,Mujer,427,0.03282595326698624,4787.669698951489
2013,La Pampa,18 a 24,Varón,316,0.02426849002789599,3543.099824048409
2013,La Pampa,25 a 34,Mujer,2007,0.11758846965082424,22503.168819193535
2013,La Pampa,25 a 34,Varón,202,0.01214380186097174,2264.8929254992995
2013,La Pampa,35 a 49,Mujer,2216,0.09887560235663372,24846.54813320024
2013,La Pampa,35 a 49,Varón,1504,0.07149988139954347,16863.361187875973
2013,La Pampa,50 a 64,Mujer,2245,0.12941719029226978,25171.706028445187
2013,La Pampa,50 a 64,Varón,1770,0.11055590256092808,19845.84395115723
2013,La Pampa,65+,Mujer,2270,0.14617811835919903,25452.014558828763
2013,La Pampa,65+,Varón,1396,0.126586869786001,15652.428336618921
2013,La Rioja,18 a 24,Mujer,1000,0.05283178360101531,11212.341215343067
2013,La Rioja,18 a 24,Varón,74,0.00394204135138991,829.713249935387
2013,La Rioja,25 a 34,Mujer,2198,0.09582352428353892,24644.725991324063
2013,La Rioja,25 a 34,Varón,323,0.0143332593745924,3621.5862125558106
2013,La Rioja,35 a 49,Mujer,1350,0.05215577190542513,15136.66064071314
2013,La Rioja,35 a 49,Varón,2604,0.10375328711466957,29196.936524753346
2013,La Rioja,50 a 64,Mujer,2466,0.1426257952573743,27649.633437036002
2013,La Rioja,50 a 64,Varón,3063,0.18546775659196957,34343.401142595816
2013,La Rioja,65+,Mujer,2131,0.18434256057447188,23893.499129896078
2013,La Rioja,65+,Varón,2009,0.23848528015194792,22525.593501624222
2013,Mendoza,18 a 24,Mujer,1698,0.02056436964507612,19038.55538365253
2013,Mendoza,18 a 24,Varón,693,0.00829106049020445,7770.152462232745
2013,Mendoza,25 a 34,Mujer,5002,0.04593247031944234,56084.13075914602
2013,Mendoza,25 a 34,Varón,1652,0.01531487314357329,18522.787687746746
2013,Mendoza,35 a 49,Mujer,11621,0.08706434115496495,130298.61726350179
2013,Mendoza,35 a 49,Varón,9156,0.07394187051289709,102660.19616768113
2013,Mendoza,50 a 64,Mujer,10857,0.10032063424595496,121732.38857497968
2013,Mendoza,50 a 64,Varón,13935,0.15049571246517057,156243.97483580565
2013,Mendoza,65+,Mujer,17307,0.1814988044808463,194051.98941394247
2013,Mendoza,65+,Varón,17556,0.2690368554151221,196843.86237656287
2013,Misiones,18 a 24,Mujer,3699,0.06895973154393335,41474.450155554005
2013,Misiones,18 a 24,Varón,NA,NA,0
2013,Misiones,25 a 34,Mujer,4244,0.06875992353310056,47585.17611791598
2013,Misiones,25 a 34,Varón,1024,0.01787366252989124,11481.4374045113
2013,Misiones,35 a 49,Mujer,7205,0.09809794818032382,80784.91845654679
2013,Misiones,35 a 49,Varón,5053,0.07465906236613966,56655.96016112852
2013,Misiones,50 a 64,Mujer,7160,0.13945697480594685,80280.36310185636
2013,Misiones,50 a 64,Varón,7940,0.16600807044077273,89025.98924982396
2013,Misiones,65+,Mujer,5876,0.18241649074879016,65883.71698135586
2013,Misiones,65+,Varón,7326,0.2980714460087082,82141.61174360331
2013,Neuquén,18 a 24,Mujer,2430,0.08101080144043996,27245.989153283655
2013,Neuquén,18 a 24,Varón,923,0.02995100107239062,10348.99094176165
2013,Neuquén,25 a 34,Mujer,4954,0.11952325805828984,55545.93838080956
2013,Neuquén,25 a 34,Varón,1845,0.04560284739730142,20686.76954230796
2013,Neuquén,35 a 49,Mujer,5700,0.10898661567877756,63910.34492745549
2013,Neuquén,35 a 49,Varón,3815,0.07810260820081698,42775.0817365338
2013,Neuquén,50 a 64,Mujer,5126,0.1470326710359554,57474.46106984856
2013,Neuquén,50 a 64,Varón,6069,0.18984015765272763,68047.69883591708
2013,Neuquén,65+,Mujer,5054,0.24718771397828423,56667.17250234386
2013,Neuquén,65+,Varón,5873,0.37355298325087827,65850.07995770984
2013,Río Negro,18 a 24,Mujer,838,0.0259700012841662,9395.94193845749
2013,Río Negro,18 a 24,Varón,665,0.02053039424531508,7456.206908203139
2013,Río Negro,25 a 34,Mujer,1316,0.03020218945056713,14755.441039391475
2013,Río Negro,25 a 34,Varón,438,0.0104965490909682,4911.005452320263
2013,Río Negro,35 a 49,Mujer,8459,0.15141317784515065,94845.19434058701
2013,Río Negro,35 a 49,Varón,2703,0.05239895318406543,30306.95830507231
2013,Río Negro,50 a 64,Mujer,4878,0.1207904120443749,54693.800448443486
2013,Río Negro,50 a 64,Varón,5581,0.1541968283065044,62576.07632282966
2013,Río Negro,65+,Mujer,5243,0.18254935415255455,58786.3049920437
2013,Río Negro,65+,Varón,2755,0.127457783946334,30890.00004827015
2013,Salta,18 a 24,Mujer,2636,0.03731015838417279,29555.731443644323
2013,Salta,18 a 24,Varón,NA,NA,0
2013,Salta,25 a 34,Mujer,8497,0.10206974425504844,95271.26330677004
2013,Salta,25 a 34,Varón,5863,0.07497730091967039,65737.9565455564
2013,Salta,35 a 49,Mujer,13388,0.1365955189298755,150110.82419101297
2013,Salta,35 a 49,Varón,7423,0.0819568961713263,83229.20884149159
2013,Salta,50 a 64,Mujer,12117,0.1828898314382383,135859.93850631194
2013,Salta,50 a 64,Varón,8530,0.14400027010620586,95641.27056687637
2013,Salta,65+,Mujer,11270,0.2464088156198113,126363.08549691636
2013,Salta,65+,Varón,6564,0.18831224722574064,73597.80773751189
2013,San Juan,18 a 24,Mujer,334,0.00960598217872765,3744.921965924584
2013,San Juan,18 a 24,Varón,452,0.01285368974835189,5067.978229335066
2013,San Juan,25 a 34,Mujer,3934,0.091183015019472,44109.350341159625
2013,San Juan,25 a 34,Varón,1483.9999999999998,0.03523685147813579,16639.11436356911
2013,San Juan,35 a 49,Mujer,4778,0.08799911595699399,53572.566326909175
2013,San Juan,35 a 49,Varón,3423,0.06837384896249084,38379.84398011932
2013,San Juan,50 a 64,Mujer,8121,0.19371690301371144,91055.42300980104
2013,San Juan,50 a 64,Varón,8516,0.2389852388168656,95484.29778986155
2013,San Juan,65+,Mujer,9297,0.28419025493672434,104241.1362790445
2013,San Juan,65+,Varón,3888,0.16865483884981297,43593.582645253846
2013,San Luis,18 a 24,Mujer,1377,0.05915964997585481,15439.393853527403
2013,San Luis,18 a 24,Varón,638,0.02736787924148456,7153.473695388877
2013,San Luis,25 a 34,Mujer,2750,0.09234385493678156,30833.938342193433
2013,San Luis,25 a 34,Varón,1863,0.06461122297284397,20888.591684184135
2013,San Luis,35 a 49,Mujer,3769,0.10177409337623364,42259.314040628014
2013,San Luis,35 a 49,Varón,2562,0.07077543588505895,28726.01819370894
2013,San Luis,50 a 64,Mujer,4936,0.18312001484273768,55344.116238933384
2013,San Luis,50 a 64,Varón,4192,0.17025424417606294,47002.13437471814
2013,San Luis,65+,Mujer,3662,0.17721641502416574,41059.59353058631
2013,San Luis,65+,Varón,1615,0.10972958282375891,18107.931062779055
2013,Santa Cruz,18 a 24,Mujer,1149,0.0728321501494081,12882.980056429185
2013,Santa Cruz,18 a 24,Varón,22,0.00135785706039387,246.67150673754747
2013,Santa Cruz,25 a 34,Mujer,2772,0.11571696931747288,31080.60984893098
2013,Santa Cruz,25 a 34,Varón,609,0.02434052810474149,6828.315800143928
2013,Santa Cruz,35 a 49,Mujer,1374,0.05090774360874517,15405.756829881375
2013,Santa Cruz,35 a 49,Varón,3216,0.11359542227403428,36058.88934854331
2013,Santa Cruz,50 a 64,Mujer,3200,0.20380867460821833,35879.491889097815
2013,Santa Cruz,50 a 64,Varón,3185,0.1939235265505503,35711.30677086767
2013,Santa Cruz,65+,Mujer,2439,0.28553032090921915,27346.900224221743
2013,Santa Cruz,65+,Varón,669,0.0976927570102001,7501.056273064512
2013,Santa Fe,18 a 24,Mujer,6462,0.04014462520212077,72454.1489335469
2013,Santa Fe,18 a 24,Varón,1932,0.01207779298962981,21662.243228042804
2013,Santa Fe,25 a 34,Mujer,12656,0.05640883928929682,141903.39042138186
2013,Santa Fe,25 a 34,Varón,653,0.00294166670510706,7321.658813619023
2013,Santa Fe,35 a 49,Mujer,20776,0.07851110061407689,232947.60108996756
2013,Santa Fe,35 a 49,Varón,12766,0.05039376295350121,143136.74795506962
2013,Santa Fe,50 a 64,Mujer,36253,0.16884713728824244,406481.00607983215
2013,Santa Fe,50 a 64,Varón,20033,0.10471540805712432,224616.83156696765
2013,Santa Fe,65+,Mujer,49248,0.2391004602665342,552185.3801732154
2013,Santa Fe,65+,Varón,22225,0.16839545086036878,249194.28351099967
2013,Santiago del Estero,18 a 24,Mujer,718,0.01900727994705493,8050.460992616322
2013,Santiago del Estero,18 a 24,Varón,518,0.01415726037884798,5807.992749547709
2013,Santiago del Estero,25 a 34,Mujer,2905,0.06371592149963903,32571.85123057161
2013,Santiago del Estero,25 a 34,Varón,3610,0.08566275924281015,40476.551787388475
2013,Santiago del Estero,35 a 49,Mujer,9438,0.17419390561466616,105822.07639040786
2013,Santiago del Estero,35 a 49,Varón,6190,0.12240216725000512,69404.39212297359
2013,Santiago del Estero,50 a 64,Mujer,7567,0.20153944494754375,84843.78597650098
2013,Santiago del Estero,50 a 64,Varón,6478,0.19081563521755543,72633.54639299239
2013,Santiago del Estero,65+,Mujer,7291,0.26277661815509473,81749.1798010663
2013,Santiago del Estero,65+,Varón,3308,0.17325721468604305,37090.424740354865
2013,Tierra del Fuego,18 a 24,Mujer,99,0.012496844238784841,1110.0217803189637
2013,Tierra del Fuego,18 a 24,Varón,NA,NA,0
2013,Tierra del Fuego,25 a 34,Mujer,961,0.08135105400321307,10775.059907944687
2013,Tierra del Fuego,25 a 34,Varón,647,0.05189284568496028,7254.384766326964
2013,Tierra del Fuego,35 a 49,Mujer,1837,0.12623694337548877,20597.070812585214
2013,Tierra del Fuego,35 a 49,Varón,1109,0.07516096260989659,12434.486407815462
2013,Tierra del Fuego,50 a 64,Mujer,1557,0.1756543324154101,17457.615272289157
2013,Tierra del Fuego,50 a 64,Varón,1478,0.15557894939444053,16571.840316277052
2013,Tierra del Fuego,65+,Mujer,727,0.2217815741319048,8151.3720635544105
2013,Tierra del Fuego,65+,Varón,841,0.3088505344848873,9429.57896210352
2013,Tucumán,18 a 24,Mujer,1104,0.0147532439764275,12378.424701738746
2013,Tucumán,18 a 24,Varón,NA,NA,0
2013,Tucumán,25 a 34,Mujer,8051,0.08568539804179871,90270.55912472703
2013,Tucumán,25 a 34,Varón,3518,0.03855934061116405,39445.01639557691
2013,Tucumán,35 a 49,Mujer,12189,0.11255991020764136,136667.22707381664
2013,Tucumán,35 a 49,Varón,6680,0.06571245881725457,74898.43931849168
2013,Tucumán,50 a 64,Mujer,13241,0.15756905025406698,148462.61003235754
2013,Tucumán,50 a 64,Varón,11179,0.15071928381713148,125342.76244632015
2013,Tucumán,65+,Mujer,11599,0.19095518751440585,130051.94575676424
2013,Tucumán,65+,Varón,8514,0.20361114432619865,95461.87310743087
2018,Buenos Aires,18 a 24,Mujer,68553,0.07488791896241126,768639.6273354132
2018,Buenos Aires,18 a 24,Varón,33265,0.04096009025892389,372978.5305283871
2018,Buenos Aires,25 a 34,Mujer,115662,0.09024179013646091,1296841.8096490097
2018,Buenos Aires,25 a 34,Varón,22841,0.01892686710258462,256101.08569965098
2018,Buenos Aires,35 a 49,Mujer,276613,0.15859109386043097,3101479.340599692
2018,Buenos Aires,35 a 49,Varón,179861,0.1197803661452318,2016662.9033328192
2018,Buenos Aires,50 a 64,Mujer,182383,0.1566203603119305,2044940.4278779149
2018,Buenos Aires,50 a 64,Varón,254773,0.21728447496529923,2856601.8084565992
2018,Buenos Aires,65+,Mujer,206446,0.20747799698557792,2314742.994542715
2018,Buenos Aires,65+,Varón,199434,0.21759870466830308,2236122.0579407294
2018,CABA,18 a 24,Mujer,10631,0.08012873660250387,119198.39946031214
2018,CABA,18 a 24,Varón,2705,0.02034415848137316,30329.382987503
2018,CABA,25 a 34,Mujer,3234,0.01390178493622977,36260.71149041948
2018,CABA,25 a 34,Varón,5347,0.02536166579709511,59952.388478439374
2018,CABA,35 a 49,Mujer,12932,0.03632849602859873,144997.99659681655
2018,CABA,35 a 49,Varón,10374,0.03778959643897663,116316.82776796898
2018,CABA,50 a 64,Mujer,33858,0.13844002506114364,379627.4488690856
2018,CABA,50 a 64,Varón,32202,0.14638137718779276,361059.81181647745
2018,CABA,65+,Mujer,38273,0.13586825326957397,429129.9353348252
2018,CABA,65+,Varón,52721,0.25777666981166825,591125.8412141019
2018,Catamarca,18 a 24,Mujer,2234,0.12804493797327213,25048.370275076413
2018,Catamarca,18 a 24,Varón,152,0.00783505154639175,1704.2758647321461
2018,Catamarca,25 a 34,Mujer,1783,0.0799695012660855,19991.60438695669
2018,Catamarca,25 a 34,Varón,1794,0.07944732297843862,20114.94014032546
2018,Catamarca,35 a 49,Mujer,4271,0.13985853813863638,47887.90933073024
2018,Catamarca,35 a 49,Varón,3863,0.15554034473086523,43313.27411487027
2018,Catamarca,50 a 64,Mujer,2345,0.12212269555254864,26292.940149979495
2018,Catamarca,50 a 64,Varón,2578,0.14618656149012815,28905.415653154425
2018,Catamarca,65+,Mujer,2967,0.20204290092088237,33267.01638592288
2018,Catamarca,65+,Varón,924,0.0833408496608292,10360.203282976994
2018,Chaco,18 a 24,Mujer,2673,0.04425350153968419,29970.588068612018
2018,Chaco,18 a 24,Varón,3594,0.05828076605066523,40297.15432794298
2018,Chaco,25 a 34,Mujer,3319,0.04070195232022133,37213.76049372364
2018,Chaco,25 a 34,Varón,2100,0.0325965478703891,23545.916552220442
2018,Chaco,35 a 49,Mujer,8200,0.0943939219523566,91941.19796581315
2018,Chaco,35 a 49,Varón,6416,0.07735246247546962,71938.38123764111
2018,Chaco,50 a 64,Mujer,10375,0.17290802126566554,116328.04010918432
2018,Chaco,50 a 64,Varón,12304,0.20646720254953085,137956.6463135811
2018,Chaco,65+,Mujer,12690,0.2909482758623395,142284.61002270353
2018,Chaco,65+,Varón,3934,0.11832646745919258,44109.350341159625
2018,Chubut,18 a 24,Mujer,1241,0.03821283409287573,13914.515448240747
2018,Chubut,18 a 24,Varón,NA,NA,0
2018,Chubut,25 a 34,Mujer,7406,0.1598394267773748,83038.59904083076
2018,Chubut,25 a 34,Varón,1662,0.04436140397704577,18634.91109990018
2018,Chubut,35 a 49,Mujer,5358,0.1053438716527246,60075.72423180815
2018,Chubut,35 a 49,Varón,6747,0.105933334380056,75649.66617991967
2018,Chubut,50 a 64,Mujer,8668,0.22328121591760872,97188.5736545937
2018,Chubut,50 a 64,Varón,4009,0.12547731017485603,44950.27593231036
2018,Chubut,65+,Mujer,3705,0.1757506760097576,41541.72420284607
2018,Chubut,65+,Varón,7405,0.29741344686320775,83027.38669961541
2018,Corrientes,18 a 24,Mujer,7349,0.14186437088688036,82399.4955915562
2018,Corrientes,18 a 24,Varón,4115,0.06621717301750991,46138.78410113672
2018,Corrientes,25 a 34,Mujer,10038,0.12432653364548772,112549.48111961372
2018,Corrientes,25 a 34,Varón,2090,0.03616480074752671,23433.79314006701
2018,Corrientes,35 a 49,Mujer,10371,0.12670584370385518,116283.19074432296
2018,Corrientes,35 a 49,Varón,6669,0.08472121650978207,74775.10356512292
2018,Corrientes,50 a 64,Mujer,16122,0.24670614699541743,180765.36507376094
2018,Corrientes,50 a 64,Varón,5891,0.10754513836768856,66051.90209958602
2018,Corrientes,65+,Mujer,11757,0.250186197944378,131823.49566878844
2018,Corrientes,65+,Varón,7524,0.1980052106634395,84361.65530424124
2018,Córdoba,18 a 24,Mujer,19908,0.11536188348227978,223215.28891504978
2018,Córdoba,18 a 24,Varón,7785,0.0414965406251888,87288.07636144577
2018,Córdoba,25 a 34,Mujer,27467,0.09915490720585173,307969.376161828
2018,Córdoba,25 a 34,Varón,9338,0.0410828124531854,104700.84226887356
2018,Córdoba,35 a 49,Mujer,32426,0.09875949112638811,363571.3762487143
2018,Córdoba,35 a 49,Varón,39880,0.13810490343575463,447148.1676678815
2018,Córdoba,50 a 64,Mujer,53110,0.24894301216563927,595487.4419468703
2018,Córdoba,50 a 64,Varón,43384,0.1851493053408639,486436.21128644363
2018,Córdoba,65+,Mujer,48788,0.2101907265085717,547027.7032141575
2018,Córdoba,65+,Varón,34735,0.22283309516388508,389460.6721149414
2018,Entre Ríos,18 a 24,Mujer,2343,0.04081383803369144,26270.515467548805
2018,Entre Ríos,18 a 24,Varón,1620,0.0229296117733717,18163.99276885577
2018,Entre Ríos,25 a 34,Mujer,6451,0.07937738402929102,72330.81318017813
2018,Entre Ríos,25 a 34,Varón,798,0.00972862263740436,8947.448289843767
2018,Entre Ríos,35 a 49,Mujer,14973,0.12701792540049603,167882.38501733175
2018,Entre Ríos,35 a 49,Varón,6234,0.06270242003551048,69897.73513644868
2018,Entre Ríos,50 a 64,Mujer,18992,0.22401509790044863,212944.78436179552
2018,Entre Ríos,50 a 64,Varón,8370,0.11510692429347466,93847.29597242146
2018,Entre Ríos,65+,Mujer,14789,0.19469201300668043,165819.31423370863
2018,Entre Ríos,65+,Varón,10763,0.2097764437601108,120678.42850073743
2018,Formosa,18 a 24,Mujer,1554,0.04953619584967007,17423.978248643125
2018,Formosa,18 a 24,Varón,NA,NA,0
2018,Formosa,25 a 34,Mujer,1620,0.05299139707565988,18163.99276885577
2018,Formosa,25 a 34,Varón,1539,0.05415391216722368,17255.79313041298
2018,Formosa,35 a 49,Mujer,4179,0.1148802814965565,46856.37393891868
2018,Formosa,35 a 49,Varón,2420,0.06595622920016746,27133.865741130223
2018,Formosa,50 a 64,Mujer,5642,0.19175474968711712,63260.02913696558
2018,Formosa,50 a 64,Varón,7148,0.2707370654043309,80145.81500727225
2018,Formosa,65+,Mujer,5282,0.2721417898912874,59223.58629944208
2018,Formosa,65+,Varón,4454,0.2561242093156986,49939.767773138024
2018,Jujuy,18 a 24,Mujer,1356,0.03878940442819442,15203.934688005198
2018,Jujuy,18 a 24,Varón,NA,NA,0
2018,Jujuy,25 a 34,Mujer,2383,0.04583132993557203,26719.009116162528
2018,Jujuy,25 a 34,Varón,1316,0.03222488858473191,14755.441039391475
2018,Jujuy,35 a 49,Mujer,7557,0.1100785130588049,84731.66256434756
2018,Jujuy,35 a 49,Varón,4844,0.08542004655472547,54312.58084712182
2018,Jujuy,50 a 64,Mujer,8610,0.2025405786873696,96538.25786410381
2018,Jujuy,50 a 64,Varón,4851,0.12801498997708027,54391.06723562922
2018,Jujuy,65+,Mujer,3181,0.12314660679029096,35666.457406006295
2018,Jujuy,65+,Varón,4327,0.14017753026500376,48515.800438789454
2018,La Pampa,18 a 24,Mujer,485,0.0472709551656988,5437.9854894413875
2018,La Pampa,18 a 24,Varón,1704,0.11257928118393284,19105.829430944585
2018,La Pampa,25 a 34,Mujer,2974,0.15674906470708155,33345.50277443028
2018,La Pampa,25 a 34,Varón,578,0.03490127407908707,6480.733222468292
2018,La Pampa,35 a 49,Mujer,2368,0.10048801188210196,26550.823997932384
2018,La Pampa,35 a 49,Varón,4947,0.2268953815159698,55467.45199230216
2018,La Pampa,50 a 64,Mujer,3297,0.1806872362631523,36967.08898698609
2018,La Pampa,50 a 64,Varón,2804,0.1761859880793689,31439.40476782196
2018,La Pampa,65+,Mujer,2243,0.14918523614670465,25149.2813460145
2018,La Pampa,65+,Varón,3100,0.26378488807164296,34758.25776756351
2018,La Rioja,18 a 24,Mujer,1614,0.08800916080531763,18096.71872156371
2018,La Rioja,18 a 24,Varón,1211,0.06029975618894374,13578.145211780455
2018,La Rioja,25 a 34,Mujer,2318,0.11209439528024306,25990.20693716523
2018,La Rioja,25 a 34,Varón,2117,0.06602008364296727,23736.526352881272
2018,La Rioja,35 a 49,Mujer,5007,0.14064211702200444,56140.19246522273
2018,La Rioja,35 a 49,Varón,1839,0.07475002035666514,20619.4954950159
2018,La Rioja,50 a 64,Mujer,6070,0.282181209613691,68058.91117713242
2018,La Rioja,50 a 64,Varón,4899,0.28560601644027284,54929.25961396569
2018,La Rioja,65+,Mujer,3050,0.2101129787820857,34197.64070679636
2018,La Rioja,65+,Varón,4417,0.42114797900247414,49524.91114817033
2018,Mendoza,18 a 24,Mujer,2353,0.03241761269701525,26382.638879702234
2018,Mendoza,18 a 24,Varón,3146,0.03537852604796419,35274.02546346929
2018,Mendoza,25 a 34,Mujer,22116,0.1331062334113741,247972.13831852726
2018,Mendoza,25 a 34,Varón,780,0.01178621617129352,8745.626147967592
2018,Mendoza,35 a 49,Mujer,22220,0.16547142977158208,249138.22180492294
2018,Mendoza,35 a 49,Varón,9496,0.05982071424522542,106472.39218089776
2018,Mendoza,50 a 64,Mujer,12999,0.1332069477891085,145749.22345824452
2018,Mendoza,50 a 64,Varón,23524,0.2089090974699608,263759.11474973033
2018,Mendoza,65+,Mujer,14714,0.15095152603231624,164978.3886425579
2018,Mendoza,65+,Varón,26042,0.2932723710871441,291991.7899299642
2018,Misiones,18 a 24,Mujer,2372,0.04535806482455337,26595.673362793757
2018,Misiones,18 a 24,Varón,2972,0.04741695735044036,33323.078091999596
2018,Misiones,25 a 34,Mujer,9729,0.1414181057380305,109084.8676840727
2018,Misiones,25 a 34,Varón,4819,0.07460791751359018,54032.27231673824
2018,Misiones,35 a 49,Mujer,14226,0.1570545374260048,159506.76612947046
2018,Misiones,35 a 49,Varón,8500,0.11254700532073517,95304.90033041606
2018,Misiones,50 a 64,Mujer,17613,0.2901743055784619,197482.96582583743
2018,Misiones,50 a 64,Varón,7651,0.1374546369615724,85785.6226385898
2018,Misiones,65+,Mujer,8184,0.18838911652318088,91761.80050636767
2018,Misiones,65+,Varón,6591,0.21815112699831204,73900.54095032616
2018,Neuquén,18 a 24,Mujer,4275,0.1528095510438002,47932.75869559161
2018,Neuquén,18 a 24,Varón,912,0.02840590543981809,10225.655188392877
2018,Neuquén,25 a 34,Mujer,5113,0.12513460627208148,57328.700634049106
2018,Neuquén,25 a 34,Varón,801,0.01792387388395358,8981.085313489797
2018,Neuquén,35 a 49,Mujer,10628,0.17913969795039658,119164.76243666612
2018,Neuquén,35 a 49,Varón,3214,0.06102029593104311,36036.46466611262
2018,Neuquén,50 a 64,Mujer,8751,0.20824310515934072,98119.19797546718
2018,Neuquén,50 a 64,Varón,5780,0.16952135148170955,64807.33222468293
2018,Neuquén,65+,Mujer,7949,0.3010300689237337,89126.90032076204
2018,Neuquén,65+,Varón,5434,0.2624867162593124,60927.86216417422
2018,Río Negro,18 a 24,Mujer,3772,0.10401500110302234,42292.95106427405
2018,Río Negro,18 a 24,Varón,194,0.00634899856002116,2175.194195776555
2018,Río Negro,25 a 34,Mujer,5521,0.1150376096514096,61903.335849909075
2018,Río Negro,25 a 34,Varón,1098,0.02548983203739976,12311.150654446687
2018,Río Negro,35 a 49,Mujer,8590,0.1332175385027789,96314.01103979694
2018,Río Negro,35 a 49,Varón,3482,0.0590650024364956,39041.37211182456
2018,Río Negro,50 a 64,Mujer,11069,0.2631028500654777,124109.40491263241
2018,Río Negro,50 a 64,Varón,7812,0.17977217811538437,87590.80957426004
2018,Río Negro,65+,Mujer,5817,0.1868675511667056,65222.18884965063
2018,Río Negro,65+,Varón,7606,0.2432985733478344,85281.06728389936
2018,Salta,18 a 24,Mujer,1755,0.02307297899432817,19677.65883292708
2018,Salta,18 a 24,Varón,NA,NA,0
2018,Salta,25 a 34,Mujer,6623,0.07106833204817176,74259.33586921713
2018,Salta,25 a 34,Varón,3247,0.03792869825250505,36406.47192621894
2018,Salta,35 a 49,Mujer,17654,0.16129150145266896,197942.6718156665
2018,Salta,35 a 49,Varón,11527,0.10510910301184508,129244.65718925954
2018,Salta,50 a 64,Mujer,15988,0.1978835326600452,179262.91135090496
2018,Salta,50 a 64,Varón,9975,0.16128771464757882,111843.10362304709
2018,Salta,65+,Mujer,11303,0.21610615073184897,126733.09275702268
2018,Salta,65+,Varón,6964,0.14372691061628773,78082.74422364912
2018,San Juan,18 a 24,Mujer,1401,0.03987590518463844,15708.490042695636
2018,San Juan,18 a 24,Varón,2709,0.07153230704234882,30374.232352364368
2018,San Juan,25 a 34,Mujer,2000,0.05222613965479777,22424.682430686134
2018,San Juan,25 a 34,Varón,1059,0.0197412573243433,11873.869347048309
2018,San Juan,35 a 49,Mujer,13064,0.1987010814181826,146478.02563724184
2018,San Juan,35 a 49,Varón,7426,0.1449314961551973,83262.84586513763
2018,San Juan,50 a 64,Mujer,8632,0.1792954469923565,96784.92937084136
2018,San Juan,50 a 64,Varón,11399,0.330128297952492,127809.47751369563
2018,San Juan,65+,Mujer,13914,0.3609057660882448,156008.51567028344
2018,San Juan,65+,Varón,7123,0.24839587111173145,79865.50647688867
2018,San Luis,18 a 24,Mujer,4247,0.17333986367912166,47618.81314156201
2018,San Luis,18 a 24,Varón,3399,0.1276475890051509,38110.747790951085
2018,San Luis,25 a 34,Mujer,6348,0.1858531443963352,71175.94203499779
2018,San Luis,25 a 34,Varón,1211,0.04130145629413333,13578.145211780455
2018,San Luis,35 a 49,Mujer,6744,0.1601519829727923,75616.02915627364
2018,San Luis,35 a 49,Varón,3742,0.08822974629842514,41956.58082781376
2018,San Luis,50 a 64,Mujer,4513,0.14324710522492537,50601.29590484326
2018,San Luis,50 a 64,Varón,7521,0.2821715323320825,84328.0182805952
2018,San Luis,65+,Mujer,6329,0.2703545496495928,70962.90755190628
2018,San Luis,65+,Varón,8107,0.39884876531303376,90898.45023278624
2018,Santa Cruz,18 a 24,Mujer,1577,0.08590260376961535,17681.862096596018
2018,Santa Cruz,18 a 24,Varón,3629,0.2081923010728777,40689.586270479995
2018,Santa Cruz,25 a 34,Mujer,2821,0.10027726432537204,31630.01456848279
2018,Santa Cruz,25 a 34,Varón,388,0.01491791303012107,4350.38839155311
2018,Santa Cruz,35 a 49,Mujer,6516,0.1750436534643184,73059.61535917543
2018,Santa Cruz,35 a 49,Varón,1376,0.03890962560799319,15428.18151231206
2018,Santa Cruz,50 a 64,Mujer,4207,0.2549079011649922,47170.319492948285
2018,Santa Cruz,50 a 64,Varón,3887,0.16842150874375073,43582.3703040385
2018,Santa Cruz,65+,Mujer,1840,0.18687791997478284,20630.707836231242
2018,Santa Cruz,65+,Varón,5493,0.5174752708429791,61589.39029587947
2018,Santa Fe,18 a 24,Mujer,20488,0.1123726154834149,229718.44681994876
2018,Santa Fe,18 a 24,Varón,3184,0.02451531437195284,35700.09442965232
2018,Santa Fe,25 a 34,Mujer,21082,0.09125656331818184,236378.57750186254
2018,Santa Fe,25 a 34,Varón,9772,0.04184275995828687,109566.99835633246
2018,Santa Fe,35 a 49,Mujer,25593,0.08346595935998669,286957.4487242751
2018,Santa Fe,35 a 49,Varón,31880,0.11139452953784466,357449.437945137
2018,Santa Fe,50 a 64,Mujer,46169,0.2154801856575319,517662.581571174
2018,Santa Fe,50 a 64,Varón,45350,0.21655150687398947,508479.67411580816
2018,Santa Fe,65+,Mujer,46261,0.22615986373326497,518694.1169629856
2018,Santa Fe,65+,Varón,43266,0.2610978347454559,485113.15502303315
2018,Santiago del Estero,18 a 24,Mujer,3113,0.06392065871400639,34904.01820336297
2018,Santiago del Estero,18 a 24,Varón,NA,NA,0
2018,Santiago del Estero,25 a 34,Mujer,6213,0.1394800646578021,69662.27597092648
2018,Santiago del Estero,25 a 34,Varón,2175,0.04312994507128859,24386.84214337117
2018,Santiago del Estero,35 a 49,Mujer,13693,0.1994697511566401,153530.5882616926
2018,Santiago del Estero,35 a 49,Varón,4592,0.07843003296397563,51487.07086085537
2018,Santiago del Estero,50 a 64,Mujer,7857,0.20791214607587272,88095.36492895048
2018,Santiago del Estero,50 a 64,Varón,9643,0.21802930270634935,108120.6063395532
2018,Santiago del Estero,65+,Mujer,5586,0.16030534351147666,62632.138028906375
2018,Santiago del Estero,65+,Varón,8286,0.3268767998737745,92905.45931033265
2018,Tierra del Fuego,18 a 24,Mujer,532,0.07497181511866456,5964.9655265625115
2018,Tierra del Fuego,18 a 24,Varón,1368,0.12455613379530504,15338.482782589315
2018,Tierra del Fuego,25 a 34,Mujer,1298,0.09214169092158392,14553.618897515302
2018,Tierra del Fuego,25 a 34,Varón,790,0.062903097593898,8857.749560121023
2018,Tierra del Fuego,35 a 49,Mujer,2212,0.1292962356792147,24801.698768338865
2018,Tierra del Fuego,35 a 49,Varón,3152,0.17572615264537195,35341.299510761346
2018,Tierra del Fuego,50 a 64,Mujer,2840,0.24951678332687652,31843.04905157431
2018,Tierra del Fuego,50 a 64,Varón,2530,0.23647069997508904,28367.22327481796
2018,Tierra del Fuego,65+,Mujer,1229,0.325476695249425,13779.96735365663
2018,Tierra del Fuego,65+,Varón,1607,0.3249747219413559,18018.23233305631
2018,Tucumán,18 a 24,Mujer,6700,0.08856459281583787,75122.68614279854
2018,Tucumán,18 a 24,Varón,1175,0.0147713275387802,13174.500928028105
2018,Tucumán,25 a 34,Mujer,15602,0.12570701129677367,174934.94764178252
2018,Tucumán,25 a 34,Varón,5442,0.07044477812876476,61017.560893896974
2018,Tucumán,35 a 49,Mujer,18437,0.1530435215704737,206721.93498728014
2018,Tucumán,35 a 49,Varón,10500,0.08264332844901058,117729.58276110221
2018,Tucumán,50 a 64,Mujer,17971,0.21953871338171344,201496.98398093026
2018,Tucumán,50 a 64,Varón,27299,0.31346094225546384,306085.70283765043
2018,Tucumán,65+,Mujer,11027,0.1582633656261372,123638.48658158799
2018,Tucumán,65+,Varón,5846,0.10016105313005604,65547.34674489556
